#VRML V2.0 utf8
DEF TXFM_1 Transform {
  center 0 0 0
  rotation 0 0 1 0
  scale 1 1 1
  scaleOrientation 0 0 1 0
  translation 0 0 0
 children [
DEF TXFM_2 Transform {
  center 0 0 0
  rotation 0 0 1 0
  scale 1 1 1
  scaleOrientation 0 0 1 0
  translation 0 0 0
 children [
DEF TXFM_3 Transform {
  center 0 0 0
  rotation 0 0 1 0
  scale 1 1 1
  scaleOrientation 0 0 1 0
  translation 0 0 0
 children [
DEF SHAPE_1 Shape {
 appearance DEF APP_1 Appearance {
  material Material {
   ambientIntensity 0.19692361
   diffuseColor 0.64705884 0.51764709 0
   emissiveColor 0 0 0
   shininess 0.1
   specularColor 0.12 0.12 0.12
   transparency 0
} }
 geometry DEF FACE_1 IndexedFaceSet {
  coord DEF COORD_1 Coordinate { point [
  -1.1709917 -2.4015748 -1.7573029,-1.1709917 -5.2362205 -1.7573029,
  -1.1949982 -2.4015748 -1.7888061,-1.223005 -2.4015748 -1.8168129,
  -1.2545082 -2.4015748 -1.8408194,-1.2545082 -5.2362205 -1.8408194,
  -1.3159559 -5.2362205 -1.8718191,-1.3829107 -5.2362205 -1.8877517,
  -1.4517351 -5.2362205 -1.8877517,-1.5186899 -5.2362205 -1.871819,
  -1.5801375 -5.2362205 -1.8408194,-1.5801375 -2.4015748 -1.8408194,
  -1.6116407 -2.4015748 -1.8168128,-1.6396475 -2.4015748 -1.788806,
  -1.6636541 -2.4015748 -1.7573028,-1.6636541 -5.2362205 -1.7573028,
  -1.6904977 -5.2362205 -1.7065738,-1.7070206 -5.2362205 -1.65161,
  -1.7125984 -5.2362205 -1.5944882,-1.7125984 -2.2834646 -1.5944882,
  -1.7025372 -2.2834646 -1.6709111,-1.673039 -2.2834646 -1.742126,
  -1.6261142 -2.2834646 -1.8032796,-1.5649606 -2.2834646 -1.8502044,
  -1.4937458 -2.2834646 -1.8797025,-1.4173228 -2.2834646 -1.8897638,
  -1.3408999 -2.2834646 -1.8797025,-1.269685 -2.2834646 -1.8502044,
  -1.2085315 -2.2834646 -1.8032796,-1.1616067 -2.2834646 -1.742126,
  -1.1321085 -2.2834646 -1.6709111,-1.1220472 -2.2834646 -1.5944882,
  -1.1220472 -5.2362205 -1.5944882,-1.1276251 -5.2362205 -1.6516101,
  -1.144148 -5.2362205 -1.7065738] }
 coordIndex [
  31,33,32,-1,30,34,33,-1,30,33,31,-1,29,34,30,-1,0,1,34,-1,0,34,29,-1,2,0,29,-1,28,2,29,-1,
  3,2,28,-1,4,6,5,-1,27,4,3,-1,27,3,28,-1,27,6,4,-1,26,7,6,-1,26,6,27,-1,25,8,7,-1,
  25,7,26,-1,24,9,8,-1,24,8,25,-1,23,9,24,-1,11,10,9,-1,11,9,23,-1,12,11,23,-1,22,12,23,-1,
  13,12,22,-1,14,16,15,-1,21,14,13,-1,21,13,22,-1,21,16,14,-1,20,17,16,-1,20,16,21,-1,19,17,20,-1,
  19,18,17,-1]
  normalPerVertex TRUE
  normal DEF NORM_1 Normal { vector [
  -0.87506962 0 0.48399706,-0.88388097 0 0.4677119,
  -0.77324509 -0.010351942 0.63402277,-0.63402267 -0.010351942 0.77324517,
  -0.46840386 0.00014527007 0.88351446,-0.45041675 0 0.89281843,
  -0.3705125 9.139764e-05 0.92882748,-0.12158704 0.00012107847 0.99258077,
  0.1215872 0.00012107857 0.99258075,0.37051269 9.1397891e-05 0.9288274,
  0.45041698 0 0.89281832,0.46840411 0.00014526965 0.88351433,
  0.63402277 -0.010351942 0.77324509,0.77324517 -0.010351941 0.63402267,
  0.87506973 0 0.48399686,0.88388107 0 0.46771172,
  0.91947079 -8.6874998e-05 0.39315832,0.98575582 -0.0001345157 0.1681828,
  0.9952662 0 0.097186375,0.99321254 -0.00037388846 0.11631297,
  0.96375775 -0.0004358562 0.26677859,0.90728364 -0.0011516924 0.42051761,
  0.70705672 -0.01190149 0.70705668,0.42025395 -0.00095354302 0.90740603,
  0.25035735 -0.00036125198 0.96815343,3.8481855e-08 -0.00037650714 0.99999993,
  -0.25035727 -0.00036125171 0.96815345,-0.42025385 -0.00095354381 0.90740608,
  -0.70705668 -0.01190149 0.70705672,-0.9072836 -0.0011516909 0.42051772,
  -0.96375774 -0.00043585592 0.26677863,-0.99321254 -0.00037388809 0.11631298,
  -0.9952662 0 0.097186416,-0.98575581 -0.00013451539 0.16818285,
  -0.91947073 -8.6874545e-05 0.39315845] }
}
}
DEF SHAPE_2 Shape {
 appearance USE APP_1
 geometry DEF FACE_2 IndexedFaceSet {
  coord DEF COORD_2 Coordinate { point [
  -2.0866142 -2.2834646 -1.5944882,-2.0638086 -2.2834646 -1.4212628,
  -1.9969461 -2.2834646 -1.2598425,-1.8905833 -2.2834646 -1.1212277,
  -1.7519685 -2.2834646 -1.0148649,-1.5905482 -2.2834646 -0.9480024,
  -1.4173228 -2.2834646 -0.92519685,-1.2440975 -2.2834646 -0.9480024,
  -1.0826772 -2.2834646 -1.0148649,-0.94406239 -2.2834646 -1.1212277,
  -0.83769953 -2.2834646 -1.2598425,-0.77083705 -2.2834646 -1.4212628,
  -0.7480315 -2.2834646 -1.5944882,-2.1358268 -4.8349274 -1.5944882,
  -2.1161833 -4.8349274 -1.427629,-2.0583269 -4.8349274 -1.2698934,
  -1.9654211 -4.8349274 -1.1299064,-1.9321128 -2.4015748 -1.1632147,
  -1.905925 -2.4015748 -1.1337568,-1.8780541 -2.4015748 -1.1058859,
  -1.8485962 -2.4015748 -1.0796981,-1.8819045 -4.8349274 -1.0463899,
  -1.7419174 -4.8349274 -0.9534841,-1.5841819 -4.8349274 -0.89562772,
  -1.4173227 -4.8349274 -0.87598425,-1.2504636 -4.8349274 -0.89562777,
  -1.0927281 -4.8349274 -0.95348418,-0.95274104 -4.8349274 -1.04639,
  -0.98604933 -2.4015748 -1.0796982,-0.95659141 -2.4015748 -1.105886,
  -0.92872056 -2.4015748 -1.1337569,-0.90253279 -2.4015748 -1.1632148,
  -0.8692245 -4.8349274 -1.1299065,-0.77631876 -4.8349274 -1.2698936,
  -0.71846238 -4.8349274 -1.427629,-0.6988189 -4.8349274 -1.5944882,
  -0.80322742 -2.9213303 -1.2987554,-1.2656538 -2.9213303 -0.9299827,
  -0.99235562 -2.9213303 -1.0615962,-0.79214267 -3.559196 -1.2934173,
  -1.5689919 -2.9213303 -0.9299827,-0.98468473 -3.559196 -1.0519772,
  -1.2629161 -3.559196 -0.91798801,-0.78105791 -4.1970617 -1.2880792,
  -2.0314182 -2.9213303 -1.2987554,-1.5717296 -3.559196 -0.91798801,
  -0.97701385 -4.1970617 -1.0423582,-1.2601784 -4.1970617 -0.90599333,
  -2.042503 -3.559196 -1.2934173,-1.5744673 -4.1970617 -0.90599333,
  -2.0535878 -4.1970617 -1.2880792] }
 coordIndex [
  31,10,9,-1,31,11,10,-1,30,31,9,-1,29,30,9,-1,28,29,9,-1,8,28,9,-1,7,28,8,-1,20,4,3,-1,
  20,5,4,-1,19,20,3,-1,18,19,3,-1,17,18,3,-1,2,17,3,-1,1,17,2,-1,36,12,11,-1,36,11,31,-1,
  37,7,6,-1,37,28,7,-1,37,38,28,-1,39,31,32,-1,39,35,12,-1,39,36,31,-1,39,12,36,-1,40,6,5,-1,
  40,37,6,-1,40,5,20,-1,41,27,28,-1,41,28,38,-1,42,38,37,-1,42,41,38,-1,43,32,33,-1,43,33,34,-1,
  43,34,35,-1,43,39,32,-1,43,35,39,-1,44,1,0,-1,44,17,1,-1,45,20,21,-1,45,42,37,-1,45,40,20,-1,
  45,37,40,-1,46,26,27,-1,46,27,41,-1,47,46,41,-1,47,26,46,-1,47,24,25,-1,47,25,26,-1,47,41,42,-1,
  48,0,13,-1,48,16,17,-1,48,17,44,-1,48,44,0,-1,49,21,22,-1,49,22,23,-1,49,23,24,-1,49,24,47,-1,
  49,47,42,-1,49,42,45,-1,49,45,21,-1,50,13,14,-1,50,14,15,-1,50,15,16,-1,50,16,48,-1,50,48,13,-1]
  normalPerVertex TRUE
  normal DEF NORM_2 Normal { vector [
  -0.97690979 0.014299013 0.21317316,-0.93879615 0.0032015221 0.34445832,
  -0.86412696 -0.066177539 0.49890393,-0.70611607 0.052916188 0.70611612,
  -0.49890394 -0.066177301 0.86412697,-0.34365263 0.0013809391 0.93909582,
  0 0.009187077 0.9999578,0.34365273 0.001380911 0.93909578,
  0.49890393 -0.066177543 0.86412696,0.70611612 0.052916189 0.70611607,
  0.86412697 -0.066177301 0.49890394,0.9387962 0.0032015223 0.3444582,
  0.97690979 0.014299013 0.21317316,-0.97691669 0.023985084 0.21226985,
  -0.97169274 0.04459872 0.23200038,-0.8919674 0.019504452 0.4516788,
  -0.83812849 0.019463682 0.54512549,-0.85062508 0.020446784 0.525375,
  -0.72738101 0.021723351 0.68588991,-0.68588973 0.021723392 0.72738118,
  -0.45030954 0.014302969 0.89275794,-0.45665621 0.024635583 0.88930208,
  -0.45115094 0.052102755 0.89092544,-0.23218786 0.019339418 0.97247868,
  6.3806683e-08 0.032093385 0.99948487,0.2321881 0.019339421 0.97247862,
  0.44288598 0.032099839 0.89600313,0.58255023 0.017037583 0.81261611,
  0.47894613 0.0099040836 0.87778842,0.68588991 0.021723351 0.72738101,
  0.72738118 0.021723392 0.68588973,0.85062515 0.02044679 0.5253749,
  0.83812857 0.019463679 0.54512537,0.89196747 0.019504448 0.45167865,
  0.97169276 0.044598739 0.23200029,0.97691669 0.023985084 0.21226985,
  0.93962727 0.018550169 0.34169647,0.20999311 0.015010589 0.97758763,
  0.43769604 0.020883072 0.89888046,0.9400102 0.019137338 0.34060914,
  -0.21944729 0.012005376 0.97555049,0.45600582 0.018900137 0.88977608,
  0.22116446 0.019284389 0.97504584,0.93845995 0.028367595 0.34422114,
  -0.93962723 0.018550182 0.34169659,-0.30769623 0.019033527 0.95129425,
  0.46440246 0.0290072 0.88514911,0.25997288 0.028768748 0.96518727,
  -0.94001016 0.019137338 0.34060925,-0.18575573 0.030676978 0.98211696,
  -0.93845991 0.028367593 0.34422126] }
}
}
DEF SHAPE_3 Shape {
 appearance USE APP_1
 geometry DEF FACE_3 IndexedFaceSet {
  coord DEF COORD_3 Coordinate { point [
  -1.1496695 -5.2362205 -1.4103515,-1.118312 -5.2362205 -1.467456,
  -1.0989785 -5.2362205 -1.5296688,-1.0924465 -5.2362205 -1.5944882,
  -1.0037827 -5.2261068 -1.5944882,-0.91967418 -5.1962852 -1.5944882,
  -0.84444235 -5.148288 -1.5944882,-0.7819524 -5.0845811 -1.5944882,
  -0.73541492 -5.0084377 -1.5944882,-0.70722091 -4.9237698 -1.5944882,
  -0.6988189 -4.8349274 -1.5944882,-0.8692245 -4.8349274 -1.1299065,
  -0.77631876 -4.8349274 -1.2698936,-0.71846238 -4.8349274 -1.427629,
  -0.87593336 -4.9286471 -1.1366154,-0.89817987 -5.0171713 -1.1588619,
  -0.93466919 -5.0957513 -1.1953512,-0.98322455 -5.1597283 -1.2439065,
  -1.0411243 -5.2057928 -1.3018063,-1.0941518 -5.2284906 -1.3548338,
  -1.0581357 -5.2284693 -1.4126013,-0.99151372 -5.2055212 -1.378865,
  -1.0257159 -5.2284693 -1.5009885,-0.91885186 -5.1592357 -1.3420701,
  -0.95308063 -5.2055212 -1.4836462,-0.85800278 -5.0950181 -1.3112571,
  -0.87386037 -5.1592357 -1.4647317,-0.8124117 -5.0165043 -1.2881705,
  -0.80751912 -5.0950181 -1.4488921,-0.78465993 -4.9281397 -1.2741174,
  -0.75781303 -5.0165043 -1.4370244,-0.72755642 -4.9281397 -1.4298003] }
 coordIndex [
  4,2,3,-1,12,11,14,-1,10,13,9,-1,20,0,1,-1,20,19,0,-1,21,18,19,-1,21,19,20,-1,22,1,2,-1,
  22,20,1,-1,22,2,4,-1,23,17,18,-1,23,18,21,-1,24,4,5,-1,24,21,20,-1,24,22,4,-1,24,20,22,-1,
  25,16,17,-1,25,17,23,-1,26,5,6,-1,26,24,5,-1,26,21,24,-1,26,23,21,-1,27,15,16,-1,27,16,25,-1,
  28,6,7,-1,28,26,6,-1,28,23,26,-1,28,25,23,-1,29,13,12,-1,29,14,15,-1,29,15,27,-1,29,12,14,-1,
  30,7,8,-1,30,27,25,-1,30,25,28,-1,30,28,7,-1,31,8,9,-1,31,13,29,-1,31,9,13,-1,31,29,27,-1,
  31,30,8,-1,31,27,30,-1]
  normalPerVertex TRUE
  normal DEF NORM_3 Normal { vector [
  0.085492383 -0.99508553 0.049958349,0.092247987 -0.99505166 0.036912077,
  0.1046722 -0.9944398 0.011541456,0.11332586 -0.99349224 0.011420205,
  0.2273489 -0.97360555 0.02011737,0.46125169 -0.88583502 0.050430065,
  0.65004051 -0.75630217 0.073853634,0.80409752 -0.58718102 0.092981865,
  0.91556506 -0.3876745 0.10700049,0.97896147 -0.16831299 0.11534808,
  0.98878983 -0.093511953 0.11640523,0.82912748 -0.098743163 0.55027031,
  0.86958328 -0.099599918 0.48363703,0.96743964 -0.098433429 0.23317675,
  0.82038607 -0.1761269 0.54400921,0.76426697 -0.40087567 0.50516799,
  0.66620522 -0.6039314 0.43753568,0.53078301 -0.77408218 0.34505967,
  0.37583424 -0.89497692 0.24034338,0.20223437 -0.9711241 0.12656713,
  0.18990196 -0.9782513 0.083436408,0.37852544 -0.90928191 0.17298814,
  0.1793272 -0.98285799 0.042800986,0.54341702 -0.7986394 0.25859825,
  0.3699854 -0.92486991 0.08790026,0.69321793 -0.63645312 0.33819569,
  0.55609986 -0.82011659 0.13476547,0.80501945 -0.43846048 0.39961993,
  0.72690646 -0.66394883 0.17543931,0.87252215 -0.21578108 0.43834191,
  0.85760301 -0.47097561 0.20663748,0.94090183 -0.25186094 0.22642838] }
}
}
DEF SHAPE_4 Shape {
 appearance USE APP_1
 geometry DEF FACE_4 IndexedFaceSet {
  coord DEF COORD_4 Coordinate { point [
  -1.2331861 -5.2362205 -1.8621415,-1.2902906 -5.2362205 -1.893499,
  -1.3525035 -5.2362205 -1.9128325,-1.4173228 -5.2362205 -1.9193646,
  -1.4173228 -5.2261068 -2.0080284,-1.4173228 -5.1962852 -2.0921368,
  -1.4173228 -5.148288 -2.1673687,-1.4173228 -5.0845811 -2.2298586,
  -1.4173228 -5.0084377 -2.2763961,-1.4173228 -4.9237698 -2.3045901,
  -1.4173228 -4.8349274 -2.3129921,-0.95274117 -4.8349274 -2.1425865,
  -1.0927282 -4.8349274 -2.2354923,-1.2504637 -4.8349274 -2.2933486,
  -0.95945003 -4.9286471 -2.1358777,-0.98169654 -5.0171713 -2.1136311,
  -1.0181858 -5.0957513 -2.0771418,-1.0667412 -5.1597283 -2.0285865,
  -1.124641 -5.2057928 -1.9706867,-1.1776684 -5.2284906 -1.9176592,
  -1.235436 -5.2284693 -1.9536753,-1.2016996 -5.2055212 -2.0202973,
  -1.3238232 -5.2284693 -1.9860952,-1.1649048 -5.1592357 -2.0929592,
  -1.3064809 -5.2055212 -2.0587304,-1.1340917 -5.0950181 -2.1538082,
  -1.2875663 -5.1592357 -2.1379506,-1.1110051 -5.0165043 -2.1993993,
  -1.2717268 -5.0950181 -2.2042919,-1.096952 -4.9281397 -2.2271511,
  -1.259859 -5.0165043 -2.253998,-1.252635 -4.9281397 -2.2842546] }
 coordIndex [
  4,2,3,-1,12,11,14,-1,10,13,9,-1,20,0,1,-1,20,19,0,-1,21,18,19,-1,21,19,20,-1,22,1,2,-1,
  22,20,1,-1,22,2,4,-1,23,17,18,-1,23,18,21,-1,24,4,5,-1,24,21,20,-1,24,22,4,-1,24,20,22,-1,
  25,16,17,-1,25,17,23,-1,26,5,6,-1,26,24,5,-1,26,21,24,-1,26,23,21,-1,27,15,16,-1,27,16,25,-1,
  28,6,7,-1,28,26,6,-1,28,23,26,-1,28,25,23,-1,29,14,15,-1,29,15,27,-1,29,12,14,-1,30,7,8,-1,
  30,27,25,-1,30,25,28,-1,30,28,7,-1,31,8,9,-1,31,13,12,-1,31,12,29,-1,31,9,13,-1,31,29,27,-1,
  31,30,8,-1,31,27,30,-1]
  normalPerVertex TRUE
  normal DEF NORM_4 Normal { vector [
  0.049958349 -0.99508553 -0.085492383,0.036912077 -0.99505166 -0.092247987,
  0.011541456 -0.9944398 -0.1046722,0.011420205 -0.99349224 -0.11332586,
  0.02011737 -0.97360555 -0.2273489,0.050430065 -0.88583503 -0.46125168,
  0.073853634 -0.75630217 -0.65004051,0.092981865 -0.58718102 -0.80409752,
  0.10700049 -0.3876745 -0.91556506,0.11534808 -0.16831299 -0.97896147,
  0.11640523 -0.093511955 -0.98878983,0.55027031 -0.098743164 -0.82912748,
  0.44948401 -0.099706529 -0.88770644,0.19551635 -0.097908604 -0.97580083,
  0.54400921 -0.1761269 -0.82038607,0.50516799 -0.40087567 -0.76426697,
  0.43753568 -0.6039314 -0.66620522,0.34505967 -0.77408218 -0.53078301,
  0.24034338 -0.89497692 -0.37583424,0.12656713 -0.9711241 -0.20223437,
  0.083436408 -0.9782513 -0.18990195,0.17298814 -0.90928191 -0.37852544,
  0.042800986 -0.98285799 -0.1793272,0.25859825 -0.7986394 -0.54341702,
  0.08790026 -0.92486991 -0.3699854,0.33819569 -0.63645312 -0.69321793,
  0.13476547 -0.82011659 -0.55609986,0.39961993 -0.43846049 -0.80501945,
  0.17543931 -0.66394883 -0.72690646,0.45681494 -0.23936892 -0.8567512,
  0.20663748 -0.47097561 -0.85760301,0.24429735 -0.22966879 -0.94210989] }
}
}
DEF SHAPE_5 Shape {
 appearance USE APP_1
 geometry DEF FACE_5 IndexedFaceSet {
  coord DEF COORD_5 Coordinate { point [
  -2.0866142 -2.2834646 -1.5944882,-2.0638086 -2.2834646 -1.4212628,
  -1.9969461 -2.2834646 -1.2598425,-1.8905833 -2.2834646 -1.1212277,
  -1.7519685 -2.2834646 -1.0148649,-1.5905482 -2.2834646 -0.9480024,
  -1.4173228 -2.2834646 -0.92519685,-1.2440975 -2.2834646 -0.9480024,
  -1.0826772 -2.2834646 -1.0148649,-0.94406239 -2.2834646 -1.1212277,
  -0.83769953 -2.2834646 -1.2598425,-0.77083705 -2.2834646 -1.4212628,
  -0.7480315 -2.2834646 -1.5944882,-0.77083705 -2.2834646 -1.7677135,
  -0.83769953 -2.2834646 -1.9291339,-0.94406239 -2.2834646 -2.0677486,
  -1.0826772 -2.2834646 -2.1741115,-1.2440975 -2.2834646 -2.240974,
  -1.4173228 -2.2834646 -2.2637795,-1.5905482 -2.2834646 -2.240974,
  -1.7519685 -2.2834646 -2.1741115,-1.8905833 -2.2834646 -2.0677486,
  -1.9969461 -2.2834646 -1.9291339,-2.0638086 -2.2834646 -1.7677135,
  -1.1220472 -2.2834646 -1.5944882,-1.1321085 -2.2834646 -1.5180652,
  -1.1616067 -2.2834646 -1.4468504,-1.2085315 -2.2834646 -1.3856968,
  -1.269685 -2.2834646 -1.338772,-1.3408999 -2.2834646 -1.3092739,
  -1.4173228 -2.2834646 -1.2992126,-1.4937458 -2.2834646 -1.3092739,
  -1.5649606 -2.2834646 -1.338772,-1.6261142 -2.2834646 -1.3856968,
  -1.673039 -2.2834646 -1.4468504,-1.7025372 -2.2834646 -1.5180652,
  -1.7125984 -2.2834646 -1.5944882,-1.7025372 -2.2834646 -1.6709111,
  -1.673039 -2.2834646 -1.742126,-1.6261142 -2.2834646 -1.8032796,
  -1.5649606 -2.2834646 -1.8502044,-1.4937458 -2.2834646 -1.8797025,
  -1.4173228 -2.2834646 -1.8897638,-1.3408999 -2.2834646 -1.8797025,
  -1.269685 -2.2834646 -1.8502044,-1.2085315 -2.2834646 -1.8032796,
  -1.1616067 -2.2834646 -1.742126,-1.1321085 -2.2834646 -1.6709111] }
 coordIndex [
  39,21,22,-1,38,22,23,-1,38,39,22,-1,40,20,21,-1,40,21,39,-1,37,23,0,-1,37,38,23,-1,41,19,20,-1,
  41,20,40,-1,36,0,1,-1,36,37,0,-1,42,17,18,-1,42,18,19,-1,42,19,41,-1,43,16,17,-1,43,17,42,-1,
  35,1,2,-1,35,36,1,-1,44,16,43,-1,34,35,2,-1,3,34,2,-1,15,16,44,-1,33,34,3,-1,45,15,44,-1,
  4,33,3,-1,4,32,33,-1,14,45,46,-1,14,15,45,-1,5,32,4,-1,5,31,32,-1,13,14,46,-1,13,46,47,-1,
  6,29,30,-1,6,30,31,-1,6,31,5,-1,12,13,47,-1,12,47,24,-1,7,28,29,-1,7,29,6,-1,11,12,24,-1,
  11,24,25,-1,8,27,28,-1,8,28,7,-1,10,25,26,-1,10,11,25,-1,9,10,26,-1,9,26,27,-1,9,27,8,-1]
  normalPerVertex TRUE
  normal DEF NORM_5 Normal { vector [
  0 1 0,0 1 0,
  0 1 0,0 1 0,
  0 1 0,0 1 0,
  0 1 0,0 1 0,
  0 1 0,0 1 0,
  0 1 0,0 1 0,
  0 1 0,0 1 0,
  0 1 0,0 1 0,
  0 1 0,0 1 0,
  0 1 0,0 1 0,
  0 1 0,0 1 0,
  0 1 0,0 1 0,
  0 1 0,0 1 0,
  0 1 0,0 1 0,
  0 1 0,0 1 0,
  0 1 0,0 1 0,
  0 1 0,0 1 0,
  0 1 0,0 1 0,
  0 1 0,0 1 0,
  0 1 0,0 1 0,
  0 1 0,0 1 0,
  0 1 0,0 1 0,
  0 1 0,0 1 0,
  0 1 0,0 1 0] }
}
}
DEF SHAPE_6 Shape {
 appearance USE APP_1
 geometry DEF FACE_6 IndexedFaceSet {
  coord DEF COORD_6 Coordinate { point [
  -1.5801375 -5.2362205 -1.348157,-1.5186898 -5.2362205 -1.3171573,
  -1.451735 -5.2362205 -1.3012247,-1.3829106 -5.2362205 -1.3012247,
  -1.3159558 -5.2362205 -1.3171573,-1.2545081 -5.2362205 -1.348157,
  -1.2331861 -5.2362205 -1.3268349,-1.6014595 -5.2362205 -1.3268349,
  -1.5322434 -5.2362205 -1.2906167,-1.4563825 -5.2362205 -1.2719685,
  -1.3782631 -5.2362205 -1.2719685,-1.3024022 -5.2362205 -1.2906167] }
 coordIndex [
  8,0,1,-1,8,7,0,-1,9,1,2,-1,9,8,1,-1,3,9,2,-1,10,9,3,-1,4,10,3,-1,11,4,5,-1,
  11,10,4,-1,6,11,5,-1]
  normalPerVertex TRUE
  normal DEF NORM_6 Normal { vector [
  0 -1 0,0 -1 0,
  0 -1 0,0 -1 0,
  0 -1 0,0 -1 0,
  0 -1 0,0 -1 0,
  0 -1 0,0 -1 0,
  0 -1 0,0 -1 0] }
}
}
DEF SHAPE_7 Shape {
 appearance USE APP_1
 geometry DEF FACE_7 IndexedFaceSet {
  coord DEF COORD_7 Coordinate { point [
  -1.1496695 -5.2362205 -1.4103515,-1.118312 -5.2362205 -1.467456,
  -1.0989785 -5.2362205 -1.5296688,-1.0924465 -5.2362205 -1.5944882,
  -1.1709916 -5.2362205 -1.4316736,-1.144148 -5.2362205 -1.4824026,
  -1.1276251 -5.2362205 -1.5373663,-1.1220472 -5.2362205 -1.5944882,
  -1.1276251 -5.2362205 -1.6516101,-1.144148 -5.2362205 -1.7065738,
  -1.1709917 -5.2362205 -1.7573029,-1.1496695 -5.2362205 -1.778625,
  -1.0989785 -5.2362205 -1.6593076,-1.118312 -5.2362205 -1.7215204] }
 coordIndex [
  13,9,10,-1,13,10,11,-1,12,8,9,-1,12,9,13,-1,3,7,8,-1,3,8,12,-1,6,7,3,-1,2,6,3,-1,
  5,6,2,-1,1,4,5,-1,1,5,2,-1,0,4,1,-1]
  normalPerVertex TRUE
  normal DEF NORM_7 Normal { vector [
  0 -1 0,0 -1 0,
  0 -1 0,0 -1 0,
  0 -1 0,0 -1 0,
  0 -1 0,0 -1 0,
  0 -1 0,0 -1 0,
  0 -1 0,0 -1 0,
  0 -1 0,0 -1 0] }
}
}
DEF SHAPE_8 Shape {
 appearance USE APP_1
 geometry DEF FACE_8 IndexedFaceSet {
  coord DEF COORD_8 Coordinate { point [
  -1.2545082 -5.2362205 -1.8408194,-1.2331861 -5.2362205 -1.8621415,
  -1.3159559 -5.2362205 -1.8718191,-1.3829107 -5.2362205 -1.8877517,
  -1.4517351 -5.2362205 -1.8877517,-1.5186899 -5.2362205 -1.871819,
  -1.5801375 -5.2362205 -1.8408194,-1.6014596 -5.2362205 -1.8621415,
  -1.4173228 -5.2362205 -1.9193646,-1.4821422 -5.2362205 -1.9128325,
  -1.5443551 -5.2362205 -1.893499,-1.2902906 -5.2362205 -1.893499,
  -1.3525035 -5.2362205 -1.9128325] }
 coordIndex [
  6,7,10,-1,5,10,9,-1,5,6,10,-1,4,5,9,-1,8,4,9,-1,3,4,8,-1,12,3,8,-1,2,3,12,-1,
  11,2,12,-1,0,11,1,-1,0,2,11,-1]
  normalPerVertex TRUE
  normal DEF NORM_8 Normal { vector [
  0 -1 0,0 -1 0,
  0 -1 0,0 -1 0,
  0 -1 0,0 -1 0,
  0 -1 0,0 -1 0,
  0 -1 0,0 -1 0,
  0 -1 0,0 -1 0,
  0 -1 0] }
}
}
DEF SHAPE_9 Shape {
 appearance USE APP_1
 geometry DEF FACE_9 IndexedFaceSet {
  coord DEF COORD_9 Coordinate { point [
  -1.6849761 -5.2362205 -1.4103514,-1.663654 -5.2362205 -1.4316735,
  -1.6849762 -5.2362205 -1.7786249,-1.7211944 -5.2362205 -1.7094088,
  -1.7398426 -5.2362205 -1.6335478,-1.7398426 -5.2362205 -1.5554285,
  -1.7211943 -5.2362205 -1.4795675,-1.6636541 -5.2362205 -1.7573028,
  -1.6904977 -5.2362205 -1.7065738,-1.7070206 -5.2362205 -1.65161,
  -1.7125984 -5.2362205 -1.5944882,-1.7070206 -5.2362205 -1.5373663,
  -1.6904977 -5.2362205 -1.4824026] }
 coordIndex [
  8,3,2,-1,8,2,7,-1,9,4,3,-1,9,3,8,-1,10,4,9,-1,5,4,10,-1,11,5,10,-1,6,5,11,-1,
  12,6,11,-1,0,12,1,-1,0,6,12,-1]
  normalPerVertex TRUE
  normal DEF NORM_9 Normal { vector [
  0 -1 0,0 -1 0,
  0 -1 0,0 -1 0,
  0 -1 0,0 -1 0,
  0 -1 0,0 -1 0,
  0 -1 0,0 -1 0,
  0 -1 0,0 -1 0,
  0 -1 0] }
}
}
DEF SHAPE_10 Shape {
 appearance USE APP_1
 geometry DEF FACE_10 IndexedFaceSet {
  coord DEF COORD_10 Coordinate { point [
  -1.9654211 -4.8349274 -1.1299064,-1.9587122 -4.9286471 -1.1366152,
  -1.9364657 -5.0171713 -1.1588618,-1.8999764 -5.0957513 -1.1953511,
  -1.851421 -5.1597283 -1.2439064,-1.7935213 -5.2057928 -1.3018062,
  -1.7404938 -5.2284906 -1.3548337,-1.6849761 -5.2362205 -1.4103514,
  -2.1358268 -4.8349274 -1.5944882,-2.1161833 -4.8349274 -1.427629,
  -2.0583269 -4.8349274 -1.2698934,-1.9654212 -4.8349274 -2.0590699,
  -2.0583269 -4.8349274 -1.9190828,-2.1161833 -4.8349274 -1.7613473,
  -1.9587123 -4.9286471 -2.052361,-1.9364658 -5.0171713 -2.0301145,
  -1.8999765 -5.0957513 -1.9936252,-1.8514211 -5.1597283 -1.9450698,
  -1.7935213 -5.2057928 -1.8871701,-1.7404938 -5.2284906 -1.8341426,
  -1.6849762 -5.2362205 -1.7786249,-1.7211944 -5.2362205 -1.7094088,
  -1.7398426 -5.2362205 -1.6335478,-1.7398426 -5.2362205 -1.5554285,
  -1.7211943 -5.2362205 -1.4795675,-1.7953123 -5.2284693 -1.7331323,
  -1.8654217 -5.2055212 -1.758848,-1.9418872 -5.1592357 -1.786895,
  -1.819937 -5.2284693 -1.5944881,-2.0059216 -5.0950181 -1.8103824,
  -1.8946139 -5.2055212 -1.5944881,-2.0538992 -5.0165043 -1.8279803,
  -1.9760609 -5.1592357 -1.5944881,-1.7953122 -5.2284693 -1.455844,
  -2.0831037 -4.9281397 -1.8386923,-2.0442668 -5.0950181 -1.5944881,
  -1.8654217 -5.2055212 -1.4301283,-2.0953701 -5.0165043 -1.5944881,
  -1.9418872 -5.1592357 -1.4020812,-2.1264771 -4.9281397 -1.5944881,
  -2.0059215 -5.0950181 -1.3785938,-2.0538991 -5.0165043 -1.3609959,
  -2.0831036 -4.9281397 -1.3502839] }
 coordIndex [
  12,11,14,-1,0,10,1,-1,25,19,20,-1,25,20,21,-1,25,21,22,-1,26,18,19,-1,26,19,25,-1,27,17,18,-1,
  27,18,26,-1,28,22,23,-1,28,25,22,-1,29,16,17,-1,29,17,27,-1,30,26,25,-1,30,25,28,-1,31,15,16,-1,
  31,16,29,-1,32,26,30,-1,32,27,26,-1,33,7,6,-1,33,23,24,-1,33,24,7,-1,33,28,23,-1,34,13,12,-1,
  34,14,15,-1,34,15,31,-1,34,12,14,-1,35,29,27,-1,35,27,32,-1,36,6,5,-1,36,33,6,-1,36,30,28,-1,
  36,28,33,-1,37,31,29,-1,37,29,35,-1,38,5,4,-1,38,36,5,-1,38,32,30,-1,38,30,36,-1,39,9,8,-1,
  39,8,13,-1,39,13,34,-1,39,34,31,-1,39,31,37,-1,40,4,3,-1,40,35,32,-1,40,38,4,-1,40,32,38,-1,
  41,3,2,-1,41,37,35,-1,41,35,40,-1,41,40,3,-1,42,2,1,-1,42,10,9,-1,42,41,2,-1,42,9,39,-1,
  42,37,41,-1,42,1,10,-1,42,39,37,-1]
  normalPerVertex TRUE
  normal DEF NORM_10 Normal { vector [
  -0.82912736 -0.098743163 0.55027048,-0.8353891 -0.2215093 0.50304937,
  -0.7940268 -0.39688112 0.46044197,-0.69358454 -0.59946392 0.39947903,
  -0.55378087 -0.77058365 0.31547993,-0.3924546 -0.89314198 0.21971979,
  -0.21077193 -0.97071439 0.11527689,-0.089590964 -0.99483148 0.047789055,
  -0.99500711 -0.099804108 4.1114174e-08,-0.97004098 -0.12855673 0.2061399,
  -0.87336425 -0.12815803 0.46990467,-0.82912748 -0.098743164 -0.55027031,
  -0.87336434 -0.12815806 -0.4699045,-0.97004101 -0.12855678 -0.20613974,
  -0.83538922 -0.22150933 -0.50304917,-0.79402692 -0.39688112 -0.46044178,
  -0.69358464 -0.59946392 -0.39947886,-0.55378095 -0.77058365 -0.3154798,
  -0.39245466 -0.89314198 -0.21971969,-0.21077196 -0.97071439 -0.11527683,
  -0.089590977 -0.99483148 -0.047789033,-0.092825612 -0.99506332 -0.035105532,
  -0.10044385 -0.99483185 -0.014853525,-0.10044384 -0.99483185 0.01485355,
  -0.092825603 -0.99506332 0.035105556,-0.19367648 -0.97947732 -0.055799715,
  -0.39628475 -0.9098275 -0.12317596,-0.57060396 -0.79902624 -0.1896528,
  -0.21163229 -0.97728747 0.010998936,-0.72894829 -0.63655467 -0.25185817,
  -0.4107301 -0.91167823 0.011983402,-0.8469991 -0.43837669 -0.30069651,
  -0.59828784 -0.80121391 0.010389334,-0.16796986 -0.9841632 0.05664741,
  -0.89877117 -0.25186888 -0.35884878,-0.76966462 -0.63838707 0.0088498044,
  -0.35636247 -0.92643812 0.12131857,-0.89810862 -0.43972801 0.0063395403,
  -0.53439767 -0.8241711 0.18751297,-0.96996546 -0.24192205 -0.025312703,
  -0.70045813 -0.66815397 0.25085591,-0.82740634 -0.47459257 0.30026761,
  -0.90591253 -0.26370612 0.33133302] }
}
}
DEF SHAPE_11 Shape {
 appearance USE APP_1
 geometry DEF FACE_11 IndexedFaceSet {
  coord DEF COORD_11 Coordinate { point [
  -1.9654212 -4.8349274 -2.0590699,-1.9587123 -4.9286471 -2.052361,
  -1.9364658 -5.0171713 -2.0301145,-1.8999765 -5.0957513 -1.9936252,
  -1.8514211 -5.1597283 -1.9450698,-1.7935213 -5.2057928 -1.8871701,
  -1.7404938 -5.2284906 -1.8341426,-1.6849762 -5.2362205 -1.7786249,
  -1.6636541 -5.2362205 -1.7573028,-1.6636541 -2.4015748 -1.7573028,
  -1.9321129 -2.4015748 -2.0257616] }
 coordIndex [
  0,2,1,-1,0,3,2,-1,0,4,3,-1,0,5,4,-1,0,6,5,-1,0,7,6,-1,8,7,0,-1,9,0,10,-1,
  9,8,0,-1]
  normalPerVertex TRUE
  normal DEF NORM_11 Normal { vector [
  0.70710669 0 -0.70710687,0.70710669 0 -0.70710687,
  0.70710669 0 -0.70710687,0.70710669 0 -0.70710687,
  0.70710669 0 -0.70710687,0.70710669 0 -0.70710687,
  0.70710669 0 -0.70710687,0.70710669 0 -0.70710687,
  0.70710669 0 -0.70710687,0.70710669 0 -0.70710687,
  0.70710669 0 -0.70710687] }
}
}
DEF SHAPE_12 Shape {
 appearance USE APP_1
 geometry DEF FACE_12 IndexedFaceSet {
  coord DEF COORD_12 Coordinate { point [
  -1.6636541 -2.4015748 -1.7573028,-1.9321129 -2.4015748 -2.0257616,
  -1.8485963 -2.4015748 -2.1092781,-1.8780543 -2.4015748 -2.0830904,
  -1.9059251 -2.4015748 -2.0552195,-1.5801375 -2.4015748 -1.8408194,
  -1.6116407 -2.4015748 -1.8168128,-1.6396475 -2.4015748 -1.788806] }
 coordIndex [
  6,3,2,-1,6,4,3,-1,7,1,4,-1,7,4,6,-1,5,6,2,-1,0,1,7,-1]
  normalPerVertex TRUE
  normal DEF NORM_12 Normal { vector [
  0 -1 0,0 -1 1.5113703e-08,
  0 -1 0,1.0070256e-08 -1 0,
  0 -1 1.2654974e-08,0 -1 0,
  0 -1 0,0 -1 1.1707652e-08] }
}
}
DEF SHAPE_13 Shape {
 appearance USE APP_1
 geometry DEF FACE_13 IndexedFaceSet {
  coord DEF COORD_13 Coordinate { point [
  -1.8485963 -2.4015748 -2.1092781,-1.5801375 -2.4015748 -1.8408194,
  -1.8819046 -4.8349274 -2.1425864,-1.8751958 -4.9286471 -2.1358776,
  -1.8529493 -5.0171713 -2.113631,-1.8164599 -5.0957513 -2.0771417,
  -1.7679046 -5.1597283 -2.0285864,-1.7100048 -5.2057928 -1.9706866,
  -1.6569773 -5.2284906 -1.9176591,-1.6014596 -5.2362205 -1.8621415,
  -1.5801375 -5.2362205 -1.8408194] }
 coordIndex [
  2,3,4,-1,2,4,5,-1,2,5,6,-1,2,6,7,-1,2,7,8,-1,2,8,9,-1,10,2,9,-1,1,0,2,-1,
  1,2,10,-1]
  normalPerVertex TRUE
  normal DEF NORM_13 Normal { vector [
  -0.70710669 0 0.70710687,-0.70710669 0 0.70710687,
  -0.70710669 0 0.70710687,-0.70710669 0 0.70710687,
  -0.70710669 0 0.70710687,-0.70710669 0 0.70710687,
  -0.70710669 0 0.70710687,-0.70710669 0 0.70710687,
  -0.70710669 0 0.70710687,-0.70710669 0 0.70710687,
  -0.70710669 0 0.70710687] }
}
}
DEF SHAPE_14 Shape {
 appearance USE APP_1
 geometry DEF FACE_14 IndexedFaceSet {
  coord DEF COORD_14 Coordinate { point [
  -1.4173228 -5.2362205 -1.9193646,-1.4173228 -5.2261068 -2.0080284,
  -1.4173228 -5.1962852 -2.0921368,-1.4173228 -5.148288 -2.1673687,
  -1.4173228 -5.0845811 -2.2298586,-1.4173228 -5.0084377 -2.2763961,
  -1.4173228 -4.9237698 -2.3045901,-1.4173228 -4.8349274 -2.3129921,
  -1.4821422 -5.2362205 -1.9128325,-1.5443551 -5.2362205 -1.893499,
  -1.6014596 -5.2362205 -1.8621415,-1.8819046 -4.8349274 -2.1425864,
  -1.8751958 -4.9286471 -2.1358776,-1.8529493 -5.0171713 -2.113631,
  -1.8164599 -5.0957513 -2.0771417,-1.7679046 -5.1597283 -2.0285864,
  -1.7100048 -5.2057928 -1.9706866,-1.6569773 -5.2284906 -1.9176591,
  -1.584182 -4.8349274 -2.2933486,-1.7419176 -4.8349274 -2.2354922,
  -1.5108225 -5.2284693 -1.9860951,-1.5281648 -5.2055212 -2.0587304,
  -1.5992097 -5.2284693 -1.9536753,-1.5470794 -5.1592357 -2.1379506,
  -1.6329461 -5.2055212 -2.0202973,-1.5629189 -5.0950181 -2.2042919,
  -1.669741 -5.1592357 -2.0929591,-1.5747867 -5.0165043 -2.253998,
  -1.700554 -5.0950181 -2.1538082,-1.5820108 -4.9281397 -2.2842546,
  -1.7236407 -5.0165043 -2.1993993,-1.7376937 -4.9281397 -2.227151] }
 coordIndex [
  8,1,0,-1,18,7,6,-1,11,19,12,-1,20,8,9,-1,20,1,8,-1,21,2,1,-1,21,1,20,-1,22,9,10,-1,
  22,10,17,-1,22,20,9,-1,23,3,2,-1,23,2,21,-1,24,17,16,-1,24,22,17,-1,24,20,22,-1,24,21,20,-1,
  25,4,3,-1,25,3,23,-1,26,16,15,-1,26,23,21,-1,26,24,16,-1,26,21,24,-1,27,5,4,-1,27,4,25,-1,
  28,15,14,-1,28,26,15,-1,28,25,23,-1,28,23,26,-1,29,6,5,-1,29,18,6,-1,29,5,27,-1,30,14,13,-1,
  30,25,28,-1,30,28,14,-1,30,27,25,-1,31,13,12,-1,31,19,18,-1,31,30,13,-1,31,12,19,-1,31,18,29,-1,
  31,29,27,-1,31,27,30,-1]
  normalPerVertex TRUE
  normal DEF NORM_14 Normal { vector [
  -0.011420209 -0.99349224 -0.11332586,-0.020117382 -0.97360555 -0.2273489,
  -0.050430086 -0.88583502 -0.46125168,-0.073853662 -0.75630217 -0.65004051,
  -0.092981899 -0.58718102 -0.80409752,-0.10700053 -0.3876745 -0.91556505,
  -0.11534812 -0.16831299 -0.97896146,-0.11640528 -0.093511954 -0.98878983,
  -0.011541464 -0.9944398 -0.1046722,-0.03691209 -0.99505166 -0.092247982,
  -0.049958367 -0.99508553 -0.085492373,-0.55027048 -0.098743163 -0.82912736,
  -0.54400938 -0.17612689 -0.82038595,-0.50516815 -0.40087566 -0.76426686,
  -0.43753582 -0.60393139 -0.66620514,-0.34505978 -0.77408218 -0.53078294,
  -0.24034346 -0.89497692 -0.37583419,-0.12656718 -0.9711241 -0.20223435,
  -0.23317683 -0.09843343 -0.96743962,-0.48363718 -0.099599919 -0.86958319,
  -0.054721682 -0.97841153 -0.19928977,-0.1033683 -0.91000266 -0.40150985,
  -0.078003982 -0.98332109 -0.16430161,-0.14899497 -0.79612464 -0.58650325,
  -0.16227006 -0.92641925 -0.339729,-0.18720452 -0.63304792 -0.75113567,
  -0.24877234 -0.82427264 -0.50861276,-0.21495357 -0.43496843 -0.87441262,
  -0.33105467 -0.66837973 -0.66608659,-0.20649575 -0.23590426 -0.94958343,
  -0.394943 -0.47485213 -0.78647027,-0.42312486 -0.23216496 -0.87582235] }
}
}
DEF SHAPE_15 Shape {
 appearance USE APP_1
 geometry DEF FACE_15 IndexedFaceSet {
  coord DEF COORD_15 Coordinate { point [
  -0.98604945 -2.4015748 -2.1092782,-0.95274117 -4.8349274 -2.1425865,
  -1.2545082 -2.4015748 -1.8408194,-1.2545082 -5.2362205 -1.8408194,
  -1.2331861 -5.2362205 -1.8621415,-0.95945003 -4.9286471 -2.1358777,
  -0.98169654 -5.0171713 -2.1136311,-1.0181858 -5.0957513 -2.0771418,
  -1.0667412 -5.1597283 -2.0285865,-1.124641 -5.2057928 -1.9706867,
  -1.1776684 -5.2284906 -1.9176592] }
 coordIndex [
  1,3,4,-1,1,6,5,-1,1,7,6,-1,1,8,7,-1,1,9,8,-1,1,10,9,-1,1,4,10,-1,2,3,1,-1,
  0,2,1,-1]
  normalPerVertex TRUE
  normal DEF NORM_15 Normal { vector [
  0.70710687 0 0.70710669,0.70710687 0 0.70710669,
  0.70710687 0 0.70710669,0.70710687 0 0.70710669,
  0.70710687 0 0.70710669,0.70710687 0 0.70710669,
  0.70710687 0 0.70710669,0.70710687 0 0.70710669,
  0.70710687 0 0.70710669,0.70710687 0 0.70710669,
  0.70710687 0 0.70710669] }
}
}
DEF SHAPE_16 Shape {
 appearance USE APP_1
 geometry DEF FACE_16 IndexedFaceSet {
  coord DEF COORD_16 Coordinate { point [
  -0.90253289 -2.4015748 -2.0257617,-0.92872067 -2.4015748 -2.0552196,
  -0.95659153 -2.4015748 -2.0830905,-0.98604945 -2.4015748 -2.1092782,
  -1.1709917 -2.4015748 -1.7573029,-1.1949982 -2.4015748 -1.7888061,
  -1.223005 -2.4015748 -1.8168129,-1.2545082 -2.4015748 -1.8408194] }
 coordIndex [
  6,7,3,-1,2,6,3,-1,5,2,1,-1,5,6,2,-1,0,5,1,-1,4,5,0,-1]
  normalPerVertex TRUE
  normal DEF NORM_16 Normal { vector [
  0 -1 1.6347763e-08,0 -1 1.7816999e-08,
  -3.8475243e-08 -1 -1.9991675e-08,-4.8426423e-08 -1 -3.9224662e-08,
  0 -1 0,0 -1 1.2795952e-08,
  -3.5333683e-08 -1 -2.3025022e-08,0 -1 0] }
}
}
DEF SHAPE_17 Shape {
 appearance USE APP_1
 geometry DEF FACE_17 IndexedFaceSet {
  coord DEF COORD_17 Coordinate { point [
  -0.90253289 -2.4015748 -2.0257617,-1.1709917 -2.4015748 -1.7573029,
  -1.1709917 -5.2362205 -1.7573029,-1.1496695 -5.2362205 -1.778625,
  -1.0763731 -5.2226924 -1.8519215,-1.01462 -5.1878784 -1.9136746,
  -0.96541591 -5.1397485 -1.9628787,-0.92475883 -5.0779752 -2.0035358,
  -0.89440949 -5.0052052 -2.0338851,-0.87551014 -4.9248134 -2.0527845,
  -0.87051288 -4.8802086 -2.0577817,-0.86922461 -4.8349274 -2.05907] }
 coordIndex [
  8,5,4,-1,8,6,5,-1,8,7,6,-1,11,3,2,-1,11,4,3,-1,11,9,8,-1,11,10,9,-1,11,8,4,-1,
  1,11,2,-1,0,11,1,-1]
  normalPerVertex TRUE
  normal DEF NORM_17 Normal { vector [
  -0.70710687 0 -0.70710669,-0.70710687 0 -0.70710669,
  -0.70710687 0 -0.70710669,-0.70710687 0 -0.70710669,
  -0.70710687 0 -0.70710669,-0.70710687 0 -0.70710669,
  -0.70710687 0 -0.70710669,-0.70710687 0 -0.70710669,
  -0.70710687 0 -0.70710669,-0.70710687 0 -0.70710669,
  -0.70710687 0 -0.70710669,-0.70710687 0 -0.70710669] }
}
}
DEF SHAPE_18 Shape {
 appearance USE APP_1
 geometry DEF FACE_18 IndexedFaceSet {
  coord DEF COORD_18 Coordinate { point [
  -1.0924465 -5.2362205 -1.5944882,-1.0037827 -5.2261068 -1.5944882,
  -0.91967418 -5.1962852 -1.5944882,-0.84444235 -5.148288 -1.5944882,
  -0.7819524 -5.0845811 -1.5944882,-0.73541492 -5.0084377 -1.5944882,
  -0.70722091 -4.9237698 -1.5944882,-0.6988189 -4.8349274 -1.5944882,
  -1.0989785 -5.2362205 -1.6593076,-1.118312 -5.2362205 -1.7215204,
  -1.1496695 -5.2362205 -1.778625,-1.0763731 -5.2226924 -1.8519215,
  -1.01462 -5.1878784 -1.9136746,-0.96541591 -5.1397485 -1.9628787,
  -0.92475883 -5.0779752 -2.0035358,-0.89440949 -5.0052052 -2.0338851,
  -0.87551014 -4.9248134 -2.0527845,-0.87051288 -4.8802086 -2.0577817,
  -0.86922461 -4.8349274 -2.05907,-0.7184624 -4.8349274 -1.7613474,
  -0.77631881 -4.8349274 -1.9190829,-1.0150886 -5.2261068 -1.6905252,
  -0.93327962 -5.1962852 -1.7100579,-1.0483883 -5.2261068 -1.7813111,
  -0.86010458 -5.148288 -1.7275291,-0.973352 -5.1962852 -1.8193083,
  -0.79932308 -5.0845811 -1.7420412,-0.9062349 -5.148288 -1.8532954,
  -0.75405791 -5.0084377 -1.7528487,-0.85048529 -5.0845811 -1.8815261,
  -0.72669465 -4.9240614 -1.7593819,-0.80896748 -5.0084377 -1.9025501,
  -0.78386954 -4.9240614 -1.9152594] }
 coordIndex [
  8,1,0,-1,19,7,6,-1,18,20,17,-1,21,8,9,-1,21,1,8,-1,22,2,1,-1,22,1,21,-1,23,9,10,-1,
  23,10,11,-1,23,21,9,-1,24,3,2,-1,24,2,22,-1,25,11,12,-1,25,23,11,-1,25,21,23,-1,25,22,21,-1,
  26,4,3,-1,26,3,24,-1,27,12,13,-1,27,25,12,-1,27,24,22,-1,27,22,25,-1,28,5,4,-1,28,4,26,-1,
  29,13,14,-1,29,27,13,-1,29,24,27,-1,29,26,24,-1,30,6,5,-1,30,20,19,-1,30,19,6,-1,30,5,28,-1,
  31,14,15,-1,31,26,29,-1,31,28,26,-1,31,29,14,-1,32,15,16,-1,32,16,17,-1,32,20,30,-1,32,17,20,-1,
  32,30,28,-1,32,31,15,-1,32,28,31,-1]
  normalPerVertex TRUE
  normal DEF NORM_18 Normal { vector [
  0.11332586 -0.99349224 -0.011420209,0.24097311 -0.97012691 -0.028031171,
  0.47512765 -0.87813727 -0.055934399,0.65899388 -0.74813662 -0.07758005,
  0.80881102 -0.58030889 -0.095217271,0.91714974 -0.38365821 -0.10790147,
  0.97908174 -0.1676706 -0.11526284,0.98878983 -0.093511953 -0.11640528,
  0.11218776 -0.99351116 -0.018694594,0.10540397 -0.99353638 -0.042136199,
  0.097224468 -0.99267545 -0.071713681,0.23759196 -0.95804404 -0.16031741,
  0.42017042 -0.86472076 -0.27516326,0.57187211 -0.72957362 -0.3750795,
  0.68892479 -0.56400734 -0.45527832,0.77257506 -0.37423279 -0.51291091,
  0.80504213 -0.25619506 -0.53504324,0.83332984 -0.095039923 -0.54454458,
  0.83255207 -0.039406381 -0.55254337,0.97655493 -0.094332799 -0.19349881,
  0.89786499 -0.08657438 -0.43167504,0.22760302 -0.97167366 -0.063617342,
  0.43059144 -0.89584797 -0.10976075,0.1876668 -0.97793569 -0.091776669,
  0.61466079 -0.77373765 -0.15336937,0.37502983 -0.90933147 -0.18019128,
  0.76778439 -0.61224024 -0.18886244,0.54782634 -0.79276549 -0.26722497,
  0.88188569 -0.4198782 -0.21442929,0.69036659 -0.63736687 -0.3422827,
  0.95145952 -0.20541228 -0.22919552,0.7981359 -0.45031649 -0.40024261,
  0.86483395 -0.23383402 -0.44427906] }
}
}
DEF SHAPE_19 Shape {
 appearance USE APP_1
 geometry DEF FACE_19 IndexedFaceSet {
  coord DEF COORD_19 Coordinate { point [
  -0.90253279 -2.4015748 -1.1632148,-0.8692245 -4.8349274 -1.1299065,
  -1.1709916 -2.4015748 -1.4316736,-1.1709916 -5.2362205 -1.4316736,
  -1.1496695 -5.2362205 -1.4103515,-0.87593336 -4.9286471 -1.1366154,
  -0.89817987 -5.0171713 -1.1588619,-0.93466919 -5.0957513 -1.1953512,
  -0.98322455 -5.1597283 -1.2439065,-1.0411243 -5.2057928 -1.3018063,
  -1.0941518 -5.2284906 -1.3548338] }
 coordIndex [
  1,3,4,-1,1,6,5,-1,1,7,6,-1,1,8,7,-1,1,9,8,-1,1,10,9,-1,1,4,10,-1,2,3,1,-1,
  0,2,1,-1]
  normalPerVertex TRUE
  normal DEF NORM_19 Normal { vector [
  -0.70710669 0 0.70710687,-0.70710669 0 0.70710687,
  -0.70710669 0 0.70710687,-0.70710669 0 0.70710687,
  -0.70710669 0 0.70710687,-0.70710669 0 0.70710687,
  -0.70710669 0 0.70710687,-0.70710669 0 0.70710687,
  -0.70710669 0 0.70710687,-0.70710669 0 0.70710687,
  -0.70710669 0 0.70710687] }
}
}
DEF SHAPE_20 Shape {
 appearance USE APP_1
 geometry DEF FACE_20 IndexedFaceSet {
  coord DEF COORD_20 Coordinate { point [
  -0.98604933 -2.4015748 -1.0796982,-1.2545081 -2.4015748 -1.348157,
  -1.223005 -2.4015748 -1.3721636,-1.1949982 -2.4015748 -1.4001704,
  -1.1709916 -2.4015748 -1.4316736,-0.90253279 -2.4015748 -1.1632148,
  -0.95659141 -2.4015748 -1.105886,-0.92872056 -2.4015748 -1.1337569] }
 coordIndex [
  5,3,4,-1,0,1,2,-1,7,2,3,-1,7,3,5,-1,6,0,2,-1,6,2,7,-1]
  normalPerVertex TRUE
  normal DEF NORM_20 Normal { vector [
  0 -1 0,0 -1 0,
  0 -1 0,0 -1 0,
  0 -1 0,0 -1 0,
  0 -1 0,0 -1 0] }
}
}
DEF SHAPE_21 Shape {
 appearance USE APP_1
 geometry DEF FACE_21 IndexedFaceSet {
  coord DEF COORD_21 Coordinate { point [
  -0.98604933 -2.4015748 -1.0796982,-1.2545081 -2.4015748 -1.348157,
  -1.2545081 -5.2362205 -1.348157,-1.2331861 -5.2362205 -1.3268349,
  -1.1598896 -5.2226924 -1.2535385,-1.0981365 -5.1878784 -1.1917854,
  -1.0489324 -5.1397485 -1.1425813,-1.0082753 -5.0779752 -1.1019242,
  -0.97792593 -5.0052052 -1.0715748,-0.95902656 -4.9248135 -1.0526755,
  -0.9540293 -4.8802086 -1.0476782,-0.95274104 -4.8349274 -1.04639] }
 coordIndex [
  8,5,4,-1,8,6,5,-1,8,7,6,-1,11,3,2,-1,11,4,3,-1,11,9,8,-1,11,10,9,-1,11,8,4,-1,
  1,11,2,-1,0,11,1,-1]
  normalPerVertex TRUE
  normal DEF NORM_21 Normal { vector [
  0.70710669 0 -0.70710687,0.70710669 0 -0.70710687,
  0.70710669 0 -0.70710687,0.70710669 0 -0.70710687,
  0.70710669 0 -0.70710687,0.70710669 0 -0.70710687,
  0.70710669 0 -0.70710687,0.70710669 0 -0.70710687,
  0.70710669 0 -0.70710687,0.70710669 0 -0.70710687,
  0.70710669 0 -0.70710687,0.70710669 0 -0.70710687] }
}
}
DEF SHAPE_22 Shape {
 appearance USE APP_1
 geometry DEF FACE_22 IndexedFaceSet {
  coord DEF COORD_22 Coordinate { point [
  -1.6014595 -5.2362205 -1.3268349,-1.5322434 -5.2362205 -1.2906167,
  -1.4563825 -5.2362205 -1.2719685,-1.3782631 -5.2362205 -1.2719685,
  -1.3024022 -5.2362205 -1.2906167,-1.2331861 -5.2362205 -1.3268349,
  -1.1598896 -5.2226924 -1.2535385,-1.0981365 -5.1878784 -1.1917854,
  -1.0489324 -5.1397485 -1.1425813,-1.0082753 -5.0779752 -1.1019242,
  -0.97792593 -5.0052052 -1.0715748,-0.95902656 -4.9248135 -1.0526755,
  -0.9540293 -4.8802086 -1.0476782,-0.95274104 -4.8349274 -1.04639,
  -1.8819045 -4.8349274 -1.0463899,-1.7419174 -4.8349274 -0.9534841,
  -1.5841819 -4.8349274 -0.89562772,-1.4173227 -4.8349274 -0.87598425,
  -1.2504636 -4.8349274 -0.89562777,-1.0927281 -4.8349274 -0.95348418,
  -1.8751956 -4.9286472 -1.0530987,-1.8529491 -5.0171713 -1.0753452,
  -1.8164598 -5.0957514 -1.1118346,-1.7679045 -5.1597283 -1.1603899,
  -1.7100047 -5.2057928 -1.2182897,-1.6569772 -5.2284906 -1.2713172,
  -1.5559669 -5.2284694 -1.2164988,-1.5816826 -5.2055212 -1.1463893,
  -1.6097297 -5.1592357 -1.0699238,-1.4173228 -5.2284694 -1.191874,
  -1.6332171 -5.0950181 -1.0058895,-1.4173228 -5.2055212 -1.1171972,
  -1.650815 -5.0165043 -0.95791183,-1.4173228 -5.1592357 -1.0357502,
  -1.2786787 -5.2284694 -1.2164988,-1.661527 -4.9281397 -0.92870734,
  -1.4173228 -5.0950181 -0.9675442,-1.2529629 -5.2055212 -1.1463894,
  -1.4173228 -5.0165043 -0.91644097,-1.2249159 -5.1592357 -1.0699239,
  -1.4173227 -4.9281397 -0.88533391,-1.2014285 -5.0950181 -1.0058895,
  -1.1838306 -5.0165043 -0.95791189,-1.1731185 -4.9281397 -0.9287074] }
 coordIndex [
  15,14,20,-1,12,19,11,-1,13,19,12,-1,26,0,1,-1,26,1,2,-1,26,25,0,-1,27,24,25,-1,27,25,26,-1,
  28,23,24,-1,28,24,27,-1,29,2,3,-1,29,26,2,-1,30,22,23,-1,30,23,28,-1,31,26,29,-1,31,27,26,-1,
  32,21,22,-1,32,22,30,-1,33,27,31,-1,33,28,27,-1,34,3,4,-1,34,4,5,-1,34,5,6,-1,34,29,3,-1,
  35,16,15,-1,35,20,21,-1,35,15,20,-1,35,21,32,-1,36,28,33,-1,36,30,28,-1,37,6,7,-1,37,29,34,-1,
  37,34,6,-1,37,31,29,-1,38,32,30,-1,38,30,36,-1,39,7,8,-1,39,31,37,-1,39,33,31,-1,39,37,7,-1,
  40,17,16,-1,40,18,17,-1,40,35,32,-1,40,16,35,-1,40,32,38,-1,41,8,9,-1,41,39,8,-1,41,36,33,-1,
  41,33,39,-1,42,9,10,-1,42,38,36,-1,42,41,9,-1,42,36,41,-1,43,10,11,-1,43,19,18,-1,43,18,40,-1,
  43,42,10,-1,43,11,19,-1,43,40,38,-1,43,38,42,-1]
  normalPerVertex TRUE
  normal DEF NORM_22 Normal { vector [
  -0.04778897 -0.99483149 0.089590863,-0.035105486 -0.99506333 0.092825495,
  -0.014853506 -0.99483186 0.10044372,0.014853531 -0.99483186 0.10044371,
  0.035105505 -0.99506333 0.092825487,0.068724427 -0.99280271 0.098080209,
  0.14105787 -0.96182954 0.23449226,0.24420487 -0.87075661 0.42678673,
  0.33779752 -0.73477664 0.58821435,0.41280676 -0.56703379 0.71278557,
  0.46631599 -0.37474388 0.80132167,0.4931616 -0.23643317 0.83719233,
  0.53753479 -0.096169768 0.83773965,0.55254339 -0.039406386 0.83255206,
  -0.55027029 -0.098743169 0.82912749,-0.46990447 -0.12815805 0.87336436,
  -0.2061397 -0.12855676 0.97004102,1.2334339e-07 -0.099804118 0.9950071,
  0.20613994 -0.12855676 0.97004097,0.46536582 -0.1276027 0.87587225,
  -0.50304917 -0.22150933 0.83538922,-0.46044177 -0.39688116 0.7940269,
  -0.39947884 -0.59946396 0.69358461,-0.31547977 -0.7705837 0.5537809,
  -0.21971965 -0.89314203 0.39245458,-0.11527678 -0.97071442 0.21077187,
  -0.055799679 -0.97947734 0.19367637,-0.12317593 -0.90982754 0.39628467,
  -0.18965277 -0.79902629 0.5706039,0.010998932 -0.9772875 0.21163217,
  -0.25185815 -0.63655472 0.72894826,0.011983403 -0.91167827 0.41073001,
  -0.3006965 -0.43837673 0.84699909,0.010389335 -0.80121395 0.59828778,
  0.062079369 -0.98368221 0.1688652,-0.35884877 -0.2518689 0.89877117,
  0.0088498056 -0.63838712 0.76966458,0.12970786 -0.92152027 0.36602768,
  0.0063395413 -0.43972805 0.8981086,0.1919421 -0.81551781 0.54597521,
  -0.025312685 -0.24192207 0.96996545,0.25251729 -0.65923398 0.70826942,
  0.29962643 -0.46711979 0.83187926,0.32916767 -0.2603703 0.90766511] }
}
}
DEF SHAPE_23 Shape {
 appearance USE APP_1
 geometry DEF FACE_23 IndexedFaceSet {
  coord DEF COORD_23 Coordinate { point [
  -1.8819045 -4.8349274 -1.0463899,-1.8751956 -4.9286472 -1.0530987,
  -1.8529491 -5.0171713 -1.0753452,-1.8164598 -5.0957514 -1.1118346,
  -1.7679045 -5.1597283 -1.1603899,-1.7100047 -5.2057928 -1.2182897,
  -1.6569772 -5.2284906 -1.2713172,-1.6014595 -5.2362205 -1.3268349,
  -1.5801375 -5.2362205 -1.348157,-1.5801375 -2.4015748 -1.348157,
  -1.8485962 -2.4015748 -1.0796981] }
 coordIndex [
  0,2,1,-1,0,3,2,-1,0,4,3,-1,0,5,4,-1,0,6,5,-1,0,7,6,-1,8,7,0,-1,9,0,10,-1,
  9,8,0,-1]
  normalPerVertex TRUE
  normal DEF NORM_23 Normal { vector [
  -0.70710687 0 -0.70710669,-0.7071069 0 -0.70710666,
  -0.70710688 0 -0.70710669,-0.70710687 0 -0.70710669,
  -0.70710687 0 -0.70710669,-0.70710687 0 -0.70710669,
  -0.70710687 0 -0.70710669,-0.70710687 0 -0.70710669,
  -0.70710687 0 -0.70710669,-0.70710687 0 -0.70710669,
  -0.70710687 0 -0.70710669] }
}
}
DEF SHAPE_24 Shape {
 appearance USE APP_1
 geometry DEF FACE_24 IndexedFaceSet {
  coord DEF COORD_24 Coordinate { point [
  -1.5801375 -2.4015748 -1.348157,-1.8485962 -2.4015748 -1.0796981,
  -1.9321128 -2.4015748 -1.1632147,-1.905925 -2.4015748 -1.1337568,
  -1.8780541 -2.4015748 -1.1058859,-1.663654 -2.4015748 -1.4316735,
  -1.6396475 -2.4015748 -1.4001703,-1.6116406 -2.4015748 -1.3721635] }
 coordIndex [
  6,2,5,-1,3,2,6,-1,7,4,3,-1,7,3,6,-1,1,7,0,-1,1,4,7,-1]
  normalPerVertex TRUE
  normal DEF NORM_24 Normal { vector [
  0 -1 0,6.0795879e-08 -1 4.9251067e-08,
  0 -1 -2.1037749e-08,0 -1 -1.9141971e-08,
  6.6714313e-08 -1 4.3539417e-08,1.0314338e-08 -1 0,
  0 -1 -1.7884227e-08,3.6181034e-08 -1 1.8802931e-08] }
}
}
DEF SHAPE_25 Shape {
 appearance USE APP_1
 geometry DEF FACE_25 IndexedFaceSet {
  coord DEF COORD_25 Coordinate { point [
  -1.9321128 -2.4015748 -1.1632147,-1.663654 -2.4015748 -1.4316735,
  -1.9654211 -4.8349274 -1.1299064,-1.9587122 -4.9286471 -1.1366152,
  -1.9364657 -5.0171713 -1.1588618,-1.8999764 -5.0957513 -1.1953511,
  -1.851421 -5.1597283 -1.2439064,-1.7935213 -5.2057928 -1.3018062,
  -1.7404938 -5.2284906 -1.3548337,-1.6849761 -5.2362205 -1.4103514,
  -1.663654 -5.2362205 -1.4316735] }
 coordIndex [
  2,3,4,-1,2,4,5,-1,2,5,6,-1,2,6,7,-1,2,7,8,-1,2,8,9,-1,10,2,9,-1,1,0,2,-1,
  1,2,10,-1]
  normalPerVertex TRUE
  normal DEF NORM_25 Normal { vector [
  0.70710687 0 0.70710669,0.70710687 0 0.70710669,
  0.70710687 0 0.70710669,0.70710687 0 0.70710669,
  0.70710687 0 0.70710669,0.70710687 0 0.70710669,
  0.70710687 0 0.70710669,0.70710687 0 0.70710669,
  0.70710687 0 0.70710669,0.70710687 0 0.70710669,
  0.70710687 0 0.70710669] }
}
}
DEF SHAPE_26 Shape {
 appearance USE APP_1
 geometry DEF FACE_26 IndexedFaceSet {
  coord DEF COORD_26 Coordinate { point [
  -2.0866142 -2.2834646 -1.5944882,-2.1358268 -4.8349274 -1.5944882,
  -0.7480315 -2.2834646 -1.5944882,-0.77083705 -2.2834646 -1.7677135,
  -0.83769953 -2.2834646 -1.9291339,-0.94406239 -2.2834646 -2.0677486,
  -1.0826772 -2.2834646 -2.1741115,-1.2440975 -2.2834646 -2.240974,
  -1.4173228 -2.2834646 -2.2637795,-1.5905482 -2.2834646 -2.240974,
  -1.7519685 -2.2834646 -2.1741115,-1.8905833 -2.2834646 -2.0677486,
  -1.9969461 -2.2834646 -1.9291339,-2.0638086 -2.2834646 -1.7677135,
  -0.6988189 -4.8349274 -1.5944882,-0.7184624 -4.8349274 -1.7613474,
  -0.77631881 -4.8349274 -1.9190829,-0.86922461 -4.8349274 -2.05907,
  -0.90253289 -2.4015748 -2.0257617,-0.92872067 -2.4015748 -2.0552196,
  -0.95659153 -2.4015748 -2.0830905,-0.98604945 -2.4015748 -2.1092782,
  -0.95274117 -4.8349274 -2.1425865,-1.0927282 -4.8349274 -2.2354923,
  -1.2504637 -4.8349274 -2.2933486,-1.4173228 -4.8349274 -2.3129921,
  -1.584182 -4.8349274 -2.2933486,-1.7419176 -4.8349274 -2.2354922,
  -1.8819046 -4.8349274 -2.1425864,-1.8485963 -2.4015748 -2.1092781,
  -1.8780543 -2.4015748 -2.0830904,-1.9059251 -2.4015748 -2.0552195,
  -1.9321129 -2.4015748 -2.0257616,-1.9654212 -4.8349274 -2.0590699,
  -2.0583269 -4.8349274 -1.9190828,-2.1161833 -4.8349274 -1.7613473,
  -2.0314182 -2.9213303 -1.890221,-1.5689919 -2.9213303 -2.2589937,
  -1.84229 -2.9213303 -2.1273802,-2.042503 -3.559196 -1.8955591,
  -1.2656538 -2.9213303 -2.2589937,-1.8499609 -3.559196 -2.1369992,
  -1.5717296 -3.559196 -2.2709884,-2.0535878 -4.1970617 -1.9008972,
  -0.80322742 -2.9213303 -1.890221,-1.2629161 -3.559196 -2.2709884,
  -1.8576318 -4.1970617 -2.1466182,-1.5744673 -4.1970617 -2.282983,
  -0.79214267 -3.559196 -1.8955591,-1.2601784 -4.1970617 -2.282983,
  -0.78105791 -4.1970617 -1.9008972] }
 coordIndex [
  32,12,11,-1,32,13,12,-1,31,32,11,-1,30,31,11,-1,29,30,11,-1,10,29,11,-1,9,29,10,-1,21,6,5,-1,
  21,7,6,-1,20,21,5,-1,19,20,5,-1,18,19,5,-1,4,18,5,-1,3,18,4,-1,36,0,13,-1,36,13,32,-1,
  37,9,8,-1,37,29,9,-1,37,38,29,-1,39,1,0,-1,39,32,33,-1,39,36,32,-1,39,0,36,-1,40,8,7,-1,
  40,7,21,-1,40,37,8,-1,41,28,29,-1,41,29,38,-1,42,38,37,-1,42,41,38,-1,42,37,40,-1,43,33,34,-1,
  43,34,35,-1,43,35,1,-1,43,1,39,-1,43,39,33,-1,44,3,2,-1,44,18,3,-1,45,21,22,-1,45,42,40,-1,
  45,40,21,-1,46,27,28,-1,46,41,42,-1,46,28,41,-1,47,46,42,-1,47,25,26,-1,47,26,27,-1,47,27,46,-1,
  48,2,14,-1,48,17,18,-1,48,18,44,-1,48,44,2,-1,49,47,42,-1,49,22,23,-1,49,23,24,-1,49,24,25,-1,
  49,45,22,-1,49,25,47,-1,49,42,45,-1,50,14,15,-1,50,15,16,-1,50,16,17,-1,50,17,48,-1,50,48,14,-1]
  normalPerVertex TRUE
  normal DEF NORM_26 Normal { vector [
  -0.97690979 0.014299013 -0.21317316,-0.97691669 0.023985084 -0.21226985,
  0.97690979 0.014299013 -0.21317316,0.93879615 0.0032015221 -0.34445832,
  0.86412696 -0.06617754 -0.49890393,0.70611607 0.052916188 -0.70611612,
  0.49890394 -0.066177301 -0.86412697,0.34365263 0.001380939 -0.93909582,
  0 0.009187077 -0.9999578,-0.34365273 0.0013809111 -0.93909578,
  -0.49890393 -0.06617754 -0.86412696,-0.70611612 0.052916188 -0.70611607,
  -0.86412697 -0.0661773 -0.49890394,-0.9387962 0.0032015223 -0.3444582,
  0.97691669 0.023985084 -0.21226985,0.97169274 0.04459872 -0.23200038,
  0.8919674 0.019504452 -0.4516788,0.83812849 0.019463682 -0.54512549,
  0.85062508 0.020446784 -0.525375,0.72738101 0.021723351 -0.68588991,
  0.68588973 0.021723392 -0.72738118,0.45030954 0.014302969 -0.89275794,
  0.45665621 0.024635584 -0.88930208,0.45115097 0.052102766 -0.89092542,
  0.23218794 0.019339419 -0.97247866,-2.1268706e-08 0.032093385 -0.99948487,
  -0.23218802 0.01933942 -0.97247864,-0.44288597 0.032099835 -0.89600314,
  -0.58255022 0.017037583 -0.81261612,-0.47894613 0.0099040836 -0.87778842,
  -0.68588991 0.021723351 -0.72738101,-0.72738118 0.021723392 -0.68588973,
  -0.85062515 0.02044679 -0.5253749,-0.83812857 0.019463679 -0.54512537,
  -0.89196747 0.019504448 -0.45167865,-0.97169276 0.044598739 -0.23200029,
  -0.93962727 0.018550169 -0.34169647,-0.24974011 0.014195914 -0.96820884,
  -0.43769603 0.020883072 -0.89888046,-0.9400102 0.019137338 -0.34060914,
  0.17942083 0.013314552 -0.98368231,-0.46555296 0.018939514 -0.88481734,
  -0.22247955 0.019284407 -0.97474661,-0.93845995 0.028367595 -0.34422114,
  0.93962723 0.018550182 -0.34169659,0.34341435 0.018935127 -0.9389931,
  -0.45606526 0.026209931 -0.8895603,-0.22449562 0.030624764 -0.97399376,
  0.94001016 0.019137338 -0.34060925,0.18575574 0.030676979 -0.98211696,
  0.93845991 0.028367593 -0.34422126] }
}
}
DEF SHAPE_27 Shape {
 appearance USE APP_1
 geometry DEF FACE_27 IndexedFaceSet {
  coord DEF COORD_27 Coordinate { point [
  -1.1220472 -2.2834646 -1.5944882,-1.1321085 -2.2834646 -1.5180652,
  -1.1616067 -2.2834646 -1.4468504,-1.2085315 -2.2834646 -1.3856968,
  -1.269685 -2.2834646 -1.338772,-1.3408999 -2.2834646 -1.3092739,
  -1.4173228 -2.2834646 -1.2992126,-1.4937458 -2.2834646 -1.3092739,
  -1.5649606 -2.2834646 -1.338772,-1.6261142 -2.2834646 -1.3856968,
  -1.673039 -2.2834646 -1.4468504,-1.7025372 -2.2834646 -1.5180652,
  -1.7125984 -2.2834646 -1.5944882,-1.7125984 -5.2362205 -1.5944882,
  -1.7070206 -5.2362205 -1.5373663,-1.6904977 -5.2362205 -1.4824026,
  -1.663654 -5.2362205 -1.4316735,-1.663654 -2.4015748 -1.4316735,
  -1.6396475 -2.4015748 -1.4001703,-1.6116406 -2.4015748 -1.3721635,
  -1.5801375 -2.4015748 -1.348157,-1.5801375 -5.2362205 -1.348157,
  -1.5186898 -5.2362205 -1.3171573,-1.451735 -5.2362205 -1.3012247,
  -1.3829106 -5.2362205 -1.3012247,-1.3159558 -5.2362205 -1.3171573,
  -1.2545081 -5.2362205 -1.348157,-1.2545081 -2.4015748 -1.348157,
  -1.223005 -2.4015748 -1.3721636,-1.1949982 -2.4015748 -1.4001704,
  -1.1709916 -2.4015748 -1.4316736,-1.1709916 -5.2362205 -1.4316736,
  -1.144148 -5.2362205 -1.4824026,-1.1276251 -5.2362205 -1.5373663,
  -1.1220472 -5.2362205 -1.5944882] }
 coordIndex [
  12,14,13,-1,11,15,14,-1,11,14,12,-1,10,15,11,-1,17,16,15,-1,17,15,10,-1,18,17,10,-1,9,18,10,-1,
  19,18,9,-1,20,22,21,-1,8,20,19,-1,8,19,9,-1,8,22,20,-1,7,23,22,-1,7,22,8,-1,6,24,23,-1,
  6,23,7,-1,5,25,24,-1,5,24,6,-1,4,25,5,-1,27,26,25,-1,27,25,4,-1,28,27,4,-1,3,28,4,-1,
  29,28,3,-1,30,32,31,-1,2,30,29,-1,2,29,3,-1,2,32,30,-1,1,33,32,-1,1,32,2,-1,0,33,1,-1,
  0,34,33,-1]
  normalPerVertex TRUE
  normal DEF NORM_27 Normal { vector [
  -0.99321254 -0.00037388846 -0.11631297,-0.96375775 -0.0004358562 -0.26677859,
  -0.90728364 -0.0011516925 -0.42051761,-0.70705672 -0.01190149 -0.70705668,
  -0.42025395 -0.00095354302 -0.90740603,-0.25035735 -0.00036125198 -0.96815343,
  -3.8490565e-08 -0.00037650714 -0.99999993,0.25035727 -0.00036125171 -0.96815345,
  0.42025385 -0.00095354379 -0.90740608,0.70705668 -0.01190149 -0.70705672,
  0.9072836 -0.0011516909 -0.42051772,0.96375774 -0.00043585592 -0.26677863,
  0.99321254 -0.00037388809 -0.11631298,0.9952662 0 -0.097186416,
  0.98575581 -0.00013451539 -0.16818285,0.91947073 -8.6874544e-05 -0.39315845,
  0.88388097 0 -0.4677119,0.87506962 0 -0.48399706,
  0.77324509 -0.010351942 -0.63402277,0.63402267 -0.010351941 -0.77324517,
  0.46840386 0.0001452701 -0.88351446,0.45041676 0 -0.89281843,
  0.3705125 9.1397644e-05 -0.92882748,0.12158704 0.00012107847 -0.99258077,
  -0.1215872 0.00012107857 -0.99258075,-0.37051269 9.1397889e-05 -0.9288274,
  -0.45041698 0 -0.89281832,-0.46840411 0.00014526964 -0.88351433,
  -0.63402277 -0.010351942 -0.77324509,-0.77324517 -0.010351942 -0.63402267,
  -0.87506974 0 -0.48399686,-0.88388107 0 -0.46771172,
  -0.91947079 -8.6875005e-05 -0.39315832,-0.98575582 -0.0001345157 -0.1681828,
  -0.9952662 0 -0.097186375] }
}
}
] }
DEF TXFM_4 Transform {
  center 0 0 0
  rotation 0 0 1 0
  scale 1 1 1
  scaleOrientation 0 0 1 0
  translation 0 0 0
 children [
DEF SHAPE_28 Shape {
 appearance USE APP_1
 geometry DEF FACE_28 IndexedFaceSet {
  coord DEF COORD_28 Coordinate { point [
  1.663654 -2.4015748 -1.7573029,1.663654 -5.2362205 -1.7573029,
  1.6396475 -2.4015748 -1.7888061,1.6116406 -2.4015748 -1.8168129,
  1.5801375 -2.4015748 -1.8408194,1.5801375 -5.2362205 -1.8408194,
  1.5186898 -5.2362205 -1.8718191,1.451735 -5.2362205 -1.8877517,
  1.3829106 -5.2362205 -1.8877517,1.3159558 -5.2362205 -1.871819,
  1.2545081 -5.2362205 -1.8408194,1.2545081 -2.4015748 -1.8408194,
  1.223005 -2.4015748 -1.8168128,1.1949982 -2.4015748 -1.788806,
  1.1709916 -2.4015748 -1.7573028,1.1709916 -5.2362205 -1.7573028,
  1.144148 -5.2362205 -1.7065738,1.1276251 -5.2362205 -1.65161,
  1.1220472 -5.2362205 -1.5944882,1.1220472 -2.2834646 -1.5944882,
  1.1321085 -2.2834646 -1.6709111,1.1616067 -2.2834646 -1.742126,
  1.2085315 -2.2834646 -1.8032796,1.269685 -2.2834646 -1.8502044,
  1.3408999 -2.2834646 -1.8797025,1.4173228 -2.2834646 -1.8897638,
  1.4937458 -2.2834646 -1.8797025,1.5649606 -2.2834646 -1.8502044,
  1.6261142 -2.2834646 -1.8032796,1.673039 -2.2834646 -1.742126,
  1.7025372 -2.2834646 -1.6709111,1.7125984 -2.2834646 -1.5944882,
  1.7125984 -5.2362205 -1.5944882,1.7070206 -5.2362205 -1.6516101,
  1.6904977 -5.2362205 -1.7065738] }
 coordIndex [
  31,33,32,-1,30,34,33,-1,30,33,31,-1,29,34,30,-1,0,1,34,-1,0,34,29,-1,2,0,29,-1,28,2,29,-1,
  3,2,28,-1,4,6,5,-1,27,4,3,-1,27,3,28,-1,27,6,4,-1,26,7,6,-1,26,6,27,-1,25,8,7,-1,
  25,7,26,-1,24,9,8,-1,24,8,25,-1,23,9,24,-1,11,10,9,-1,11,9,23,-1,12,11,23,-1,22,12,23,-1,
  13,12,22,-1,14,16,15,-1,21,14,13,-1,21,13,22,-1,21,16,14,-1,20,17,16,-1,20,16,21,-1,19,17,20,-1,
  19,18,17,-1]
  normalPerVertex TRUE
  normal DEF NORM_28 Normal { vector [
  -0.87506962 0 0.48399706,-0.88388097 0 0.4677119,
  -0.77324509 -0.010351942 0.63402277,-0.63402267 -0.010351942 0.77324517,
  -0.46840386 0.00014527007 0.88351446,-0.45041675 0 0.89281843,
  -0.3705125 9.139764e-05 0.92882748,-0.12158704 0.00012107847 0.99258077,
  0.1215872 0.00012107857 0.99258075,0.37051269 9.1397891e-05 0.9288274,
  0.45041698 0 0.89281832,0.46840411 0.00014526965 0.88351433,
  0.63402277 -0.010351942 0.77324509,0.77324517 -0.010351941 0.63402267,
  0.87506973 0 0.48399686,0.88388107 0 0.46771172,
  0.91947079 -8.6874998e-05 0.39315832,0.98575582 -0.0001345157 0.1681828,
  0.9952662 0 0.097186375,0.99321254 -0.00037388846 0.11631297,
  0.96375775 -0.0004358562 0.26677859,0.90728364 -0.0011516924 0.42051761,
  0.70705672 -0.01190149 0.70705668,0.42025395 -0.00095354302 0.90740603,
  0.25035735 -0.00036125198 0.96815343,3.8481854e-08 -0.00037650714 0.99999993,
  -0.25035727 -0.00036125171 0.96815345,-0.42025385 -0.00095354381 0.90740608,
  -0.70705668 -0.01190149 0.70705672,-0.9072836 -0.0011516909 0.42051772,
  -0.96375774 -0.00043585592 0.26677863,-0.99321254 -0.00037388809 0.11631298,
  -0.9952662 0 0.097186416,-0.98575581 -0.00013451539 0.16818285,
  -0.91947073 -8.6874545e-05 0.39315845] }
}
}
DEF SHAPE_29 Shape {
 appearance USE APP_1
 geometry DEF FACE_29 IndexedFaceSet {
  coord DEF COORD_29 Coordinate { point [
  0.7480315 -2.2834646 -1.5944882,0.77083705 -2.2834646 -1.4212628,
  0.83769953 -2.2834646 -1.2598425,0.94406239 -2.2834646 -1.1212277,
  1.0826772 -2.2834646 -1.0148649,1.2440975 -2.2834646 -0.9480024,
  1.4173228 -2.2834646 -0.92519685,1.5905482 -2.2834646 -0.9480024,
  1.7519685 -2.2834646 -1.0148649,1.8905833 -2.2834646 -1.1212277,
  1.9969461 -2.2834646 -1.2598425,2.0638086 -2.2834646 -1.4212628,
  2.0866142 -2.2834646 -1.5944882,0.6988189 -4.8349274 -1.5944882,
  0.7184624 -4.8349274 -1.427629,0.77631881 -4.8349274 -1.2698934,
  0.86922461 -4.8349274 -1.1299064,0.90253289 -2.4015748 -1.1632147,
  0.92872067 -2.4015748 -1.1337568,0.95659153 -2.4015748 -1.1058859,
  0.98604945 -2.4015748 -1.0796981,0.95274117 -4.8349274 -1.0463899,
  1.0927282 -4.8349274 -0.9534841,1.2504637 -4.8349274 -0.89562772,
  1.4173229 -4.8349274 -0.87598425,1.5841821 -4.8349274 -0.89562777,
  1.7419176 -4.8349274 -0.95348418,1.8819046 -4.8349274 -1.04639,
  1.8485963 -2.4015748 -1.0796982,1.8780543 -2.4015748 -1.105886,
  1.9059251 -2.4015748 -1.1337569,1.9321129 -2.4015748 -1.1632148,
  1.9654212 -4.8349274 -1.1299065,2.0583269 -4.8349274 -1.2698936,
  2.1161833 -4.8349274 -1.427629,2.1358268 -4.8349274 -1.5944882,
  2.0314182 -2.9213303 -1.2987554,1.5689919 -2.9213303 -0.9299827,
  1.84229 -2.9213303 -1.0615962,2.042503 -3.559196 -1.2934173,
  1.2656538 -2.9213303 -0.9299827,1.8499609 -3.559196 -1.0519772,
  1.5717296 -3.559196 -0.91798801,2.0535878 -4.1970617 -1.2880792,
  0.80322742 -2.9213303 -1.2987554,1.2629161 -3.559196 -0.91798801,
  1.8576318 -4.1970617 -1.0423582,1.5744673 -4.1970617 -0.90599333,
  0.79214267 -3.559196 -1.2934173,1.2601784 -4.1970617 -0.90599333,
  0.78105791 -4.1970617 -1.2880792] }
 coordIndex [
  31,10,9,-1,31,11,10,-1,30,31,9,-1,29,30,9,-1,28,29,9,-1,8,28,9,-1,7,28,8,-1,20,4,3,-1,
  20,5,4,-1,19,20,3,-1,18,19,3,-1,17,18,3,-1,2,17,3,-1,1,17,2,-1,36,12,11,-1,36,11,31,-1,
  37,7,6,-1,37,28,7,-1,37,38,28,-1,39,31,32,-1,39,35,12,-1,39,36,31,-1,39,12,36,-1,40,6,5,-1,
  40,37,6,-1,40,5,20,-1,41,27,28,-1,41,28,38,-1,42,38,37,-1,42,41,38,-1,43,32,33,-1,43,33,34,-1,
  43,34,35,-1,43,39,32,-1,43,35,39,-1,44,1,0,-1,44,17,1,-1,45,20,21,-1,45,42,37,-1,45,40,20,-1,
  45,37,40,-1,46,26,27,-1,46,27,41,-1,47,46,41,-1,47,26,46,-1,47,24,25,-1,47,25,26,-1,47,41,42,-1,
  48,0,13,-1,48,16,17,-1,48,17,44,-1,48,44,0,-1,49,21,22,-1,49,22,23,-1,49,23,24,-1,49,24,47,-1,
  49,47,42,-1,49,42,45,-1,49,45,21,-1,50,13,14,-1,50,14,15,-1,50,15,16,-1,50,16,48,-1,50,48,13,-1]
  normalPerVertex TRUE
  normal DEF NORM_29 Normal { vector [
  -0.97690979 0.014299013 0.21317316,-0.93879615 0.0032015221 0.34445832,
  -0.86412696 -0.066177539 0.49890393,-0.70611607 0.052916188 0.70611612,
  -0.49890394 -0.066177301 0.86412697,-0.34365263 0.0013809391 0.93909582,
  0 0.009187077 0.9999578,0.34365273 0.001380911 0.93909578,
  0.49890393 -0.066177543 0.86412696,0.70611612 0.052916189 0.70611607,
  0.86412697 -0.066177301 0.49890394,0.9387962 0.0032015223 0.3444582,
  0.97690979 0.014299013 0.21317316,-0.97691669 0.023985084 0.21226985,
  -0.97169274 0.04459872 0.23200038,-0.8919674 0.019504452 0.4516788,
  -0.83812849 0.019463682 0.54512549,-0.85062508 0.020446784 0.525375,
  -0.72738101 0.021723351 0.68588991,-0.68588973 0.021723392 0.72738118,
  -0.45030954 0.014302969 0.89275794,-0.45665621 0.024635583 0.88930208,
  -0.45115094 0.052102755 0.89092544,-0.23218786 0.019339418 0.97247868,
  6.3806683e-08 0.032093385 0.99948487,0.2321881 0.019339421 0.97247862,
  0.44288598 0.032099839 0.89600313,0.58255023 0.017037583 0.81261611,
  0.47894613 0.0099040836 0.87778842,0.68588991 0.021723351 0.72738101,
  0.72738118 0.021723392 0.68588973,0.85062515 0.02044679 0.5253749,
  0.83812857 0.019463679 0.54512537,0.89196747 0.019504448 0.45167865,
  0.97169276 0.044598739 0.23200029,0.97691669 0.023985084 0.21226985,
  0.93962727 0.018550169 0.34169647,0.20999311 0.015010589 0.97758763,
  0.43769604 0.020883072 0.89888046,0.9400102 0.019137338 0.34060914,
  -0.21944729 0.012005376 0.97555049,0.45600582 0.018900137 0.88977608,
  0.22116446 0.019284389 0.97504584,0.93845995 0.028367595 0.34422114,
  -0.93962723 0.018550182 0.34169659,-0.30769623 0.019033527 0.95129425,
  0.46440246 0.0290072 0.88514911,0.25997288 0.028768748 0.96518727,
  -0.94001016 0.019137338 0.34060925,-0.18575573 0.030676978 0.98211696,
  -0.93845991 0.028367593 0.34422126] }
}
}
DEF SHAPE_30 Shape {
 appearance USE APP_1
 geometry DEF FACE_30 IndexedFaceSet {
  coord DEF COORD_30 Coordinate { point [
  1.6849762 -5.2362205 -1.4103515,1.7163337 -5.2362205 -1.467456,
  1.7356671 -5.2362205 -1.5296688,1.7421992 -5.2362205 -1.5944882,
  1.830863 -5.2261068 -1.5944882,1.9149715 -5.1962852 -1.5944882,
  1.9902033 -5.148288 -1.5944882,2.0526933 -5.0845811 -1.5944882,
  2.0992307 -5.0084377 -1.5944882,2.1274248 -4.9237698 -1.5944882,
  2.1358268 -4.8349274 -1.5944882,1.9654212 -4.8349274 -1.1299065,
  2.0583269 -4.8349274 -1.2698936,2.1161833 -4.8349274 -1.427629,
  1.9587123 -4.9286471 -1.1366154,1.9364658 -5.0171713 -1.1588619,
  1.8999765 -5.0957513 -1.1953512,1.8514211 -5.1597283 -1.2439065,
  1.7935213 -5.2057928 -1.3018063,1.7404938 -5.2284906 -1.3548338,
  1.7765099 -5.2284693 -1.4126013,1.8431319 -5.2055212 -1.378865,
  1.8089298 -5.2284693 -1.5009885,1.9157938 -5.1592357 -1.3420701,
  1.881565 -5.2055212 -1.4836462,1.9766429 -5.0950181 -1.3112571,
  1.9607853 -5.1592357 -1.4647317,2.022234 -5.0165043 -1.2881705,
  2.0271265 -5.0950181 -1.4488921,2.0499857 -4.9281397 -1.2741174,
  2.0768326 -5.0165043 -1.4370244,2.1070892 -4.9281397 -1.4298003] }
 coordIndex [
  4,2,3,-1,12,11,14,-1,10,13,9,-1,20,0,1,-1,20,19,0,-1,21,18,19,-1,21,19,20,-1,22,1,2,-1,
  22,20,1,-1,22,2,4,-1,23,17,18,-1,23,18,21,-1,24,4,5,-1,24,21,20,-1,24,22,4,-1,24,20,22,-1,
  25,16,17,-1,25,17,23,-1,26,5,6,-1,26,24,5,-1,26,21,24,-1,26,23,21,-1,27,15,16,-1,27,16,25,-1,
  28,6,7,-1,28,26,6,-1,28,23,26,-1,28,25,23,-1,29,13,12,-1,29,14,15,-1,29,15,27,-1,29,12,14,-1,
  30,7,8,-1,30,27,25,-1,30,25,28,-1,30,28,7,-1,31,8,9,-1,31,13,29,-1,31,9,13,-1,31,29,27,-1,
  31,30,8,-1,31,27,30,-1]
  normalPerVertex TRUE
  normal DEF NORM_30 Normal { vector [
  0.085492383 -0.99508553 0.049958349,0.092247987 -0.99505166 0.036912077,
  0.1046722 -0.9944398 0.011541456,0.11332586 -0.99349224 0.011420205,
  0.2273489 -0.97360555 0.02011737,0.46125169 -0.88583502 0.050430065,
  0.65004051 -0.75630217 0.073853634,0.80409752 -0.58718102 0.092981865,
  0.91556506 -0.3876745 0.10700049,0.97896147 -0.16831299 0.11534808,
  0.98878983 -0.093511953 0.11640523,0.82912748 -0.098743163 0.55027031,
  0.86958328 -0.099599918 0.48363703,0.96743964 -0.098433429 0.23317675,
  0.82038607 -0.1761269 0.54400921,0.76426697 -0.40087567 0.50516799,
  0.66620522 -0.6039314 0.43753568,0.53078301 -0.77408218 0.34505967,
  0.37583424 -0.89497692 0.24034338,0.20223437 -0.9711241 0.12656713,
  0.18990196 -0.9782513 0.083436408,0.37852544 -0.90928191 0.17298814,
  0.1793272 -0.98285799 0.042800986,0.54341702 -0.7986394 0.25859825,
  0.3699854 -0.92486991 0.08790026,0.69321793 -0.63645312 0.33819569,
  0.55609986 -0.82011659 0.13476547,0.80501945 -0.43846048 0.39961993,
  0.72690646 -0.66394883 0.17543931,0.87252215 -0.21578108 0.43834191,
  0.85760301 -0.47097561 0.20663748,0.94090183 -0.25186094 0.22642838] }
}
}
DEF SHAPE_31 Shape {
 appearance USE APP_1
 geometry DEF FACE_31 IndexedFaceSet {
  coord DEF COORD_31 Coordinate { point [
  1.6014596 -5.2362205 -1.8621415,1.544355 -5.2362205 -1.893499,
  1.4821422 -5.2362205 -1.9128325,1.4173228 -5.2362205 -1.9193646,
  1.4173228 -5.2261068 -2.0080284,1.4173228 -5.1962852 -2.0921368,
  1.4173228 -5.148288 -2.1673687,1.4173228 -5.0845811 -2.2298586,
  1.4173228 -5.0084377 -2.2763961,1.4173228 -4.9237698 -2.3045901,
  1.4173228 -4.8349274 -2.3129921,1.8819045 -4.8349274 -2.1425865,
  1.7419175 -4.8349274 -2.2354923,1.584182 -4.8349274 -2.2933486,
  1.8751956 -4.9286471 -2.1358777,1.8529491 -5.0171713 -2.1136311,
  1.8164598 -5.0957513 -2.0771418,1.7679045 -5.1597283 -2.0285865,
  1.7100047 -5.2057928 -1.9706867,1.6569772 -5.2284906 -1.9176592,
  1.5992097 -5.2284693 -1.9536753,1.632946 -5.2055212 -2.0202973,
  1.5108225 -5.2284693 -1.9860952,1.6697409 -5.1592357 -2.0929592,
  1.5281648 -5.2055212 -2.0587304,1.7005539 -5.0950181 -2.1538082,
  1.5470793 -5.1592357 -2.1379506,1.7236406 -5.0165043 -2.1993993,
  1.5629189 -5.0950181 -2.2042919,1.7376936 -4.9281397 -2.2271511,
  1.5747867 -5.0165043 -2.253998,1.5820107 -4.9281397 -2.2842546] }
 coordIndex [
  4,2,3,-1,12,11,14,-1,10,13,9,-1,20,0,1,-1,20,19,0,-1,21,18,19,-1,21,19,20,-1,22,1,2,-1,
  22,20,1,-1,22,2,4,-1,23,17,18,-1,23,18,21,-1,24,4,5,-1,24,21,20,-1,24,22,4,-1,24,20,22,-1,
  25,16,17,-1,25,17,23,-1,26,5,6,-1,26,24,5,-1,26,21,24,-1,26,23,21,-1,27,15,16,-1,27,16,25,-1,
  28,6,7,-1,28,26,6,-1,28,27,25,-1,28,23,26,-1,28,25,23,-1,29,14,15,-1,29,15,27,-1,29,12,14,-1,
  30,7,8,-1,30,27,28,-1,30,28,7,-1,31,8,9,-1,31,13,12,-1,31,12,29,-1,31,27,30,-1,31,9,13,-1,
  31,29,27,-1,31,30,8,-1]
  normalPerVertex TRUE
  normal DEF NORM_31 Normal { vector [
  0.049958349 -0.99508553 -0.085492383,0.036912077 -0.99505166 -0.092247987,
  0.011541456 -0.9944398 -0.1046722,0.011420205 -0.99349224 -0.11332586,
  0.02011737 -0.97360555 -0.2273489,0.050430065 -0.88583503 -0.46125168,
  0.073853634 -0.75630217 -0.65004051,0.092981865 -0.58718102 -0.80409752,
  0.10700049 -0.3876745 -0.91556506,0.11534808 -0.16831299 -0.97896147,
  0.11640523 -0.093511955 -0.98878983,0.55027031 -0.098743164 -0.82912748,
  0.44948401 -0.099706529 -0.88770644,0.19551635 -0.097908604 -0.97580083,
  0.54400921 -0.1761269 -0.82038607,0.50516799 -0.40087567 -0.76426697,
  0.43753568 -0.6039314 -0.66620522,0.34505967 -0.77408218 -0.53078301,
  0.24034338 -0.89497692 -0.37583424,0.12656713 -0.9711241 -0.20223437,
  0.083436408 -0.9782513 -0.18990195,0.17298814 -0.90928191 -0.37852544,
  0.042800986 -0.98285799 -0.1793272,0.25859825 -0.7986394 -0.54341702,
  0.08790026 -0.92486991 -0.3699854,0.34863703 -0.65642293 -0.66900012,
  0.13476547 -0.82011659 -0.55609986,0.38499405 -0.45342239 -0.80385802,
  0.1939707 -0.64601914 -0.73826461,0.45681494 -0.23936892 -0.8567512,
  0.19047133 -0.4563429 -0.86917882,0.24429735 -0.22966879 -0.94210989] }
}
}
DEF SHAPE_32 Shape {
 appearance USE APP_1
 geometry DEF FACE_32 IndexedFaceSet {
  coord DEF COORD_32 Coordinate { point [
  0.7480315 -2.2834646 -1.5944882,0.77083705 -2.2834646 -1.4212628,
  0.83769953 -2.2834646 -1.2598425,0.94406239 -2.2834646 -1.1212277,
  1.0826772 -2.2834646 -1.0148649,1.2440975 -2.2834646 -0.9480024,
  1.4173228 -2.2834646 -0.92519685,1.5905482 -2.2834646 -0.9480024,
  1.7519685 -2.2834646 -1.0148649,1.8905833 -2.2834646 -1.1212277,
  1.9969461 -2.2834646 -1.2598425,2.0638086 -2.2834646 -1.4212628,
  2.0866142 -2.2834646 -1.5944882,2.0638086 -2.2834646 -1.7677135,
  1.9969461 -2.2834646 -1.9291339,1.8905833 -2.2834646 -2.0677486,
  1.7519685 -2.2834646 -2.1741115,1.5905482 -2.2834646 -2.240974,
  1.4173228 -2.2834646 -2.2637795,1.2440975 -2.2834646 -2.240974,
  1.0826772 -2.2834646 -2.1741115,0.94406239 -2.2834646 -2.0677486,
  0.83769953 -2.2834646 -1.9291339,0.77083705 -2.2834646 -1.7677135,
  1.7125984 -2.2834646 -1.5944882,1.7025372 -2.2834646 -1.5180652,
  1.673039 -2.2834646 -1.4468504,1.6261142 -2.2834646 -1.3856968,
  1.5649606 -2.2834646 -1.338772,1.4937458 -2.2834646 -1.3092739,
  1.4173228 -2.2834646 -1.2992126,1.3408999 -2.2834646 -1.3092739,
  1.269685 -2.2834646 -1.338772,1.2085315 -2.2834646 -1.3856968,
  1.1616067 -2.2834646 -1.4468504,1.1321085 -2.2834646 -1.5180652,
  1.1220472 -2.2834646 -1.5944882,1.1321085 -2.2834646 -1.6709111,
  1.1616067 -2.2834646 -1.742126,1.2085315 -2.2834646 -1.8032796,
  1.269685 -2.2834646 -1.8502044,1.3408999 -2.2834646 -1.8797025,
  1.4173228 -2.2834646 -1.8897638,1.4937458 -2.2834646 -1.8797025,
  1.5649606 -2.2834646 -1.8502044,1.6261142 -2.2834646 -1.8032796,
  1.673039 -2.2834646 -1.742126,1.7025372 -2.2834646 -1.6709111] }
 coordIndex [
  39,21,22,-1,40,20,21,-1,40,21,39,-1,38,22,23,-1,38,39,22,-1,41,19,20,-1,41,20,40,-1,37,23,0,-1,
  37,38,23,-1,42,17,18,-1,42,18,19,-1,42,19,41,-1,36,0,1,-1,36,37,0,-1,43,16,17,-1,43,17,42,-1,
  35,1,2,-1,35,36,1,-1,44,16,43,-1,34,35,2,-1,15,16,44,-1,3,34,2,-1,45,15,44,-1,33,34,3,-1,
  14,15,45,-1,14,45,46,-1,4,32,33,-1,4,33,3,-1,13,14,46,-1,13,46,47,-1,5,32,4,-1,5,31,32,-1,
  12,13,47,-1,12,47,24,-1,6,29,30,-1,6,30,31,-1,6,31,5,-1,7,29,6,-1,7,28,29,-1,11,12,24,-1,
  11,24,25,-1,8,27,28,-1,8,28,7,-1,10,11,25,-1,10,25,26,-1,9,26,27,-1,9,10,26,-1,9,27,8,-1]
  normalPerVertex TRUE
  normal DEF NORM_32 Normal { vector [
  0 1 0,0 1 0,
  0 1 0,0 1 0,
  0 1 0,0 1 0,
  0 1 0,0 1 0,
  0 1 0,0 1 0,
  0 1 0,0 1 0,
  0 1 0,0 1 0,
  0 1 0,0 1 0,
  0 1 0,0 1 0,
  0 1 0,0 1 0,
  0 1 0,0 1 0,
  0 1 0,0 1 0,
  0 1 0,0 1 0,
  0 1 0,0 1 0,
  0 1 0,0 1 0,
  0 1 0,0 1 0,
  0 1 0,0 1 0,
  0 1 0,0 1 0,
  0 1 0,0 1 0,
  0 1 0,0 1 0,
  0 1 0,0 1 0,
  0 1 0,0 1 0,
  0 1 0,0 1 0,
  0 1 0,0 1 0] }
}
}
DEF SHAPE_33 Shape {
 appearance USE APP_1
 geometry DEF FACE_33 IndexedFaceSet {
  coord DEF COORD_33 Coordinate { point [
  1.2545082 -5.2362205 -1.348157,1.3159559 -5.2362205 -1.3171573,
  1.3829107 -5.2362205 -1.3012247,1.4517351 -5.2362205 -1.3012247,
  1.5186899 -5.2362205 -1.3171573,1.5801375 -5.2362205 -1.348157,
  1.6014596 -5.2362205 -1.3268349,1.2331861 -5.2362205 -1.3268349,
  1.3024023 -5.2362205 -1.2906167,1.3782632 -5.2362205 -1.2719685,
  1.4563826 -5.2362205 -1.2719685,1.5322435 -5.2362205 -1.2906167] }
 coordIndex [
  8,0,1,-1,8,7,0,-1,9,1,2,-1,9,8,1,-1,3,9,2,-1,10,9,3,-1,4,10,3,-1,11,4,5,-1,
  11,10,4,-1,6,11,5,-1]
  normalPerVertex TRUE
  normal DEF NORM_33 Normal { vector [
  0 -1 0,0 -1 0,
  0 -1 0,0 -1 0,
  0 -1 0,0 -1 0,
  0 -1 0,0 -1 0,
  0 -1 0,0 -1 0,
  0 -1 0,0 -1 0] }
}
}
DEF SHAPE_34 Shape {
 appearance USE APP_1
 geometry DEF FACE_34 IndexedFaceSet {
  coord DEF COORD_34 Coordinate { point [
  1.6849762 -5.2362205 -1.4103515,1.7163337 -5.2362205 -1.467456,
  1.7356671 -5.2362205 -1.5296688,1.7421992 -5.2362205 -1.5944882,
  1.6636541 -5.2362205 -1.4316736,1.6904977 -5.2362205 -1.4824026,
  1.7070206 -5.2362205 -1.5373663,1.7125984 -5.2362205 -1.5944882,
  1.7070206 -5.2362205 -1.6516101,1.6904977 -5.2362205 -1.7065738,
  1.663654 -5.2362205 -1.7573029,1.6849761 -5.2362205 -1.778625,
  1.7356671 -5.2362205 -1.6593076,1.7163336 -5.2362205 -1.7215204] }
 coordIndex [
  13,9,10,-1,13,10,11,-1,12,8,9,-1,12,9,13,-1,3,7,8,-1,3,8,12,-1,6,7,3,-1,2,6,3,-1,
  5,6,2,-1,1,4,5,-1,1,5,2,-1,0,4,1,-1]
  normalPerVertex TRUE
  normal DEF NORM_34 Normal { vector [
  0 -1 0,0 -1 0,
  0 -1 0,0 -1 0,
  0 -1 0,0 -1 0,
  0 -1 0,0 -1 0,
  0 -1 0,0 -1 0,
  0 -1 0,0 -1 0,
  0 -1 0,0 -1 0] }
}
}
DEF SHAPE_35 Shape {
 appearance USE APP_1
 geometry DEF FACE_35 IndexedFaceSet {
  coord DEF COORD_35 Coordinate { point [
  1.5801375 -5.2362205 -1.8408194,1.6014596 -5.2362205 -1.8621415,
  1.5186898 -5.2362205 -1.8718191,1.451735 -5.2362205 -1.8877517,
  1.3829106 -5.2362205 -1.8877517,1.3159558 -5.2362205 -1.871819,
  1.2545081 -5.2362205 -1.8408194,1.233186 -5.2362205 -1.8621415,
  1.4173228 -5.2362205 -1.9193646,1.3525034 -5.2362205 -1.9128325,
  1.2902906 -5.2362205 -1.893499,1.544355 -5.2362205 -1.893499,
  1.4821422 -5.2362205 -1.9128325] }
 coordIndex [
  6,7,10,-1,5,10,9,-1,5,6,10,-1,4,5,9,-1,8,4,9,-1,3,4,8,-1,12,3,8,-1,2,3,12,-1,
  11,2,12,-1,0,11,1,-1,0,2,11,-1]
  normalPerVertex TRUE
  normal DEF NORM_35 Normal { vector [
  0 -1 0,0 -1 0,
  0 -1 0,0 -1 0,
  0 -1 0,0 -1 0,
  0 -1 0,0 -1 0,
  0 -1 0,0 -1 0,
  0 -1 0,0 -1 0,
  0 -1 0] }
}
}
DEF SHAPE_36 Shape {
 appearance USE APP_1
 geometry DEF FACE_36 IndexedFaceSet {
  coord DEF COORD_36 Coordinate { point [
  1.1496695 -5.2362205 -1.4103514,1.1709917 -5.2362205 -1.4316735,
  1.1496695 -5.2362205 -1.7786249,1.1134513 -5.2362205 -1.7094088,
  1.0948031 -5.2362205 -1.6335478,1.0948031 -5.2362205 -1.5554285,
  1.1134513 -5.2362205 -1.4795675,1.1709916 -5.2362205 -1.7573028,
  1.144148 -5.2362205 -1.7065738,1.1276251 -5.2362205 -1.65161,
  1.1220472 -5.2362205 -1.5944882,1.1276251 -5.2362205 -1.5373663,
  1.144148 -5.2362205 -1.4824026] }
 coordIndex [
  8,3,2,-1,8,2,7,-1,9,4,3,-1,9,3,8,-1,10,4,9,-1,5,4,10,-1,11,5,10,-1,6,5,11,-1,
  12,6,11,-1,0,12,1,-1,0,6,12,-1]
  normalPerVertex TRUE
  normal DEF NORM_36 Normal { vector [
  0 -1 0,0 -1 0,
  0 -1 0,0 -1 0,
  0 -1 0,0 -1 0,
  0 -1 0,0 -1 0,
  0 -1 0,0 -1 0,
  0 -1 0,0 -1 0,
  0 -1 0] }
}
}
DEF SHAPE_37 Shape {
 appearance USE APP_1
 geometry DEF FACE_37 IndexedFaceSet {
  coord DEF COORD_37 Coordinate { point [
  0.86922461 -4.8349274 -1.1299064,0.87593347 -4.9286471 -1.1366152,
  0.89817998 -5.0171713 -1.1588618,0.93466928 -5.0957513 -1.1953511,
  0.98322463 -5.1597283 -1.2439064,1.0411244 -5.2057928 -1.3018062,
  1.0941519 -5.2284906 -1.3548337,1.1496695 -5.2362205 -1.4103514,
  0.6988189 -4.8349274 -1.5944882,0.7184624 -4.8349274 -1.427629,
  0.77631881 -4.8349274 -1.2698934,0.8692245 -4.8349274 -2.0590699,
  0.77631876 -4.8349274 -1.9190828,0.71846238 -4.8349274 -1.7613473,
  0.87593336 -4.9286471 -2.052361,0.89817987 -5.0171713 -2.0301145,
  0.93466919 -5.0957513 -1.9936252,0.98322455 -5.1597283 -1.9450698,
  1.0411243 -5.2057928 -1.8871701,1.0941518 -5.2284906 -1.8341426,
  1.1496695 -5.2362205 -1.7786249,1.1134513 -5.2362205 -1.7094088,
  1.0948031 -5.2362205 -1.6335478,1.0948031 -5.2362205 -1.5554285,
  1.1134513 -5.2362205 -1.4795675,1.0393334 -5.2284693 -1.7331323,
  0.96922394 -5.2055212 -1.758848,0.89275844 -5.1592357 -1.786895,
  1.0147086 -5.2284693 -1.5944881,0.82872411 -5.0950181 -1.8103824,
  0.94003176 -5.2055212 -1.5944881,0.78074647 -5.0165043 -1.8279803,
  0.8585848 -5.1592357 -1.5944881,1.0393334 -5.2284693 -1.455844,
  0.75154199 -4.9281397 -1.8386923,0.79037883 -5.0950181 -1.5944881,
  0.96922398 -5.2055212 -1.4301283,0.73927561 -5.0165043 -1.5944881,
  0.89275849 -5.1592357 -1.4020812,0.70816855 -4.9281397 -1.5944881,
  0.82872416 -5.0950181 -1.3785938,0.78074653 -5.0165043 -1.3609959,
  0.75154205 -4.9281397 -1.3502839] }
 coordIndex [
  12,11,14,-1,0,10,1,-1,25,19,20,-1,25,20,21,-1,25,21,22,-1,26,18,19,-1,26,19,25,-1,27,17,18,-1,
  27,18,26,-1,28,22,23,-1,28,25,22,-1,29,16,17,-1,29,17,27,-1,30,26,25,-1,30,25,28,-1,31,15,16,-1,
  31,16,29,-1,32,26,30,-1,32,27,26,-1,33,7,6,-1,33,23,24,-1,33,24,7,-1,33,28,23,-1,34,13,12,-1,
  34,14,15,-1,34,15,31,-1,34,12,14,-1,35,29,27,-1,35,27,32,-1,36,6,5,-1,36,33,6,-1,36,30,28,-1,
  36,28,33,-1,37,31,29,-1,37,29,35,-1,38,5,4,-1,38,36,5,-1,38,32,30,-1,38,30,36,-1,39,9,8,-1,
  39,8,13,-1,39,13,34,-1,39,34,31,-1,39,31,37,-1,40,4,3,-1,40,35,32,-1,40,38,4,-1,40,32,38,-1,
  41,3,2,-1,41,37,35,-1,41,35,40,-1,41,40,3,-1,41,39,37,-1,42,2,1,-1,42,10,9,-1,42,41,2,-1,
  42,9,39,-1,42,1,10,-1,42,39,41,-1]
  normalPerVertex TRUE
  normal DEF NORM_37 Normal { vector [
  -0.82912736 -0.098743163 0.55027048,-0.8353891 -0.2215093 0.50304937,
  -0.7940268 -0.39688112 0.46044197,-0.69358454 -0.59946392 0.39947903,
  -0.55378087 -0.77058365 0.31547993,-0.3924546 -0.89314198 0.21971979,
  -0.21077193 -0.97071439 0.11527689,-0.089590964 -0.99483148 0.047789055,
  -0.99500711 -0.099804108 4.1114174e-08,-0.97004098 -0.12855673 0.2061399,
  -0.87336425 -0.12815803 0.46990467,-0.82912748 -0.098743164 -0.55027031,
  -0.87336434 -0.12815806 -0.4699045,-0.97004101 -0.12855678 -0.20613974,
  -0.83538922 -0.22150933 -0.50304917,-0.79402692 -0.39688112 -0.46044178,
  -0.69358464 -0.59946392 -0.39947886,-0.55378095 -0.77058365 -0.3154798,
  -0.39245466 -0.89314198 -0.21971969,-0.21077196 -0.97071439 -0.11527683,
  -0.089590977 -0.99483148 -0.047789033,-0.092825612 -0.99506332 -0.035105532,
  -0.10044385 -0.99483185 -0.014853525,-0.10044384 -0.99483185 0.01485355,
  -0.092825603 -0.99506332 0.035105556,-0.19367648 -0.97947732 -0.055799715,
  -0.39628475 -0.9098275 -0.12317596,-0.57060396 -0.79902624 -0.1896528,
  -0.21163229 -0.97728747 0.010998936,-0.72894829 -0.63655467 -0.25185817,
  -0.4107301 -0.91167823 0.011983402,-0.8469991 -0.43837669 -0.30069651,
  -0.59828784 -0.80121391 0.010389334,-0.16796986 -0.9841632 0.05664741,
  -0.89877117 -0.25186888 -0.35884878,-0.76966462 -0.63838707 0.0088498044,
  -0.35636247 -0.92643812 0.12131857,-0.8865363 -0.46180306 -0.028130464,
  -0.53439767 -0.8241711 0.18751297,-0.9672169 -0.25395169 1.0446059e-07,
  -0.70045813 -0.66815397 0.25085591,-0.84623447 -0.45319801 0.28017635,
  -0.89877109 -0.25186887 0.35884899] }
}
}
DEF SHAPE_38 Shape {
 appearance USE APP_1
 geometry DEF FACE_38 IndexedFaceSet {
  coord DEF COORD_38 Coordinate { point [
  0.8692245 -4.8349274 -2.0590699,0.87593336 -4.9286471 -2.052361,
  0.89817987 -5.0171713 -2.0301145,0.93466919 -5.0957513 -1.9936252,
  0.98322455 -5.1597283 -1.9450698,1.0411243 -5.2057928 -1.8871701,
  1.0941518 -5.2284906 -1.8341426,1.1496695 -5.2362205 -1.7786249,
  1.1709916 -5.2362205 -1.7573028,1.1709916 -2.4015748 -1.7573028,
  0.90253279 -2.4015748 -2.0257616] }
 coordIndex [
  0,2,1,-1,0,3,2,-1,0,4,3,-1,0,5,4,-1,0,6,5,-1,0,7,6,-1,8,7,0,-1,9,0,10,-1,
  9,8,0,-1]
  normalPerVertex TRUE
  normal DEF NORM_38 Normal { vector [
  0.70710669 0 -0.70710687,0.70710669 0 -0.70710687,
  0.70710669 0 -0.70710687,0.70710669 0 -0.70710687,
  0.70710669 0 -0.70710687,0.70710669 0 -0.70710687,
  0.70710669 0 -0.70710687,0.70710669 0 -0.70710687,
  0.70710669 0 -0.70710687,0.70710669 0 -0.70710687,
  0.70710669 0 -0.70710687] }
}
}
DEF SHAPE_39 Shape {
 appearance USE APP_1
 geometry DEF FACE_39 IndexedFaceSet {
  coord DEF COORD_39 Coordinate { point [
  1.1709916 -2.4015748 -1.7573028,0.90253279 -2.4015748 -2.0257616,
  0.98604933 -2.4015748 -2.1092781,0.95659141 -2.4015748 -2.0830904,
  0.92872056 -2.4015748 -2.0552195,1.2545081 -2.4015748 -1.8408194,
  1.223005 -2.4015748 -1.8168128,1.1949982 -2.4015748 -1.788806] }
 coordIndex [
  6,3,2,-1,6,4,3,-1,7,1,4,-1,7,4,6,-1,5,6,2,-1,0,1,7,-1]
  normalPerVertex TRUE
  normal DEF NORM_39 Normal { vector [
  0 -1 0,0 -1 1.5113706e-08,
  0 -1 0,1.0070269e-08 -1 0,
  0 -1 1.2654977e-08,0 -1 0,
  0 -1 0,0 -1 1.1707655e-08] }
}
}
DEF SHAPE_40 Shape {
 appearance USE APP_1
 geometry DEF FACE_40 IndexedFaceSet {
  coord DEF COORD_40 Coordinate { point [
  0.98604933 -2.4015748 -2.1092781,1.2545081 -2.4015748 -1.8408194,
  0.95274104 -4.8349274 -2.1425864,0.9594499 -4.9286471 -2.1358776,
  0.98169641 -5.0171713 -2.113631,1.0181857 -5.0957513 -2.0771417,
  1.0667411 -5.1597283 -2.0285864,1.1246409 -5.2057928 -1.9706866,
  1.1776684 -5.2284906 -1.9176591,1.233186 -5.2362205 -1.8621415,
  1.2545081 -5.2362205 -1.8408194] }
 coordIndex [
  2,3,4,-1,2,4,5,-1,2,5,6,-1,2,6,7,-1,2,7,8,-1,2,8,9,-1,10,2,9,-1,1,0,2,-1,
  1,2,10,-1]
  normalPerVertex TRUE
  normal DEF NORM_40 Normal { vector [
  -0.70710669 0 0.70710687,-0.70710669 0 0.70710687,
  -0.70710669 0 0.70710687,-0.70710669 0 0.70710687,
  -0.70710669 0 0.70710687,-0.70710669 0 0.70710687,
  -0.70710669 0 0.70710687,-0.70710669 0 0.70710687,
  -0.70710669 0 0.70710687,-0.70710669 0 0.70710687,
  -0.70710669 0 0.70710687] }
}
}
DEF SHAPE_41 Shape {
 appearance USE APP_1
 geometry DEF FACE_41 IndexedFaceSet {
  coord DEF COORD_41 Coordinate { point [
  1.4173228 -5.2362205 -1.9193646,1.4173228 -5.2261068 -2.0080284,
  1.4173228 -5.1962852 -2.0921368,1.4173228 -5.148288 -2.1673687,
  1.4173228 -5.0845811 -2.2298586,1.4173228 -5.0084377 -2.2763961,
  1.4173228 -4.9237698 -2.3045901,1.4173228 -4.8349274 -2.3129921,
  1.3525034 -5.2362205 -1.9128325,1.2902906 -5.2362205 -1.893499,
  1.233186 -5.2362205 -1.8621415,0.95274104 -4.8349274 -2.1425864,
  0.9594499 -4.9286471 -2.1358776,0.98169641 -5.0171713 -2.113631,
  1.0181857 -5.0957513 -2.0771417,1.0667411 -5.1597283 -2.0285864,
  1.1246409 -5.2057928 -1.9706866,1.1776684 -5.2284906 -1.9176591,
  1.2504636 -4.8349274 -2.2933486,1.0927281 -4.8349274 -2.2354922,
  1.3238232 -5.2284693 -1.9860951,1.3064808 -5.2055212 -2.0587304,
  1.2354359 -5.2284693 -1.9536753,1.2875663 -5.1592357 -2.1379506,
  1.2016996 -5.2055212 -2.0202973,1.2717267 -5.0950181 -2.2042919,
  1.1649047 -5.1592357 -2.0929591,1.2598589 -5.0165043 -2.253998,
  1.1340916 -5.0950181 -2.1538082,1.2526349 -4.9281397 -2.2842546,
  1.111005 -5.0165043 -2.1993993,1.0969519 -4.9281397 -2.227151] }
 coordIndex [
  8,1,0,-1,18,7,6,-1,11,19,12,-1,20,8,9,-1,20,1,8,-1,21,2,1,-1,21,1,20,-1,22,9,10,-1,
  22,10,17,-1,22,20,9,-1,23,3,2,-1,23,2,21,-1,24,17,16,-1,24,22,17,-1,24,20,22,-1,24,21,20,-1,
  25,4,3,-1,25,3,23,-1,26,16,15,-1,26,23,21,-1,26,24,16,-1,26,21,24,-1,27,5,4,-1,27,4,25,-1,
  28,15,14,-1,28,26,15,-1,28,25,23,-1,28,23,26,-1,29,6,5,-1,29,18,6,-1,29,5,27,-1,30,14,13,-1,
  30,25,28,-1,30,28,14,-1,30,27,25,-1,31,13,12,-1,31,19,18,-1,31,30,13,-1,31,12,19,-1,31,18,29,-1,
  31,29,27,-1,31,27,30,-1]
  normalPerVertex TRUE
  normal DEF NORM_41 Normal { vector [
  -0.011420209 -0.99349224 -0.11332586,-0.020117382 -0.97360555 -0.2273489,
  -0.050430086 -0.88583502 -0.46125168,-0.073853662 -0.75630217 -0.65004051,
  -0.092981899 -0.58718102 -0.80409752,-0.10700053 -0.3876745 -0.91556505,
  -0.11534812 -0.16831299 -0.97896146,-0.11640528 -0.093511954 -0.98878983,
  -0.011541464 -0.9944398 -0.1046722,-0.03691209 -0.99505166 -0.092247982,
  -0.049958367 -0.99508553 -0.085492373,-0.55027048 -0.098743163 -0.82912736,
  -0.54400938 -0.17612689 -0.82038595,-0.50516815 -0.40087566 -0.76426686,
  -0.43753582 -0.60393139 -0.66620514,-0.34505978 -0.77408218 -0.53078294,
  -0.24034346 -0.89497692 -0.37583419,-0.12656718 -0.9711241 -0.20223435,
  -0.23317683 -0.09843343 -0.96743962,-0.48363718 -0.099599919 -0.86958319,
  -0.054721682 -0.97841153 -0.19928977,-0.1033683 -0.91000266 -0.40150985,
  -0.078003982 -0.98332109 -0.16430161,-0.14899497 -0.79612464 -0.58650325,
  -0.16227006 -0.92641925 -0.339729,-0.18720452 -0.63304792 -0.75113567,
  -0.24877234 -0.82427264 -0.50861276,-0.21495357 -0.43496843 -0.87441262,
  -0.33105467 -0.66837973 -0.66608659,-0.20649575 -0.23590426 -0.94958343,
  -0.394943 -0.47485213 -0.78647027,-0.42312486 -0.23216496 -0.87582235] }
}
}
DEF SHAPE_42 Shape {
 appearance USE APP_1
 geometry DEF FACE_42 IndexedFaceSet {
  coord DEF COORD_42 Coordinate { point [
  1.8485962 -2.4015748 -2.1092782,1.8819045 -4.8349274 -2.1425865,
  1.5801375 -2.4015748 -1.8408194,1.5801375 -5.2362205 -1.8408194,
  1.6014596 -5.2362205 -1.8621415,1.8751956 -4.9286471 -2.1358777,
  1.8529491 -5.0171713 -2.1136311,1.8164598 -5.0957513 -2.0771418,
  1.7679045 -5.1597283 -2.0285865,1.7100047 -5.2057928 -1.9706867,
  1.6569772 -5.2284906 -1.9176592] }
 coordIndex [
  1,3,4,-1,1,6,5,-1,1,7,6,-1,1,8,7,-1,1,9,8,-1,1,10,9,-1,1,4,10,-1,2,3,1,-1,
  0,2,1,-1]
  normalPerVertex TRUE
  normal DEF NORM_42 Normal { vector [
  0.70710687 0 0.70710669,0.70710687 0 0.70710669,
  0.70710687 0 0.70710669,0.70710687 0 0.70710669,
  0.70710687 0 0.70710669,0.70710687 0 0.70710669,
  0.70710687 0 0.70710669,0.70710687 0 0.70710669,
  0.70710687 0 0.70710669,0.70710687 0 0.70710669,
  0.70710687 0 0.70710669] }
}
}
DEF SHAPE_43 Shape {
 appearance USE APP_1
 geometry DEF FACE_43 IndexedFaceSet {
  coord DEF COORD_43 Coordinate { point [
  1.9321128 -2.4015748 -2.0257617,1.905925 -2.4015748 -2.0552196,
  1.8780541 -2.4015748 -2.0830905,1.8485962 -2.4015748 -2.1092782,
  1.663654 -2.4015748 -1.7573029,1.6396475 -2.4015748 -1.7888061,
  1.6116406 -2.4015748 -1.8168129,1.5801375 -2.4015748 -1.8408194] }
 coordIndex [
  6,7,3,-1,2,6,3,-1,5,2,1,-1,5,6,2,-1,0,5,1,-1,4,5,0,-1]
  normalPerVertex TRUE
  normal DEF NORM_43 Normal { vector [
  0 -1 1.6347765e-08,0 -1 1.7817002e-08,
  -3.847524e-08 -1 -1.9991673e-08,-4.8426419e-08 -1 -3.9224659e-08,
  0 -1 0,0 -1 1.2795953e-08,
  -3.5333681e-08 -1 -2.302502e-08,0 -1 0] }
}
}
DEF SHAPE_44 Shape {
 appearance USE APP_1
 geometry DEF FACE_44 IndexedFaceSet {
  coord DEF COORD_44 Coordinate { point [
  1.9321128 -2.4015748 -2.0257617,1.663654 -2.4015748 -1.7573029,
  1.663654 -5.2362205 -1.7573029,1.6849761 -5.2362205 -1.778625,
  1.7582726 -5.2226924 -1.8519215,1.8200257 -5.1878784 -1.9136746,
  1.8692298 -5.1397485 -1.9628787,1.9098868 -5.0779752 -2.0035358,
  1.9402362 -5.0052052 -2.0338851,1.9591355 -4.9248134 -2.0527845,
  1.9641328 -4.8802086 -2.0577817,1.9654211 -4.8349274 -2.05907] }
 coordIndex [
  8,5,4,-1,8,6,5,-1,8,7,6,-1,11,3,2,-1,11,4,3,-1,11,9,8,-1,11,10,9,-1,11,8,4,-1,
  1,11,2,-1,0,11,1,-1]
  normalPerVertex TRUE
  normal DEF NORM_44 Normal { vector [
  -0.70710687 0 -0.70710669,-0.70710687 0 -0.70710669,
  -0.70710687 0 -0.70710669,-0.70710687 0 -0.70710669,
  -0.70710687 0 -0.70710669,-0.70710687 0 -0.70710669,
  -0.70710687 0 -0.70710669,-0.70710687 0 -0.70710669,
  -0.70710687 0 -0.70710669,-0.70710687 0 -0.70710669,
  -0.70710687 0 -0.70710669,-0.70710687 0 -0.70710669] }
}
}
DEF SHAPE_45 Shape {
 appearance USE APP_1
 geometry DEF FACE_45 IndexedFaceSet {
  coord DEF COORD_45 Coordinate { point [
  1.7421992 -5.2362205 -1.5944882,1.830863 -5.2261068 -1.5944882,
  1.9149715 -5.1962852 -1.5944882,1.9902033 -5.148288 -1.5944882,
  2.0526933 -5.0845811 -1.5944882,2.0992307 -5.0084377 -1.5944882,
  2.1274248 -4.9237698 -1.5944882,2.1358268 -4.8349274 -1.5944882,
  1.7356671 -5.2362205 -1.6593076,1.7163336 -5.2362205 -1.7215204,
  1.6849761 -5.2362205 -1.778625,1.7582726 -5.2226924 -1.8519215,
  1.8200257 -5.1878784 -1.9136746,1.8692298 -5.1397485 -1.9628787,
  1.9098868 -5.0779752 -2.0035358,1.9402362 -5.0052052 -2.0338851,
  1.9591355 -4.9248134 -2.0527845,1.9641328 -4.8802086 -2.0577817,
  1.9654211 -4.8349274 -2.05907,2.1161833 -4.8349274 -1.7613474,
  2.0583269 -4.8349274 -1.9190829,1.8195571 -5.2261068 -1.6905252,
  1.9013661 -5.1962852 -1.7100579,1.7862574 -5.2261068 -1.7813111,
  1.9745411 -5.148288 -1.7275291,1.8612937 -5.1962852 -1.8193083,
  2.0353226 -5.0845811 -1.7420412,1.9284108 -5.148288 -1.8532954,
  2.0805878 -5.0084377 -1.7528487,1.9841604 -5.0845811 -1.8815261,
  2.107951 -4.9240614 -1.7593819,2.0256782 -5.0084377 -1.9025501,
  2.0507761 -4.9240614 -1.9152594] }
 coordIndex [
  8,1,0,-1,19,7,6,-1,18,20,17,-1,21,8,9,-1,21,1,8,-1,22,2,1,-1,22,1,21,-1,23,9,10,-1,
  23,10,11,-1,23,21,9,-1,24,3,2,-1,24,2,22,-1,25,11,12,-1,25,23,11,-1,25,21,23,-1,25,22,21,-1,
  26,4,3,-1,26,3,24,-1,27,12,13,-1,27,25,12,-1,27,24,22,-1,27,22,25,-1,28,5,4,-1,28,4,26,-1,
  29,13,14,-1,29,27,13,-1,29,24,27,-1,29,26,24,-1,30,6,5,-1,30,20,19,-1,30,19,6,-1,30,5,28,-1,
  31,14,15,-1,31,26,29,-1,31,28,26,-1,31,29,14,-1,32,15,16,-1,32,16,17,-1,32,20,30,-1,32,17,20,-1,
  32,30,28,-1,32,31,15,-1,32,28,31,-1]
  normalPerVertex TRUE
  normal DEF NORM_45 Normal { vector [
  0.11332586 -0.99349224 -0.011420209,0.24097311 -0.97012691 -0.028031171,
  0.47512765 -0.87813727 -0.055934399,0.65899388 -0.74813662 -0.07758005,
  0.80881102 -0.58030889 -0.095217271,0.91714974 -0.38365821 -0.10790147,
  0.97908174 -0.1676706 -0.11526284,0.98878983 -0.093511953 -0.11640528,
  0.11218776 -0.99351116 -0.018694594,0.10540397 -0.99353638 -0.042136199,
  0.097224468 -0.99267545 -0.071713681,0.23759196 -0.95804404 -0.16031741,
  0.42017042 -0.86472076 -0.27516326,0.57187211 -0.72957362 -0.3750795,
  0.68892479 -0.56400734 -0.45527832,0.77257506 -0.37423279 -0.51291091,
  0.80504213 -0.25619506 -0.53504324,0.83332984 -0.095039923 -0.54454458,
  0.83255207 -0.039406381 -0.55254337,0.97655493 -0.094332799 -0.19349881,
  0.89786499 -0.086574381 -0.43167504,0.22760302 -0.97167366 -0.063617342,
  0.43059144 -0.89584797 -0.10976075,0.1876668 -0.97793569 -0.091776669,
  0.61466079 -0.77373765 -0.15336937,0.37502983 -0.90933147 -0.18019128,
  0.76778439 -0.61224024 -0.18886244,0.54782634 -0.79276549 -0.26722497,
  0.88188569 -0.4198782 -0.21442929,0.69036659 -0.63736687 -0.3422827,
  0.95145952 -0.20541228 -0.22919552,0.7981359 -0.45031649 -0.40024261,
  0.86483395 -0.23383402 -0.44427906] }
}
}
DEF SHAPE_46 Shape {
 appearance USE APP_1
 geometry DEF FACE_46 IndexedFaceSet {
  coord DEF COORD_46 Coordinate { point [
  1.9321129 -2.4015748 -1.1632148,1.9654212 -4.8349274 -1.1299065,
  1.6636541 -2.4015748 -1.4316736,1.6636541 -5.2362205 -1.4316736,
  1.6849762 -5.2362205 -1.4103515,1.9587123 -4.9286471 -1.1366154,
  1.9364658 -5.0171713 -1.1588619,1.8999765 -5.0957513 -1.1953512,
  1.8514211 -5.1597283 -1.2439065,1.7935213 -5.2057928 -1.3018063,
  1.7404938 -5.2284906 -1.3548338] }
 coordIndex [
  1,3,4,-1,1,6,5,-1,1,7,6,-1,1,8,7,-1,1,9,8,-1,1,10,9,-1,1,4,10,-1,2,3,1,-1,
  0,2,1,-1]
  normalPerVertex TRUE
  normal DEF NORM_46 Normal { vector [
  -0.70710669 0 0.70710687,-0.70710669 0 0.70710687,
  -0.70710669 0 0.70710687,-0.70710669 0 0.70710687,
  -0.70710669 0 0.70710687,-0.70710669 0 0.70710687,
  -0.70710669 0 0.70710687,-0.70710669 0 0.70710687,
  -0.70710669 0 0.70710687,-0.70710669 0 0.70710687,
  -0.70710669 0 0.70710687] }
}
}
DEF SHAPE_47 Shape {
 appearance USE APP_1
 geometry DEF FACE_47 IndexedFaceSet {
  coord DEF COORD_47 Coordinate { point [
  1.8485963 -2.4015748 -1.0796982,1.5801375 -2.4015748 -1.348157,
  1.6116407 -2.4015748 -1.3721636,1.6396475 -2.4015748 -1.4001704,
  1.6636541 -2.4015748 -1.4316736,1.9321129 -2.4015748 -1.1632148,
  1.8780543 -2.4015748 -1.105886,1.9059251 -2.4015748 -1.1337569] }
 coordIndex [
  5,3,4,-1,0,1,2,-1,7,2,3,-1,7,3,5,-1,6,0,2,-1,6,2,7,-1]
  normalPerVertex TRUE
  normal DEF NORM_47 Normal { vector [
  0 -1 0,0 -1 0,
  0 -1 0,0 -1 0,
  0 -1 0,0 -1 0,
  0 -1 0,0 -1 0] }
}
}
DEF SHAPE_48 Shape {
 appearance USE APP_1
 geometry DEF FACE_48 IndexedFaceSet {
  coord DEF COORD_48 Coordinate { point [
  1.8485963 -2.4015748 -1.0796982,1.5801375 -2.4015748 -1.348157,
  1.5801375 -5.2362205 -1.348157,1.6014596 -5.2362205 -1.3268349,
  1.6747561 -5.2226924 -1.2535385,1.7365092 -5.1878784 -1.1917854,
  1.7857133 -5.1397485 -1.1425813,1.8263704 -5.0779752 -1.1019242,
  1.8567197 -5.0052052 -1.0715748,1.8756191 -4.9248135 -1.0526755,
  1.8806164 -4.8802086 -1.0476782,1.8819046 -4.8349274 -1.04639] }
 coordIndex [
  8,5,4,-1,8,6,5,-1,8,7,6,-1,11,3,2,-1,11,4,3,-1,11,9,8,-1,11,10,9,-1,11,8,4,-1,
  1,11,2,-1,0,11,1,-1]
  normalPerVertex TRUE
  normal DEF NORM_48 Normal { vector [
  0.70710669 0 -0.70710687,0.70710669 0 -0.70710687,
  0.70710669 0 -0.70710687,0.70710669 0 -0.70710687,
  0.70710669 0 -0.70710687,0.70710669 0 -0.70710687,
  0.70710669 0 -0.70710687,0.70710669 0 -0.70710687,
  0.70710669 0 -0.70710687,0.70710669 0 -0.70710687,
  0.70710669 0 -0.70710687,0.70710669 0 -0.70710687] }
}
}
DEF SHAPE_49 Shape {
 appearance USE APP_1
 geometry DEF FACE_49 IndexedFaceSet {
  coord DEF COORD_49 Coordinate { point [
  1.2331861 -5.2362205 -1.3268349,1.3024023 -5.2362205 -1.2906167,
  1.3782632 -5.2362205 -1.2719685,1.4563826 -5.2362205 -1.2719685,
  1.5322435 -5.2362205 -1.2906167,1.6014596 -5.2362205 -1.3268349,
  1.6747561 -5.2226924 -1.2535385,1.7365092 -5.1878784 -1.1917854,
  1.7857133 -5.1397485 -1.1425813,1.8263704 -5.0779752 -1.1019242,
  1.8567197 -5.0052052 -1.0715748,1.8756191 -4.9248135 -1.0526755,
  1.8806164 -4.8802086 -1.0476782,1.8819046 -4.8349274 -1.04639,
  0.95274117 -4.8349274 -1.0463899,1.0927282 -4.8349274 -0.9534841,
  1.2504637 -4.8349274 -0.89562772,1.4173229 -4.8349274 -0.87598425,
  1.5841821 -4.8349274 -0.89562777,1.7419176 -4.8349274 -0.95348418,
  0.95945003 -4.9286472 -1.0530987,0.98169655 -5.0171713 -1.0753452,
  1.0181859 -5.0957514 -1.1118346,1.0667412 -5.1597283 -1.1603899,
  1.124641 -5.2057928 -1.2182897,1.1776685 -5.2284906 -1.2713172,
  1.2786788 -5.2284694 -1.2164988,1.2529631 -5.2055212 -1.1463893,
  1.224916 -5.1592357 -1.0699238,1.4173229 -5.2284694 -1.191874,
  1.2014286 -5.0950181 -1.0058895,1.4173229 -5.2055212 -1.1171972,
  1.1838307 -5.0165043 -0.95791183,1.4173229 -5.1592357 -1.0357502,
  1.555967 -5.2284694 -1.2164988,1.1731187 -4.9281397 -0.92870734,
  1.4173229 -5.0950181 -0.9675442,1.5816827 -5.2055212 -1.1463894,
  1.4173229 -5.0165043 -0.91644097,1.6097298 -5.1592357 -1.0699239,
  1.4173229 -4.9281397 -0.88533391,1.6332172 -5.0950181 -1.0058895,
  1.6508151 -5.0165043 -0.95791189,1.6615271 -4.9281397 -0.9287074] }
 coordIndex [
  15,14,20,-1,12,19,11,-1,13,19,12,-1,26,0,1,-1,26,1,2,-1,26,25,0,-1,27,24,25,-1,27,25,26,-1,
  28,23,24,-1,28,24,27,-1,29,2,3,-1,29,26,2,-1,30,22,23,-1,30,23,28,-1,31,26,29,-1,31,27,26,-1,
  32,21,22,-1,32,22,30,-1,33,27,31,-1,33,28,27,-1,34,3,4,-1,34,4,5,-1,34,5,6,-1,34,29,3,-1,
  35,16,15,-1,35,20,21,-1,35,15,20,-1,35,21,32,-1,36,28,33,-1,36,30,28,-1,37,6,7,-1,37,34,6,-1,
  37,29,34,-1,37,31,29,-1,38,32,30,-1,38,30,36,-1,39,7,8,-1,39,33,31,-1,39,37,7,-1,39,31,37,-1,
  40,17,16,-1,40,18,17,-1,40,35,32,-1,40,16,35,-1,40,32,38,-1,41,8,9,-1,41,33,39,-1,41,36,33,-1,
  41,39,8,-1,42,9,10,-1,42,38,36,-1,42,41,9,-1,42,36,41,-1,43,10,11,-1,43,19,18,-1,43,18,40,-1,
  43,42,10,-1,43,11,19,-1,43,40,38,-1,43,38,42,-1]
  normalPerVertex TRUE
  normal DEF NORM_49 Normal { vector [
  -0.04778897 -0.99483149 0.089590863,-0.035105486 -0.99506333 0.092825495,
  -0.014853506 -0.99483186 0.10044372,0.014853531 -0.99483186 0.10044371,
  0.035105505 -0.99506333 0.092825487,0.068724427 -0.99280271 0.098080209,
  0.14105787 -0.96182954 0.23449226,0.24420487 -0.87075661 0.42678673,
  0.33779752 -0.73477664 0.58821435,0.41280676 -0.56703379 0.71278557,
  0.46631599 -0.37474388 0.80132167,0.4931616 -0.23643317 0.83719233,
  0.53753479 -0.096169768 0.83773965,0.55254339 -0.039406386 0.83255206,
  -0.55027029 -0.098743169 0.82912749,-0.46990447 -0.12815805 0.87336436,
  -0.2061397 -0.12855676 0.97004102,1.2334339e-07 -0.099804118 0.9950071,
  0.20613994 -0.12855676 0.97004097,0.46536582 -0.1276027 0.87587225,
  -0.50304917 -0.22150933 0.83538922,-0.46044177 -0.39688116 0.7940269,
  -0.39947884 -0.59946396 0.69358461,-0.31547977 -0.7705837 0.5537809,
  -0.21971965 -0.89314203 0.39245458,-0.11527678 -0.97071442 0.21077187,
  -0.055799679 -0.97947734 0.19367637,-0.12317593 -0.90982754 0.39628467,
  -0.18965277 -0.79902629 0.5706039,0.010998932 -0.9772875 0.21163217,
  -0.25185815 -0.63655472 0.72894826,0.011983403 -0.91167827 0.41073001,
  -0.3006965 -0.43837673 0.84699909,0.010389335 -0.80121395 0.59828778,
  0.062079369 -0.98368221 0.1688652,-0.35884877 -0.2518689 0.89877117,
  0.0088498056 -0.63838712 0.76966458,0.12970786 -0.92152027 0.36602768,
  0.0063395413 -0.43972805 0.8981086,0.1919421 -0.81551781 0.54597521,
  -0.025312685 -0.24192207 0.96996545,0.25251729 -0.65923398 0.70826942,
  0.29962643 -0.46711979 0.83187926,0.32916767 -0.2603703 0.90766511] }
}
}
DEF SHAPE_50 Shape {
 appearance USE APP_1
 geometry DEF FACE_50 IndexedFaceSet {
  coord DEF COORD_50 Coordinate { point [
  0.95274117 -4.8349274 -1.0463899,0.95945003 -4.9286472 -1.0530987,
  0.98169655 -5.0171713 -1.0753452,1.0181859 -5.0957514 -1.1118346,
  1.0667412 -5.1597283 -1.1603899,1.124641 -5.2057928 -1.2182897,
  1.1776685 -5.2284906 -1.2713172,1.2331861 -5.2362205 -1.3268349,
  1.2545082 -5.2362205 -1.348157,1.2545082 -2.4015748 -1.348157,
  0.98604945 -2.4015748 -1.0796981] }
 coordIndex [
  0,2,1,-1,0,3,2,-1,0,4,3,-1,0,5,4,-1,0,6,5,-1,0,7,6,-1,8,7,0,-1,9,0,10,-1,
  9,8,0,-1]
  normalPerVertex TRUE
  normal DEF NORM_50 Normal { vector [
  -0.70710687 0 -0.70710669,-0.7071069 0 -0.70710666,
  -0.70710688 0 -0.70710669,-0.70710687 0 -0.70710669,
  -0.70710687 0 -0.70710669,-0.70710687 0 -0.70710669,
  -0.70710687 0 -0.70710669,-0.70710687 0 -0.70710669,
  -0.70710687 0 -0.70710669,-0.70710687 0 -0.70710669,
  -0.70710687 0 -0.70710669] }
}
}
DEF SHAPE_51 Shape {
 appearance USE APP_1
 geometry DEF FACE_51 IndexedFaceSet {
  coord DEF COORD_51 Coordinate { point [
  1.2545082 -2.4015748 -1.348157,0.98604945 -2.4015748 -1.0796981,
  0.90253289 -2.4015748 -1.1632147,0.92872067 -2.4015748 -1.1337568,
  0.95659153 -2.4015748 -1.1058859,1.1709917 -2.4015748 -1.4316735,
  1.1949982 -2.4015748 -1.4001703,1.223005 -2.4015748 -1.3721635] }
 coordIndex [
  6,2,5,-1,3,2,6,-1,7,4,3,-1,7,3,6,-1,1,7,0,-1,1,4,7,-1]
  normalPerVertex TRUE
  normal DEF NORM_51 Normal { vector [
  0 -1 0,6.0795888e-08 -1 4.9251077e-08,
  0 -1 -2.1037769e-08,0 -1 -1.9141986e-08,
  6.6714323e-08 -1 4.3539426e-08,1.0314334e-08 -1 0,
  0 -1 -1.788424e-08,3.6181039e-08 -1 1.8802935e-08] }
}
}
DEF SHAPE_52 Shape {
 appearance USE APP_1
 geometry DEF FACE_52 IndexedFaceSet {
  coord DEF COORD_52 Coordinate { point [
  0.90253289 -2.4015748 -1.1632147,1.1709917 -2.4015748 -1.4316735,
  0.86922461 -4.8349274 -1.1299064,0.87593347 -4.9286471 -1.1366152,
  0.89817998 -5.0171713 -1.1588618,0.93466928 -5.0957513 -1.1953511,
  0.98322463 -5.1597283 -1.2439064,1.0411244 -5.2057928 -1.3018062,
  1.0941519 -5.2284906 -1.3548337,1.1496695 -5.2362205 -1.4103514,
  1.1709917 -5.2362205 -1.4316735] }
 coordIndex [
  2,3,4,-1,2,4,5,-1,2,5,6,-1,2,6,7,-1,2,7,8,-1,2,8,9,-1,10,2,9,-1,1,0,2,-1,
  1,2,10,-1]
  normalPerVertex TRUE
  normal DEF NORM_52 Normal { vector [
  0.70710687 0 0.70710669,0.70710687 0 0.70710669,
  0.70710687 0 0.70710669,0.70710687 0 0.70710669,
  0.70710687 0 0.70710669,0.70710687 0 0.70710669,
  0.70710687 0 0.70710669,0.70710687 0 0.70710669,
  0.70710687 0 0.70710669,0.70710687 0 0.70710669,
  0.70710687 0 0.70710669] }
}
}
DEF SHAPE_53 Shape {
 appearance USE APP_1
 geometry DEF FACE_53 IndexedFaceSet {
  coord DEF COORD_53 Coordinate { point [
  0.7480315 -2.2834646 -1.5944882,0.6988189 -4.8349274 -1.5944882,
  2.0866142 -2.2834646 -1.5944882,2.0638086 -2.2834646 -1.7677135,
  1.9969461 -2.2834646 -1.9291339,1.8905833 -2.2834646 -2.0677486,
  1.7519685 -2.2834646 -2.1741115,1.5905482 -2.2834646 -2.240974,
  1.4173228 -2.2834646 -2.2637795,1.2440975 -2.2834646 -2.240974,
  1.0826772 -2.2834646 -2.1741115,0.94406239 -2.2834646 -2.0677486,
  0.83769953 -2.2834646 -1.9291339,0.77083705 -2.2834646 -1.7677135,
  2.1358268 -4.8349274 -1.5944882,2.1161833 -4.8349274 -1.7613474,
  2.0583269 -4.8349274 -1.9190829,1.9654211 -4.8349274 -2.05907,
  1.9321128 -2.4015748 -2.0257617,1.905925 -2.4015748 -2.0552196,
  1.8780541 -2.4015748 -2.0830905,1.8485962 -2.4015748 -2.1092782,
  1.8819045 -4.8349274 -2.1425865,1.7419175 -4.8349274 -2.2354923,
  1.584182 -4.8349274 -2.2933486,1.4173228 -4.8349274 -2.3129921,
  1.2504636 -4.8349274 -2.2933486,1.0927281 -4.8349274 -2.2354922,
  0.95274104 -4.8349274 -2.1425864,0.98604933 -2.4015748 -2.1092781,
  0.95659141 -2.4015748 -2.0830904,0.92872056 -2.4015748 -2.0552195,
  0.90253279 -2.4015748 -2.0257616,0.8692245 -4.8349274 -2.0590699,
  0.77631876 -4.8349274 -1.9190828,0.71846238 -4.8349274 -1.7613473,
  0.80322742 -2.9213303 -1.890221,1.2656538 -2.9213303 -2.2589937,
  0.99235562 -2.9213303 -2.1273802,0.79214267 -3.559196 -1.8955591,
  1.5689919 -2.9213303 -2.2589937,0.98468473 -3.559196 -2.1369992,
  1.2629161 -3.559196 -2.2709884,0.78105791 -4.1970617 -1.9008972,
  2.0314182 -2.9213303 -1.890221,1.5717296 -3.559196 -2.2709884,
  0.97701385 -4.1970617 -2.1466182,1.2601784 -4.1970617 -2.282983,
  2.042503 -3.559196 -1.8955591,1.5744673 -4.1970617 -2.282983,
  2.0535878 -4.1970617 -1.9008972] }
 coordIndex [
  32,12,11,-1,32,13,12,-1,31,32,11,-1,30,31,11,-1,29,30,11,-1,10,29,11,-1,9,29,10,-1,21,6,5,-1,
  21,7,6,-1,20,21,5,-1,19,20,5,-1,18,19,5,-1,4,18,5,-1,3,18,4,-1,36,0,13,-1,36,13,32,-1,
  37,9,8,-1,37,29,9,-1,37,38,29,-1,39,1,0,-1,39,32,33,-1,39,36,32,-1,39,0,36,-1,40,8,7,-1,
  40,7,21,-1,40,37,8,-1,41,28,29,-1,41,29,38,-1,42,38,37,-1,42,41,38,-1,43,33,34,-1,43,34,35,-1,
  43,35,1,-1,43,1,39,-1,43,39,33,-1,44,3,2,-1,44,18,3,-1,45,21,22,-1,45,42,37,-1,45,40,21,-1,
  45,37,40,-1,46,27,28,-1,46,28,41,-1,47,46,41,-1,47,27,46,-1,47,25,26,-1,47,26,27,-1,47,41,42,-1,
  48,2,14,-1,48,17,18,-1,48,18,44,-1,48,44,2,-1,49,22,23,-1,49,23,24,-1,49,24,25,-1,49,45,22,-1,
  49,25,47,-1,49,47,42,-1,49,42,45,-1,50,14,15,-1,50,15,16,-1,50,16,17,-1,50,17,48,-1,50,48,14,-1]
  normalPerVertex TRUE
  normal DEF NORM_53 Normal { vector [
  -0.97690979 0.014299013 -0.21317316,-0.97691669 0.023985084 -0.21226985,
  0.97690979 0.014299013 -0.21317316,0.93879615 0.0032015221 -0.34445832,
  0.86412696 -0.06617754 -0.49890393,0.70611607 0.052916188 -0.70611612,
  0.49890394 -0.066177301 -0.86412697,0.34365263 0.001380939 -0.93909582,
  0 0.009187077 -0.9999578,-0.34365273 0.0013809111 -0.93909578,
  -0.49890393 -0.06617754 -0.86412696,-0.70611612 0.052916188 -0.70611607,
  -0.86412697 -0.0661773 -0.49890394,-0.9387962 0.0032015223 -0.3444582,
  0.97691669 0.023985084 -0.21226985,0.97169274 0.04459872 -0.23200038,
  0.8919674 0.019504452 -0.4516788,0.83812849 0.019463682 -0.54512549,
  0.85062508 0.020446784 -0.525375,0.72738101 0.021723351 -0.68588991,
  0.68588973 0.021723392 -0.72738118,0.45030954 0.014302969 -0.89275794,
  0.45665621 0.024635584 -0.88930208,0.45115097 0.052102766 -0.89092542,
  0.23218794 0.019339419 -0.97247866,-2.1268706e-08 0.032093385 -0.99948487,
  -0.23218802 0.01933942 -0.97247864,-0.44288597 0.032099835 -0.89600314,
  -0.58255022 0.017037583 -0.81261612,-0.47894613 0.0099040836 -0.87778842,
  -0.68588991 0.021723351 -0.72738101,-0.72738118 0.021723392 -0.68588973,
  -0.85062515 0.02044679 -0.5253749,-0.83812857 0.019463679 -0.54512537,
  -0.89196747 0.019504448 -0.45167865,-0.97169276 0.044598739 -0.23200029,
  -0.93962727 0.018550169 -0.34169647,-0.20999311 0.015010589 -0.97758763,
  -0.43769603 0.020883072 -0.89888046,-0.9400102 0.019137338 -0.34060914,
  0.21944729 0.012005376 -0.97555049,-0.45600582 0.018900137 -0.88977608,
  -0.22116446 0.019284389 -0.97504584,-0.93845995 0.028367595 -0.34422114,
  0.93962723 0.018550182 -0.34169659,0.30769623 0.019033527 -0.95129425,
  -0.46440246 0.029007199 -0.88514911,-0.25997286 0.028768748 -0.96518727,
  0.94001016 0.019137338 -0.34060925,0.18575574 0.030676979 -0.98211696,
  0.93845991 0.028367593 -0.34422126] }
}
}
DEF SHAPE_54 Shape {
 appearance USE APP_1
 geometry DEF FACE_54 IndexedFaceSet {
  coord DEF COORD_54 Coordinate { point [
  1.7125984 -2.2834646 -1.5944882,1.7025372 -2.2834646 -1.5180652,
  1.673039 -2.2834646 -1.4468504,1.6261142 -2.2834646 -1.3856968,
  1.5649606 -2.2834646 -1.338772,1.4937458 -2.2834646 -1.3092739,
  1.4173228 -2.2834646 -1.2992126,1.3408999 -2.2834646 -1.3092739,
  1.269685 -2.2834646 -1.338772,1.2085315 -2.2834646 -1.3856968,
  1.1616067 -2.2834646 -1.4468504,1.1321085 -2.2834646 -1.5180652,
  1.1220472 -2.2834646 -1.5944882,1.1220472 -5.2362205 -1.5944882,
  1.1276251 -5.2362205 -1.5373663,1.144148 -5.2362205 -1.4824026,
  1.1709917 -5.2362205 -1.4316735,1.1709917 -2.4015748 -1.4316735,
  1.1949982 -2.4015748 -1.4001703,1.223005 -2.4015748 -1.3721635,
  1.2545082 -2.4015748 -1.348157,1.2545082 -5.2362205 -1.348157,
  1.3159559 -5.2362205 -1.3171573,1.3829107 -5.2362205 -1.3012247,
  1.4517351 -5.2362205 -1.3012247,1.5186899 -5.2362205 -1.3171573,
  1.5801375 -5.2362205 -1.348157,1.5801375 -2.4015748 -1.348157,
  1.6116407 -2.4015748 -1.3721636,1.6396475 -2.4015748 -1.4001704,
  1.6636541 -2.4015748 -1.4316736,1.6636541 -5.2362205 -1.4316736,
  1.6904977 -5.2362205 -1.4824026,1.7070206 -5.2362205 -1.5373663,
  1.7125984 -5.2362205 -1.5944882] }
 coordIndex [
  12,14,13,-1,11,15,14,-1,11,14,12,-1,10,15,11,-1,17,16,15,-1,17,15,10,-1,18,17,10,-1,9,18,10,-1,
  19,18,9,-1,20,22,21,-1,8,20,19,-1,8,19,9,-1,8,22,20,-1,7,23,22,-1,7,22,8,-1,6,24,23,-1,
  6,23,7,-1,5,25,24,-1,5,24,6,-1,4,25,5,-1,27,26,25,-1,27,25,4,-1,28,27,4,-1,3,28,4,-1,
  29,28,3,-1,30,32,31,-1,2,30,29,-1,2,29,3,-1,2,32,30,-1,1,33,32,-1,1,32,2,-1,0,33,1,-1,
  0,34,33,-1]
  normalPerVertex TRUE
  normal DEF NORM_54 Normal { vector [
  -0.99321254 -0.00037388846 -0.11631297,-0.96375775 -0.0004358562 -0.26677859,
  -0.90728364 -0.0011516925 -0.42051761,-0.70705672 -0.01190149 -0.70705668,
  -0.42025395 -0.00095354302 -0.90740603,-0.25035735 -0.00036125198 -0.96815343,
  -3.8490564e-08 -0.00037650714 -0.99999993,0.25035727 -0.00036125171 -0.96815345,
  0.42025385 -0.00095354379 -0.90740608,0.70705668 -0.01190149 -0.70705672,
  0.9072836 -0.0011516909 -0.42051772,0.96375774 -0.00043585592 -0.26677863,
  0.99321254 -0.00037388809 -0.11631298,0.9952662 0 -0.097186416,
  0.98575581 -0.00013451539 -0.16818285,0.91947073 -8.6874544e-05 -0.39315845,
  0.88388097 0 -0.4677119,0.87506962 0 -0.48399706,
  0.77324509 -0.010351942 -0.63402277,0.63402267 -0.010351941 -0.77324517,
  0.46840386 0.0001452701 -0.88351446,0.45041676 0 -0.89281843,
  0.3705125 9.1397644e-05 -0.92882748,0.12158704 0.00012107847 -0.99258077,
  -0.1215872 0.00012107857 -0.99258075,-0.37051269 9.1397889e-05 -0.9288274,
  -0.45041698 0 -0.89281832,-0.46840411 0.00014526964 -0.88351433,
  -0.63402277 -0.010351942 -0.77324509,-0.77324517 -0.010351942 -0.63402267,
  -0.87506974 0 -0.48399686,-0.88388107 0 -0.46771172,
  -0.91947079 -8.6875005e-05 -0.39315832,-0.98575582 -0.0001345157 -0.1681828,
  -0.9952662 0 -0.097186375] }
}
}
] }
DEF TXFM_5 Transform {
  center 0 0 0
  rotation 0 0 1 0
  scale 1 1 1
  scaleOrientation 0 0 1 0
  translation 0 0 0
 children [
DEF SHAPE_55 Shape {
 appearance DEF APP_2 Appearance {
  material Material {
   ambientIntensity 0.11199918
   diffuseColor 1 0.93725491 0.13725489
   emissiveColor 0 0 0
   shininess 0.1
   specularColor 0.12 0.12 0.12
   transparency 0
} }
 geometry DEF FACE_55 IndexedFaceSet {
  coord DEF COORD_55 Coordinate { point [
  -1.7125984 -2.2834646 -1.5944882,-1.7025372 -2.2834646 -1.6709111,
  -1.673039 -2.2834646 -1.742126,-1.6261142 -2.2834646 -1.8032796,
  -1.5649606 -2.2834646 -1.8502044,-1.4937458 -2.2834646 -1.8797025,
  -1.4173228 -2.2834646 -1.8897638,-1.3408999 -2.2834646 -1.8797025,
  -1.269685 -2.2834646 -1.8502044,-1.2085315 -2.2834646 -1.8032796,
  -1.1616067 -2.2834646 -1.742126,-1.1321085 -2.2834646 -1.6709111,
  -1.1220472 -2.2834646 -1.5944882,-1.4173228 -2.1060451 -1.5944882,
  -1.4173228 -2.1060451 -1.5944882,-1.4786899 -2.1651849 -1.6714401,
  -1.5060009 -2.1651849 -1.6371933,-1.5946789 -2.2243247 -1.6798984,
  -1.4392245 -2.1651849 -1.6904457,-1.540057 -2.2243247 -1.748392,
  -1.3954212 -2.1651849 -1.6904457,-1.4611262 -2.2243247 -1.7864031,
  -1.3559557 -2.1651849 -1.6714401,-1.3735195 -2.2243247 -1.7864031,
  -1.3286448 -2.1651849 -1.6371933,-1.2945886 -2.2243247 -1.748392,
  -1.2399668 -2.2243247 -1.6798984] }
 coordIndex [
  15,13,16,-1,17,0,1,-1,17,1,2,-1,17,2,3,-1,17,13,0,-1,17,16,13,-1,18,14,13,-1,18,13,15,-1,
  19,3,4,-1,19,15,16,-1,19,17,3,-1,19,16,17,-1,20,14,18,-1,21,4,5,-1,21,5,6,-1,21,15,19,-1,
  21,18,15,-1,21,19,4,-1,22,14,20,-1,23,6,7,-1,23,7,8,-1,23,18,21,-1,23,20,18,-1,23,21,6,-1,
  24,14,22,-1,25,8,9,-1,25,23,8,-1,25,22,20,-1,25,20,23,-1,26,9,10,-1,26,10,11,-1,26,11,12,-1,
  26,12,14,-1,26,14,24,-1,26,25,9,-1,26,24,22,-1,26,22,25,-1]
  normalPerVertex TRUE
  normal DEF NORM_55 Normal { vector [
  0.50507731 -0.8567764 0.10407265,0.4850076 -0.86479981 0.12995739,
  0.44420948 -0.85843108 0.25646446,0.37447785 -0.86063996 0.34505825,
  0.24275691 -0.86031767 0.4482439,0.1331648 -0.85748482 0.49697779,
  0 -0.8600593 0.51019408,-0.1331648 -0.85748482 0.49697779,
  -0.24275691 -0.86031767 0.4482439,-0.37447785 -0.86063996 0.34505825,
  -0.44420948 -0.85843108 0.25646446,-0.4850076 -0.86479981 0.12995739,
  -0.50507731 -0.8567764 0.10407265,0.46936672 -0.86232603 0.18997027,
  -0.42370069 -0.87573136 0.23145691,0.29026241 -0.85650999 0.42677672,
  0.4102039 -0.8513054 0.32712669,0.46655953 -0.86226882 0.19701445,
  0.076345913 -0.85650999 0.51045268,0.3237796 -0.86140343 0.39134498,
  -0.15269183 -0.85650999 0.49302722,0.1268273 -0.86234108 0.49018639,
  -0.35148707 -0.85650999 0.37795168,-0.10892833 -0.86242641 0.49432308,
  -0.4102039 -0.8513054 0.32712669,-0.30699441 -0.86137412 0.40470862,
  -0.4634023 -0.86210032 0.20503988] }
}
}
DEF SHAPE_56 Shape {
 appearance USE APP_2
 geometry DEF FACE_56 IndexedFaceSet {
  coord DEF COORD_56 Coordinate { point [
  1.1220472 -2.2834646 -1.5944882,1.1321085 -2.2834646 -1.6709111,
  1.1616067 -2.2834646 -1.742126,1.2085315 -2.2834646 -1.8032796,
  1.269685 -2.2834646 -1.8502044,1.3408999 -2.2834646 -1.8797025,
  1.4173228 -2.2834646 -1.8897638,1.4937458 -2.2834646 -1.8797025,
  1.5649606 -2.2834646 -1.8502044,1.6261142 -2.2834646 -1.8032796,
  1.673039 -2.2834646 -1.742126,1.7025372 -2.2834646 -1.6709111,
  1.7125984 -2.2834646 -1.5944882,1.4173228 -2.1060451 -1.5944882,
  1.4173228 -2.1060451 -1.5944882,1.3559557 -2.1651849 -1.6714401,
  1.3286448 -2.1651849 -1.6371933,1.2399668 -2.2243247 -1.6798984,
  1.3954212 -2.1651849 -1.6904457,1.2945886 -2.2243247 -1.748392,
  1.4392245 -2.1651849 -1.6904457,1.3735195 -2.2243247 -1.7864031,
  1.4786899 -2.1651849 -1.6714401,1.4611262 -2.2243247 -1.7864031,
  1.5060009 -2.1651849 -1.6371933,1.540057 -2.2243247 -1.748392,
  1.5946789 -2.2243247 -1.6798984] }
 coordIndex [
  15,13,16,-1,17,0,1,-1,17,1,2,-1,17,2,3,-1,17,13,0,-1,17,16,13,-1,18,14,13,-1,18,13,15,-1,
  19,3,4,-1,19,15,16,-1,19,17,3,-1,19,16,17,-1,20,14,18,-1,21,4,5,-1,21,5,6,-1,21,15,19,-1,
  21,18,15,-1,21,19,4,-1,22,14,20,-1,23,6,7,-1,23,7,8,-1,23,18,21,-1,23,20,18,-1,23,21,6,-1,
  24,14,22,-1,25,8,9,-1,25,23,8,-1,25,22,20,-1,25,20,23,-1,26,9,10,-1,26,10,11,-1,26,11,12,-1,
  26,12,14,-1,26,14,24,-1,26,25,9,-1,26,24,22,-1,26,22,25,-1]
  normalPerVertex TRUE
  normal DEF NORM_56 Normal { vector [
  0.50507731 -0.8567764 0.10407265,0.4850076 -0.86479981 0.12995739,
  0.44420948 -0.85843108 0.25646446,0.37447785 -0.86063996 0.34505825,
  0.24275691 -0.86031767 0.4482439,0.1331648 -0.85748482 0.49697779,
  0 -0.8600593 0.51019408,-0.1331648 -0.85748482 0.49697779,
  -0.24275691 -0.86031767 0.4482439,-0.37447785 -0.86063996 0.34505825,
  -0.44420948 -0.85843108 0.25646446,-0.4850076 -0.86479981 0.12995739,
  -0.50507731 -0.8567764 0.10407265,0.46936672 -0.86232603 0.18997027,
  -0.42370069 -0.87573136 0.23145691,0.29026241 -0.85650999 0.42677672,
  0.4102039 -0.8513054 0.32712669,0.46655953 -0.86226882 0.19701445,
  0.076345913 -0.85650999 0.51045268,0.3237796 -0.86140343 0.39134498,
  -0.15269183 -0.85650999 0.49302722,0.1268273 -0.86234108 0.49018639,
  -0.35148707 -0.85650999 0.37795168,-0.10892833 -0.86242641 0.49432308,
  -0.4102039 -0.8513054 0.32712669,-0.30699441 -0.86137412 0.40470862,
  -0.4634023 -0.86210032 0.20503988] }
}
}
DEF SHAPE_57 Shape {
 appearance USE APP_2
 geometry DEF FACE_57 IndexedFaceSet {
  coord DEF COORD_57 Coordinate { point [
  -2.2440945 -2.2834646 -1.5944882,-2.2159229 -2.2834646 -1.3805039,
  -2.1333281 -2.2834646 -1.1811024,-2.0019387 -2.2834646 -1.0098723,
  -1.8307087 -2.2834646 -0.87848293,-1.6313071 -2.2834646 -0.7958881,
  -1.4173228 -2.2834646 -0.76771654,-1.2033386 -2.2834646 -0.7958881,
  -1.003937 -2.2834646 -0.87848293,-0.83270699 -2.2834646 -1.0098723,
  -0.70131758 -2.2834646 -1.1811024,-0.61872274 -2.2834646 -1.3805039,
  -0.59055118 -2.2834646 -1.5944882,-0.59055118 -2.0866142 -1.5944882,
  -2.2440945 -2.0866142 -1.5944882,-2.2159229 -2.0866142 -1.3805039,
  -2.1333281 -2.0866142 -1.1811024,-2.0019387 -2.0866142 -1.0098723,
  -1.8307087 -2.0866142 -0.87848293,-1.6313071 -2.0866142 -0.7958881,
  -1.4173228 -2.0866142 -0.76771654,-1.2033386 -2.0866142 -0.7958881,
  -1.003937 -2.0866142 -0.87848293,-0.83270699 -2.0866142 -1.0098723,
  -0.70131758 -2.0866142 -1.1811024,-0.61872274 -2.0866142 -1.3805039] }
 coordIndex [
  14,0,1,-1,15,14,1,-1,16,1,2,-1,16,15,1,-1,17,2,3,-1,17,16,2,-1,18,3,4,-1,18,17,3,-1,
  19,4,5,-1,19,18,4,-1,20,5,6,-1,20,19,5,-1,21,6,7,-1,21,20,6,-1,22,7,8,-1,22,21,7,-1,
  23,8,9,-1,23,22,8,-1,24,9,10,-1,24,23,9,-1,25,10,11,-1,25,11,12,-1,25,24,10,-1,13,25,12,-1]
  normalPerVertex TRUE
  normal DEF NORM_57 Normal { vector [
  -0.99144486 0 0.13052619,-0.96592583 0 0.25881905,
  -0.84327172 0 0.5374875,-0.67542593 0 0.73742784,
  -0.46155098 0 0.88711369,-0.21622209 0 0.9763442,
  0.04384197 0 0.99903848,0.30091828 0 0.95364993,
  0.5374875 0 0.84327172,0.73742784 0 0.67542593,
  0.88711369 0 0.46155098,0.96592583 0 0.25881905,
  0.99144486 0 0.13052619,0.99144486 0 0.13052619,
  -0.99144486 0 0.13052619,-0.96592583 0 0.25881905,
  -0.88711369 0 0.46155098,-0.73742784 0 0.67542593,
  -0.5374875 0 0.84327172,-0.30091828 0 0.95364993,
  -0.04384197 0 0.99903848,0.21622209 0 0.9763442,
  0.46155098 0 0.88711369,0.67542593 0 0.73742784,
  0.84327172 0 0.5374875,0.96592583 0 0.25881905] }
}
}
DEF SHAPE_58 Shape {
 appearance USE APP_2
 geometry DEF FACE_58 IndexedFaceSet {
  coord DEF COORD_58 Coordinate { point [
  0.59055118 -2.2834646 -1.5944882,0.61872274 -2.2834646 -1.3805039,
  0.70131758 -2.2834646 -1.1811024,0.83270699 -2.2834646 -1.0098723,
  1.003937 -2.2834646 -0.87848293,1.2033386 -2.2834646 -0.7958881,
  1.4173228 -2.2834646 -0.76771654,1.6313071 -2.2834646 -0.7958881,
  1.8307087 -2.2834646 -0.87848293,2.0019387 -2.2834646 -1.0098723,
  2.1333281 -2.2834646 -1.1811024,2.2159229 -2.2834646 -1.3805039,
  2.2440945 -2.2834646 -1.5944882,2.2440945 -2.0866142 -1.5944882,
  0.59055118 -2.0866142 -1.5944882,0.61872274 -2.0866142 -1.3805039,
  0.70131758 -2.0866142 -1.1811024,0.83270699 -2.0866142 -1.0098723,
  1.003937 -2.0866142 -0.87848293,1.2033386 -2.0866142 -0.7958881,
  1.4173228 -2.0866142 -0.76771654,1.6313071 -2.0866142 -0.7958881,
  1.8307087 -2.0866142 -0.87848293,2.0019387 -2.0866142 -1.0098723,
  2.1333281 -2.0866142 -1.1811024,2.2159229 -2.0866142 -1.3805039] }
 coordIndex [
  14,0,1,-1,15,14,1,-1,16,1,2,-1,16,15,1,-1,17,2,3,-1,17,16,2,-1,18,3,4,-1,18,17,3,-1,
  19,4,5,-1,19,18,4,-1,20,5,6,-1,20,19,5,-1,21,6,7,-1,21,20,6,-1,22,7,8,-1,22,21,7,-1,
  23,8,9,-1,23,22,8,-1,24,9,10,-1,24,23,9,-1,25,10,11,-1,25,11,12,-1,25,24,10,-1,13,25,12,-1]
  normalPerVertex TRUE
  normal DEF NORM_58 Normal { vector [
  -0.99144486 0 0.13052619,-0.96592583 0 0.25881905,
  -0.84327172 0 0.5374875,-0.67542593 0 0.73742784,
  -0.46155098 0 0.88711369,-0.21622209 0 0.9763442,
  0.04384197 0 0.99903848,0.30091828 0 0.95364993,
  0.5374875 0 0.84327172,0.73742784 0 0.67542593,
  0.88711369 0 0.46155098,0.96592583 0 0.25881905,
  0.99144486 0 0.13052619,0.99144486 0 0.13052619,
  -0.99144486 0 0.13052619,-0.96592583 0 0.25881905,
  -0.88711369 0 0.46155098,-0.73742784 0 0.67542593,
  -0.5374875 0 0.84327172,-0.30091828 0 0.95364993,
  -0.04384197 0 0.99903848,0.21622209 0 0.9763442,
  0.46155098 0 0.88711369,0.67542593 0 0.73742784,
  0.84327172 0 0.5374875,0.96592583 0 0.25881905] }
}
}
DEF SHAPE_59 Shape {
 appearance USE APP_2
 geometry DEF FACE_59 IndexedFaceSet {
  coord DEF COORD_59 Coordinate { point [
  2.2440945 -0.78740157 -1.5944882,2.2159229 -0.78740157 -1.3805039,
  2.1333281 -0.78740157 -1.1811024,2.0019387 -0.78740157 -1.0098723,
  1.8307087 -0.78740157 -0.87848293,1.6313071 -0.78740157 -0.7958881,
  1.4173228 -0.78740157 -0.76771654,1.2033386 -0.78740157 -0.7958881,
  1.003937 -0.78740157 -0.87848293,0.83270699 -0.78740157 -1.0098723,
  0.70131758 -0.78740157 -1.1811024,0.61872274 -0.78740157 -1.3805039,
  0.59055118 -0.78740157 -1.5944882,2.2440945 -0.66929134 -1.5944882,
  2.2159229 -0.66929134 -1.3805039,2.1333281 -0.66929134 -1.1811024,
  2.0019387 -0.66929134 -1.0098723,1.8307087 -0.66929134 -0.87848293,
  1.6313071 -0.66929134 -0.7958881,1.4173228 -0.66929134 -0.76771654,
  1.2033386 -0.66929134 -0.7958881,1.003937 -0.66929134 -0.87848293,
  0.83270699 -0.66929134 -1.0098723,0.70131758 -0.66929134 -1.1811024,
  0.61872274 -0.66929134 -1.3805039,0.59055118 -0.66929134 -1.5944882] }
 coordIndex [
  24,12,11,-1,24,25,12,-1,23,11,10,-1,23,24,11,-1,22,10,9,-1,22,23,10,-1,21,9,8,-1,21,22,9,-1,
  20,8,7,-1,20,21,8,-1,19,7,6,-1,19,20,7,-1,18,6,5,-1,18,19,6,-1,17,5,4,-1,17,18,5,-1,
  16,4,3,-1,16,17,4,-1,15,3,2,-1,15,16,3,-1,14,2,1,-1,14,15,2,-1,13,1,0,-1,13,14,1,-1]
  normalPerVertex TRUE
  normal DEF NORM_59 Normal { vector [
  0.99144486 0 0.13052619,0.9763442 0 0.21622209,
  0.88711369 0 0.46155098,0.73742784 0 0.67542593,
  0.5374875 0 0.84327172,0.30091828 0 0.95364993,
  0.04384197 0 0.99903848,-0.21622209 0 0.9763442,
  -0.46155098 0 0.88711369,-0.67542593 0 0.73742784,
  -0.84327172 0 0.5374875,-0.95364993 0 0.30091828,
  -0.99144486 0 0.13052619,0.99144486 0 0.13052619,
  0.95364993 0 0.30091828,0.84327172 0 0.5374875,
  0.67542593 0 0.73742784,0.46155098 0 0.88711369,
  0.21622209 0 0.9763442,-0.04384197 0 0.99903848,
  -0.30091828 0 0.95364993,-0.5374875 0 0.84327172,
  -0.73742784 0 0.67542593,-0.88711369 0 0.46155098,
  -0.9763442 0 0.21622209,-0.99144486 0 0.13052619] }
}
}
DEF SHAPE_60 Shape {
 appearance USE APP_2
 geometry DEF FACE_60 IndexedFaceSet {
  coord DEF COORD_60 Coordinate { point [
  -0.59055118 -0.78740157 -1.5944882,-0.61872274 -0.78740157 -1.3805039,
  -0.70131758 -0.78740157 -1.1811024,-0.83270699 -0.78740157 -1.0098723,
  -1.003937 -0.78740157 -0.87848293,-1.2033386 -0.78740157 -0.7958881,
  -1.4173228 -0.78740157 -0.76771654,-1.6313071 -0.78740157 -0.7958881,
  -1.8307087 -0.78740157 -0.87848293,-2.0019387 -0.78740157 -1.0098723,
  -2.1333281 -0.78740157 -1.1811024,-2.2159229 -0.78740157 -1.3805039,
  -2.2440945 -0.78740157 -1.5944882,-0.59055118 -0.66929134 -1.5944882,
  -0.61872274 -0.66929134 -1.3805039,-0.70131758 -0.66929134 -1.1811024,
  -0.83270699 -0.66929134 -1.0098723,-1.003937 -0.66929134 -0.87848293,
  -1.2033386 -0.66929134 -0.7958881,-1.4173228 -0.66929134 -0.76771654,
  -1.6313071 -0.66929134 -0.7958881,-1.8307087 -0.66929134 -0.87848293,
  -2.0019387 -0.66929134 -1.0098723,-2.1333281 -0.66929134 -1.1811024,
  -2.2159229 -0.66929134 -1.3805039,-2.2440945 -0.66929134 -1.5944882] }
 coordIndex [
  24,12,11,-1,24,25,12,-1,23,11,10,-1,23,24,11,-1,22,10,9,-1,22,23,10,-1,21,9,8,-1,21,22,9,-1,
  20,8,7,-1,20,21,8,-1,19,7,6,-1,19,20,7,-1,18,5,4,-1,18,6,5,-1,18,19,6,-1,17,18,4,-1,
  16,3,2,-1,16,4,3,-1,16,17,4,-1,15,16,2,-1,14,2,1,-1,14,15,2,-1,13,1,0,-1,13,14,1,-1]
  normalPerVertex TRUE
  normal DEF NORM_60 Normal { vector [
  0.99144486 0 0.13052619,0.9763442 0 0.21622209,
  0.8660254 0 0.5,0.70710678 0 0.70710678,
  0.5 0 0.8660254,0.25881905 0 0.96592583,
  0.04384197 0 0.99903848,-0.21622209 0 0.9763442,
  -0.46155098 0 0.88711369,-0.67542593 0 0.73742784,
  -0.84327172 0 0.5374875,-0.95364993 0 0.30091828,
  -0.99144486 0 0.13052619,0.99144486 0 0.13052619,
  0.95364993 0 0.30091828,0.8660254 0 0.5,
  0.70710678 0 0.70710678,0.5 0 0.8660254,
  0.25881905 0 0.96592583,-0.04384197 0 0.99903848,
  -0.30091828 0 0.95364993,-0.5374875 0 0.84327172,
  -0.73742784 0 0.67542593,-0.88711369 0 0.46155098,
  -0.9763442 0 0.21622209,-0.99144486 0 0.13052619] }
}
}
DEF SHAPE_61 Shape {
 appearance DEF APP_3 Appearance {
  material Material {
   ambientIntensity 0.16046685
   diffuseColor 0.64705884 0.61960781 0.58823532
   emissiveColor 0 0 0
   shininess 0.1
   specularColor 0.12 0.12 0.12
   transparency 0
} }
 geometry DEF FACE_61 IndexedFaceSet {
  coord DEF COORD_61 Coordinate { point [
  0.92519878 0.92575151 -0.21598243,0.93894116 1.0392593 -0.21588115,
  0.97835397 1.1466832 -0.21584331,1.0302085 1.2290785 -0.2158544,
  1.0971657 1.2993248 -0.21589948,0.92519692 0.92575152 1.1855939,
  0.94196571 1.0531231 1.1855939,0.9911293 1.1718145 1.1855939,
  1.0693373 1.2737371 1.1855939,1.1712599 1.3519451 1.1855939,
  1.2899513 1.4011087 1.1855939,1.4173229 1.4178775 1.1855939,
  1.5446945 1.4011087 1.1855939,1.6633859 1.3519451 1.1855939,
  1.7653085 1.2737371 1.1855939,1.8435165 1.1718145 1.1855939,
  1.8926801 1.0531231 1.1855939,1.9094489 0.92575152 1.1855939,
  1.9094486 0.92575166 -0.21598083,1.8926607 1.0531029 -0.21598083,
  1.8498096 1.1605367 -0.21598082,1.8116334 1.220148 -0.21598074,
  1.7653072 1.2736689 -0.21598046,1.7375124 1.2993158 -0.21598028,
  1.7378144 1.2992126 0.11811024,1.6414323 1.3638873 0.11811024,
  1.5325834 1.4041896 0.11811024,1.4173229 1.4178775 0.11811024,
  1.3020624 1.4041896 0.11811024,1.1932136 1.3638873 0.11811024,
  1.0968314 1.2992126 0.11811024] }
 coordIndex [
  1,0,5,-1,1,5,6,-1,2,6,7,-1,2,1,6,-1,3,2,7,-1,30,7,8,-1,30,8,9,-1,30,3,7,-1,
  4,3,30,-1,29,9,10,-1,29,30,9,-1,28,10,11,-1,28,29,10,-1,27,28,11,-1,26,11,12,-1,26,27,11,-1,
  25,12,13,-1,25,26,12,-1,24,13,14,-1,24,14,15,-1,24,25,13,-1,22,23,24,-1,21,24,15,-1,21,22,24,-1,
  20,15,16,-1,20,21,15,-1,19,16,17,-1,19,20,16,-1,18,19,17,-1]
  normalPerVertex TRUE
  normal DEF NORM_61 Normal { vector [
  -0.99275063 0.12019229 -1.3134925e-06,-0.98043822 0.19682701 -0.00013848737,
  -0.91014545 0.41428866 -0.00040263513,-0.78625888 0.61789225 0.0024776108,
  -0.7238504 0.68995678 -0.00049263173,-0.99207307 0.12566152 0.00044829248,
  -0.95834786 0.28560323 0.0004101851,-0.83749318 0.54644757 0.00048573476,
  -0.70710615 0.70710615 -0.0013371655,-0.518158 0.85528393 0.0013030706,
  -0.28675611 0.95800315 0.00094746049,0 0.99999973 0.00073098471,
  0.28675611 0.95800315 0.00094746049,0.518158 0.85528393 0.0013030706,
  0.70710615 0.70710615 -0.0013371655,0.83502569 0.55021057 0.00064353262,
  0.95576741 0.29412332 0.00036019704,0.99143388 0.13060957 -7.9072154e-06,
  0.99142289 0.13069296 -1.9842383e-07,0.97846024 0.20643535 -1.1178852e-05,
  0.90999335 0.41462273 0.00030477249,0.7802209 0.6254888 0.0043719366,
  0.72996953 0.68343499 0.0078165174,0.67813984 0.73493279 -0.00038601677,
  0.69083828 0.72300838 0.0011624518,0.42968775 0.90297751 -0.000217966,
  0.19735709 0.98033166 9.5567792e-05,0 1 0,
  -0.19735709 0.98033166 9.5567792e-05,-0.42968775 0.90297751 -0.000217966,
  -0.6882483 0.72547484 0.00072877025] }
}
}
DEF SHAPE_62 Shape {
 appearance USE APP_3
 geometry DEF FACE_62 IndexedFaceSet {
  coord DEF COORD_62 Coordinate { point [
  -1.73748 1.2993248 -0.21589948,-1.8224587 1.2050449 -0.2159244,
  -1.8804499 1.0921353 -0.21594927,-1.9021091 1.0101898 -0.21596585,
  -1.9094469 0.92575151 -0.21598243,-1.9094487 0.92575152 1.1855939,
  -1.89268 1.0531231 1.1855939,-1.8435164 1.1718145 1.1855939,
  -1.7653084 1.2737371 1.1855939,-1.6633858 1.3519451 1.1855939,
  -1.5446943 1.4011087 1.1855939,-1.4173228 1.4178775 1.1855939,
  -1.2899512 1.4011087 1.1855939,-1.1712598 1.3519451 1.1855939,
  -1.0693371 1.2737371 1.1855939,-0.99112916 1.1718145 1.1855939,
  -0.94196556 1.0531231 1.1855939,-0.92519678 0.92575152 1.1855939,
  -0.92519708 0.92575166 -0.21598083,-0.94198498 1.0531029 -0.21598083,
  -0.98483602 1.1605367 -0.21598082,-1.0230123 1.220148 -0.21598074,
  -1.0693384 1.2736689 -0.21598046,-1.0971333 1.2993158 -0.21598028,
  -1.0968312 1.2992126 0.11811024,-1.1932134 1.3638873 0.11811024,
  -1.3020623 1.4041896 0.11811024,-1.4173228 1.4178775 0.11811024,
  -1.5325833 1.4041896 0.11811024,-1.6414321 1.3638873 0.11811024,
  -1.7378143 1.2992126 0.11811024] }
 coordIndex [
  3,4,5,-1,3,5,6,-1,2,6,7,-1,2,3,6,-1,1,2,7,-1,30,7,8,-1,30,8,9,-1,30,1,7,-1,
  0,1,30,-1,29,9,10,-1,29,30,9,-1,28,10,11,-1,28,29,10,-1,27,28,11,-1,26,11,12,-1,26,27,11,-1,
  25,12,13,-1,25,26,12,-1,24,13,14,-1,24,14,15,-1,24,25,13,-1,22,23,24,-1,21,24,15,-1,21,22,24,-1,
  20,15,16,-1,20,21,15,-1,19,16,17,-1,19,20,16,-1,18,19,17,-1]
  normalPerVertex TRUE
  normal DEF NORM_62 Normal { vector [
  -0.74279715 0.66951633 -0.00051845289,-0.81650827 0.57733307 0.00087655511,
  -0.92498265 0.38000922 -0.00029762902,-0.98808016 0.15393826 0.00077679338,
  -0.99624531 0.086575293 -1.3176952e-06,-0.99358433 0.11308218 0.0016095487,
  -0.96614374 0.25799905 0.0016606873,-0.84863654 0.52897638 5.2633177e-05,
  -0.70710615 0.70710615 -0.0013371682,-0.518158 0.85528392 0.0013030694,
  -0.28675611 0.95800315 0.00094746046,0 0.99999973 0.0007309847,
  0.28675611 0.95800315 0.00094746049,0.518158 0.85528393 0.0013030706,
  0.70710615 0.70710615 -0.0013371655,0.83502569 0.55021057 0.00064353262,
  0.95576741 0.29412332 0.00036019704,0.99143388 0.13060957 -7.9072171e-06,
  0.99142289 0.13069296 -1.9842707e-07,0.97846024 0.20643535 -1.1178853e-05,
  0.90999335 0.41462273 0.00030477249,0.7802209 0.6254888 0.0043719366,
  0.72996953 0.68343499 0.0078165171,0.67813984 0.73493279 -0.00038601746,
  0.69083828 0.72300838 0.0011624517,0.42968775 0.90297751 -0.00021796601,
  0.19735709 0.98033166 9.5567774e-05,0 1 0,
  -0.19735709 0.98033166 9.5567805e-05,-0.42968776 0.90297751 -0.00021796618,
  -0.69638081 0.71767241 0.00028018732] }
}
}
DEF SHAPE_63 Shape {
 appearance USE APP_2
 geometry DEF FACE_63 IndexedFaceSet {
  coord DEF COORD_63 Coordinate { point [
  0.92519869 -0.45275618 -1.5944882,0.9391555 -0.45275626 -1.4798172,
  0.97933665 -0.45275624 -1.371244,1.0194453 -0.45275618 -1.3052603,
  1.0693373 -0.45275607 -1.2465025,0.92519685 -0.66929134 -1.5944882,
  1.9094488 -0.66929134 -1.5944882,1.89268 -0.66929134 -1.4671166,
  1.8435164 -0.66929134 -1.3484252,1.7653085 -0.66929134 -1.2465026,
  1.6633858 -0.66929134 -1.1682946,1.5446944 -0.66929134 -1.119131,
  1.4173228 -0.66929134 -1.1023622,1.2899513 -0.66929134 -1.119131,
  1.1712598 -0.66929134 -1.1682946,1.0693372 -0.66929134 -1.2465026,
  0.99112923 -0.66929134 -1.3484252,0.94196564 -0.66929134 -1.4671166,
  1.9094485 -0.4527559 -1.5944882,1.0902568 -0.45275597 -1.2267974,
  1.1873864 -0.45275585 -1.1599256,1.297617 -0.45275581 -1.1175417,
  1.4144786 -0.4527558 -1.102338,1.5314999 -0.4527558 -1.1161728,
  1.6422039 -0.4527558 -1.1573198,1.7401121 -0.45275579 -1.2230895,
  1.8189711 -0.45275579 -1.3105683,1.8747838 -0.4527558 -1.4145952,
  1.9005711 -0.45275583 -1.5030085] }
 coordIndex [
  6,18,28,-1,7,28,27,-1,7,6,28,-1,8,27,26,-1,8,7,27,-1,9,26,25,-1,9,8,26,-1,10,25,24,-1,
  10,9,25,-1,11,24,23,-1,11,10,24,-1,12,22,21,-1,12,23,22,-1,12,11,23,-1,13,21,20,-1,13,12,21,-1,
  14,20,19,-1,14,13,20,-1,15,4,3,-1,15,19,4,-1,15,14,19,-1,16,3,2,-1,16,15,3,-1,17,2,1,-1,
  17,16,2,-1,5,1,0,-1,5,17,1,-1]
  normalPerVertex TRUE
  normal DEF NORM_63 Normal { vector [
  -0.99267442 8.4520694e-06 0.12082008,-0.98015685 0.00078068178 0.19822194,
  -0.91482626 0.0009293855 0.40384658,-0.80301952 -0.005770344 0.59592479,
  -0.74237628 1.9043224e-08 0.66998318,-0.99203512 -0.0027397946 0.12593182,
  0.99316825 -0.008450139 0.11638476,0.96436345 -0.008433221 0.26444664,
  0.87090199 -0.005903568 0.49142128,0.71857023 -0.0064103633 0.69542486,
  0.51848803 -0.0044432738 0.85507334,0.28746827 -0.00249619 0.95778691,
  -0.0028014289 -0.0022586369 0.99999353,-0.29086414 -0.0015459278 0.95676312,
  -0.5215766 -0.0038103962 0.85319595,-0.71760016 -0.011048556 0.69636767,
  -0.86335454 -0.0087715764 0.50452156,-0.95802869 -0.0027142654 0.2866595,
  0.99532442 1.6695638e-06 0.096588286,-0.59954736 -0.0017943251 0.80033727,
  -0.43701697 0.0027360511 0.8994491,-0.20530302 0.0003794135 0.97869838,
  -0.0058526599 -0.00018873132 0.99998286,0.19805636 0.001229075 0.98018986,
  0.43042863 0.003474292 0.90261793,0.63890111 0.0033227078 0.7692817,
  0.80941399 0.0043224188 0.58722253,0.9218849 0.002878454 0.38745314,
  0.98627441 -0.0025988282 0.16509399] }
}
}
DEF SHAPE_64 Shape {
 appearance USE APP_3
 geometry DEF FACE_64 IndexedFaceSet {
  coord DEF COORD_64 Coordinate { point [
  0.99111487 0.92575152 1.2997672,1.0056376 1.0360623 1.2997672,
  1.0482159 1.1388555 1.2997672,1.1159483 1.2271261 1.2997672,
  1.2042189 1.2948585 1.2997672,1.3070122 1.3374369 1.2997672,
  1.4173229 1.3519596 1.2997672,1.5276337 1.3374369 1.2997672,
  1.6304269 1.2948585 1.2997672,1.7186975 1.2271261 1.2997672,
  1.7864299 1.1388555 1.2997672,1.8290083 1.0360623 1.2997672,
  1.8435309 0.92575152 1.2997672,1.9094489 0.92575152 1.1855939,
  0.92519692 0.92575152 1.1855939,0.94196571 1.0531231 1.1855939,
  0.9911293 1.1718145 1.1855939,1.0693373 1.2737371 1.1855939,
  1.1712599 1.3519451 1.1855939,1.2899513 1.4011087 1.1855939,
  1.4173229 1.4178775 1.1855939,1.5446945 1.4011087 1.1855939,
  1.6633859 1.3519451 1.1855939,1.7653085 1.2737371 1.1855939,
  1.8435165 1.1718145 1.1855939,1.8926801 1.0531231 1.1855939] }
 coordIndex [
  14,0,1,-1,15,14,1,-1,16,1,2,-1,16,15,1,-1,17,2,3,-1,17,16,2,-1,18,3,4,-1,18,17,3,-1,
  19,4,5,-1,19,18,4,-1,20,5,6,-1,20,19,5,-1,21,6,7,-1,21,20,6,-1,22,7,8,-1,22,21,7,-1,
  23,8,9,-1,23,22,8,-1,24,9,10,-1,24,23,9,-1,25,10,11,-1,25,24,10,-1,13,11,12,-1,13,25,11,-1]
  normalPerVertex TRUE
  normal DEF NORM_64 Normal { vector [
  -0.86045084 0.1132805 0.49678152,-0.8365163 0.22414387 0.5,
  -0.7285003 0.46874506 0.49956519,-0.5823571 0.64132271 0.49956519,
  -0.39652723 0.77019528 0.49956519,-0.18367469 0.84658031 0.49956519,
  0.041694983 0.8652723 0.49956519,0.26422321 0.8249974 0.49956519,
  0.46874506 0.7285003 0.49956519,0.64132271 0.5823571 0.49956519,
  0.77019528 0.39652723 0.49956519,0.84658031 0.18367469 0.49956519,
  0.86045084 0.1132805 0.49678152,0.86045084 0.1132805 0.49678152,
  -0.86045084 0.1132805 0.49678152,-0.8365163 0.22414387 0.5,
  -0.76677131 0.4029369 0.49970352,-0.63635647 0.58766218 0.49970352,
  -0.46257498 0.73233925 0.49970352,-0.25726978 0.82710861 0.49970352,
  -0.03443206 0.86551189 0.49970352,0.19075214 0.84493196 0.49970352,
  0.4029369 0.76677131 0.49970352,0.58766218 0.63635647 0.49970352,
  0.73233925 0.46257498 0.49970352,0.82710861 0.25726978 0.49970352] }
}
}
DEF SHAPE_65 Shape {
 appearance USE APP_2
 geometry DEF FACE_65 IndexedFaceSet {
  coord DEF COORD_65 Coordinate { point [
  -1.909447 -0.45275618 -1.5944882,-1.8954902 -0.45275626 -1.4798172,
  -1.855309 -0.45275624 -1.371244,-1.8152004 -0.45275618 -1.3052603,
  -1.7653084 -0.45275607 -1.2465025,-1.9094488 -0.66929134 -1.5944882,
  -0.92519685 -0.66929134 -1.5944882,-0.94196564 -0.66929134 -1.4671166,
  -0.99112923 -0.66929134 -1.3484252,-1.0693372 -0.66929134 -1.2465026,
  -1.1712598 -0.66929134 -1.1682946,-1.2899513 -0.66929134 -1.119131,
  -1.4173228 -0.66929134 -1.1023622,-1.5446944 -0.66929134 -1.119131,
  -1.6633858 -0.66929134 -1.1682946,-1.7653085 -0.66929134 -1.2465026,
  -1.8435164 -0.66929134 -1.3484252,-1.89268 -0.66929134 -1.4671166,
  -0.92519721 -0.4527559 -1.5944882,-1.7443889 -0.45275597 -1.2267974,
  -1.6472593 -0.45275585 -1.1599256,-1.5370286 -0.45275581 -1.1175417,
  -1.420167 -0.4527558 -1.102338,-1.3031457 -0.4527558 -1.1161728,
  -1.1924417 -0.4527558 -1.1573198,-1.0945336 -0.45275579 -1.2230895,
  -1.0156745 -0.45275579 -1.3105683,-0.95986191 -0.4527558 -1.4145952,
  -0.93407458 -0.45275583 -1.5030085] }
 coordIndex [
  6,18,28,-1,7,28,27,-1,7,6,28,-1,8,27,26,-1,8,7,27,-1,9,26,25,-1,9,8,26,-1,10,25,24,-1,
  10,9,25,-1,11,24,23,-1,11,10,24,-1,12,22,21,-1,12,23,22,-1,12,11,23,-1,13,21,20,-1,13,12,21,-1,
  14,20,19,-1,14,13,20,-1,15,4,3,-1,15,19,4,-1,15,14,19,-1,16,3,2,-1,16,15,3,-1,17,2,1,-1,
  17,16,2,-1,5,1,0,-1,5,17,1,-1]
  normalPerVertex TRUE
  normal DEF NORM_65 Normal { vector [
  -0.99267442 8.4520694e-06 0.12082008,-0.98015685 0.00078068178 0.19822194,
  -0.91482626 0.0009293855 0.40384658,-0.80301952 -0.005770344 0.59592479,
  -0.74237628 1.9043223e-08 0.66998318,-0.99203512 -0.0027397946 0.12593182,
  0.99316825 -0.008450139 0.11638476,0.96436345 -0.008433221 0.26444664,
  0.87090199 -0.005903568 0.49142128,0.71857023 -0.0064103633 0.69542486,
  0.51848803 -0.0044432738 0.85507334,0.28746827 -0.00249619 0.95778691,
  -0.0028014289 -0.0022586369 0.99999353,-0.29086414 -0.0015459278 0.95676312,
  -0.5215766 -0.0038103962 0.85319595,-0.71760016 -0.011048556 0.69636767,
  -0.86335454 -0.0087715764 0.50452156,-0.95802869 -0.0027142654 0.2866595,
  0.99532442 1.6695638e-06 0.096588286,-0.59954736 -0.0017943251 0.80033727,
  -0.43701697 0.0027360511 0.8994491,-0.20530302 0.0003794135 0.97869838,
  -0.0058526599 -0.00018873132 0.99998286,0.19805636 0.001229075 0.98018986,
  0.43042863 0.003474292 0.90261793,0.63890111 0.0033227078 0.7692817,
  0.80941399 0.0043224188 0.58722253,0.9218849 0.002878454 0.38745314,
  0.98627441 -0.0025988282 0.16509399] }
}
}
DEF SHAPE_66 Shape {
 appearance USE APP_3
 geometry DEF FACE_66 IndexedFaceSet {
  coord DEF COORD_66 Coordinate { point [
  -1.8435308 0.92575152 1.2997672,-1.8290081 1.0360623 1.2997672,
  -1.7864298 1.1388555 1.2997672,-1.7186974 1.2271261 1.2997672,
  -1.6304268 1.2948585 1.2997672,-1.5276335 1.3374369 1.2997672,
  -1.4173228 1.3519596 1.2997672,-1.307012 1.3374369 1.2997672,
  -1.2042187 1.2948585 1.2997672,-1.1159482 1.2271261 1.2997672,
  -1.0482158 1.1388555 1.2997672,-1.0056374 1.0360623 1.2997672,
  -0.99111472 0.92575152 1.2997672,-0.92519678 0.92575152 1.1855939,
  -1.9094487 0.92575152 1.1855939,-1.89268 1.0531231 1.1855939,
  -1.8435164 1.1718145 1.1855939,-1.7653084 1.2737371 1.1855939,
  -1.6633858 1.3519451 1.1855939,-1.5446943 1.4011087 1.1855939,
  -1.4173228 1.4178775 1.1855939,-1.2899512 1.4011087 1.1855939,
  -1.1712598 1.3519451 1.1855939,-1.0693371 1.2737371 1.1855939,
  -0.99112916 1.1718145 1.1855939,-0.94196556 1.0531231 1.1855939] }
 coordIndex [
  14,0,1,-1,15,14,1,-1,16,1,2,-1,16,15,1,-1,17,2,3,-1,17,16,2,-1,18,3,4,-1,18,17,3,-1,
  19,4,5,-1,19,18,4,-1,20,5,6,-1,20,19,5,-1,21,6,7,-1,21,20,6,-1,22,7,8,-1,22,21,7,-1,
  23,8,9,-1,23,22,8,-1,24,9,10,-1,24,23,9,-1,25,10,11,-1,25,24,10,-1,13,11,12,-1,13,25,11,-1]
  normalPerVertex TRUE
  normal DEF NORM_66 Normal { vector [
  -0.86045084 0.1132805 0.49678152,-0.8365163 0.22414387 0.5,
  -0.7285003 0.46874506 0.49956519,-0.5823571 0.64132271 0.49956519,
  -0.39652723 0.77019528 0.49956519,-0.18367469 0.84658031 0.49956519,
  0.041694983 0.8652723 0.49956519,0.26422321 0.8249974 0.49956519,
  0.46874506 0.7285003 0.49956519,0.64132271 0.5823571 0.49956519,
  0.77019528 0.39652723 0.49956519,0.84658031 0.18367469 0.49956519,
  0.86045084 0.1132805 0.49678152,0.86045084 0.1132805 0.49678152,
  -0.86045084 0.1132805 0.49678152,-0.8365163 0.22414387 0.5,
  -0.76677131 0.4029369 0.49970352,-0.63635647 0.58766218 0.49970352,
  -0.46257498 0.73233925 0.49970352,-0.25726978 0.82710861 0.49970352,
  -0.03443206 0.86551189 0.49970352,0.19075214 0.84493196 0.49970352,
  0.4029369 0.76677131 0.49970352,0.58766218 0.63635647 0.49970352,
  0.73233925 0.46257498 0.49970352,0.82710861 0.25726978 0.49970352] }
}
}
DEF SHAPE_67 Shape {
 appearance USE APP_2
 geometry DEF FACE_67 IndexedFaceSet {
  coord DEF COORD_67 Coordinate { point [
  1.060611 -1.2493553 -3.2086614,1.0636208 -1.2383144 -3.2086614,
  1.0654404 -1.2270161 -3.2086614,1.0660492 -1.2155885 -3.2086614,
  1.0660492 -1.2155885 -3.1496063,1.060611 -1.2493553 -3.1496063,
  1.0636208 -1.2383144 -3.1496063,1.0654404 -1.2270161 -3.1496063] }
 coordIndex [
  6,0,1,-1,6,5,0,-1,7,1,2,-1,7,6,1,-1,4,2,3,-1,4,7,2,-1]
  normalPerVertex TRUE
  normal DEF NORM_67 Normal { vector [
  0.96479456 -0.26300468 0,0.98101842 -0.19391458 0,
  0.99606901 -0.088580574 0,0.99858378 -0.053201911 0,
  0.99858378 -0.053201911 0,0.96479456 -0.26300468 0,
  0.97351448 -0.22862537 0,0.99229569 -0.12389218 0] }
}
}
DEF SHAPE_68 Shape {
 appearance USE APP_2
 geometry DEF FACE_68 IndexedFaceSet {
  coord DEF COORD_68 Coordinate { point [
  0.92122087 -1.1248068 -3.2086614,0.92122087 -1.1248068 -3.1496063,
  0.92140262 -1.1265802 -3.1496063,0.92151179 -1.1283596 -3.1496063,
  0.9215482 -1.130142 -3.1496063,0.9215482 -1.130142 -3.2086614,
  0.92151179 -1.1283596 -3.2086614,0.92140262 -1.1265802 -3.2086614] }
 coordIndex [
  3,5,4,-1,3,6,5,-1,2,7,6,-1,2,6,3,-1,1,0,7,-1,1,7,2,-1]
  normalPerVertex TRUE
  normal DEF NORM_68 Normal { vector [
  -0.99478963 -0.10194895 0,-0.99478963 -0.10194895 0,
  -0.99719692 -0.074821852 0,-0.99942065 -0.034034713 0,
  -0.99979141 -0.020423857 0,-0.99979141 -0.020423857 0,
  -0.99886449 -0.047641781 0,-0.99608551 -0.088394855 0] }
}
}
DEF SHAPE_69 Shape {
 appearance USE APP_2
 geometry DEF FACE_69 IndexedFaceSet {
  coord DEF COORD_69 Coordinate { point [
  1.7087352 -1.5309188 -3.2086614,1.7006135 -1.4692282 -3.2086614,
  1.6768018 -1.4117416 -3.2086614,1.6389229 -1.3623768 -3.2086614,
  1.5895581 -1.3244979 -3.2086614,1.5320715 -1.3006862 -3.2086614,
  1.4703809 -1.2925645 -3.2086614,1.4086903 -1.3006862 -3.2086614,
  1.3512038 -1.3244979 -3.2086614,1.301839 -1.3623768 -3.2086614,
  1.26396 -1.4117416 -3.2086614,1.2401483 -1.4692282 -3.2086614,
  1.2320266 -1.5309188 -3.2086614,1.2320266 -1.5309188 -3.1496063,
  1.7087352 -1.5309188 -3.1496063,1.7006135 -1.4692282 -3.1496063,
  1.6768018 -1.4117416 -3.1496063,1.6389229 -1.3623768 -3.1496063,
  1.5895581 -1.3244979 -3.1496063,1.5320715 -1.3006862 -3.1496063,
  1.4703809 -1.2925645 -3.1496063,1.4086903 -1.3006862 -3.1496063,
  1.3512038 -1.3244979 -3.1496063,1.301839 -1.3623768 -3.1496063,
  1.26396 -1.4117416 -3.1496063,1.2401483 -1.4692282 -3.1496063] }
 coordIndex [
  14,0,1,-1,15,14,1,-1,16,1,2,-1,16,15,1,-1,17,2,3,-1,17,16,2,-1,18,3,4,-1,18,17,3,-1,
  19,4,5,-1,19,18,4,-1,20,5,6,-1,20,19,5,-1,21,6,7,-1,21,20,6,-1,22,7,8,-1,22,21,7,-1,
  23,8,9,-1,23,22,8,-1,24,9,10,-1,24,23,9,-1,25,10,11,-1,25,24,10,-1,13,11,12,-1,13,25,11,-1]
  normalPerVertex TRUE
  normal DEF NORM_69 Normal { vector [
  0.99144486 0.13052619 0,0.96592583 0.25881905 0,
  0.84327172 0.5374875 0,0.67542593 0.73742784 0,
  0.46155098 0.88711369 0,0.21622209 0.9763442 0,
  -0.04384197 0.99903848 0,-0.30091828 0.95364993 0,
  -0.5374875 0.84327172 0,-0.73742784 0.67542593 0,
  -0.88711369 0.46155098 0,-0.9763442 0.21622209 0,
  -0.99144486 0.13052619 0,-0.99144486 0.13052619 0,
  0.99144486 0.13052619 0,0.96592583 0.25881905 0,
  0.88711369 0.46155098 0,0.73742784 0.67542593 0,
  0.5374875 0.84327172 0,0.30091828 0.95364993 0,
  0.04384197 0.99903848 0,-0.21622209 0.9763442 0,
  -0.46155098 0.88711369 0,-0.67542593 0.73742784 0,
  -0.84327172 0.5374875 0,-0.95364993 0.30091828 0] }
}
}
DEF SHAPE_70 Shape {
 appearance USE APP_2
 geometry DEF FACE_70 IndexedFaceSet {
  coord DEF COORD_70 Coordinate { point [
  0.57739383 -1.2493553 -3.2086614,0.58040361 -1.2383144 -3.2086614,
  0.58222321 -1.2270161 -3.2086614,0.58283205 -1.2155885 -3.2086614,
  0.58283205 -1.2155885 -3.1496063,0.57739383 -1.2493553 -3.1496063,
  0.58040361 -1.2383144 -3.1496063,0.58222321 -1.2270161 -3.1496063] }
 coordIndex [
  6,0,1,-1,6,5,0,-1,7,1,2,-1,7,6,1,-1,4,2,3,-1,4,7,2,-1]
  normalPerVertex TRUE
  normal DEF NORM_70 Normal { vector [
  0.96479456 -0.26300468 0,0.98101842 -0.19391458 0,
  0.99606901 -0.088580574 0,0.99858378 -0.053201911 0,
  0.99858378 -0.053201911 0,0.96479456 -0.26300468 0,
  0.97351448 -0.22862537 0,0.99229569 -0.12389218 0] }
}
}
DEF SHAPE_71 Shape {
 appearance USE APP_2
 geometry DEF FACE_71 IndexedFaceSet {
  coord DEF COORD_71 Coordinate { point [
  0.4380037 -1.1248068 -3.2086614,0.4380037 -1.1248068 -3.1496063,
  0.43818545 -1.1265802 -3.1496063,0.43829462 -1.1283596 -3.1496063,
  0.43833103 -1.130142 -3.1496063,0.43833103 -1.130142 -3.2086614,
  0.43829462 -1.1283596 -3.2086614,0.43818545 -1.1265802 -3.2086614] }
 coordIndex [
  3,5,4,-1,3,6,5,-1,2,7,6,-1,2,6,3,-1,1,0,7,-1,1,7,2,-1]
  normalPerVertex TRUE
  normal DEF NORM_71 Normal { vector [
  -0.99478963 -0.10194895 0,-0.99478963 -0.10194895 0,
  -0.99719692 -0.074821852 0,-0.99942065 -0.034034713 0,
  -0.99979141 -0.020423857 0,-0.99979141 -0.020423857 0,
  -0.99886449 -0.047641781 0,-0.99608551 -0.088394855 0] }
}
}
DEF SHAPE_72 Shape {
 appearance USE APP_2
 geometry DEF FACE_72 IndexedFaceSet {
  coord DEF COORD_72 Coordinate { point [
  -0.13358523 -1.4840249 -3.2086614,-0.13679266 -1.4596621 -3.2086614,
  -0.14619636 -1.4369595 -3.2086614,-0.16115548 -1.4174644 -3.2086614,
  -0.18065059 -1.4025053 -3.2086614,-0.20335313 -1.3931016 -3.2086614,
  -0.22771595 -1.3898942 -3.2086614,-0.25207877 -1.3931016 -3.2086614,
  -0.27478131 -1.4025053 -3.2086614,-0.29427642 -1.4174644 -3.2086614,
  -0.30923554 -1.4369595 -3.2086614,-0.31863924 -1.4596621 -3.2086614,
  -0.32184667 -1.4840249 -3.2086614,-0.32184667 -1.4840249 -3.1496063,
  -0.13358523 -1.4840249 -3.1496063,-0.13679266 -1.4596621 -3.1496063,
  -0.14619636 -1.4369595 -3.1496063,-0.16115548 -1.4174644 -3.1496063,
  -0.18065059 -1.4025053 -3.1496063,-0.20335313 -1.3931016 -3.1496063,
  -0.22771595 -1.3898942 -3.1496063,-0.25207877 -1.3931016 -3.1496063,
  -0.27478131 -1.4025053 -3.1496063,-0.29427642 -1.4174644 -3.1496063,
  -0.30923554 -1.4369595 -3.1496063,-0.31863924 -1.4596621 -3.1496063] }
 coordIndex [
  15,0,1,-1,15,14,0,-1,16,1,2,-1,16,15,1,-1,17,2,3,-1,17,16,2,-1,18,3,4,-1,18,17,3,-1,
  19,4,5,-1,19,18,4,-1,20,5,6,-1,20,19,5,-1,21,6,7,-1,21,20,6,-1,22,7,8,-1,22,21,7,-1,
  23,8,9,-1,23,22,8,-1,24,9,10,-1,24,23,9,-1,25,10,11,-1,25,24,10,-1,13,11,12,-1,13,25,11,-1]
  normalPerVertex TRUE
  normal DEF NORM_72 Normal { vector [
  0.99144486 0.13052619 0,0.95364993 0.30091828 0,
  0.84327172 0.5374875 0,0.67542593 0.73742784 0,
  0.46155098 0.88711369 0,0.21622209 0.9763442 0,
  -0.04384197 0.99903848 0,-0.30091828 0.95364993 0,
  -0.5374875 0.84327172 0,-0.73742784 0.67542593 0,
  -0.88711369 0.46155098 0,-0.9763442 0.21622209 0,
  -0.99144486 0.13052619 0,-0.99144486 0.13052619 0,
  0.99144486 0.13052619 0,0.9763442 0.21622209 0,
  0.88711369 0.46155098 0,0.73742784 0.67542593 0,
  0.5374875 0.84327172 0,0.30091828 0.95364993 0,
  0.04384197 0.99903848 0,-0.21622209 0.9763442 0,
  -0.46155098 0.88711369 0,-0.67542593 0.73742784 0,
  -0.84327172 0.5374875 0,-0.95364993 0.30091828 0] }
}
}
DEF SHAPE_73 Shape {
 appearance USE APP_3
 geometry DEF FACE_73 IndexedFaceSet {
  coord DEF COORD_73 Coordinate { point [
  -2.7559055 -1.3582677 -0.29527559,-2.5590551 -1.3582677 -0.29527559,
  -2.5590551 -1.3609507 -0.31565504,-2.5590551 -1.3688169 -0.33464567,
  -2.5590551 -1.3813302 -0.35095329,-2.5590551 -1.3976378 -0.36346657,
  -2.5590551 -1.4166284 -0.37133274,-2.5590551 -1.4370079 -0.37401575,
  -2.7559055 -1.4370079 -0.37401575,-2.7559055 -1.4166284 -0.37133274,
  -2.7559055 -1.3976378 -0.36346657,-2.7559055 -1.3813302 -0.35095329,
  -2.7559055 -1.3688169 -0.33464567,-2.7559055 -1.3609507 -0.31565504] }
 coordIndex [
  7,9,8,-1,6,10,9,-1,6,9,7,-1,5,11,10,-1,5,10,6,-1,4,12,11,-1,4,11,5,-1,3,12,4,-1,
  2,13,12,-1,2,12,3,-1,1,0,13,-1,1,13,2,-1]
  normalPerVertex TRUE
  normal DEF NORM_73 Normal { vector [
  0 -0.99144486 0.13052619,0 -0.99144486 0.13052619,
  0 -0.95364993 0.30091828,0 -0.8660254 0.5,
  0 -0.73742784 0.67542593,0 -0.5374875 0.84327172,
  0 -0.30091828 0.95364993,0 -0.13052619 0.99144486,
  0 -0.13052619 0.99144486,0 -0.21622209 0.9763442,
  0 -0.46155098 0.88711369,0 -0.67542593 0.73742784,
  0 -0.8660254 0.5,0 -0.9763442 0.21622209] }
}
}
DEF SHAPE_74 Shape {
 appearance USE APP_3
 geometry DEF FACE_74 IndexedFaceSet {
  coord DEF COORD_74 Coordinate { point [
  2.5590551 -1.3582677 -0.29527559,2.7559055 -1.3582677 -0.29527559,
  2.7559055 -1.3609507 -0.31565504,2.7559055 -1.3688169 -0.33464567,
  2.7559055 -1.3813302 -0.35095329,2.7559055 -1.3976378 -0.36346657,
  2.7559055 -1.4166284 -0.37133274,2.7559055 -1.4370079 -0.37401575,
  2.5590551 -1.4370079 -0.37401575,2.5590551 -1.4166284 -0.37133274,
  2.5590551 -1.3976378 -0.36346657,2.5590551 -1.3813302 -0.35095329,
  2.5590551 -1.3688169 -0.33464567,2.5590551 -1.3609507 -0.31565504] }
 coordIndex [
  7,9,8,-1,6,10,9,-1,6,9,7,-1,5,11,10,-1,5,10,6,-1,4,12,11,-1,4,11,5,-1,3,12,4,-1,
  2,13,12,-1,2,12,3,-1,1,0,13,-1,1,13,2,-1]
  normalPerVertex TRUE
  normal DEF NORM_74 Normal { vector [
  0 -0.99144486 0.13052619,0 -0.99144486 0.13052619,
  0 -0.95364993 0.30091828,0 -0.8660254 0.5,
  0 -0.73742784 0.67542593,0 -0.5374875 0.84327172,
  0 -0.30091828 0.95364993,0 -0.13052619 0.99144486,
  0 -0.13052619 0.99144486,0 -0.21622209 0.9763442,
  0 -0.46155098 0.88711369,0 -0.67542593 0.73742784,
  0 -0.8660254 0.5,0 -0.9763442 0.21622209] }
}
}
DEF SHAPE_75 Shape {
 appearance USE APP_2
 geometry DEF FACE_75 IndexedFaceSet {
  coord DEF COORD_75 Coordinate { point [
  1.6594205 -1.5309188 -3.2086614,1.6594205 -1.5309188 -3.1496063,
  1.6529792 -1.5798459 -3.1496063,1.634094 -1.6254386 -3.1496063,
  1.6040521 -1.66459 -3.1496063,1.5649007 -1.6946319 -3.1496063,
  1.519308 -1.7135171 -3.1496063,1.4703809 -1.7199584 -3.1496063,
  1.4214539 -1.7135171 -3.1496063,1.3758611 -1.6946319 -3.1496063,
  1.3367097 -1.66459 -3.1496063,1.3066678 -1.6254386 -3.1496063,
  1.2877827 -1.5798459 -3.1496063,1.2813413 -1.5309188 -3.1496063,
  1.2813413 -1.5309188 -3.2086614,1.2877827 -1.5798459 -3.2086614,
  1.3066678 -1.6254386 -3.2086614,1.3367097 -1.66459 -3.2086614,
  1.3758611 -1.6946319 -3.2086614,1.4214539 -1.7135171 -3.2086614,
  1.4703809 -1.7199584 -3.2086614,1.519308 -1.7135171 -3.2086614,
  1.5649007 -1.6946319 -3.2086614,1.6040521 -1.66459 -3.2086614,
  1.634094 -1.6254386 -3.2086614,1.6529792 -1.5798459 -3.2086614] }
 coordIndex [
  12,14,13,-1,12,15,14,-1,11,16,15,-1,11,15,12,-1,10,17,16,-1,10,16,11,-1,9,18,17,-1,9,17,10,-1,
  8,19,18,-1,8,18,9,-1,7,20,19,-1,7,19,8,-1,6,21,20,-1,6,20,7,-1,5,22,21,-1,5,21,6,-1,
  4,23,22,-1,4,22,5,-1,3,24,23,-1,3,25,24,-1,3,23,4,-1,2,25,3,-1,1,0,25,-1,1,25,2,-1]
  normalPerVertex TRUE
  normal DEF NORM_75 Normal { vector [
  -0.99144486 0.13052619 0,-0.99144486 0.13052619 0,
  -0.96592583 0.25881905 0,-0.8660254 0.5 0,
  -0.67542593 0.73742784 0,-0.46155098 0.88711369 0,
  -0.21622209 0.9763442 0,0.04384197 0.99903848 0,
  0.30091828 0.95364993 0,0.5374875 0.84327172 0,
  0.73742784 0.67542593 0,0.88711369 0.46155098 0,
  0.9763442 0.21622209 0,0.99144486 0.13052619 0,
  0.99144486 0.13052619 0,0.95364993 0.30091828 0,
  0.84327172 0.5374875 0,0.67542593 0.73742784 0,
  0.46155098 0.88711369 0,0.21622209 0.9763442 0,
  -0.04384197 0.99903848 0,-0.30091828 0.95364993 0,
  -0.5374875 0.84327172 0,-0.73742784 0.67542593 0,
  -0.8660254 0.5 0,-0.96592583 0.25881905 0] }
}
}
DEF SHAPE_76 Shape {
 appearance USE APP_2
 geometry DEF FACE_76 IndexedFaceSet {
  coord DEF COORD_76 Coordinate { point [
  1.5535321 -1.6393293 -3.2086614,1.5614245 -1.6259438 -3.2086614,
  1.5663074 -1.6111919 -3.2086614,1.5679599 -1.595741 -3.2086614,
  1.5679599 -1.595741 -3.1496063,1.5535321 -1.6393293 -3.1496063,
  1.5614245 -1.6259438 -3.1496063,1.5663074 -1.6111919 -3.1496063] }
 coordIndex [
  6,0,1,-1,6,5,0,-1,7,1,2,-1,7,6,1,-1,4,2,3,-1,4,7,2,-1]
  normalPerVertex TRUE
  normal DEF NORM_76 Normal { vector [
  0.86141224 -0.50790644 0,0.92469397 -0.38071126 0,
  0.9842945 -0.17653426 0,0.99432886 -0.10634903 0,
  0.99432886 -0.10634903 0,0.86141224 -0.50790644 0,
  0.89523461 -0.4455951 0,0.96922391 -0.24618083 0] }
}
}
DEF SHAPE_77 Shape {
 appearance USE APP_2
 geometry DEF FACE_77 IndexedFaceSet {
  coord DEF COORD_77 Coordinate { point [
  1.5048326 -1.5543545 -3.2086614,1.5048326 -1.5543545 -3.1496063,
  1.5136256 -1.5592794 -3.1496063,1.521026 -1.5661209 -3.1496063,
  1.526625 -1.5745008 -3.1496063,1.5301131 -1.5839563 -3.1496063,
  1.5312976 -1.5939647 -3.1496063,1.5312976 -1.5939647 -3.2086614,
  1.5301131 -1.5839563 -3.2086614,1.526625 -1.5745008 -3.2086614,
  1.521026 -1.5661209 -3.2086614,1.5136256 -1.5592794 -3.2086614] }
 coordIndex [
  6,8,7,-1,5,9,8,-1,5,8,6,-1,4,10,9,-1,4,9,5,-1,3,11,10,-1,3,10,4,-1,2,11,3,-1,
  1,0,11,-1,1,11,2,-1]
  normalPerVertex TRUE
  normal DEF NORM_77 Normal { vector [
  -0.48866523 -0.87247137 0,-0.48866523 -0.87247137 0,
  -0.58782196 -0.80899033 0,-0.73423714 -0.67889309 0,
  -0.87242892 -0.48874101 0,-0.96241484 -0.27158365 0,
  -0.99306913 -0.11753168 0,-0.99306913 -0.11753168 0,
  -0.98081878 -0.19492181 0,-0.90821991 -0.41849324 0,
  -0.78543754 -0.61894093 0,-0.58782196 -0.80899033 0] }
}
}
DEF SHAPE_78 Shape {
 appearance USE APP_2
 geometry DEF FACE_78 IndexedFaceSet {
  coord DEF COORD_78 Coordinate { point [
  -2.6843697 -1.988189 -0.69592068,-2.6843697 -5.2755906 -0.69592068,
  -2.6999144 -5.2755906 -0.70653313,-2.7175336 -5.2755906 -0.71315327,
  -2.7362205 -5.2755906 -0.71540283,-2.7362205 -1.988189 -0.71540283,
  -2.7175336 -1.988189 -0.71315327,-2.6999144 -1.988189 -0.70653313] }
 coordIndex [
  3,5,4,-1,3,6,5,-1,2,7,6,-1,2,6,3,-1,1,0,7,-1,1,7,2,-1]
  normalPerVertex TRUE
  normal DEF NORM_78 Normal { vector [
  -0.5638375 0 0.82588575,-0.5638375 0 0.82588575,
  -0.425138 0 0.90512854,-0.19818353 0 0.98016493,
  -0.11951861 0 0.99283196,-0.11951861 0 0.99283196,
  -0.27608236 0 0.96113398,-0.49629481 0 0.86815405] }
}
}
DEF SHAPE_79 Shape {
 appearance USE APP_2
 geometry DEF FACE_79 IndexedFaceSet {
  coord DEF COORD_79 Coordinate { point [
  -3.1299213 -2.3425197 -1.988189,-3.1299213 -2.5 -1.988189,
  -3.1299213 -2.5 -1.2007874,-3.1299213 -2.3425197 -1.2007874] }
 coordIndex [
  3,0,1,-1,3,1,2,-1]
  normalPerVertex TRUE
  normal DEF NORM_79 Normal { vector [
  -1 0 0,-1 0 0,
  -1 0 0,-1 0 0] }
}
}
DEF SHAPE_80 Shape {
 appearance USE APP_2
 geometry DEF FACE_80 IndexedFaceSet {
  coord DEF COORD_80 Coordinate { point [
  -1.8748553 -5.511811 -0.19685039,-1.8452698 -5.4330709 -0.27559055,
  -2.7755906 -5.4330709 -1.0896212,-2.8543307 -5.511811 -1.0538914] }
 coordIndex [
  0,2,1,-1,0,3,2,-1]
  normalPerVertex TRUE
  normal DEF NORM_80 Normal { vector [
  0.46563307 -0.70710678 -0.53215208,0.46563307 -0.70710678 -0.53215208,
  0.46563307 -0.70710678 -0.53215208,0.46563307 -0.70710678 -0.53215208] }
}
}
DEF SHAPE_81 Shape {
 appearance USE APP_2
 geometry DEF FACE_81 IndexedFaceSet {
  coord DEF COORD_81 Coordinate { point [
  -1.8452698 -5.4330709 -0.27559055,-0.29527559 -5.4330709 -0.27559055,
  -0.21653543 -5.511811 -0.19685039,-1.8748553 -5.511811 -0.19685039] }
 coordIndex [
  1,2,3,-1,1,3,0,-1]
  normalPerVertex TRUE
  normal DEF NORM_81 Normal { vector [
  0 -0.70710678 -0.70710678,0 -0.70710678 -0.70710678,
  0 -0.70710678 -0.70710678,0 -0.70710678 -0.70710678] }
}
}
DEF SHAPE_82 Shape {
 appearance USE APP_2
 geometry DEF FACE_82 IndexedFaceSet {
  coord DEF COORD_82 Coordinate { point [
  0.21653543 -5.511811 -0.19685039,2.8543307 -5.511811 -0.19685039,
  0.29527559 -5.4330709 -0.27559055,2.7755906 -5.4330709 -0.27559055] }
 coordIndex [
  3,1,0,-1,3,0,2,-1]
  normalPerVertex TRUE
  normal DEF NORM_82 Normal { vector [
  0 -0.70710678 -0.70710678,0 -0.70710678 -0.70710678,
  0 -0.70710678 -0.70710678,0 -0.70710678 -0.70710678] }
}
}
DEF SHAPE_83 Shape {
 appearance USE APP_2
 geometry DEF FACE_83 IndexedFaceSet {
  coord DEF COORD_83 Coordinate { point [
  2.8543307 -5.511811 -0.19685039,2.8543307 -5.511811 -2.992126,
  2.7755906 -5.4330709 -0.27559055,2.7755906 -5.4330709 -2.9133858] }
 coordIndex [
  0,2,3,-1,0,3,1,-1]
  normalPerVertex TRUE
  normal DEF NORM_83 Normal { vector [
  -0.70710678 -0.70710678 0,-0.70710678 -0.70710678 0,
  -0.70710678 -0.70710678 0,-0.70710678 -0.70710678 0] }
}
}
DEF SHAPE_84 Shape {
 appearance USE APP_2
 geometry DEF FACE_84 IndexedFaceSet {
  coord DEF COORD_84 Coordinate { point [
  -0.29527559 -5.4330709 -0.27559055,-0.29527559 -5.4330709 -0.59055118,
  -0.21653543 -5.511811 -0.51181102,-0.21653543 -5.511811 -0.19685039] }
 coordIndex [
  0,1,2,-1,3,0,2,-1]
  normalPerVertex TRUE
  normal DEF NORM_84 Normal { vector [
  -0.70710678 -0.70710678 0,-0.70710678 -0.70710678 0,
  -0.70710678 -0.70710678 0,-0.70710678 -0.70710678 0] }
}
}
DEF SHAPE_85 Shape {
 appearance USE APP_2
 geometry DEF FACE_85 IndexedFaceSet {
  coord DEF COORD_85 Coordinate { point [
  -1.8452698 -5.4330709 -0.27559055,-0.29527559 -5.4330709 -0.27559055,
  -0.29527559 -2.0866142 -0.27559055,-1.8452698 -2.0866142 -0.27559055] }
 coordIndex [
  3,1,0,-1,2,1,3,-1]
  normalPerVertex TRUE
  normal DEF NORM_85 Normal { vector [
  0 0 -1,0 0 -1,
  0 0 -1,0 0 -1] }
}
}
DEF SHAPE_86 Shape {
 appearance USE APP_2
 geometry DEF FACE_86 IndexedFaceSet {
  coord DEF COORD_86 Coordinate { point [
  0.21653543 -5.511811 -0.51181102,0.21653543 -5.511811 -0.19685039,
  0.29527559 -5.4330709 -0.59055118,0.29527559 -5.4330709 -0.27559055] }
 coordIndex [
  3,1,0,-1,3,0,2,-1]
  normalPerVertex TRUE
  normal DEF NORM_86 Normal { vector [
  0.70710678 -0.70710678 0,0.70710678 -0.70710678 0,
  0.70710678 -0.70710678 0,0.70710678 -0.70710678 0] }
}
}
DEF SHAPE_87 Shape {
 appearance USE APP_2
 geometry DEF FACE_87 IndexedFaceSet {
  coord DEF COORD_87 Coordinate { point [
  0.29527559 -5.4330709 -0.27559055,2.7755906 -5.4330709 -0.27559055,
  2.7755906 -2.0866142 -0.27559055,0.29527559 -2.0866142 -0.27559055] }
 coordIndex [
  3,1,0,-1,2,1,3,-1]
  normalPerVertex TRUE
  normal DEF NORM_87 Normal { vector [
  0 0 -1,0 0 -1,
  0 0 -1,0 0 -1] }
}
}
DEF SHAPE_88 Shape {
 appearance USE APP_2
 geometry DEF FACE_88 IndexedFaceSet {
  coord DEF COORD_88 Coordinate { point [
  -0.21653543 -5.511811 -0.51181102,0.21653543 -5.511811 -0.51181102,
  -0.29527559 -5.4330709 -0.59055118,0.29527559 -5.4330709 -0.59055118] }
 coordIndex [
  3,1,0,-1,3,0,2,-1]
  normalPerVertex TRUE
  normal DEF NORM_88 Normal { vector [
  0 -0.70710678 -0.70710678,0 -0.70710678 -0.70710678,
  0 -0.70710678 -0.70710678,0 -0.70710678 -0.70710678] }
}
}
DEF SHAPE_89 Shape {
 appearance USE APP_2
 geometry DEF FACE_89 IndexedFaceSet {
  coord DEF COORD_89 Coordinate { point [
  0.29527559 -5.4330709 -0.59055118,0.29527559 -5.4330709 -0.27559055,
  0.29527559 -2.0866142 -0.27559055,0.29527559 -2.0866142 -0.59055118] }
 coordIndex [
  3,1,0,-1,2,1,3,-1]
  normalPerVertex TRUE
  normal DEF NORM_89 Normal { vector [
  1 0 0,1 0 0,
  1 0 0,1 0 0] }
}
}
DEF SHAPE_90 Shape {
 appearance USE APP_2
 geometry DEF FACE_90 IndexedFaceSet {
  coord DEF COORD_90 Coordinate { point [
  -0.29527559 -5.4330709 -0.27559055,-0.29527559 -5.4330709 -0.59055118,
  -0.29527559 -2.0866142 -0.59055118,-0.29527559 -2.0866142 -0.27559055] }
 coordIndex [
  2,1,0,-1,2,0,3,-1]
  normalPerVertex TRUE
  normal DEF NORM_90 Normal { vector [
  -1 0 0,-1 0 0,
  -1 0 0,-1 0 0] }
}
}
DEF SHAPE_91 Shape {
 appearance USE APP_2
 geometry DEF FACE_91 IndexedFaceSet {
  coord DEF COORD_91 Coordinate { point [
  -0.29527559 -5.4330709 -0.59055118,0.29527559 -5.4330709 -0.59055118,
  0.29527559 -2.0866142 -0.59055118,0.47737509 -2.0866142 -0.59055118,
  0.47737509 -0.78740157 -0.59055118,-0.47737509 -0.78740157 -0.59055118,
  -0.47737509 -2.0866142 -0.59055118,-0.29527559 -2.0866142 -0.59055118] }
 coordIndex [
  2,1,0,-1,2,0,7,-1,5,7,6,-1,4,3,2,-1,4,2,7,-1,4,7,5,-1]
  normalPerVertex TRUE
  normal DEF NORM_91 Normal { vector [
  0 0 -1,0 0 -1,
  0 0 -1,0 0 -1,
  0 0 -1,0 0 -1,
  0 0 -1,0 0 -1] }
}
}
DEF SHAPE_92 Shape {
 appearance USE APP_2
 geometry DEF FACE_92 IndexedFaceSet {
  coord DEF COORD_92 Coordinate { point [
  2.7755906 -5.4330709 -2.9133858,-1.8452698 -5.4330709 -2.9133858,
  -1.8748553 -5.511811 -2.992126,2.8543307 -5.511811 -2.992126] }
 coordIndex [
  0,1,2,-1,3,0,2,-1]
  normalPerVertex TRUE
  normal DEF NORM_92 Normal { vector [
  0 -0.70710678 0.70710678,0 -0.70710678 0.70710678,
  0 -0.70710678 0.70710678,0 -0.70710678 0.70710678] }
}
}
DEF SHAPE_93 Shape {
 appearance USE APP_2
 geometry DEF FACE_93 IndexedFaceSet {
  coord DEF COORD_93 Coordinate { point [
  2.7755906 -5.4330709 -0.27559055,2.7755906 -5.4330709 -2.9133858,
  2.7755906 -2.0866142 -2.9133858,2.7755906 -2.0866142 -0.27559055] }
 coordIndex [
  2,1,0,-1,2,0,3,-1]
  normalPerVertex TRUE
  normal DEF NORM_93 Normal { vector [
  -1 0 0,-1 0 0,
  -1 0 0,-1 0 0] }
}
}
DEF SHAPE_94 Shape {
 appearance USE APP_2
 geometry DEF FACE_94 IndexedFaceSet {
  coord DEF COORD_94 Coordinate { point [
  -1.8452698 -5.4330709 -2.9133858,-2.7755906 -5.4330709 -2.0993552,
  -2.8543307 -5.511811 -2.135085,-1.8748553 -5.511811 -2.992126] }
 coordIndex [
  3,0,1,-1,3,1,2,-1]
  normalPerVertex TRUE
  normal DEF NORM_94 Normal { vector [
  0.46563307 -0.70710678 0.53215208,0.46563307 -0.70710678 0.53215208,
  0.46563307 -0.70710678 0.53215208,0.46563307 -0.70710678 0.53215208] }
}
}
DEF SHAPE_95 Shape {
 appearance USE APP_2
 geometry DEF FACE_95 IndexedFaceSet {
  coord DEF COORD_95 Coordinate { point [
  2.7755906 -5.4330709 -2.9133858,-1.8452698 -5.4330709 -2.9133858,
  -1.8452698 -2.0866142 -2.9133858,2.7755906 -2.0866142 -2.9133858] }
 coordIndex [
  1,0,3,-1,2,1,3,-1]
  normalPerVertex TRUE
  normal DEF NORM_95 Normal { vector [
  0 0 1,0 0 1,
  0 0 1,0 0 1] }
}
}
DEF SHAPE_96 Shape {
 appearance USE APP_2
 geometry DEF FACE_96 IndexedFaceSet {
  coord DEF COORD_96 Coordinate { point [
  -2.7755906 -5.4330709 -2.0993552,-2.7755906 -5.4330709 -1.0896212,
  -2.8543307 -5.511811 -1.0538914,-2.8543307 -5.511811 -2.135085] }
 coordIndex [
  2,3,0,-1,1,2,0,-1]
  normalPerVertex TRUE
  normal DEF NORM_96 Normal { vector [
  0.70710678 -0.70710678 0,0.70710678 -0.70710678 0,
  0.70710678 -0.70710678 0,0.70710678 -0.70710678 0] }
}
}
DEF SHAPE_97 Shape {
 appearance USE APP_2
 geometry DEF FACE_97 IndexedFaceSet {
  coord DEF COORD_97 Coordinate { point [
  -2.7755906 -5.4330709 -1.0896212,-2.7755906 -2.0866142 -1.0896212,
  -1.8452698 -2.0866142 -0.27559055,-1.8452698 -5.4330709 -0.27559055] }
 coordIndex [
  2,3,0,-1,1,2,0,-1]
  normalPerVertex TRUE
  normal DEF NORM_97 Normal { vector [
  0.65850461 0 -0.75257669,0.65850461 0 -0.75257669,
  0.65850461 0 -0.75257669,0.65850461 0 -0.75257669] }
}
}
DEF SHAPE_98 Shape {
 appearance USE APP_2
 geometry DEF FACE_98 IndexedFaceSet {
  coord DEF COORD_98 Coordinate { point [
  -1.8452698 -5.4330709 -2.9133858,-2.7755906 -5.4330709 -2.0993552,
  -2.7755906 -2.0866142 -2.0993552,-1.8452698 -2.0866142 -2.9133858] }
 coordIndex [
  2,1,0,-1,2,0,3,-1]
  normalPerVertex TRUE
  normal DEF NORM_98 Normal { vector [
  0.65850461 0 0.75257669,0.65850461 0 0.75257669,
  0.65850461 0 0.75257669,0.65850461 0 0.75257669] }
}
}
DEF SHAPE_99 Shape {
 appearance USE APP_2
 geometry DEF FACE_99 IndexedFaceSet {
  coord DEF COORD_99 Coordinate { point [
  -2.7755906 -5.4330709 -2.0993552,-2.7755906 -5.4330709 -1.0896212,
  -2.7755906 -2.0866142 -1.0896212,-2.7755906 -2.0866142 -2.0993552] }
 coordIndex [
  2,1,0,-1,2,0,3,-1]
  normalPerVertex TRUE
  normal DEF NORM_99 Normal { vector [
  1 0 0,1 0 0,
  1 0 0,1 0 0] }
}
}
DEF SHAPE_100 Shape {
 appearance USE APP_2
 geometry DEF FACE_100 IndexedFaceSet {
  coord DEF COORD_100 Coordinate { point [
  3.1299213 -2.0275591 -1.6732283,3.1299213 -2.3425197 -1.6732283,
  3.1299213 -2.0275591 -1.515748,3.1299213 -2.3425197 -1.515748,
  3.1299213 -2.3425197 -1.2007874,3.1299213 -2.5 -1.2007874,
  3.1299213 -2.5 -1.515748,3.1299213 -2.8149606 -1.515748,
  3.1299213 -2.8149606 -1.6732283,3.1299213 -2.5 -1.6732283,
  3.1299213 -2.5 -1.988189,3.1299213 -2.3425197 -1.988189] }
 coordIndex [
  3,4,5,-1,3,5,6,-1,9,6,7,-1,9,7,8,-1,1,3,6,-1,1,6,9,-1,0,2,3,-1,0,3,1,-1,
  11,9,10,-1,11,1,9,-1]
  normalPerVertex TRUE
  normal DEF NORM_100 Normal { vector [
  1 0 0,1 0 0,
  1 0 0,1 0 0,
  1 0 0,1 0 0,
  1 0 0,1 0 0,
  1 0 0,1 0 0,
  1 0 0,1 0 0] }
}
}
DEF SHAPE_101 Shape {
 appearance USE APP_2
 geometry DEF FACE_101 IndexedFaceSet {
  coord DEF COORD_101 Coordinate { point [
  2.8149606 -5.511811 0.11811024,2.8149606 -5.3740157 0.11811024,
  3.0511811 -5.511811 0.11811024,3.0511811 -5.2755906 0.11811024,
  2.9133858 -5.2755906 0.11811024,2.8183144 -5.3485414 0.11811024,
  2.8281471 -5.3248031 0.11811024,2.8437887 -5.3044186 0.11811024,
  2.8641732 -5.288777 0.11811024,2.8879115 -5.2789443 0.11811024] }
 coordIndex [
  6,5,1,-1,7,6,1,-1,2,1,0,-1,9,8,7,-1,9,7,1,-1,4,1,2,-1,4,9,1,-1,3,4,2,-1]
  normalPerVertex TRUE
  normal DEF NORM_101 Normal { vector [
  0 0 1,0 0 1,
  0 0 1,0 0 1,
  0 0 1,0 0 1,
  0 0 1,0 0 1,
  0 0 1,0 0 1] }
}
}
DEF SHAPE_102 Shape {
 appearance USE APP_2
 geometry DEF FACE_102 IndexedFaceSet {
  coord DEF COORD_102 Coordinate { point [
  3.0511811 -2.3425197 -1.515748,3.1299213 -2.3425197 -1.515748,
  3.0511811 -2.0275591 -1.515748,3.1299213 -2.0275591 -1.515748] }
 coordIndex [
  3,0,1,-1,2,0,3,-1]
  normalPerVertex TRUE
  normal DEF NORM_102 Normal { vector [
  0 0 1,0 0 1,
  0 0 1,0 0 1] }
}
}
DEF SHAPE_103 Shape {
 appearance USE APP_2
 geometry DEF FACE_103 IndexedFaceSet {
  coord DEF COORD_103 Coordinate { point [
  3.0511811 -2.3425197 -1.515748,3.0511811 -2.3425197 -1.2007874,
  3.1299213 -2.3425197 -1.515748,3.1299213 -2.3425197 -1.2007874] }
 coordIndex [
  2,0,1,-1,2,1,3,-1]
  normalPerVertex TRUE
  normal DEF NORM_103 Normal { vector [
  0 1 0,0 1 0,
  0 1 0,0 1 0] }
}
}
DEF SHAPE_104 Shape {
 appearance USE APP_2
 geometry DEF FACE_104 IndexedFaceSet {
  coord DEF COORD_104 Coordinate { point [
  3.1299213 -2.3425197 -1.2007874,3.1299213 -2.5 -1.2007874,
  3.0511811 -2.5 -1.2007874,3.0511811 -2.3425197 -1.2007874] }
 coordIndex [
  3,1,0,-1,3,2,1,-1]
  normalPerVertex TRUE
  normal DEF NORM_104 Normal { vector [
  0 0 1,0 0 1,
  0 0 1,0 0 1] }
}
}
DEF SHAPE_105 Shape {
 appearance USE APP_2
 geometry DEF FACE_105 IndexedFaceSet {
  coord DEF COORD_105 Coordinate { point [
  3.1299213 -2.5 -1.515748,3.1299213 -2.5 -1.2007874,
  3.0511811 -2.5 -1.2007874,3.0511811 -2.5 -1.515748] }
 coordIndex [
  0,1,2,-1,0,2,3,-1]
  normalPerVertex TRUE
  normal DEF NORM_105 Normal { vector [
  0 -1 0,0 -1 0,
  0 -1 0,0 -1 0] }
}
}
DEF SHAPE_106 Shape {
 appearance USE APP_2
 geometry DEF FACE_106 IndexedFaceSet {
  coord DEF COORD_106 Coordinate { point [
  3.0511811 -2.5 -1.515748,3.0511811 -2.8149606 -1.515748,
  3.1299213 -2.5 -1.515748,3.1299213 -2.8149606 -1.515748] }
 coordIndex [
  0,3,2,-1,0,1,3,-1]
  normalPerVertex TRUE
  normal DEF NORM_106 Normal { vector [
  0 0 1,0 0 1,
  0 0 1,0 0 1] }
}
}
DEF SHAPE_107 Shape {
 appearance USE APP_2
 geometry DEF FACE_107 IndexedFaceSet {
  coord DEF COORD_107 Coordinate { point [
  3.1299213 -2.8149606 -1.6732283,3.0511811 -2.8149606 -1.6732283,
  3.1299213 -2.8149606 -1.515748,3.0511811 -2.8149606 -1.515748] }
 coordIndex [
  0,2,3,-1,0,3,1,-1]
  normalPerVertex TRUE
  normal DEF NORM_107 Normal { vector [
  0 -1 0,0 -1 0,
  0 -1 0,0 -1 0] }
}
}
DEF SHAPE_108 Shape {
 appearance USE APP_2
 geometry DEF FACE_108 IndexedFaceSet {
  coord DEF COORD_108 Coordinate { point [
  3.1299213 -2.5 -1.6732283,3.1299213 -2.8149606 -1.6732283,
  3.0511811 -2.8149606 -1.6732283,3.0511811 -2.5 -1.6732283] }
 coordIndex [
  3,0,1,-1,3,1,2,-1]
  normalPerVertex TRUE
  normal DEF NORM_108 Normal { vector [
  0 0 -1,0 0 -1,
  0 0 -1,0 0 -1] }
}
}
DEF SHAPE_109 Shape {
 appearance USE APP_2
 geometry DEF FACE_109 IndexedFaceSet {
  coord DEF COORD_109 Coordinate { point [
  3.0511811 -2.5 -1.6732283,3.1299213 -2.5 -1.6732283,
  3.0511811 -2.5 -1.988189,3.1299213 -2.5 -1.988189] }
 coordIndex [
  3,1,0,-1,3,0,2,-1]
  normalPerVertex TRUE
  normal DEF NORM_109 Normal { vector [
  0 -1 0,0 -1 0,
  0 -1 0,0 -1 0] }
}
}
DEF SHAPE_110 Shape {
 appearance USE APP_2
 geometry DEF FACE_110 IndexedFaceSet {
  coord DEF COORD_110 Coordinate { point [
  3.0511811 -2.3425197 -1.988189,3.1299213 -2.3425197 -1.988189,
  3.1299213 -2.5 -1.988189,3.0511811 -2.5 -1.988189] }
 coordIndex [
  0,1,2,-1,0,2,3,-1]
  normalPerVertex TRUE
  normal DEF NORM_110 Normal { vector [
  0 0 -1,0 0 -1,
  0 0 -1,0 0 -1] }
}
}
DEF SHAPE_111 Shape {
 appearance USE APP_2
 geometry DEF FACE_111 IndexedFaceSet {
  coord DEF COORD_111 Coordinate { point [
  3.0511811 -2.3425197 -1.988189,3.1299213 -2.3425197 -1.988189,
  3.1299213 -2.3425197 -1.6732283,3.0511811 -2.3425197 -1.6732283] }
 coordIndex [
  1,3,2,-1,1,0,3,-1]
  normalPerVertex TRUE
  normal DEF NORM_111 Normal { vector [
  0 1 0,0 1 0,
  0 1 0,0 1 0] }
}
}
DEF SHAPE_112 Shape {
 appearance USE APP_2
 geometry DEF FACE_112 IndexedFaceSet {
  coord DEF COORD_112 Coordinate { point [
  3.0511811 -2.3425197 -1.6732283,3.0511811 -2.0275591 -1.6732283,
  3.1299213 -2.0275591 -1.6732283,3.1299213 -2.3425197 -1.6732283] }
 coordIndex [
  1,2,3,-1,1,3,0,-1]
  normalPerVertex TRUE
  normal DEF NORM_112 Normal { vector [
  0 0 -1,0 0 -1,
  0 0 -1,0 0 -1] }
}
}
DEF SHAPE_113 Shape {
 appearance USE APP_2
 geometry DEF FACE_113 IndexedFaceSet {
  coord DEF COORD_113 Coordinate { point [
  2.6574803 -5.511811 -3.1889764,2.6574803 -1.8307087 -3.1889764,
  2.7321287 -1.8307087 -3.1818347,2.8040688 -1.8307087 -3.1606687,
  2.8706907 -1.8307087 -3.1262463,2.8706907 -1.6338583 -3.1262463,
  2.9458463 -1.6338583 -3.0633155,3.0031257 -1.6338583 -2.9837686,
  3.0389781 -1.6338583 -2.8925367,3.0511811 -1.6338583 -2.7952756,
  3.0511811 -5.511811 -2.7952756,2.7593776 -5.511811 -3.1755613,
  2.8543307 -5.511811 -3.1362305,2.9358688 -5.511811 -3.0736641,
  2.9984352 -5.511811 -2.992126,3.0377661 -5.511811 -2.8971729] }
 coordIndex [
  8,9,10,-1,8,10,15,-1,7,15,14,-1,7,8,15,-1,6,14,13,-1,6,7,14,-1,4,13,12,-1,4,6,13,-1,
  5,6,4,-1,3,12,11,-1,3,4,12,-1,2,11,0,-1,2,3,11,-1,1,2,0,-1]
  normalPerVertex TRUE
  normal DEF NORM_113 Normal { vector [
  0.11565718 -0.00041831277 -0.9932891,0.095236286 0 -0.9954547,
  0.16558981 -0.00015983247 -0.9861947,0.37655983 -0.0001252126 -0.92639229,
  0.58408778 4.0483499e-05 -0.8116905,0.64199614 0 -0.76670787,
  0.75264173 7.6535213e-05 -0.65843027,0.89496972 3.8703209e-05 -0.4461269,
  0.97832121 -4.9282231e-06 -0.20709326,0.99222085 0 -0.12449009,
  0.99182826 -7.8736152e-05 -0.12758017,0.26513808 -0.00047934181 -0.96421033,
  0.48908466 -0.00043969114 -0.87223621,0.68777136 -0.00019686485 -0.72592735,
  0.84925883 -0.00015151505 -0.52797672,0.95581846 -0.00010467292 -0.29395758] }
}
}
DEF SHAPE_114 Shape {
 appearance USE APP_2
 geometry DEF FACE_114 IndexedFaceSet {
  coord DEF COORD_114 Coordinate { point [
  -2.9133858 -5.2755906 0.11811024,-3.0511811 -5.2755906 0.11811024,
  -3.0511811 -5.511811 0.11811024,-2.8149606 -5.511811 0.11811024,
  -2.8149606 -5.3740157 0.11811024,-2.8879115 -5.2789443 0.11811024,
  -2.8641732 -5.288777 0.11811024,-2.8437887 -5.3044186 0.11811024,
  -2.8281471 -5.3248031 0.11811024,-2.8183144 -5.3485414 0.11811024] }
 coordIndex [
  0,1,2,-1,4,2,3,-1,4,0,2,-1,5,0,4,-1,8,4,9,-1,7,6,5,-1,7,5,4,-1,7,4,8,-1]
  normalPerVertex TRUE
  normal DEF NORM_114 Normal { vector [
  0 0 1,0 0 1,
  0 0 1,0 0 1,
  0 0 1,0 0 1,
  0 0 1,0 0 1,
  0 0 1,0 0 1] }
}
}
DEF SHAPE_115 Shape {
 appearance USE APP_2
 geometry DEF FACE_115 IndexedFaceSet {
  coord DEF COORD_115 Coordinate { point [
  -3.0511811 -5.511811 -2.7952756,-3.0511811 -1.6338583 -2.7952756,
  -3.0379903 -1.6338583 -2.8963324,-2.9993017 -1.6338583 -2.9906175,
  -2.9377078 -1.6338583 -3.0718128,-2.8573361 -1.6338583 -3.1344775,
  -2.8573361 -1.8307087 -3.1344775,-2.7943112 -1.8307087 -3.1644336,
  -2.7269876 -1.8307087 -3.1827921,-2.6574803 -1.8307087 -3.1889764,
  -2.6574803 -5.511811 -3.1889764,-3.0377661 -5.511811 -2.8971729,
  -2.9984352 -5.511811 -2.992126,-2.9358688 -5.511811 -3.0736641,
  -2.8543307 -5.511811 -3.1362305,-2.7593776 -5.511811 -3.1755613] }
 coordIndex [
  8,9,10,-1,8,10,15,-1,7,15,14,-1,7,8,15,-1,6,14,13,-1,6,7,14,-1,4,5,6,-1,4,13,12,-1,
  4,6,13,-1,3,12,11,-1,3,4,12,-1,2,11,0,-1,2,3,11,-1,1,2,0,-1]
  normalPerVertex TRUE
  normal DEF NORM_115 Normal { vector [
  -0.9915165 -1.4576745e-05 -0.12998087,-0.99158844 0 -0.12943089,
  -0.97671211 -1.6455668e-07 -0.21455408,-0.88857418 9.3114657e-06 -0.45873295,
  -0.738644 1.8324114e-05 -0.67409573,-0.61487793 0 -0.7886223,
  -0.5696461 8.5004366e-06 -0.82189009,-0.36254729 -0.00021246512 -0.93196535,
  -0.1570277 -0.00021852659 -0.98759417,-0.088622937 0 -0.99606525,
  -0.11360501 -0.00047598227 -0.99352588,-0.95405484 -1.9553985e-05 -0.29963205,
  -0.84438983 -2.9161524e-05 -0.53572923,-0.67863518 -3.9286811e-05 -0.73447552,
  -0.48225399 -0.00033982019 -0.87603138,-0.25990753 -0.00050821444 -0.96563338] }
}
}
DEF SHAPE_116 Shape {
 appearance USE APP_2
 geometry DEF FACE_116 IndexedFaceSet {
  coord DEF COORD_116 Coordinate { point [
  -3.1299213 -2.5 -1.988189,-3.1299213 -2.5 -1.2007874,
  -3.0511811 -2.5 -1.2007874,-3.0511811 -2.5 -1.988189] }
 coordIndex [
  2,1,0,-1,2,0,3,-1]
  normalPerVertex TRUE
  normal DEF NORM_116 Normal { vector [
  0 -1 0,0 -1 0,
  0 -1 0,0 -1 0] }
}
}
DEF SHAPE_117 Shape {
 appearance USE APP_2
 geometry DEF FACE_117 IndexedFaceSet {
  coord DEF COORD_117 Coordinate { point [
  -3.1299213 -2.5 -1.2007874,-3.1299213 -2.3425197 -1.2007874,
  -3.0511811 -2.3425197 -1.2007874,-3.0511811 -2.5 -1.2007874] }
 coordIndex [
  1,3,2,-1,1,0,3,-1]
  normalPerVertex TRUE
  normal DEF NORM_117 Normal { vector [
  0 0 1,0 0 1,
  0 0 1,0 0 1] }
}
}
DEF SHAPE_118 Shape {
 appearance USE APP_2
 geometry DEF FACE_118 IndexedFaceSet {
  coord DEF COORD_118 Coordinate { point [
  -3.1299213 -2.3425197 -1.2007874,-3.1299213 -2.3425197 -1.988189,
  -3.0511811 -2.3425197 -1.988189,-3.0511811 -2.3425197 -1.2007874] }
 coordIndex [
  2,1,0,-1,2,0,3,-1]
  normalPerVertex TRUE
  normal DEF NORM_118 Normal { vector [
  0 1 0,0 1 0,
  0 1 0,0 1 0] }
}
}
DEF SHAPE_119 Shape {
 appearance USE APP_2
 geometry DEF FACE_119 IndexedFaceSet {
  coord DEF COORD_119 Coordinate { point [
  -3.1299213 -2.3425197 -1.988189,-3.1299213 -2.5 -1.988189,
  -3.0511811 -2.5 -1.988189,-3.0511811 -2.3425197 -1.988189] }
 coordIndex [
  3,1,0,-1,3,2,1,-1]
  normalPerVertex TRUE
  normal DEF NORM_119 Normal { vector [
  0 0 -1,0 0 -1,
  0 0 -1,0 0 -1] }
}
}
DEF SHAPE_120 Shape {
 appearance USE APP_2
 geometry DEF FACE_120 IndexedFaceSet {
  coord DEF COORD_120 Coordinate { point [
  -2.7362205 -5.2755906 -0.71540283,-2.7565999 -5.2755906 -0.71271982,
  -2.7755906 -5.2755906 -0.70485364,-2.7918982 -5.2755906 -0.69234037,
  -2.8044114 -5.2755906 -0.67603275,-2.8122776 -5.2755906 -0.65704212,
  -2.8149606 -5.2755906 -0.63666267,-2.8149606 -1.988189 -0.63666267,
  -2.8122776 -1.988189 -0.65704212,-2.8044114 -1.988189 -0.67603275,
  -2.7918982 -1.988189 -0.69234037,-2.7755906 -1.988189 -0.70485364,
  -2.7565999 -1.988189 -0.71271982,-2.7362205 -1.988189 -0.71540283] }
 coordIndex [
  6,8,7,-1,5,9,8,-1,5,8,6,-1,4,10,9,-1,4,9,5,-1,3,11,10,-1,3,10,4,-1,2,12,11,-1,
  2,11,3,-1,1,13,12,-1,1,12,2,-1,0,13,1,-1]
  normalPerVertex TRUE
  normal DEF NORM_120 Normal { vector [
  0.13052619 0 0.99144486,0.21622209 0 0.9763442,
  0.46155098 0 0.88711369,0.67542593 0 0.73742784,
  0.84327172 0 0.5374875,0.95364993 0 0.30091828,
  0.99144486 0 0.13052619,0.99144486 0 0.13052619,
  0.9763442 0 0.21622209,0.88711369 0 0.46155098,
  0.73742784 0 0.67542593,0.5374875 0 0.84327172,
  0.30091828 0 0.95364993,0.13052619 0 0.99144486] }
}
}
DEF SHAPE_121 Shape {
 appearance USE APP_2
 geometry DEF FACE_121 IndexedFaceSet {
  coord DEF COORD_121 Coordinate { point [
  2.9133858 -5.2755906 0.11811024,2.9133858 -5.2755906 0,
  3.0511811 -5.2755906 0.11811024,3.0511811 -5.2755906 0] }
 coordIndex [
  2,1,0,-1,2,3,1,-1]
  normalPerVertex TRUE
  normal DEF NORM_121 Normal { vector [
  0 1 0,0 1 0,
  0 1 0,0 1 0] }
}
}
DEF SHAPE_122 Shape {
 appearance USE APP_2
 geometry DEF FACE_122 IndexedFaceSet {
  coord DEF COORD_122 Coordinate { point [
  2.9133858 -5.2755906 0.11811024,2.9133858 -5.2755906 0,
  2.8879115 -5.2789443 0,2.8641732 -5.288777 0,
  2.8437887 -5.3044186 0,2.8281471 -5.3248031 0,
  2.8183144 -5.3485414 0,2.8149606 -5.3740157 0,
  2.8149606 -5.3740157 0.11811024,2.8183144 -5.3485414 0.11811024,
  2.8281471 -5.3248031 0.11811024,2.8437887 -5.3044186 0.11811024,
  2.8641732 -5.288777 0.11811024,2.8879115 -5.2789443 0.11811024] }
 coordIndex [
  6,7,8,-1,6,8,9,-1,6,9,10,-1,5,10,11,-1,5,6,10,-1,4,11,12,-1,4,5,11,-1,3,4,12,-1,
  2,12,13,-1,2,3,12,-1,1,13,0,-1,1,2,13,-1]
  normalPerVertex TRUE
  normal DEF NORM_122 Normal { vector [
  -0.13052619 0.99144486 0,-0.13052619 0.99144486 0,
  -0.30091828 0.95364993 0,-0.5 0.8660254 0,
  -0.67542593 0.73742784 0,-0.84327172 0.5374875 0,
  -0.96592583 0.25881905 0,-0.99144486 0.13052619 0,
  -0.99144486 0.13052619 0,-0.96592583 0.25881905 0,
  -0.88711369 0.46155098 0,-0.73742784 0.67542593 0,
  -0.5 0.8660254 0,-0.21622209 0.9763442 0] }
}
}
DEF SHAPE_123 Shape {
 appearance USE APP_2
 geometry DEF FACE_123 IndexedFaceSet {
  coord DEF COORD_123 Coordinate { point [
  2.8149606 -5.3740157 0.11811024,2.8149606 -5.3740157 0,
  2.8149606 -5.511811 0,2.8149606 -5.511811 0.11811024] }
 coordIndex [
  0,1,2,-1,0,2,3,-1]
  normalPerVertex TRUE
  normal DEF NORM_123 Normal { vector [
  -1 0 0,-1 0 0,
  -1 0 0,-1 0 0] }
}
}
DEF SHAPE_124 Shape {
 appearance USE APP_2
 geometry DEF FACE_124 IndexedFaceSet {
  coord DEF COORD_124 Coordinate { point [
  2.8149606 -5.511811 0,-2.8149606 -5.511811 0,
  -2.8149606 -5.511811 0.11811024,-3.0511811 -5.511811 0.11811024,
  -3.0511811 -5.511811 -2.7952756,-3.0377661 -5.511811 -2.8971729,
  -2.9984352 -5.511811 -2.992126,-2.9358688 -5.511811 -3.0736641,
  -2.8543307 -5.511811 -3.1362305,-2.7593776 -5.511811 -3.1755613,
  -2.6574803 -5.511811 -3.1889764,2.6574803 -5.511811 -3.1889764,
  2.7593776 -5.511811 -3.1755613,2.8543307 -5.511811 -3.1362305,
  2.9358688 -5.511811 -3.0736641,2.9984352 -5.511811 -2.992126,
  3.0377661 -5.511811 -2.8971729,3.0511811 -5.511811 -2.7952756,
  3.0511811 -5.511811 0.11811024,2.8149606 -5.511811 0.11811024,
  -1.8748553 -5.511811 -2.992126,-2.8543307 -5.511811 -2.135085,
  -2.8543307 -5.511811 -1.0538914,-1.8748553 -5.511811 -0.19685039,
  -0.21653543 -5.511811 -0.19685039,-0.21653543 -5.511811 -0.51181102,
  0.21653543 -5.511811 -0.51181102,0.21653543 -5.511811 -0.19685039,
  2.8543307 -5.511811 -0.19685039,2.8543307 -5.511811 -2.992126] }
 coordIndex [
  1,2,3,-1,22,1,3,-1,23,1,22,-1,4,21,22,-1,4,22,3,-1,7,4,5,-1,7,5,6,-1,8,4,7,-1,
  10,8,9,-1,10,21,4,-1,10,4,8,-1,26,24,25,-1,26,27,24,-1,20,21,10,-1,18,19,0,-1,28,18,0,-1,
  17,18,28,-1,16,17,29,-1,12,29,11,-1,13,29,12,-1,15,16,29,-1,14,29,13,-1,14,15,29,-1,0,1,28,-1,
  28,1,27,-1,27,1,24,-1,24,1,23,-1,10,11,20,-1,28,29,17,-1,29,20,11,-1]
  normalPerVertex TRUE
  normal DEF NORM_124 Normal { vector [
  0 -1 0,0 -1 0,
  0 -1 0,0 -1 0,
  0 -1 0,0 -1 0,
  0 -1 0,0 -1 0,
  0 -1 0,0 -1 0,
  0 -1 0,0 -1 0,
  0 -1 0,0 -1 0,
  0 -1 0,0 -1 0,
  0 -1 0,0 -1 0,
  0 -1 0,0 -1 0,
  0 -1 0,0 -1 0,
  0 -1 0,0 -1 0,
  0 -1 0,0 -1 0,
  0 -1 0,0 -1 0,
  0 -1 0,0 -1 0] }
}
}
DEF SHAPE_125 Shape {
 appearance USE APP_2
 geometry DEF FACE_125 IndexedFaceSet {
  coord DEF COORD_125 Coordinate { point [
  -2.8149606 -5.511811 0.11811024,-2.8149606 -5.3740157 0.11811024,
  -2.8149606 -5.3740157 0,-2.8149606 -5.511811 0] }
 coordIndex [
  1,3,2,-1,1,0,3,-1]
  normalPerVertex TRUE
  normal DEF NORM_125 Normal { vector [
  1 0 0,1 0 0,
  1 0 0,1 0 0] }
}
}
DEF SHAPE_126 Shape {
 appearance USE APP_2
 geometry DEF FACE_126 IndexedFaceSet {
  coord DEF COORD_126 Coordinate { point [
  -2.8149606 -5.3740157 0.11811024,-2.8149606 -5.3740157 0,
  -2.8183144 -5.3485414 0,-2.8281471 -5.3248031 0,
  -2.8437887 -5.3044186 0,-2.8641732 -5.288777 0,
  -2.8879115 -5.2789443 0,-2.9133858 -5.2755906 0,
  -2.9133858 -5.2755906 0.11811024,-2.8879115 -5.2789443 0.11811024,
  -2.8641732 -5.288777 0.11811024,-2.8437887 -5.3044186 0.11811024,
  -2.8281471 -5.3248031 0.11811024,-2.8183144 -5.3485414 0.11811024] }
 coordIndex [
  6,7,8,-1,6,8,9,-1,5,9,10,-1,5,6,9,-1,4,10,11,-1,4,5,10,-1,3,11,12,-1,3,4,11,-1,
  2,12,13,-1,2,3,12,-1,1,13,0,-1,1,2,13,-1]
  normalPerVertex TRUE
  normal DEF NORM_126 Normal { vector [
  0.99144486 0.13052619 0,0.99144486 0.13052619 0,
  0.95364993 0.30091828 0,0.84327172 0.5374875 0,
  0.67542593 0.73742784 0,0.46155098 0.88711369 0,
  0.21622209 0.9763442 0,0.13052619 0.99144486 0,
  0.13052619 0.99144486 0,0.30091828 0.95364993 0,
  0.5374875 0.84327172 0,0.73742784 0.67542593 0,
  0.88711369 0.46155098 0,0.9763442 0.21622209 0] }
}
}
DEF SHAPE_127 Shape {
 appearance USE APP_2
 geometry DEF FACE_127 IndexedFaceSet {
  coord DEF COORD_127 Coordinate { point [
  -2.9133858 -5.2755906 0,-3.0511811 -5.2755906 0,
  -2.9133858 -5.2755906 0.11811024,-3.0511811 -5.2755906 0.11811024] }
 coordIndex [
  0,3,2,-1,0,1,3,-1]
  normalPerVertex TRUE
  normal DEF NORM_127 Normal { vector [
  0 1 0,0 1 0,
  0 1 0,0 1 0] }
}
}
DEF SHAPE_128 Shape {
 appearance USE APP_2
 geometry DEF FACE_128 IndexedFaceSet {
  coord DEF COORD_128 Coordinate { point [
  -3.0511811 -5.2755906 0,-3.0511811 -5.2755906 0.11811024,
  -3.0511811 -5.511811 0.11811024,-3.0511811 -5.511811 -2.7952756,
  -3.0511811 -1.6338583 -2.7952756,-3.0511811 -1.6338583 0.11811024,
  -3.0511811 -1.9094488 0.11811024,-3.0511811 -1.9094488 0,
  -3.0511811 -2.5 -1.988189,-3.0511811 -2.5 -1.2007874,
  -3.0511811 -2.3425197 -1.2007874,-3.0511811 -2.3425197 -1.988189] }
 coordIndex [
  0,2,1,-1,3,2,0,-1,5,7,6,-1,9,3,0,-1,10,7,5,-1,10,9,7,-1,8,3,9,-1,4,11,10,-1,
  4,8,11,-1,4,10,5,-1,4,3,8,-1,7,9,0,-1]
  normalPerVertex TRUE
  normal DEF NORM_128 Normal { vector [
  -1 0 0,-1 0 0,
  -1 0 0,-1 0 0,
  -1 0 0,-1 0 0,
  -1 0 0,-1 0 0,
  -1 0 0,-1 0 0,
  -1 0 0,-1 0 0] }
}
}
DEF SHAPE_129 Shape {
 appearance USE APP_2
 geometry DEF FACE_129 IndexedFaceSet {
  coord DEF COORD_129 Coordinate { point [
  -2.8149606 -5.2755906 -0.63666267,-2.8149606 -1.988189 -0.63666267,
  -2.8149606 -1.988189 0,-2.8149606 -5.2755906 0] }
 coordIndex [
  1,2,3,-1,1,3,0,-1]
  normalPerVertex TRUE
  normal DEF NORM_129 Normal { vector [
  1 0 0,1 0 0,
  1 0 0,1 0 0] }
}
}
DEF SHAPE_130 Shape {
 appearance USE APP_2
 geometry DEF FACE_130 IndexedFaceSet {
  coord DEF COORD_130 Coordinate { point [
  -2.6843697 -5.2755906 -0.69592068,-2.6999144 -5.2755906 -0.70653313,
  -2.7175336 -5.2755906 -0.71315327,-2.7362205 -5.2755906 -0.71540283,
  -2.7565999 -5.2755906 -0.71271982,-2.7755906 -5.2755906 -0.70485364,
  -2.7918982 -5.2755906 -0.69234037,-2.8044114 -5.2755906 -0.67603275,
  -2.8122776 -5.2755906 -0.65704212,-2.8149606 -5.2755906 -0.63666267,
  -2.8149606 -5.2755906 0,-1.8890318 -5.2755906 0] }
 coordIndex [
  0,1,2,-1,0,2,3,-1,0,3,4,-1,0,4,5,-1,0,5,6,-1,0,6,7,-1,0,7,8,-1,0,8,9,-1,
  10,0,9,-1,11,0,10,-1]
  normalPerVertex TRUE
  normal DEF NORM_130 Normal { vector [
  0 1 0,0 1 0,
  0 1 0,0 1 0,
  0 1 0,0 1 0,
  0 1 0,0 1 0,
  0 1 0,0 1 0,
  0 1 0,0 1 0] }
}
}
DEF SHAPE_131 Shape {
 appearance USE APP_2
 geometry DEF FACE_131 IndexedFaceSet {
  coord DEF COORD_131 Coordinate { point [
  -1.8890318 -5.2755906 0,-1.8890318 -1.988189 0,
  -2.6843697 -1.988189 -0.69592068,-2.6843697 -5.2755906 -0.69592068] }
 coordIndex [
  2,3,0,-1,1,2,0,-1]
  normalPerVertex TRUE
  normal DEF NORM_131 Normal { vector [
  -0.65850461 0 0.75257669,-0.65850461 0 0.75257669,
  -0.65850461 0 0.75257669,-0.65850461 0 0.75257669] }
}
}
DEF SHAPE_132 Shape {
 appearance USE APP_2
 geometry DEF FACE_132 IndexedFaceSet {
  coord DEF COORD_132 Coordinate { point [
  3.0511811 -5.511811 -2.7952756,3.0511811 -5.511811 0.11811024,
  3.0511811 -5.2755906 0.11811024,3.0511811 -5.2755906 0,
  3.0511811 -1.9094488 0,3.0511811 -1.9094488 0.11811024,
  3.0511811 -1.6338583 0.11811024,3.0511811 -1.6338583 -2.7952756,
  3.0511811 -2.0275591 -1.515748,3.0511811 -2.3425197 -1.515748,
  3.0511811 -2.3425197 -1.2007874,3.0511811 -2.5 -1.2007874,
  3.0511811 -2.5 -1.515748,3.0511811 -2.8149606 -1.515748,
  3.0511811 -2.8149606 -1.6732283,3.0511811 -2.5 -1.6732283,
  3.0511811 -2.5 -1.988189,3.0511811 -2.3425197 -1.988189,
  3.0511811 -2.3425197 -1.6732283,3.0511811 -2.0275591 -1.6732283] }
 coordIndex [
  3,1,0,-1,2,1,3,-1,14,0,16,-1,7,16,0,-1,17,16,7,-1,13,3,0,-1,13,0,14,-1,15,14,16,-1,
  11,13,12,-1,11,3,13,-1,19,18,17,-1,19,17,7,-1,8,19,7,-1,10,9,8,-1,4,11,10,-1,4,10,8,-1,
  6,5,4,-1,6,4,8,-1,3,11,4,-1,6,8,7,-1]
  normalPerVertex TRUE
  normal DEF NORM_132 Normal { vector [
  1 0 0,1 0 0,
  1 0 0,1 0 0,
  1 0 0,1 0 0,
  1 0 0,1 0 0,
  1 0 0,1 0 0,
  1 0 0,1 0 0,
  1 0 0,1 0 0,
  1 0 0,1 0 0,
  1 0 0,1 0 0,
  1 0 0,1 0 0] }
}
}
DEF SHAPE_133 Shape {
 appearance USE APP_2
 geometry DEF FACE_133 IndexedFaceSet {
  coord DEF COORD_133 Coordinate { point [
  -2.7948726 0.83744668 0,-2.7515464 0.92773466 0,
  -2.7043905 1.0160842 0,-2.6535429 1.1023619 0,
  -2.6104647 1.1694922 0,-2.5651504 1.2351338 0,
  -2.5176518 1.2992126 0,-2.5171287 1.2992125 0,
  -2.0275591 1.2992126 0,-2.0275591 0.92519685 0,
  -2.0067658 0.76725609 0,-1.9458029 0.62007874 0,
  -1.848825 0.49369468 0,-1.7224409 0.39671678 0,
  -1.5752636 0.33575392 0,-1.4173228 0.31496063 0,
  -1.2593821 0.33575392 0,-1.1122047 0.39671678 0,
  -0.98582067 0.49369468 0,-0.88884277 0.62007874 0,
  -0.82787991 0.76725609 0,-0.80708661 0.92519685 0,
  -0.80708661 1.2992126 0,0.80708661 1.2992126 0,
  0.80708661 0.92519685 0,0.82787991 0.76725609 0,
  0.88884277 0.62007874 0,0.98582067 0.49369468 0,
  1.1122047 0.39671678 0,1.2593821 0.33575392 0,
  1.4173228 0.31496063 0,1.5752636 0.33575392 0,
  1.7224409 0.39671678 0,1.848825 0.49369468 0,
  1.9458029 0.62007874 0,2.0067658 0.76725609 0,
  2.0275591 0.92519685 0,2.0275591 1.2992126 0,
  2.5171287 1.2992126 0,2.5176518 1.2992126 0,
  2.5651504 1.2351338 0,2.6104647 1.1694922 0,
  2.6535429 1.1023619 0,2.7044963 1.0158957 0,
  2.7517418 0.92734907 0,2.7951413 0.8368566 0,
  2.9733753 0.27397223 0,3.0511811 0.1392086 0,
  3.0511811 -0.96456693 0,2.5393701 -0.96456693 0,
  2.4955667 -0.96950238 0,2.4539599 -0.98406125 0,
  2.4166359 -1.0075135 0,2.3854662 -1.0386831 0,
  2.362014 -1.0760071 0,2.3474551 -1.117614 0,
  2.3425197 -1.1614173 0,2.3425197 -1.7125984 0,
  2.3492272 -1.7635471 0,2.3688926 -1.8110236 0,
  2.4001758 -1.8517927 0,2.4409449 -1.8830759 0,
  2.4884214 -1.9027413 0,2.5393701 -1.9094488 0,
  3.0511811 -1.9094488 0,3.0511811 -5.2755906 0,
  2.9133858 -5.2755906 0,2.8879115 -5.2789443 0,
  2.8641732 -5.288777 0,2.8437887 -5.3044186 0,
  2.8281471 -5.3248031 0,2.8183144 -5.3485414 0,
  2.8149606 -5.3740157 0,2.8149606 -5.511811 0,
  -2.8149606 -5.511811 0,-2.8149606 -5.3740157 0,
  -2.8183144 -5.3485414 0,-2.8281471 -5.3248031 0,
  -2.8437887 -5.3044186 0,-2.8641732 -5.288777 0,
  -2.8879115 -5.2789443 0,-2.9133858 -5.2755906 0,
  -3.0511811 -5.2755906 0,-3.0511811 -1.9094488 0,
  -2.5393701 -1.9094488 0,-2.4884214 -1.9027413 0,
  -2.4409449 -1.8830759 0,-2.4001758 -1.8517927 0,
  -2.3688926 -1.8110236 0,-2.3492272 -1.7635471 0,
  -2.3425197 -1.7125984 0,-2.3425197 -1.1614173 0,
  -2.3474551 -1.117614 0,-2.362014 -1.0760071 0,
  -2.3854662 -1.0386831 0,-2.4166359 -1.0075135 0,
  -2.4539599 -0.98406125 0,-2.4955667 -0.96950238 0,
  -2.5393701 -0.96456693 0,-3.0511811 -0.96456693 0,
  -3.0511811 0.1392086 0,-2.9733753 0.27397223 0,
  -2.8149606 -5.2755906 0,-1.8890318 -5.2755906 0,
  -1.8890318 -1.988189 0,-2.8149606 -1.988189 0,
  0.29527559 0.59055118 0,-0.29527559 0.59055118 0,
  -0.34622422 0.58384367 0,-0.39370079 0.56417823 0,
  -0.43446984 0.53289504 0,-0.46575303 0.49212598 0,
  -0.48541847 0.44464942 0,-0.49212598 0.39370079 0,
  -0.49212598 0 0,0.49212598 0 0,
  0.49212598 0.39370079 0,0.48541847 0.44464942 0,
  0.46575303 0.49212598 0,0.43446984 0.53289504 0,
  0.39370079 0.56417823 0,0.34622422 0.58384367 0,
  0.43307087 -0.37401575 0,-0.43307087 -0.37401575 0,
  -0.43307087 -0.78740157 0,0.43307087 -0.78740157 0,
  1.7125984 -0.47244094 0,1.1220472 -0.47244094 0,
  1.1220472 -0.78740157 0,1.7125984 -0.78740157 0,
  -1.7125984 -0.47244094 0,-1.7125984 -0.78740157 0,
  -1.1220472 -0.78740157 0,-1.1220472 -0.47244094 0] }
 coordIndex [
  64,66,65,-1,63,66,64,-1,63,67,66,-1,62,67,63,-1,62,68,67,-1,61,68,62,-1,61,69,68,-1,60,69,61,-1,
  60,70,69,-1,103,70,60,-1,103,71,70,-1,103,72,71,-1,103,73,72,-1,47,49,48,-1,47,50,49,-1,74,73,103,-1,
  75,74,103,-1,129,53,52,-1,129,54,53,-1,129,55,54,-1,129,56,55,-1,129,57,56,-1,102,76,75,-1,102,77,76,-1,
  102,75,103,-1,78,77,102,-1,79,78,102,-1,80,79,102,-1,81,80,102,-1,126,47,46,-1,126,51,50,-1,126,52,51,-1,
  126,50,47,-1,126,129,52,-1,128,57,129,-1,128,58,57,-1,128,59,58,-1,33,126,46,-1,34,33,46,-1,34,46,45,-1,
  32,126,33,-1,35,34,45,-1,35,44,43,-1,35,45,44,-1,31,126,32,-1,125,59,128,-1,125,128,127,-1,38,40,39,-1,
  36,41,40,-1,36,42,41,-1,36,35,43,-1,36,43,42,-1,36,40,38,-1,30,127,126,-1,30,126,31,-1,29,127,30,-1,
  122,125,127,-1,37,36,38,-1,28,127,29,-1,115,122,127,-1,115,127,28,-1,27,115,28,-1,104,125,124,-1,104,103,60,-1,
  104,60,59,-1,104,59,125,-1,116,27,26,-1,116,115,27,-1,117,116,26,-1,118,26,25,-1,118,117,26,-1,123,122,115,-1,
  119,118,25,-1,120,25,24,-1,120,119,25,-1,121,120,24,-1,106,121,24,-1,132,104,124,-1,23,106,24,-1,114,123,115,-1,
  86,104,87,-1,88,87,104,-1,85,104,86,-1,89,88,104,-1,90,89,104,-1,133,124,123,-1,133,132,124,-1,133,123,114,-1,
  105,104,85,-1,105,81,102,-1,105,82,81,-1,105,85,84,-1,107,106,23,-1,131,104,132,-1,83,82,105,-1,83,105,84,-1,
  91,90,104,-1,91,104,131,-1,92,91,131,-1,93,92,131,-1,94,93,131,-1,95,131,130,-1,95,94,131,-1,96,95,130,-1,
  18,114,113,-1,19,112,111,-1,19,113,112,-1,19,18,113,-1,17,133,114,-1,17,114,18,-1,97,96,130,-1,20,110,109,-1,
  20,111,110,-1,20,19,111,-1,16,133,17,-1,15,130,133,-1,15,133,16,-1,21,108,107,-1,21,109,108,-1,21,20,109,-1,
  14,130,15,-1,22,107,23,-1,22,21,107,-1,13,130,14,-1,12,130,13,-1,100,97,130,-1,100,98,97,-1,100,99,98,-1,
  101,12,11,-1,101,100,130,-1,101,130,12,-1,0,11,10,-1,0,101,11,-1,1,0,10,-1,2,10,9,-1,2,1,10,-1,
  3,2,9,-1,4,3,9,-1,5,4,9,-1,7,9,8,-1,7,5,9,-1,6,5,7,-1]
  normalPerVertex TRUE
  normal DEF NORM_133 Normal { vector [
  0 0 1,0 0 1,
  0 0 1,0 0 1,
  0 0 1,0 0 1,
  0 0 1,0 0 1,
  0 0 1,0 0 1,
  0 0 1,0 0 1,
  0 0 1,0 0 1,
  0 0 1,0 0 1,
  0 0 1,0 0 1,
  0 0 1,0 0 1,
  0 0 1,0 0 1,
  0 0 1,0 0 1,
  0 0 1,0 0 1,
  0 0 1,0 0 1,
  0 0 1,0 0 1,
  0 0 1,0 0 1,
  0 0 1,0 0 1,
  0 0 1,0 0 1,
  0 0 1,0 0 1,
  0 0 1,0 0 1,
  0 0 1,0 0 1,
  0 0 1,0 0 1,
  0 0 1,0 0 1,
  0 0 1,0 0 1,
  0 0 1,0 0 1,
  0 0 1,0 0 1,
  0 0 1,0 0 1,
  0 0 1,0 0 1,
  0 0 1,0 0 1,
  0 0 1,0 0 1,
  0 0 1,0 0 1,
  0 0 1,0 0 1,
  0 0 1,0 0 1,
  0 0 1,0 0 1,
  0 0 1,0 0 1,
  0 0 1,0 0 1,
  0 0 1,0 0 1,
  0 0 1,0 0 1,
  0 0 1,0 0 1,
  0 0 1,0 0 1,
  0 0 1,0 0 1,
  0 0 1,0 0 1,
  0 0 1,0 0 1,
  0 0 1,0 0 1,
  0 0 1,0 0 1,
  0 0 1,0 0 1,
  0 0 1,0 0 1,
  0 0 1,0 0 1,
  0 0 1,0 0 1,
  0 0 1,0 0 1,
  0 0 1,0 0 1,
  0 0 1,0 0 1,
  0 0 1,0 0 1,
  0 0 1,0 0 1,
  0 0 1,0 0 1,
  0 0 1,0 0 1,
  0 0 1,0 0 1,
  0 0 1,0 0 1,
  0 0 1,0 0 1,
  0 0 1,0 0 1,
  0 0 1,0 0 1,
  0 0 1,0 0 1,
  0 0 1,0 0 1,
  0 0 1,0 0 1,
  0 0 1,0 0 1,
  0 0 1,0 0 1,
  0 0 1,0 0 1] }
}
}
DEF SHAPE_134 Shape {
 appearance USE APP_2
 geometry DEF FACE_134 IndexedFaceSet {
  coord DEF COORD_134 Coordinate { point [
  -2.6574803 -5.511811 -3.1889764,2.6574803 -5.511811 -3.1889764,
  2.6574803 -1.8307087 -3.1889764,2.4212598 -1.8307087 -3.1889764,
  2.4212598 -1.0433071 -3.1889764,2.6574803 -1.0433071 -3.1889764,
  2.6574803 0.019685039 -3.1889764,-2.6574803 0.019685039 -3.1889764,
  -2.6574803 -1.0433071 -3.1889764,-2.4212598 -1.0433071 -3.1889764,
  -2.4212598 -1.8307087 -3.1889764,-2.6574803 -1.8307087 -3.1889764,
  1.8700787 -1.1811024 -3.1889764,1.8700787 -1.6929134 -3.1889764,
  1.8633712 -1.743862 -3.1889764,1.8437058 -1.7913386 -3.1889764,
  1.8124226 -1.8321076 -3.1889764,1.7716535 -1.8633908 -3.1889764,
  1.724177 -1.8830563 -3.1889764,1.6732283 -1.8897638 -3.1889764,
  -1.6732283 -1.8897638 -3.1889764,-1.724177 -1.8830563 -3.1889764,
  -1.7716535 -1.8633908 -3.1889764,-1.8124226 -1.8321076 -3.1889764,
  -1.8437058 -1.7913386 -3.1889764,-1.8633712 -1.743862 -3.1889764,
  -1.8700787 -1.6929134 -3.1889764,-1.8700787 -1.1811024 -3.1889764,
  -1.8633712 -1.1301537 -3.1889764,-1.8437058 -1.0826772 -3.1889764,
  -1.8124226 -1.0419081 -3.1889764,-1.7716535 -1.0106249 -3.1889764,
  -1.724177 -0.99095948 -3.1889764,-1.6732283 -0.98425197 -3.1889764,
  1.6732283 -0.98425197 -3.1889764,1.724177 -0.99095948 -3.1889764,
  1.7716535 -1.0106249 -3.1889764,1.8124226 -1.0419081 -3.1889764,
  1.8437058 -1.0826772 -3.1889764,1.8633712 -1.1301537 -3.1889764,
  -1.3385827 -0.78740157 -3.1889764,-2.2047244 -0.78740157 -3.1889764,
  -2.2047244 -0.37401575 -3.1889764,-1.3385827 -0.37401575 -3.1889764,
  2.2047244 -0.78740157 -3.1889764,1.3385827 -0.78740157 -3.1889764,
  1.3385827 -0.37401575 -3.1889764,2.2047244 -0.37401575 -3.1889764] }
 coordIndex [
  10,0,11,-1,22,10,23,-1,24,23,10,-1,21,0,10,-1,21,10,22,-1,25,24,10,-1,20,0,21,-1,26,25,10,-1,
  27,10,9,-1,27,26,10,-1,28,27,9,-1,41,9,8,-1,41,28,9,-1,29,28,41,-1,30,29,41,-1,1,0,20,-1,
  31,30,41,-1,32,31,41,-1,42,8,7,-1,42,41,8,-1,43,42,7,-1,19,1,20,-1,18,1,19,-1,3,1,18,-1,
  3,14,13,-1,3,15,14,-1,3,16,15,-1,3,17,16,-1,3,18,17,-1,2,1,3,-1,46,45,40,-1,46,40,43,-1,
  4,3,13,-1,4,13,12,-1,4,12,39,-1,44,36,35,-1,44,37,36,-1,44,38,37,-1,44,39,38,-1,44,4,39,-1,
  5,4,44,-1,47,5,44,-1,6,47,46,-1,6,5,47,-1,6,43,7,-1,6,46,43,-1,33,45,34,-1,33,40,45,-1,
  40,33,41,-1,33,32,41,-1,44,34,45,-1,44,35,34,-1]
  normalPerVertex TRUE
  normal DEF NORM_134 Normal { vector [
  0 0 -1,0 0 -1,
  0 0 -1,0 0 -1,
  0 0 -1,0 0 -1,
  0 0 -1,0 0 -1,
  0 0 -1,0 0 -1,
  0 0 -1,0 0 -1,
  0 0 -1,0 0 -1,
  0 0 -1,0 0 -1,
  0 0 -1,0 0 -1,
  0 0 -1,0 0 -1,
  0 0 -1,0 0 -1,
  0 0 -1,0 0 -1,
  0 0 -1,0 0 -1,
  0 0 -1,0 0 -1,
  0 0 -1,0 0 -1,
  0 0 -1,0 0 -1,
  0 0 -1,0 0 -1,
  0 0 -1,0 0 -1,
  0 0 -1,0 0 -1,
  0 0 -1,0 0 -1,
  0 0 -1,0 0 -1,
  0 0 -1,0 0 -1,
  0 0 -1,0 0 -1,
  0 0 -1,0 0 -1] }
}
}
DEF SHAPE_135 Shape {
 appearance USE APP_2
 geometry DEF FACE_135 IndexedFaceSet {
  coord DEF COORD_135 Coordinate { point [
  -2.2440945 -2.2834646 -1.5944882,-2.2159229 -2.2834646 -1.3805039,
  -2.1333281 -2.2834646 -1.1811024,-2.0019387 -2.2834646 -1.0098723,
  -1.8307087 -2.2834646 -0.87848293,-1.6313071 -2.2834646 -0.7958881,
  -1.4173228 -2.2834646 -0.76771654,-1.2033386 -2.2834646 -0.7958881,
  -1.003937 -2.2834646 -0.87848293,-0.83270699 -2.2834646 -1.0098723,
  -0.70131758 -2.2834646 -1.1811024,-0.61872274 -2.2834646 -1.3805039,
  -0.59055118 -2.2834646 -1.5944882,-0.61872274 -2.2834646 -1.8084724,
  -0.70131758 -2.2834646 -2.007874,-0.83270699 -2.2834646 -2.179104,
  -1.003937 -2.2834646 -2.3104934,-1.2033386 -2.2834646 -2.3930883,
  -1.4173228 -2.2834646 -2.4212598,-1.6313071 -2.2834646 -2.3930883,
  -1.8307087 -2.2834646 -2.3104934,-2.0019387 -2.2834646 -2.179104,
  -2.1333281 -2.2834646 -2.007874,-2.2159229 -2.2834646 -1.8084724,
  -1.1220472 -2.2834646 -1.5944882,-1.1321085 -2.2834646 -1.5180652,
  -1.1616067 -2.2834646 -1.4468504,-1.2085315 -2.2834646 -1.3856968,
  -1.269685 -2.2834646 -1.338772,-1.3408999 -2.2834646 -1.3092739,
  -1.4173228 -2.2834646 -1.2992126,-1.4937458 -2.2834646 -1.3092739,
  -1.5649606 -2.2834646 -1.338772,-1.6261142 -2.2834646 -1.3856968,
  -1.673039 -2.2834646 -1.4468504,-1.7025372 -2.2834646 -1.5180652,
  -1.7125984 -2.2834646 -1.5944882,-1.7025372 -2.2834646 -1.6709111,
  -1.673039 -2.2834646 -1.742126,-1.6261142 -2.2834646 -1.8032796,
  -1.5649606 -2.2834646 -1.8502044,-1.4937458 -2.2834646 -1.8797025,
  -1.4173228 -2.2834646 -1.8897638,-1.3408999 -2.2834646 -1.8797025,
  -1.269685 -2.2834646 -1.8502044,-1.2085315 -2.2834646 -1.8032796,
  -1.1616067 -2.2834646 -1.742126,-1.1321085 -2.2834646 -1.6709111] }
 coordIndex [
  39,21,20,-1,38,22,21,-1,38,21,39,-1,40,20,19,-1,40,39,20,-1,37,23,22,-1,37,0,23,-1,37,22,38,-1,
  41,19,18,-1,41,40,19,-1,42,41,18,-1,36,1,0,-1,36,0,37,-1,43,18,17,-1,43,42,18,-1,35,2,1,-1,
  35,1,36,-1,44,17,16,-1,44,43,17,-1,34,2,35,-1,45,44,16,-1,15,45,16,-1,3,2,34,-1,33,3,34,-1,
  46,45,15,-1,14,47,46,-1,14,46,15,-1,4,33,32,-1,4,3,33,-1,13,47,14,-1,13,24,47,-1,5,4,32,-1,
  5,32,31,-1,6,31,30,-1,6,5,31,-1,12,25,24,-1,12,24,13,-1,11,25,12,-1,11,26,25,-1,7,30,29,-1,
  7,6,30,-1,10,26,11,-1,10,27,26,-1,8,29,28,-1,8,7,29,-1,9,28,27,-1,9,8,28,-1,9,27,10,-1]
  normalPerVertex TRUE
  normal DEF NORM_135 Normal { vector [
  0 -1 0,0 -1 0,
  0 -1 0,0 -1 0,
  0 -1 0,0 -1 0,
  0 -1 0,0 -1 0,
  0 -1 0,0 -1 0,
  0 -1 0,0 -1 0,
  0 -1 0,0 -1 0,
  0 -1 0,0 -1 0,
  0 -1 0,0 -1 0,
  0 -1 0,0 -1 0,
  0 -1 0,0 -1 0,
  0 -1 0,0 -1 0,
  0 -1 0,0 -1 0,
  0 -1 0,0 -1 0,
  0 -1 0,0 -1 0,
  0 -1 0,0 -1 0,
  0 -1 0,0 -1 0,
  0 -1 0,0 -1 0,
  0 -1 0,0 -1 0,
  0 -1 0,0 -1 0,
  0 -1 0,0 -1 0,
  0 -1 0,0 -1 0,
  0 -1 0,0 -1 0,
  0 -1 0,0 -1 0] }
}
}
DEF SHAPE_136 Shape {
 appearance USE APP_2
 geometry DEF FACE_136 IndexedFaceSet {
  coord DEF COORD_136 Coordinate { point [
  0.59055118 -2.2834646 -1.5944882,0.61872274 -2.2834646 -1.3805039,
  0.70131758 -2.2834646 -1.1811024,0.83270699 -2.2834646 -1.0098723,
  1.003937 -2.2834646 -0.87848293,1.2033386 -2.2834646 -0.7958881,
  1.4173228 -2.2834646 -0.76771654,1.6313071 -2.2834646 -0.7958881,
  1.8307087 -2.2834646 -0.87848293,2.0019387 -2.2834646 -1.0098723,
  2.1333281 -2.2834646 -1.1811024,2.2159229 -2.2834646 -1.3805039,
  2.2440945 -2.2834646 -1.5944882,2.2159229 -2.2834646 -1.8084724,
  2.1333281 -2.2834646 -2.007874,2.0019387 -2.2834646 -2.179104,
  1.8307087 -2.2834646 -2.3104934,1.6313071 -2.2834646 -2.3930883,
  1.4173228 -2.2834646 -2.4212598,1.2033386 -2.2834646 -2.3930883,
  1.003937 -2.2834646 -2.3104934,0.83270699 -2.2834646 -2.179104,
  0.70131758 -2.2834646 -2.007874,0.61872274 -2.2834646 -1.8084724,
  1.7125984 -2.2834646 -1.5944882,1.7025372 -2.2834646 -1.5180652,
  1.673039 -2.2834646 -1.4468504,1.6261142 -2.2834646 -1.3856968,
  1.5649606 -2.2834646 -1.338772,1.4937458 -2.2834646 -1.3092739,
  1.4173228 -2.2834646 -1.2992126,1.3408999 -2.2834646 -1.3092739,
  1.269685 -2.2834646 -1.338772,1.2085315 -2.2834646 -1.3856968,
  1.1616067 -2.2834646 -1.4468504,1.1321085 -2.2834646 -1.5180652,
  1.1220472 -2.2834646 -1.5944882,1.1321085 -2.2834646 -1.6709111,
  1.1616067 -2.2834646 -1.742126,1.2085315 -2.2834646 -1.8032796,
  1.269685 -2.2834646 -1.8502044,1.3408999 -2.2834646 -1.8797025,
  1.4173228 -2.2834646 -1.8897638,1.4937458 -2.2834646 -1.8797025,
  1.5649606 -2.2834646 -1.8502044,1.6261142 -2.2834646 -1.8032796,
  1.673039 -2.2834646 -1.742126,1.7025372 -2.2834646 -1.6709111] }
 coordIndex [
  39,21,20,-1,38,22,21,-1,38,21,39,-1,40,20,19,-1,40,39,20,-1,37,23,22,-1,37,0,23,-1,37,22,38,-1,
  41,19,18,-1,41,40,19,-1,42,41,18,-1,36,1,0,-1,36,0,37,-1,43,18,17,-1,43,42,18,-1,35,2,1,-1,
  35,1,36,-1,44,17,16,-1,44,43,17,-1,34,2,35,-1,45,44,16,-1,15,45,16,-1,3,2,34,-1,33,3,34,-1,
  46,45,15,-1,14,47,46,-1,14,46,15,-1,4,33,32,-1,4,3,33,-1,5,4,32,-1,5,32,31,-1,13,47,14,-1,
  13,24,47,-1,6,31,30,-1,6,5,31,-1,12,25,24,-1,12,24,13,-1,11,25,12,-1,11,26,25,-1,7,30,29,-1,
  7,6,30,-1,10,27,26,-1,10,26,11,-1,8,7,29,-1,8,29,28,-1,9,28,27,-1,9,27,10,-1,9,8,28,-1]
  normalPerVertex TRUE
  normal DEF NORM_136 Normal { vector [
  0 -1 0,0 -1 0,
  0 -1 0,0 -1 0,
  0 -1 0,0 -1 0,
  0 -1 0,0 -1 0,
  0 -1 0,0 -1 0,
  0 -1 0,0 -1 0,
  0 -1 0,0 -1 0,
  0 -1 0,0 -1 0,
  0 -1 0,0 -1 0,
  0 -1 0,0 -1 0,
  0 -1 0,0 -1 0,
  0 -1 0,0 -1 0,
  0 -1 0,0 -1 0,
  0 -1 0,0 -1 0,
  0 -1 0,0 -1 0,
  0 -1 0,0 -1 0,
  0 -1 0,0 -1 0,
  0 -1 0,0 -1 0,
  0 -1 0,0 -1 0,
  0 -1 0,0 -1 0,
  0 -1 0,0 -1 0,
  0 -1 0,0 -1 0,
  0 -1 0,0 -1 0,
  0 -1 0,0 -1 0] }
}
}
DEF SHAPE_137 Shape {
 appearance USE APP_2
 geometry DEF FACE_137 IndexedFaceSet {
  coord DEF COORD_137 Coordinate { point [
  1.3892165 -1.6378696 -3.1496063,1.3892165 -1.5494716 -3.1496063,
  1.4822313 -1.5494716 -3.1496063,1.4899393 -1.5502084 -3.1496063,
  1.4975078 -1.5518436 -3.1496063,1.5048326 -1.5543545 -3.1496063,
  1.5136256 -1.5592794 -3.1496063,1.521026 -1.5661209 -3.1496063,
  1.526625 -1.5745008 -3.1496063,1.5301131 -1.5839563 -3.1496063,
  1.5312976 -1.5939647 -3.1496063,1.5298646 -1.6049568 -3.1496063,
  1.5256613 -1.6152141 -3.1496063,1.5189689 -1.624051 -3.1496063,
  1.5102345 -1.6308767 -3.1496063,1.5012322 -1.634424 -3.1496063,
  1.4918444 -1.6367683 -3.1496063,1.4822313 -1.6378696 -3.1496063] }
 coordIndex [
  15,12,13,-1,15,13,14,-1,11,12,15,-1,10,11,15,-1,9,10,15,-1,8,9,15,-1,7,8,15,-1,6,7,15,-1,
  5,6,15,-1,4,15,16,-1,4,5,15,-1,3,16,17,-1,3,4,16,-1,2,3,17,-1,1,17,0,-1,1,2,17,-1]
  normalPerVertex TRUE
  normal DEF NORM_137 Normal { vector [
  0 0 -1,0 0 -1,
  0 0 -1,0 0 -1,
  0 0 -1,0 0 -1,
  0 0 -1,0 0 -1,
  0 0 -1,0 0 -1,
  0 0 -1,0 0 -1,
  0 0 -1,0 0 -1,
  0 0 -1,0 0 -1,
  0 0 -1,0 0 -1] }
}
}
DEF SHAPE_138 Shape {
 appearance USE APP_2
 geometry DEF FACE_138 IndexedFaceSet {
  coord DEF COORD_138 Coordinate { point [
  1.4822313 -1.5494716 -3.2086614,1.3892165 -1.5494716 -3.2086614,
  1.3892165 -1.5494716 -3.1496063,1.4822313 -1.5494716 -3.1496063] }
 coordIndex [
  3,1,0,-1,3,2,1,-1]
  normalPerVertex TRUE
  normal DEF NORM_138 Normal { vector [
  0 -1 0,0 -1 0,
  0 -1 0,0 -1 0] }
}
}
DEF SHAPE_139 Shape {
 appearance USE APP_2
 geometry DEF FACE_139 IndexedFaceSet {
  coord DEF COORD_139 Coordinate { point [
  1.5048326 -1.5543545 -3.2086614,1.4975078 -1.5518436 -3.2086614,
  1.4899393 -1.5502084 -3.2086614,1.4822313 -1.5494716 -3.2086614,
  1.4822313 -1.5494716 -3.1496063,1.4899393 -1.5502084 -3.1496063,
  1.4975078 -1.5518436 -3.1496063,1.5048326 -1.5543545 -3.1496063] }
 coordIndex [
  6,1,0,-1,6,0,7,-1,5,2,1,-1,5,3,2,-1,5,1,6,-1,4,3,5,-1]
  normalPerVertex TRUE
  normal DEF NORM_139 Normal { vector [
  -0.32427935 -0.94596136 0,-0.24925975 -0.96843667 0,
  -0.15343396 -0.9881589 0,-0.095161849 -0.99546181 0,
  -0.095161849 -0.99546181 0,-0.15343396 -0.9881589 0,
  -0.28701844 -0.95792506 0,-0.32427935 -0.94596136 0] }
}
}
DEF SHAPE_140 Shape {
 appearance USE APP_2
 geometry DEF FACE_140 IndexedFaceSet {
  coord DEF COORD_140 Coordinate { point [
  1.5312976 -1.5939647 -3.1496063,1.5298646 -1.6049568 -3.1496063,
  1.5256613 -1.6152141 -3.1496063,1.5189689 -1.624051 -3.1496063,
  1.5102345 -1.6308767 -3.1496063,1.5102345 -1.6308767 -3.2086614,
  1.5189689 -1.624051 -3.2086614,1.5256613 -1.6152141 -3.2086614,
  1.5298646 -1.6049568 -3.2086614,1.5312976 -1.5939647 -3.2086614] }
 coordIndex [
  3,5,4,-1,3,6,5,-1,2,7,6,-1,2,6,3,-1,1,8,7,-1,1,7,2,-1,0,9,8,-1,0,8,1,-1]
  normalPerVertex TRUE
  normal DEF NORM_140 Normal { vector [
  -0.99160901 0.12927323 0,-0.95453497 0.29809896 0,
  -0.8462057 0.53285637 0,-0.68131073 0.73199432 0,
  -0.61575526 0.78793747 0,-0.61575526 0.78793747 0,
  -0.74224117 0.67013286 0,-0.88923979 0.45744135 0,
  -0.97679605 0.21417159 0,-0.99160901 0.12927323 0] }
}
}
DEF SHAPE_141 Shape {
 appearance USE APP_2
 geometry DEF FACE_141 IndexedFaceSet {
  coord DEF COORD_141 Coordinate { point [
  1.4822313 -1.6378696 -3.2086614,1.4918444 -1.6367683 -3.2086614,
  1.5012322 -1.634424 -3.2086614,1.5102345 -1.6308767 -3.2086614,
  1.5102345 -1.6308767 -3.1496063,1.5012322 -1.634424 -3.1496063,
  1.4918444 -1.6367683 -3.1496063,1.4822313 -1.6378696 -3.1496063] }
 coordIndex [
  6,1,0,-1,6,0,7,-1,5,2,1,-1,5,3,2,-1,5,1,6,-1,4,3,5,-1]
  normalPerVertex TRUE
  normal DEF NORM_141 Normal { vector [
  -0.11381954 0.99350144 0,-0.19983806 0.97982894 0,
  -0.30509481 0.95232198 0,-0.3666091 0.93037507 0,
  -0.3666091 0.93037507 0,-0.30509481 0.95232198 0,
  -0.15693688 0.98760863 0,-0.11381954 0.99350144 0] }
}
}
DEF SHAPE_142 Shape {
 appearance USE APP_2
 geometry DEF FACE_142 IndexedFaceSet {
  coord DEF COORD_142 Coordinate { point [
  1.3892165 -1.6378696 -3.2086614,1.4822313 -1.6378696 -3.2086614,
  1.4822313 -1.6378696 -3.1496063,1.3892165 -1.6378696 -3.1496063] }
 coordIndex [
  2,0,3,-1,1,0,2,-1]
  normalPerVertex TRUE
  normal DEF NORM_142 Normal { vector [
  0 1 0,0 1 0,
  0 1 0,0 1 0] }
}
}
DEF SHAPE_143 Shape {
 appearance USE APP_2
 geometry DEF FACE_143 IndexedFaceSet {
  coord DEF COORD_143 Coordinate { point [
  1.3892165 -1.5494716 -3.2086614,1.3892165 -1.6378696 -3.2086614,
  1.3892165 -1.6378696 -3.1496063,1.3892165 -1.5494716 -3.1496063] }
 coordIndex [
  3,1,0,-1,3,2,1,-1]
  normalPerVertex TRUE
  normal DEF NORM_143 Normal { vector [
  1 0 0,1 0 0,
  1 0 0,1 0 0] }
}
}
DEF SHAPE_144 Shape {
 appearance USE APP_2
 geometry DEF FACE_144 IndexedFaceSet {
  coord DEF COORD_144 Coordinate { point [
  1.4809337 -1.6669718 -3.2086614,1.3544494 -1.6669715 -3.2086614,
  1.3544494 -1.4001543 -3.2086614,1.3892165 -1.4001543 -3.2086614,
  1.3894509 -1.5189695 -3.2086614,1.4419543 -1.5189695 -3.2086614,
  1.450398 -1.5177228 -3.2086614,1.4584578 -1.5149139 -3.2086614,
  1.4658476 -1.5106429 -3.2086614,1.4742096 -1.5041022 -3.2086614,
  1.4816405 -1.4965203 -3.2086614,1.488012 -1.4880287 -3.2086614,
  1.5453413 -1.4001543 -3.2086614,1.5897583 -1.4001543 -3.2086614,
  1.5365571 -1.4823749 -3.2086614,1.5312867 -1.48934 -3.2086614,
  1.5254798 -1.4958646 -3.2086614,1.5191731 -1.5019075 -3.2086614,
  1.4931334 -1.5214065 -3.2086614,1.5025276 -1.515899 -3.2086614,
  1.5112443 -1.5093719 -3.2086614,1.5444798 -1.5420805 -3.2086614,
  1.5287451 -1.532044 -3.2086614,1.5114327 -1.5250734 -3.2086614,
  1.5679599 -1.595741 -3.2086614,1.5664118 -1.5807808 -3.2086614,
  1.561833 -1.5664546 -3.2086614,1.5544175 -1.5533697 -3.2086614,
  1.5535321 -1.6393293 -3.2086614,1.5614245 -1.6259438 -3.2086614,
  1.5663074 -1.6111919 -3.2086614,1.5007177 -1.6659511 -3.2086614,
  1.5157441 -1.6636493 -3.2086614,1.529961 -1.6582667 -3.2086614,
  1.5427441 -1.6500396 -3.2086614,1.49433 -1.6665183 -3.2086614,
  1.4879262 -1.6668589 -3.2086614,1.4815144 -1.6669725 -3.2086614,
  1.3892165 -1.5494716 -3.2086614,1.3892165 -1.6378696 -3.2086614,
  1.4822313 -1.6378696 -3.2086614,1.4918444 -1.6367683 -3.2086614,
  1.5012322 -1.634424 -3.2086614,1.5102345 -1.6308767 -3.2086614,
  1.5189689 -1.624051 -3.2086614,1.5256613 -1.6152141 -3.2086614,
  1.5298646 -1.6049568 -3.2086614,1.5312976 -1.5939647 -3.2086614,
  1.5301131 -1.5839563 -3.2086614,1.526625 -1.5745008 -3.2086614,
  1.521026 -1.5661209 -3.2086614,1.5136256 -1.5592794 -3.2086614,
  1.5048326 -1.5543545 -3.2086614,1.4975078 -1.5518436 -3.2086614,
  1.4899393 -1.5502084 -3.2086614,1.4822313 -1.5494716 -3.2086614] }
 coordIndex [
  44,34,33,-1,44,28,34,-1,43,33,32,-1,43,44,33,-1,45,29,28,-1,45,28,44,-1,42,32,31,-1,42,43,32,-1,
  46,30,29,-1,46,29,45,-1,41,31,35,-1,41,35,36,-1,41,42,31,-1,47,25,24,-1,47,24,30,-1,47,30,46,-1,
  40,36,37,-1,40,37,0,-1,40,41,36,-1,48,25,47,-1,48,26,25,-1,49,27,26,-1,49,26,48,-1,50,27,49,-1,
  21,27,50,-1,51,21,50,-1,22,21,51,-1,52,22,51,-1,23,22,52,-1,23,52,53,-1,39,40,0,-1,1,39,0,-1,
  18,23,53,-1,18,53,54,-1,18,54,55,-1,10,19,18,-1,10,18,9,-1,8,9,18,-1,8,18,55,-1,11,14,15,-1,
  11,15,16,-1,11,16,17,-1,11,20,19,-1,11,17,20,-1,11,19,10,-1,7,8,55,-1,6,7,55,-1,5,6,55,-1,
  12,13,14,-1,12,14,11,-1,38,39,1,-1,38,5,55,-1,4,5,38,-1,2,3,4,-1,2,38,1,-1,2,4,38,-1]
  normalPerVertex TRUE
  normal DEF NORM_144 Normal { vector [
  0 0 -1,0 0 -1,
  0 0 -1,0 0 -1,
  0 0 -1,0 0 -1,
  0 0 -1,0 0 -1,
  0 0 -1,0 0 -1,
  0 0 -1,0 0 -1,
  0 0 -1,0 0 -1,
  0 0 -1,0 0 -1,
  0 0 -1,0 0 -1,
  0 0 -1,0 0 -1,
  0 0 -1,0 0 -1,
  0 0 -1,0 0 -1,
  0 0 -1,0 0 -1,
  0 0 -1,0 0 -1,
  0 0 -1,0 0 -1,
  0 0 -1,0 0 -1,
  0 0 -1,0 0 -1,
  0 0 -1,0 0 -1,
  0 0 -1,0 0 -1,
  0 0 -1,0 0 -1,
  0 0 -1,0 0 -1,
  0 0 -1,0 0 -1,
  0 0 -1,0 0 -1,
  0 0 -1,0 0 -1,
  0 0 -1,0 0 -1,
  0 0 -1,0 0 -1,
  0 0 -1,0 0 -1,
  0 0 -1,0 0 -1] }
}
}
DEF SHAPE_145 Shape {
 appearance USE APP_2
 geometry DEF FACE_145 IndexedFaceSet {
  coord DEF COORD_145 Coordinate { point [
  1.5191731 -1.5019075 -3.2086614,1.5191731 -1.5019075 -3.1496063,
  1.5365571 -1.4823749 -3.2086614,1.5312867 -1.48934 -3.2086614,
  1.5254798 -1.4958646 -3.2086614,1.5365571 -1.4823749 -3.1496063,
  1.5312867 -1.48934 -3.1496063,1.5254798 -1.4958646 -3.1496063] }
 coordIndex [
  7,1,0,-1,7,0,4,-1,6,3,2,-1,6,4,3,-1,6,7,4,-1,5,6,2,-1]
  normalPerVertex TRUE
  normal DEF NORM_145 Normal { vector [
  0.69184585 -0.72204523 0,0.69184585 -0.72204523 0,
  0.79743178 -0.60340911 0,0.77282511 -0.63461906 0,
  0.72912561 -0.6843799 0,0.79743178 -0.60340911 0,
  0.77282511 -0.63461906 0,0.71072874 -0.70346618 0] }
}
}
DEF SHAPE_146 Shape {
 appearance USE APP_2
 geometry DEF FACE_146 IndexedFaceSet {
  coord DEF COORD_146 Coordinate { point [
  1.4931334 -1.5214065 -3.1496063,1.4931334 -1.5214065 -3.2086614,
  1.5025276 -1.515899 -3.2086614,1.5112443 -1.5093719 -3.2086614,
  1.5191731 -1.5019075 -3.2086614,1.5191731 -1.5019075 -3.1496063,
  1.5025276 -1.515899 -3.1496063,1.5112443 -1.5093719 -3.1496063] }
 coordIndex [
  6,0,1,-1,6,1,2,-1,7,2,3,-1,7,3,4,-1,7,6,2,-1,5,7,4,-1]
  normalPerVertex TRUE
  normal DEF NORM_146 Normal { vector [
  0.50575423 -0.86267761 0,0.50575423 -0.86267761 0,
  0.5689808 -0.8223508 0,0.64344393 -0.76549324 0,
  0.68545835 -0.72811183 0,0.68545835 -0.72811183 0,
  0.53772343 -0.84312129 0,0.64344393 -0.76549324 0] }
}
}
DEF SHAPE_147 Shape {
 appearance USE APP_2
 geometry DEF FACE_147 IndexedFaceSet {
  coord DEF COORD_147 Coordinate { point [
  1.5444798 -1.5420805 -3.1496063,1.5444798 -1.5420805 -3.2086614,
  1.5287451 -1.532044 -3.2086614,1.5114327 -1.5250734 -3.2086614,
  1.4931334 -1.5214065 -3.2086614,1.4931334 -1.5214065 -3.1496063,
  1.5287451 -1.532044 -3.1496063,1.5114327 -1.5250734 -3.1496063] }
 coordIndex [
  6,0,1,-1,6,1,2,-1,7,2,3,-1,7,6,2,-1,5,3,4,-1,5,7,3,-1]
  normalPerVertex TRUE
  normal DEF NORM_147 Normal { vector [
  0.53777341 0.84308941 0,0.53777341 0.84308941 0,
  0.429891 0.90288079 0,0.25645903 0.9665551 0,
  0.19647703 0.98050843 0,0.19647703 0.98050843 0,
  0.48485781 0.87459299 0,0.31569161 0.94886185 0] }
}
}
DEF SHAPE_148 Shape {
 appearance USE APP_2
 geometry DEF FACE_148 IndexedFaceSet {
  coord DEF COORD_148 Coordinate { point [
  1.5679599 -1.595741 -3.2086614,1.5679599 -1.595741 -3.1496063,
  1.5664118 -1.5807808 -3.2086614,1.561833 -1.5664546 -3.2086614,
  1.5544175 -1.5533697 -3.2086614,1.5444798 -1.5420805 -3.2086614,
  1.5444798 -1.5420805 -3.1496063,1.5664118 -1.5807808 -3.1496063,
  1.561833 -1.5664546 -3.1496063,1.5544175 -1.5533697 -3.1496063] }
 coordIndex [
  7,1,0,-1,7,0,2,-1,8,2,3,-1,8,7,2,-1,9,3,4,-1,9,4,5,-1,9,8,3,-1,6,9,5,-1]
  normalPerVertex TRUE
  normal DEF NORM_148 Normal { vector [
  0.99468815 0.1029344 0,0.99468815 0.1029344 0,
  0.97116774 0.23839719 0,0.9017699 0.43221644 0,
  0.81463179 0.57997849 0,0.75060485 0.66075136 0,
  0.75060485 0.66075136 0,0.98528666 0.17090989 0,
  0.92940936 0.36905047 0,0.81463179 0.57997849 0] }
}
}
DEF SHAPE_149 Shape {
 appearance USE APP_2
 geometry DEF FACE_149 IndexedFaceSet {
  coord DEF COORD_149 Coordinate { point [
  1.5007177 -1.6659511 -3.1496063,1.5007177 -1.6659511 -3.2086614,
  1.5157441 -1.6636493 -3.2086614,1.529961 -1.6582667 -3.2086614,
  1.5427441 -1.6500396 -3.2086614,1.5535321 -1.6393293 -3.2086614,
  1.5535321 -1.6393293 -3.1496063,1.5157441 -1.6636493 -3.1496063,
  1.529961 -1.6582667 -3.1496063,1.5427441 -1.6500396 -3.1496063] }
 coordIndex [
  7,0,1,-1,7,1,2,-1,8,2,3,-1,8,7,2,-1,9,3,4,-1,9,8,3,-1,6,4,5,-1,6,9,4,-1]
  normalPerVertex TRUE
  normal DEF NORM_149 Normal { vector [
  0.1514167 -0.98847002 0,0.1514167 -0.98847002 0,
  0.28793249 -0.95765071 0,0.48117451 -0.87662483 0,
  0.65328927 -0.7571084 0,0.70454503 -0.70965929 0,
  0.70454503 -0.70965929 0,0.22004667 -0.97548934 0,
  0.41849641 -0.90821845 0,0.59857094 -0.8010698 0] }
}
}
DEF SHAPE_150 Shape {
 appearance USE APP_2
 geometry DEF FACE_150 IndexedFaceSet {
  coord DEF COORD_150 Coordinate { point [
  1.5007177 -1.6659511 -3.1496063,1.5007177 -1.6659511 -3.2086614,
  1.4941369 -1.6665319 -3.1496063,1.4875393 -1.6668722 -3.1496063,
  1.4809337 -1.6669715 -3.1496063,1.4809337 -1.6669718 -3.2086614,
  1.4815144 -1.6669725 -3.2086614,1.49433 -1.6665183 -3.2086614,
  1.4879262 -1.6668589 -3.2086614] }
 coordIndex [
  4,5,6,-1,3,6,8,-1,3,4,6,-1,2,8,7,-1,2,3,8,-1,0,7,1,-1,0,2,7,-1]
  normalPerVertex TRUE
  normal DEF NORM_150 Normal { vector [
  0.088180623 -0.9961045 2.9456196e-05,0.088450823 -0.99608054 0,
  0.064300518 -0.99793058 3.9052308e-05,0.028194784 -0.99960245 5.7346907e-05,
  0.013727781 -0.99990576 0.00015073801,-0.0012027888 -0.99999928 3.9419447e-06,
  0.015606716 -0.99987821 2.8217491e-05,0.076618928 -0.99706045 1.1563306e-06,
  0.040892553 -0.99916355 -1.6303766e-05] }
}
}
DEF SHAPE_151 Shape {
 appearance USE APP_2
 geometry DEF FACE_151 IndexedFaceSet {
  coord DEF COORD_151 Coordinate { point [
  1.4809337 -1.6669718 -3.2086614,1.3544494 -1.6669715 -3.2086614,
  1.3544494 -1.6669715 -3.1496063,1.4809337 -1.6669715 -3.1496063] }
 coordIndex [
  3,1,0,-1,3,2,1,-1]
  normalPerVertex TRUE
  normal DEF NORM_151 Normal { vector [
  -1.840482e-06 -1 3.9419476e-06,-9.2024074e-07 -1 1.9709738e-06,
  0 -1 0,-9.2024074e-07 -1 1.9709738e-06] }
}
}
DEF SHAPE_152 Shape {
 appearance USE APP_2
 geometry DEF FACE_152 IndexedFaceSet {
  coord DEF COORD_152 Coordinate { point [
  1.3544494 -1.6669715 -3.2086614,1.3544494 -1.4001543 -3.2086614,
  1.3544494 -1.4001543 -3.1496063,1.3544494 -1.6669715 -3.1496063] }
 coordIndex [
  1,3,2,-1,1,0,3,-1]
  normalPerVertex TRUE
  normal DEF NORM_152 Normal { vector [
  -1 0 0,-1 0 0,
  -1 0 0,-1 0 0] }
}
}
DEF SHAPE_153 Shape {
 appearance USE APP_2
 geometry DEF FACE_153 IndexedFaceSet {
  coord DEF COORD_153 Coordinate { point [
  1.3544494 -1.4001543 -3.2086614,1.3892165 -1.4001543 -3.2086614,
  1.3892165 -1.4001543 -3.1496063,1.3544494 -1.4001543 -3.1496063] }
 coordIndex [
  0,3,2,-1,1,0,2,-1]
  normalPerVertex TRUE
  normal DEF NORM_153 Normal { vector [
  0 1 0,0 1 0,
  0 1 0,0 1 0] }
}
}
DEF SHAPE_154 Shape {
 appearance USE APP_2
 geometry DEF FACE_154 IndexedFaceSet {
  coord DEF COORD_154 Coordinate { point [
  1.3892165 -1.4001543 -3.2086614,1.3894509 -1.5189695 -3.2086614,
  1.3894509 -1.5189695 -3.1496063,1.3892165 -1.4001543 -3.1496063] }
 coordIndex [
  2,1,0,-1,2,0,3,-1]
  normalPerVertex TRUE
  normal DEF NORM_154 Normal { vector [
  0.99999806 0.0019721988 0,0.99999806 0.0019721988 0,
  0.99999806 0.0019721988 0,0.99999806 0.0019721988 0] }
}
}
DEF SHAPE_155 Shape {
 appearance USE APP_2
 geometry DEF FACE_155 IndexedFaceSet {
  coord DEF COORD_155 Coordinate { point [
  1.3894509 -1.5189695 -3.2086614,1.4419543 -1.5189695 -3.2086614,
  1.4419543 -1.5189695 -3.1496063,1.3894509 -1.5189695 -3.1496063] }
 coordIndex [
  1,3,2,-1,1,0,3,-1]
  normalPerVertex TRUE
  normal DEF NORM_155 Normal { vector [
  0 1 0,0 1 0,
  0 1 0,0 1 0] }
}
}
DEF SHAPE_156 Shape {
 appearance USE APP_2
 geometry DEF FACE_156 IndexedFaceSet {
  coord DEF COORD_156 Coordinate { point [
  1.4658476 -1.5106429 -3.1496063,1.4584578 -1.5149139 -3.1496063,
  1.450398 -1.5177228 -3.1496063,1.4419543 -1.5189695 -3.1496063,
  1.4419543 -1.5189695 -3.2086614,1.450398 -1.5177228 -3.2086614,
  1.4584578 -1.5149139 -3.2086614,1.4658476 -1.5106429 -3.2086614] }
 coordIndex [
  2,4,3,-1,2,5,4,-1,1,6,5,-1,1,5,2,-1,0,7,6,-1,0,6,1,-1]
  normalPerVertex TRUE
  normal DEF NORM_156 Normal { vector [
  -0.50039893 0.86579496 0,-0.3877274 0.92177408 0,
  -0.20789723 0.97815067 0,-0.14606646 0.98927478 0,
  -0.14606646 0.98927478 0,-0.26914807 0.96309881 0,
  -0.44505625 0.89550262 0,-0.50039893 0.86579496 0] }
}
}
DEF SHAPE_157 Shape {
 appearance USE APP_2
 geometry DEF FACE_157 IndexedFaceSet {
  coord DEF COORD_157 Coordinate { point [
  1.4658476 -1.5106429 -3.2086614,1.4742096 -1.5041022 -3.2086614,
  1.4816405 -1.4965203 -3.2086614,1.488012 -1.4880287 -3.2086614,
  1.488012 -1.4880287 -3.1496063,1.4816405 -1.4965203 -3.1496063,
  1.4742096 -1.5041022 -3.1496063,1.4658476 -1.5106429 -3.1496063] }
 coordIndex [
  6,1,0,-1,6,0,7,-1,5,2,1,-1,5,1,6,-1,4,3,2,-1,4,2,5,-1]
  normalPerVertex TRUE
  normal DEF NORM_157 Normal { vector [
  -0.6161051 0.78766396 0,-0.68280255 0.73060295 0,
  -0.77279686 0.63465346 0,-0.79987482 0.60016687 0,
  -0.79987482 0.60016687 0,-0.74417665 0.66798287 0,
  -0.65004805 0.7598931 0,-0.6161051 0.78766396 0] }
}
}
DEF SHAPE_158 Shape {
 appearance USE APP_2
 geometry DEF FACE_158 IndexedFaceSet {
  coord DEF COORD_158 Coordinate { point [
  1.488012 -1.4880287 -3.2086614,1.5453413 -1.4001543 -3.2086614,
  1.5453413 -1.4001543 -3.1496063,1.488012 -1.4880287 -3.1496063] }
 coordIndex [
  1,0,3,-1,2,1,3,-1]
  normalPerVertex TRUE
  normal DEF NORM_158 Normal { vector [
  -0.83752382 0.54640081 0,-0.83752382 0.54640081 0,
  -0.83752382 0.54640081 0,-0.83752382 0.54640081 0] }
}
}
DEF SHAPE_159 Shape {
 appearance USE APP_2
 geometry DEF FACE_159 IndexedFaceSet {
  coord DEF COORD_159 Coordinate { point [
  1.5453413 -1.4001543 -3.2086614,1.5897583 -1.4001543 -3.2086614,
  1.5897583 -1.4001543 -3.1496063,1.5453413 -1.4001543 -3.1496063] }
 coordIndex [
  0,3,2,-1,1,0,2,-1]
  normalPerVertex TRUE
  normal DEF NORM_159 Normal { vector [
  0 1 0,0 1 0,
  0 1 0,0 1 0] }
}
}
DEF SHAPE_160 Shape {
 appearance USE APP_2
 geometry DEF FACE_160 IndexedFaceSet {
  coord DEF COORD_160 Coordinate { point [
  1.5897583 -1.4001543 -3.2086614,1.5365571 -1.4823749 -3.2086614,
  1.5365571 -1.4823749 -3.1496063,1.5897583 -1.4001543 -3.1496063] }
 coordIndex [
  2,1,0,-1,2,0,3,-1]
  normalPerVertex TRUE
  normal DEF NORM_160 Normal { vector [
  0.83957216 -0.54324819 0,0.83957216 -0.54324819 0,
  0.83957216 -0.54324819 0,0.83957216 -0.54324819 0] }
}
}
DEF SHAPE_161 Shape {
 appearance USE APP_2
 geometry DEF FACE_161 IndexedFaceSet {
  coord DEF COORD_161 Coordinate { point [
  1.6594205 -1.5309188 -3.1496063,1.6529792 -1.5798459 -3.1496063,
  1.634094 -1.6254386 -3.1496063,1.6040521 -1.66459 -3.1496063,
  1.5649007 -1.6946319 -3.1496063,1.519308 -1.7135171 -3.1496063,
  1.4703809 -1.7199584 -3.1496063,1.4214539 -1.7135171 -3.1496063,
  1.3758611 -1.6946319 -3.1496063,1.3367097 -1.66459 -3.1496063,
  1.3066678 -1.6254386 -3.1496063,1.2877827 -1.5798459 -3.1496063,
  1.2813413 -1.5309188 -3.1496063,1.2877827 -1.4819917 -3.1496063,
  1.3066678 -1.436399 -3.1496063,1.3367097 -1.3972476 -3.1496063,
  1.3758611 -1.3672057 -3.1496063,1.4214539 -1.3483205 -3.1496063,
  1.4703809 -1.3418792 -3.1496063,1.519308 -1.3483205 -3.1496063,
  1.5649007 -1.3672057 -3.1496063,1.6040521 -1.3972476 -3.1496063,
  1.634094 -1.436399 -3.1496063,1.6529792 -1.4819917 -3.1496063,
  1.4658476 -1.5106429 -3.1496063,1.4584578 -1.5149139 -3.1496063,
  1.450398 -1.5177228 -3.1496063,1.4419543 -1.5189695 -3.1496063,
  1.3894509 -1.5189695 -3.1496063,1.3892165 -1.4001543 -3.1496063,
  1.3544494 -1.4001543 -3.1496063,1.3544494 -1.6669715 -3.1496063,
  1.4809337 -1.6669715 -3.1496063,1.5007177 -1.6659511 -3.1496063,
  1.4941369 -1.6665319 -3.1496063,1.4875393 -1.6668722 -3.1496063,
  1.5157441 -1.6636493 -3.1496063,1.529961 -1.6582667 -3.1496063,
  1.5427441 -1.6500396 -3.1496063,1.5535321 -1.6393293 -3.1496063,
  1.5614245 -1.6259438 -3.1496063,1.5663074 -1.6111919 -3.1496063,
  1.5679599 -1.595741 -3.1496063,1.5664118 -1.5807808 -3.1496063,
  1.561833 -1.5664546 -3.1496063,1.5544175 -1.5533697 -3.1496063,
  1.5444798 -1.5420805 -3.1496063,1.5287451 -1.532044 -3.1496063,
  1.5114327 -1.5250734 -3.1496063,1.4931334 -1.5214065 -3.1496063,
  1.5025276 -1.515899 -3.1496063,1.5112443 -1.5093719 -3.1496063,
  1.5191731 -1.5019075 -3.1496063,1.5365571 -1.4823749 -3.1496063,
  1.5312867 -1.48934 -3.1496063,1.5254798 -1.4958646 -3.1496063,
  1.5897583 -1.4001543 -3.1496063,1.5453413 -1.4001543 -3.1496063,
  1.488012 -1.4880287 -3.1496063,1.4816405 -1.4965203 -3.1496063,
  1.4742096 -1.5041022 -3.1496063] }
 coordIndex [
  39,3,4,-1,38,39,4,-1,37,4,5,-1,37,38,4,-1,40,3,39,-1,36,37,5,-1,41,2,3,-1,41,3,40,-1,
  33,36,5,-1,42,1,2,-1,42,2,41,-1,34,33,5,-1,35,5,6,-1,35,34,5,-1,32,35,6,-1,43,1,42,-1,
  7,32,6,-1,44,1,43,-1,44,0,1,-1,45,23,0,-1,45,0,44,-1,46,23,45,-1,8,32,7,-1,31,32,8,-1,
  52,55,47,-1,54,47,55,-1,54,46,47,-1,51,52,47,-1,51,47,48,-1,53,22,23,-1,53,46,54,-1,53,23,46,-1,
  50,51,48,-1,49,50,48,-1,9,31,8,-1,56,21,22,-1,56,22,53,-1,27,24,25,-1,27,25,26,-1,27,59,60,-1,
  27,60,24,-1,10,31,9,-1,20,21,56,-1,20,56,57,-1,19,20,57,-1,18,57,58,-1,18,19,57,-1,29,27,28,-1,
  29,18,58,-1,29,59,27,-1,29,58,59,-1,17,18,29,-1,16,29,30,-1,16,17,29,-1,15,16,30,-1,15,30,14,-1,
  30,31,10,-1,30,10,11,-1,30,11,12,-1,30,12,13,-1,30,13,14,-1]
  normalPerVertex TRUE
  normal DEF NORM_161 Normal { vector [
  0 0 -1,0 0 -1,
  0 0 -1,0 0 -1,
  0 0 -1,0 0 -1,
  0 0 -1,0 0 -1,
  0 0 -1,0 0 -1,
  0 0 -1,0 0 -1,
  0 0 -1,0 0 -1,
  0 0 -1,0 0 -1,
  0 0 -1,0 0 -1,
  0 0 -1,0 0 -1,
  0 0 -1,0 0 -1,
  0 0 -1,0 0 -1,
  0 0 -1,0 0 -1,
  0 0 1,0 0 -1,
  0 0 -1,0 0 -1,
  0 0 -1,0 0 -1,
  0 0 -1,0 0 -1,
  0 0 -1,0 0 -1,
  0 0 -1,0 0 -1,
  0 0 -1,0 0 -1,
  0 0 -1,0 0 -1,
  0 0 -1,0 0 -1,
  0 0 -1,0 0 -1,
  0 0 -1,0 0 -1,
  0 0 -1,0 0 -1,
  0 0 -1,0 0 -1,
  0 0 -1,0 0 -1,
  0 0 -1,0 0 -1,
  0 0 -1,0 0 -1,
  0 0 -1,0 0 -1,
  0 0 -1] }
}
}
DEF SHAPE_162 Shape {
 appearance USE APP_2
 geometry DEF FACE_162 IndexedFaceSet {
  coord DEF COORD_162 Coordinate { point [
  1.2813413 -1.5309188 -3.1496063,1.2877827 -1.4819917 -3.1496063,
  1.3066678 -1.436399 -3.1496063,1.3367097 -1.3972476 -3.1496063,
  1.3758611 -1.3672057 -3.1496063,1.4214539 -1.3483205 -3.1496063,
  1.4703809 -1.3418792 -3.1496063,1.519308 -1.3483205 -3.1496063,
  1.5649007 -1.3672057 -3.1496063,1.6040521 -1.3972476 -3.1496063,
  1.634094 -1.436399 -3.1496063,1.6529792 -1.4819917 -3.1496063,
  1.6594205 -1.5309188 -3.1496063,1.6594205 -1.5309188 -3.2086614,
  1.6529792 -1.4819917 -3.2086614,1.634094 -1.436399 -3.2086614,
  1.6040521 -1.3972476 -3.2086614,1.5649007 -1.3672057 -3.2086614,
  1.519308 -1.3483205 -3.2086614,1.4703809 -1.3418792 -3.2086614,
  1.4214539 -1.3483205 -3.2086614,1.3758611 -1.3672057 -3.2086614,
  1.3367097 -1.3972476 -3.2086614,1.3066678 -1.436399 -3.2086614,
  1.2877827 -1.4819917 -3.2086614,1.2813413 -1.5309188 -3.2086614] }
 coordIndex [
  12,14,13,-1,11,14,12,-1,10,15,14,-1,10,14,11,-1,9,16,15,-1,9,15,10,-1,8,17,16,-1,8,16,9,-1,
  7,18,17,-1,7,17,8,-1,6,19,18,-1,6,18,7,-1,5,20,19,-1,5,19,6,-1,4,21,20,-1,4,20,5,-1,
  3,22,21,-1,3,21,4,-1,2,23,22,-1,2,22,3,-1,1,24,23,-1,1,25,24,-1,1,23,2,-1,0,25,1,-1]
  normalPerVertex TRUE
  normal DEF NORM_162 Normal { vector [
  0.99144486 -0.13052619 0,0.96592583 -0.25881905 0,
  0.84327172 -0.5374875 0,0.67542593 -0.73742784 0,
  0.46155098 -0.88711369 0,0.21622209 -0.9763442 0,
  -0.04384197 -0.99903848 0,-0.30091828 -0.95364993 0,
  -0.5374875 -0.84327172 0,-0.73742784 -0.67542593 0,
  -0.88711369 -0.46155098 0,-0.96592583 -0.25881905 0,
  -0.99144486 -0.13052619 0,-0.99144486 -0.13052619 0,
  -0.96592583 -0.25881905 0,-0.84327172 -0.5374875 0,
  -0.67542593 -0.73742784 0,-0.46155098 -0.88711369 0,
  -0.21622209 -0.9763442 0,0.04384197 -0.99903848 0,
  0.30091828 -0.95364993 0,0.5374875 -0.84327172 0,
  0.73742784 -0.67542593 0,0.88711369 -0.46155098 0,
  0.96592583 -0.25881905 0,0.99144486 -0.13052619 0] }
}
}
DEF SHAPE_163 Shape {
 appearance USE APP_2
 geometry DEF FACE_163 IndexedFaceSet {
  coord DEF COORD_163 Coordinate { point [
  -0.12004157 0.86377186 -2.5359641,-0.11970825 0.68028099 -2.6202759,
  -0.11906229 0.48331429 -2.6751712,-0.11811024 0.27559055 -2.6968504,
  -2.1648714 0.82797214 -2.4627836,-2.192238 0.55810747 -2.6000885,
  -2.2047244 0.27559051 -2.6968504] }
 coordIndex [
  6,3,2,-1,5,2,1,-1,5,6,2,-1,4,1,0,-1,4,5,1,-1]
  normalPerVertex TRUE
  normal DEF NORM_163 Normal { vector [
  0.039797562 -0.41713097 0.90797462,0.033871499 -0.39206768 0.9193126,
  0.016735614 -0.24469999 0.9694544,0 -0.10380185 0.994598,
  0.037245764 -0.44065918 0.89690147,0.028178216 -0.36088952 0.93218279,
  0.013314599 -0.23511644 0.97187601] }
}
}
DEF SHAPE_164 Shape {
 appearance USE APP_2
 geometry DEF FACE_164 IndexedFaceSet {
  coord DEF COORD_164 Coordinate { point [
  -0.11826989 0.86528902 -2.6520205,-0.12004157 0.86377186 -2.5359641,
  -0.11811024 1.4173228 -1.9384473,-0.11811024 1.291241 -2.2074715,
  -0.11811615 1.1034511 -2.4510059,-0.11811024 1.4173228 -1.9187623,
  -0.11982036 1.0974233 -2.3703338,-0.11925171 1.2852205 -2.1622625,
  -0.11861976 1.1870532 -2.3391905,-0.11912928 1.1864264 -2.311565] }
 coordIndex [
  6,1,0,-1,6,0,4,-1,5,3,2,-1,5,7,3,-1,8,4,3,-1,8,3,7,-1,9,7,6,-1,9,8,7,-1,
  9,6,4,-1,9,4,8,-1]
  normalPerVertex TRUE
  normal DEF NORM_164 Normal { vector [
  0.99975395 -0.014100951 0.017123279,0.99981787 -0.011658008 0.015110433,
  1 0 0,0.99899728 -0.038952364 0.022071216,
  0.99951295 -0.02185262 0.022278515,0.9993436 -0.033198836 0.014498229,
  0.99974954 -0.014968028 0.016637521,0.99942481 -0.029492985 0.016739622,
  0.99898084 -0.036322697 0.026794561,0.99969639 -0.018888783 0.015822402] }
}
}
DEF SHAPE_165 Shape {
 appearance USE APP_2
 geometry DEF FACE_165 IndexedFaceSet {
  coord DEF COORD_165 Coordinate { point [
  -0.12004157 0.86377186 -2.5359641,-0.11970825 0.68028099 -2.6202759,
  -0.11906229 0.48331429 -2.6751712,-0.11811024 0.27559055 -2.6968504,
  -0.11811024 0.27559055 -2.8729022,-0.11826989 0.86528902 -2.6520205,
  -0.11811024 0.680522 -2.7576802,-0.11811024 0.48249284 -2.8325924] }
 coordIndex [
  2,3,4,-1,2,4,7,-1,1,7,6,-1,1,2,7,-1,0,6,5,-1,0,1,6,-1]
  normalPerVertex TRUE
  normal DEF NORM_165 Normal { vector [
  0.99989702 -0.0054993726 0.013255192,0.99995257 -0.0019084873 0.0095502884,
  0.99999104 0.0017853276 0.0038370395,0.9999895 0.004583217 0,
  0.99999419 0.0018700167 0.002850339,0.99985459 -0.0078060998 0.015161348,
  0.99990695 -0.0050938421 0.012654584,0.99996948 -0.0011976489 0.007719891] }
}
}
DEF SHAPE_166 Shape {
 appearance USE APP_2
 geometry DEF FACE_166 IndexedFaceSet {
  coord DEF COORD_166 Coordinate { point [
  0.11826989 0.86528901 -2.6520205,0.12004157 0.86377135 -2.5359644,
  0.11811024 1.4173228 -1.9384473,0.11821359 1.3217081 -2.1551911,
  0.11834976 1.1585512 -2.3895506,0.11838211 1.0205194 -2.5307494,
  0.11811024 1.4173228 -1.9187623,0.11982036 1.0974233 -2.3703338,
  0.11925171 1.2852204 -2.1622625,0.11861976 1.1870532 -2.3391905,
  0.11912928 1.1864264 -2.311565] }
 coordIndex [
  5,0,1,-1,7,5,1,-1,4,5,7,-1,6,2,3,-1,6,3,8,-1,9,3,4,-1,9,8,3,-1,10,7,8,-1,
  10,9,4,-1,10,8,9,-1,10,4,7,-1]
  normalPerVertex TRUE
  normal DEF NORM_166 Normal { vector [
  -0.99982424 -0.011087873 0.015117968,-0.99983172 -0.011071628 0.014627282,
  -0.99999942 -0.0010809476 0,-0.99944322 -0.029463124 0.015657962,
  -0.99960843 -0.020913768 0.018590314,-0.99980362 -0.012607501 0.015289408,
  -0.99963819 -0.025084947 0.0097076681,-0.99979021 -0.014174754 0.014785861,
  -0.99956525 -0.025633511 0.014568174,-0.99925487 -0.031892289 0.021739151,
  -0.99973174 -0.018316984 0.014175429] }
}
}
DEF SHAPE_167 Shape {
 appearance USE APP_2
 geometry DEF FACE_167 IndexedFaceSet {
  coord DEF COORD_167 Coordinate { point [
  0.12004157 0.86377135 -2.5359644,0.11970825 0.68028083 -2.620276,
  0.11906229 0.4833142 -2.6751712,0.11811024 0.27559032 -2.6968504,
  0.11811024 0.27559055 -2.8729022,0.11826989 0.86528901 -2.6520205,
  0.1183364 0.68144008 -2.7572267,0.11827277 0.48395698 -2.8321408] }
 coordIndex [
  2,4,3,-1,2,7,4,-1,1,6,7,-1,1,7,2,-1,0,5,6,-1,0,6,1,-1]
  normalPerVertex TRUE
  normal DEF NORM_167 Normal { vector [
  -0.99990759 -0.0056524219 0.012363696,-0.99996598 -0.0012724757 0.0081500508,
  -0.9999925 0.0021843559 0.0031971405,-0.9999895 0.0045832132 0,
  -0.99999448 0.0023222651 0.0023752379,-0.99984454 -0.0090284283 0.015145209,
  -0.99992222 -0.0048493735 0.011490679,-0.99997868 -0.00046982471 0.0065131366] }
}
}
DEF SHAPE_168 Shape {
 appearance USE APP_2
 geometry DEF FACE_168 IndexedFaceSet {
  coord DEF COORD_168 Coordinate { point [
  2.1648714 0.82797214 -2.4627836,0.12004157 0.86377135 -2.5359644,
  2.192238 0.55810723 -2.6000886,2.2047244 0.27559011 -2.6968504,
  0.11811024 0.27559032 -2.6968504,0.11970825 0.68028083 -2.620276,
  0.11906229 0.4833142 -2.6751712] }
 coordIndex [
  3,6,4,-1,2,5,6,-1,2,6,3,-1,0,1,5,-1,0,5,2,-1]
  normalPerVertex TRUE
  normal DEF NORM_168 Normal { vector [
  -0.037245775 -0.4406591 0.89690151,-0.039797584 -0.41713082 0.90797469,
  -0.02817822 -0.36088934 0.93218285,-0.013314594 -0.23511618 0.97187607,
  1.2140453e-08 -0.10380174 0.99459801,-0.033871505 -0.39206756 0.91931265,
  -0.016735606 -0.24469973 0.96945447] }
}
}
DEF SHAPE_169 Shape {
 appearance USE APP_2
 geometry DEF FACE_169 IndexedFaceSet {
  coord DEF COORD_169 Coordinate { point [
  2.5590551 0.27559038 -2.3425197,2.4924572 0.55510756 -2.2779561,
  2.4077004 0.82188142 -2.1796652,2.1648714 0.82797214 -2.4627836,
  2.2126251 0.82731689 -2.4560969,2.2573924 0.8268305 -2.4387923,
  2.2980103 0.82651232 -2.4120767,2.3333158 0.82636171 -2.3771569,
  2.362286 0.82611442 -2.3355521,2.3844595 0.8253657 -2.2893725,
  2.3994961 0.82411272 -2.2405435,2.4050531 0.823092 -2.2100184,
  2.192238 0.55810723 -2.6000886,2.2047244 0.27559011 -2.6968504,
  2.2872251 0.2756182 -2.6871602,2.365416 0.27564188 -2.6583185,
  2.4346509 0.27563113 -2.61212,2.4911024 0.2756274 -2.5510057,
  2.5316868 0.27561172 -2.478425,2.5520413 0.27559719 -2.4119839,
  2.3201972 0.46730101 -2.6090408,2.4229045 0.46665022 -2.5357277,
  2.293479 0.65159296 -2.5310619,2.4913679 0.46599943 -2.427989,
  2.3836808 0.65042706 -2.4619041,2.4435374 0.64926115 -2.3620381] }
 coordIndex [
  20,12,13,-1,20,13,14,-1,20,14,15,-1,20,15,16,-1,21,16,17,-1,21,20,16,-1,22,4,3,-1,22,5,4,-1,
  22,6,5,-1,22,3,12,-1,22,12,20,-1,23,0,1,-1,23,17,18,-1,23,18,19,-1,23,19,0,-1,23,21,17,-1,
  24,7,6,-1,24,8,7,-1,24,20,21,-1,24,6,22,-1,24,22,20,-1,25,1,2,-1,25,9,8,-1,25,10,9,-1,
  25,11,10,-1,25,2,11,-1,25,24,21,-1,25,23,1,-1,25,8,24,-1,25,21,23,-1]
  normalPerVertex TRUE
  normal DEF NORM_169 Normal { vector [
  -0.9510101 -0.2726322 0.14577888,-0.93746541 -0.3063697 0.16521563,
  -0.93089279 -0.33845441 0.13743082,-0.1606915 -0.45602297 0.87534067,
  -0.22714259 -0.4686899 0.85366037,-0.40310002 -0.48998906 0.7729302,
  -0.54829252 -0.47184761 0.6904601,-0.67815763 -0.46734479 0.56717817,
  -0.77721577 -0.43492307 0.45472802,-0.84873585 -0.41825039 0.32359554,
  -0.89774771 -0.38043382 0.22207917,-0.94360208 -0.31017112 0.11579724,
  -0.18284998 -0.39538474 0.90013154,-0.14841669 -0.33652947 0.92990344,
  -0.21955502 -0.3355738 0.91607086,-0.42995473 -0.31863626 0.84475432,
  -0.58686085 -0.3264664 0.74095481,-0.78377393 -0.31288937 0.5364687,
  -0.87719896 -0.28761184 0.3844495,-0.94006456 -0.28365077 0.18926401,
  -0.37474243 -0.36652836 0.85160148,-0.7017384 -0.36203276 0.61359229,
  -0.34906888 -0.45007482 0.82193891,-0.89469924 -0.312475 0.31917494,
  -0.65588995 -0.42448057 0.62419918,-0.8690362 -0.37288983 0.32516036] }
}
}
DEF SHAPE_170 Shape {
 appearance USE APP_2
 geometry DEF FACE_170 IndexedFaceSet {
  coord DEF COORD_170 Coordinate { point [
  -2.1648714 0.82797214 -2.4627836,-2.2177659 0.82725081 -2.4546836,
  -2.2668272 0.82673047 -2.4336508,-2.3104651 0.82641054 -2.4013349,
  -2.3470972 0.82625519 -2.3594209,-2.3755797 0.82569552 -2.3104048,
  -2.3953962 0.82453383 -2.2570441,-2.4038924 0.82335613 -2.2183164,
  -2.4077004 0.82188136 -2.1796652,-2.192238 0.55810747 -2.6000885,
  -2.2047244 0.27559051 -2.6968504,-2.5590551 0.27559048 -2.3425197,
  -2.549365 0.27562096 -2.4250204,-2.5205232 0.27564447 -2.5032113,
  -2.4743248 0.27563161 -2.5724462,-2.4132105 0.27562691 -2.6288977,
  -2.3406297 0.27561126 -2.669482,-2.2741887 0.27559707 -2.6898366,
  -2.4924572 0.55510766 -2.2779561,-2.3201972 0.46730123 -2.6090408,
  -2.4229045 0.46665045 -2.5357276,-2.293479 0.65159307 -2.5310618,
  -2.4913678 0.46599966 -2.427989,-2.3836808 0.65042716 -2.461904,
  -2.4435374 0.64926126 -2.362038] }
 coordIndex [
  19,10,9,-1,19,15,16,-1,19,16,17,-1,19,17,10,-1,20,14,15,-1,20,15,19,-1,21,0,1,-1,21,1,2,-1,
  21,2,3,-1,21,9,0,-1,21,19,9,-1,22,11,12,-1,22,12,13,-1,22,13,14,-1,22,18,11,-1,22,14,20,-1,
  23,3,4,-1,23,4,5,-1,23,20,19,-1,23,19,21,-1,23,21,3,-1,24,5,6,-1,24,6,7,-1,24,7,8,-1,
  24,8,18,-1,24,20,23,-1,24,22,20,-1,24,23,5,-1,24,18,22,-1]
  normalPerVertex TRUE
  normal DEF NORM_170 Normal { vector [
  0.16252111 -0.45702401 0.87448038,0.24724702 -0.47402433 0.84508571,
  0.43901051 -0.48682656 0.75516202,0.57035652 -0.47143167 0.67264078,
  0.72673425 -0.45246024 0.51685304,0.79906739 -0.42905357 0.42119394,
  0.87981503 -0.39764091 0.2603982,0.93515089 -0.32647215 0.13750908,
  0.93119978 -0.33786128 0.13680906,0.18285012 -0.39538491 0.90013144,
  0.14623075 -0.33779509 0.92979086,0.95095481 -0.27156509 0.1481126,
  0.9333197 -0.28083912 0.22370457,0.84984656 -0.30109617 0.4325528,
  0.75777931 -0.31787404 0.56984788,0.55321948 -0.3259168 0.76663319,
  0.38100685 -0.31472679 0.86935656,0.18534955 -0.34354114 0.92066554,
  0.93746539 -0.30636975 0.16521566,0.36787211 -0.36792532 0.85399126,
  0.69586869 -0.36168962 0.62044129,0.35495339 -0.45149726 0.81863198,
  0.89126223 -0.31221863 0.32889387,0.66410743 -0.42488673 0.61516874,
  0.87092056 -0.37159767 0.32157821] }
}
}
DEF SHAPE_171 Shape {
 appearance USE APP_2
 geometry DEF FACE_171 IndexedFaceSet {
  coord DEF COORD_171 Coordinate { point [
  -1.4879888 -1.39123 -3.2086614,-1.5464534 -1.7681799 -3.2086614,
  -1.5334008 -1.39123 -3.2086614,-1.5724363 -1.6500971 -3.2086614,
  -1.6822523 -1.1071362 -3.2086614,-1.6460322 -1.288201 -3.2086614,
  -1.6094268 -1.4691882 -3.2086614,-1.4877953 -1.1071362 -3.2086614,
  -1.5237435 -1.3318945 -3.2086614,-1.4781487 -1.3318945 -3.2086614,
  -1.4411998 -1.1071362 -3.2086614,-1.2347137 -1.1071362 -3.2086614,
  -1.3489804 -1.7681847 -3.2086614] }
 coordIndex [
  11,12,0,-1,9,11,0,-1,8,0,2,-1,8,9,0,-1,10,11,9,-1,5,2,6,-1,5,8,2,-1,7,8,5,-1,
  4,7,5,-1,1,0,12,-1,2,3,6,-1]
  normalPerVertex TRUE
  normal DEF NORM_171 Normal { vector [
  0 0 -1,0 0 -1,
  0 0 -1,0 0 -1,
  0 0 -1,0 0 -1,
  0 0 -1,0 0 -1,
  0 0 -1,0 0 -1,
  0 0 -1,0 0 -1,
  0 0 -1] }
}
}
DEF SHAPE_172 Shape {
 appearance USE APP_2
 geometry DEF FACE_172 IndexedFaceSet {
  coord DEF COORD_172 Coordinate { point [
  -0.88218075 -1.5779688 -3.2086614,-0.88218075 -1.1071362 -3.2086614,
  -0.70134391 -1.1071362 -3.2086614,-0.70134391 -1.5779688 -3.2086614] }
 coordIndex [
  1,2,3,-1,1,3,0,-1]
  normalPerVertex TRUE
  normal DEF NORM_172 Normal { vector [
  0 0 -1,0 0 -1,
  0 0 -1,0 0 -1] }
}
}
DEF SHAPE_173 Shape {
 appearance USE APP_2
 geometry DEF FACE_173 IndexedFaceSet {
  coord DEF COORD_173 Coordinate { point [
  -0.13358523 -1.4840249 -3.2086614,-0.13679266 -1.4596621 -3.2086614,
  -0.14619636 -1.4369595 -3.2086614,-0.16115548 -1.4174644 -3.2086614,
  -0.18065059 -1.4025053 -3.2086614,-0.20335313 -1.3931016 -3.2086614,
  -0.22771595 -1.3898942 -3.2086614,-0.25207877 -1.3931016 -3.2086614,
  -0.27478131 -1.4025053 -3.2086614,-0.29427642 -1.4174644 -3.2086614,
  -0.30923554 -1.4369595 -3.2086614,-0.31863924 -1.4596621 -3.2086614,
  -0.32184667 -1.4840249 -3.2086614,-0.31863924 -1.5083877 -3.2086614,
  -0.30923554 -1.5310902 -3.2086614,-0.29427642 -1.5505853 -3.2086614,
  -0.27478131 -1.5655445 -3.2086614,-0.25207877 -1.5749482 -3.2086614,
  -0.22771595 -1.5781556 -3.2086614,-0.20335313 -1.5749482 -3.2086614,
  -0.18065059 -1.5655445 -3.2086614,-0.16115548 -1.5505853 -3.2086614,
  -0.14619636 -1.5310902 -3.2086614,-0.13679266 -1.5083877 -3.2086614] }
 coordIndex [
  18,20,19,-1,16,18,17,-1,16,20,18,-1,4,3,2,-1,14,16,15,-1,8,1,0,-1,8,2,1,-1,8,5,4,-1,
  8,6,5,-1,8,7,6,-1,8,21,20,-1,8,22,21,-1,8,23,22,-1,8,0,23,-1,8,4,2,-1,9,11,10,-1,
  9,12,11,-1,9,13,12,-1,9,14,13,-1,9,8,20,-1,9,20,16,-1,9,16,14,-1]
  normalPerVertex TRUE
  normal DEF NORM_173 Normal { vector [
  0 0 -1,0 0 -1,
  0 0 -1,0 0 -1,
  0 0 -1,0 0 -1,
  0 0 -1,0 0 -1,
  0 0 -1,0 0 -1,
  0 0 -1,0 0 -1,
  0 0 -1,0 0 -1,
  0 0 -1,0 0 -1,
  0 0 -1,0 0 -1,
  0 0 -1,0 0 -1,
  0 0 -1,0 0 -1,
  0 0 -1,0 0 -1] }
}
}
DEF SHAPE_174 Shape {
 appearance USE APP_2
 geometry DEF FACE_174 IndexedFaceSet {
  coord DEF COORD_174 Coordinate { point [
  -0.099972797 -1.4434827 -3.2086614,-0.099972797 -1.1071362 -3.2086614,
  0.076541449 -1.1071362 -3.2086614,0.076541449 -1.4223104 -3.2086614,
  0.066141486 -1.4892954 -3.2086614,0.071680564 -1.4673218 -3.2086614,
  0.075157214 -1.4449291 -3.2086614,-0.016713706 -1.5779688 -3.2086614,
  0.012105277 -1.5648297 -3.2086614,0.036557186 -1.5446983 -3.2086614,
  0.054985422 -1.5189385 -3.2086614,-0.051545442 -1.5848264 -3.2086614,
  -0.039770114 -1.583438 -3.2086614,-0.02813654 -1.5811476 -3.2086614,
  -0.085280861 -1.5865283 -3.2086614,-0.074010948 -1.5865563 -3.2086614,
  -0.062755314 -1.5859885 -3.2086614,-0.12795398 -1.581979 -3.2086614,
  -0.1137552 -1.5837294 -3.2086614,-0.099529541 -1.5852459 -3.2086614,
  -0.15744839 -1.5769803 -3.2086614,-0.14766503 -1.5789225 -3.2086614,
  -0.13783097 -1.5805892 -3.2086614,-0.13559524 -1.559502 -3.2086614,
  -0.11868407 -1.5372071 -3.2086614,-0.10774337 -1.5114514 -3.2086614,
  -0.10343854 -1.4838015 -3.2086614,-0.10178633 -1.4704077 -3.2086614,
  -0.10063055 -1.456962 -3.2086614] }
 coordIndex [
  23,18,17,-1,23,22,21,-1,23,17,22,-1,20,23,21,-1,24,15,14,-1,24,19,18,-1,24,14,19,-1,24,18,23,-1,
  25,12,11,-1,25,13,12,-1,25,7,13,-1,25,16,15,-1,25,11,16,-1,25,15,24,-1,26,8,7,-1,26,9,8,-1,
  26,7,25,-1,27,10,9,-1,27,4,10,-1,27,9,26,-1,28,5,4,-1,28,4,27,-1,0,6,5,-1,0,3,6,-1,
  0,5,28,-1,1,2,3,-1,1,3,0,-1]
  normalPerVertex TRUE
  normal DEF NORM_174 Normal { vector [
  0 0 -1,0 0 -1,
  0 0 -1,0 0 -1,
  0 0 -1,0 0 -1,
  0 0 -1,0 0 -1,
  0 0 -1,0 0 -1,
  0 0 -1,0 0 -1,
  0 0 -1,0 0 -1,
  0 0 -1,0 0 -1,
  0 0 -1,0 0 -1,
  0 0 -1,0 0 -1,
  0 0 -1,0 0 -1,
  0 0 -1,0 0 -1,
  0 0 -1,0 0 -1,
  0 0 -1,0 0 -1,
  0 0 -1] }
}
}
DEF SHAPE_175 Shape {
 appearance USE APP_2
 geometry DEF FACE_175 IndexedFaceSet {
  coord DEF COORD_175 Coordinate { point [
  0.22904257 -1.376401 -3.2086614,0.42688558 -1.1596046 -3.2086614,
  0.43311229 -1.1508373 -3.2086614,0.43700624 -1.1408136 -3.2086614,
  0.43833103 -1.130142 -3.2086614,0.43829462 -1.1283596 -3.2086614,
  0.43818545 -1.1265802 -3.2086614,0.4380037 -1.1248068 -3.2086614,
  0.43460398 -1.11809 -3.2086614,0.4300057 -1.1121294 -3.2086614,
  0.4243718 -1.1071362 -3.2086614,0.45525384 -1.1071362 -3.2086614,
  0.48555571 -1.1102683 -3.2086614,0.47551104 -1.1087235 -3.2086614,
  0.46540213 -1.1076786 -3.2086614,0.5554384 -1.1421511 -3.2086614,
  0.53459209 -1.1266258 -3.2086614,0.51094456 -1.115837 -3.2086614,
  0.58135615 -1.1978321 -3.2086614,0.57649106 -1.1776654 -3.2086614,
  0.56773672 -1.1588578 -3.2086614,0.58283205 -1.2155885 -3.2086614,
  0.58266772 -1.2096455 -3.2086614,0.58217526 -1.2037207 -3.2086614,
  0.57739383 -1.2493553 -3.2086614,0.58040361 -1.2383144 -3.2086614,
  0.58222321 -1.2270161 -3.2086614,0.54513499 -1.3055376 -3.2086614,
  0.55802826 -1.2880945 -3.2086614,0.56882902 -1.2692838 -3.2086614,
  0.33566445 -1.5254886 -3.2086614,0.33014343 -1.5319163 -3.2086614,
  0.32602353 -1.5393205 -3.2086614,0.32347213 -1.5474005 -3.2086614,
  0.32308649 -1.5546819 -3.2086614,0.32455901 -1.5618232 -3.2086614,
  0.32779351 -1.568358 -3.2086614,0.33257874 -1.5738597 -3.2086614,
  0.33860218 -1.5779688 -3.2086614,0.2496793 -1.5505638 -3.2086614,
  0.27663214 -1.5672559 -3.2086614,0.30692901 -1.576593 -3.2086614,
  0.21060287 -1.4862379 -3.2086614,0.21866488 -1.5104455 -3.2086614,
  0.23191181 -1.532252 -3.2086614,0.21614883 -1.396078 -3.2086614,
  0.20849007 -1.4255858 -3.2086614,0.20661836 -1.4560139 -3.2086614,
  0.21985175 -1.3891417 -3.2086614,0.22416121 -1.3825651 -3.2086614] }
 coordIndex [
  41,35,36,-1,41,36,37,-1,41,37,38,-1,34,35,41,-1,40,32,33,-1,40,33,34,-1,40,34,41,-1,39,31,32,-1,
  39,32,40,-1,44,31,39,-1,43,30,31,-1,43,31,44,-1,42,30,43,-1,47,30,42,-1,16,15,20,-1,46,30,47,-1,
  48,46,45,-1,49,46,48,-1,0,30,46,-1,0,46,49,-1,0,27,30,-1,1,19,18,-1,1,22,21,-1,1,23,22,-1,
  1,18,23,-1,1,25,24,-1,1,26,25,-1,1,21,26,-1,1,28,27,-1,1,29,28,-1,1,24,29,-1,1,27,0,-1,
  2,16,20,-1,2,17,16,-1,2,12,17,-1,2,20,19,-1,2,19,1,-1,3,13,12,-1,3,12,2,-1,4,14,13,-1,
  4,13,3,-1,5,14,4,-1,11,5,6,-1,11,6,7,-1,11,14,5,-1,8,11,7,-1,9,11,8,-1,10,11,9,-1]
  normalPerVertex TRUE
  normal DEF NORM_175 Normal { vector [
  0 0 -1,0 0 -1,
  0 0 -1,0 0 -1,
  0 0 -1,0 0 -1,
  0 0 -1,0 0 -1,
  0 0 -1,0 0 -1,
  0 0 -1,0 0 -1,
  0 0 -1,0 0 -1,
  0 0 -1,0 0 -1,
  0 0 -1,0 0 -1,
  0 0 -1,0 0 -1,
  0 0 -1,0 0 -1,
  0 0 -1,0 0 -1,
  0 0 -1,0 0 -1,
  0 0 -1,0 0 -1,
  0 0 -1,0 0 -1,
  0 0 -1,0 0 -1,
  0 0 -1,0 0 -1,
  0 0 -1,0 0 -1,
  0 0 -1,0 0 -1,
  0 0 -1,0 0 -1,
  0 0 -1,0 0 -1,
  0 0 -1,0 0 -1,
  0 0 -1,0 0 -1,
  0 0 -1,0 0 -1,
  0 0 -1,0 0 -1] }
}
}
DEF SHAPE_176 Shape {
 appearance USE APP_2
 geometry DEF FACE_176 IndexedFaceSet {
  coord DEF COORD_176 Coordinate { point [
  0.69792311 -1.1071362 -3.2086614,0.8910009 -1.1071362 -3.2086614,
  0.69792311 -1.3145743 -3.2086614] }
 coordIndex [
  0,1,2,-1]
  normalPerVertex TRUE
  normal DEF NORM_176 Normal { vector [
  0 0 -1,0 0 -1,
  0 0 -1] }
}
}
DEF SHAPE_177 Shape {
 appearance USE APP_2
 geometry DEF FACE_177 IndexedFaceSet {
  coord DEF COORD_177 Coordinate { point [
  1.0283522 -1.3795184 -3.2086614,1.0283522 -1.5779688 -3.2086614,
  0.83960529 -1.5779688 -3.2086614] }
 coordIndex [
  0,1,2,-1]
  normalPerVertex TRUE
  normal DEF NORM_177 Normal { vector [
  0 0 -1,0 0 -1,
  0 0 -1] }
}
}
DEF SHAPE_178 Shape {
 appearance USE APP_2
 geometry DEF FACE_178 IndexedFaceSet {
  coord DEF COORD_178 Coordinate { point [
  1.7087352 -1.5309188 -3.2086614,1.7006135 -1.4692282 -3.2086614,
  1.6768018 -1.4117416 -3.2086614,1.6389229 -1.3623768 -3.2086614,
  1.5895581 -1.3244979 -3.2086614,1.5320715 -1.3006862 -3.2086614,
  1.4703809 -1.2925645 -3.2086614,1.4086903 -1.3006862 -3.2086614,
  1.3512038 -1.3244979 -3.2086614,1.301839 -1.3623768 -3.2086614,
  1.26396 -1.4117416 -3.2086614,1.2401483 -1.4692282 -3.2086614,
  1.2320266 -1.5309188 -3.2086614,1.2401483 -1.5926094 -3.2086614,
  1.26396 -1.650096 -3.2086614,1.301839 -1.6994608 -3.2086614,
  1.3512038 -1.7373397 -3.2086614,1.4086903 -1.7611514 -3.2086614,
  1.4703809 -1.7692731 -3.2086614,1.5320715 -1.7611514 -3.2086614,
  1.5895581 -1.7373397 -3.2086614,1.6389229 -1.6994608 -3.2086614,
  1.6768018 -1.650096 -3.2086614,1.7006135 -1.5926094 -3.2086614,
  1.6594205 -1.5309188 -3.2086614,1.6529792 -1.4819917 -3.2086614,
  1.634094 -1.436399 -3.2086614,1.6040521 -1.3972476 -3.2086614,
  1.5649007 -1.3672057 -3.2086614,1.519308 -1.3483205 -3.2086614,
  1.4703809 -1.3418792 -3.2086614,1.4214539 -1.3483205 -3.2086614,
  1.3758611 -1.3672057 -3.2086614,1.3367097 -1.3972476 -3.2086614,
  1.3066678 -1.436399 -3.2086614,1.2877827 -1.4819917 -3.2086614,
  1.2813413 -1.5309188 -3.2086614,1.2877827 -1.5798459 -3.2086614,
  1.3066678 -1.6254386 -3.2086614,1.3367097 -1.66459 -3.2086614,
  1.3758611 -1.6946319 -3.2086614,1.4214539 -1.7135171 -3.2086614,
  1.4703809 -1.7199584 -3.2086614,1.519308 -1.7135171 -3.2086614,
  1.5649007 -1.6946319 -3.2086614,1.6040521 -1.66459 -3.2086614,
  1.634094 -1.6254386 -3.2086614,1.6529792 -1.5798459 -3.2086614] }
 coordIndex [
  46,22,21,-1,46,21,45,-1,44,21,20,-1,44,45,21,-1,47,23,22,-1,47,22,46,-1,43,20,19,-1,43,44,20,-1,
  24,0,23,-1,24,23,47,-1,42,19,18,-1,42,43,19,-1,1,0,24,-1,25,1,24,-1,41,18,17,-1,41,42,18,-1,
  40,17,16,-1,40,41,17,-1,26,2,1,-1,26,1,25,-1,39,16,15,-1,39,40,16,-1,27,3,2,-1,27,2,26,-1,
  4,27,28,-1,4,3,27,-1,14,38,39,-1,14,39,15,-1,5,4,28,-1,5,28,29,-1,13,37,38,-1,13,38,14,-1,
  12,37,13,-1,12,36,37,-1,6,5,29,-1,6,29,30,-1,7,30,31,-1,7,6,30,-1,11,36,12,-1,11,35,36,-1,
  8,7,31,-1,8,31,32,-1,10,34,35,-1,10,35,11,-1,9,34,10,-1,9,32,33,-1,9,33,34,-1,9,8,32,-1]
  normalPerVertex TRUE
  normal DEF NORM_178 Normal { vector [
  0 0 -1,0 0 -1,
  0 0 -1,0 0 -1,
  0 0 -1,0 0 -1,
  0 0 -1,0 0 -1,
  0 0 -1,0 0 -1,
  0 0 -1,0 0 -1,
  0 0 -1,0 0 -1,
  0 0 -1,0 0 -1,
  0 0 -1,0 0 -1,
  0 0 -1,0 0 -1,
  0 0 -1,0 0 -1,
  0 0 -1,0 0 -1,
  0 0 -1,0 0 -1,
  0 0 -1,0 0 -1,
  0 0 -1,0 0 -1,
  0 0 -1,0 0 -1,
  0 0 -1,0 0 -1,
  0 0 -1,0 0 -1,
  0 0 -1,0 0 -1,
  0 0 -1,0 0 -1,
  0 0 -1,0 0 -1,
  0 0 -1,0 0 -1,
  0 0 -1,0 0 -1,
  0 0 -1,0 0 -1] }
}
}
DEF SHAPE_179 Shape {
 appearance USE APP_2
 geometry DEF FACE_179 IndexedFaceSet {
  coord DEF COORD_179 Coordinate { point [
  0.81888163 -1.5254886 -3.2086614,1.0283522 -1.3055376 -3.2086614,
  0.81336061 -1.5319163 -3.2086614,0.80924071 -1.5393205 -3.2086614,
  0.80668931 -1.5474005 -3.2086614,0.80630367 -1.5546819 -3.2086614,
  0.80777619 -1.5618232 -3.2086614,0.81101069 -1.568358 -3.2086614,
  0.81579592 -1.5738597 -3.2086614,0.82181936 -1.5779688 -3.2086614,
  0.73289648 -1.5505638 -3.2086614,0.75984932 -1.5672559 -3.2086614,
  0.79014619 -1.576593 -3.2086614,0.69382005 -1.4862379 -3.2086614,
  0.70188206 -1.5104455 -3.2086614,0.71512898 -1.532252 -3.2086614,
  0.69936601 -1.396078 -3.2086614,0.69170724 -1.4255858 -3.2086614,
  0.68983554 -1.4560139 -3.2086614,0.70306892 -1.3891417 -3.2086614,
  0.70737839 -1.3825651 -3.2086614,0.71225974 -1.376401 -3.2086614,
  0.91010276 -1.1596046 -3.2086614,0.91632946 -1.1508373 -3.2086614,
  0.92022341 -1.1408136 -3.2086614,0.9215482 -1.130142 -3.2086614,
  0.92151179 -1.1283596 -3.2086614,0.92140262 -1.1265802 -3.2086614,
  0.92122087 -1.1248068 -3.2086614,0.91782115 -1.11809 -3.2086614,
  0.91322287 -1.1121294 -3.2086614,0.90758898 -1.1071362 -3.2086614,
  0.93847102 -1.1071362 -3.2086614,0.96877288 -1.1102683 -3.2086614,
  0.95872822 -1.1087235 -3.2086614,0.9486193 -1.1076786 -3.2086614,
  1.0386556 -1.1421511 -3.2086614,1.0178093 -1.1266258 -3.2086614,
  0.99416173 -1.115837 -3.2086614,1.0645733 -1.1978321 -3.2086614,
  1.0597082 -1.1776654 -3.2086614,1.0509539 -1.1588578 -3.2086614,
  1.0660492 -1.2155885 -3.2086614,1.0658849 -1.2096455 -3.2086614,
  1.0653924 -1.2037207 -3.2086614,1.060611 -1.2493553 -3.2086614,
  1.0636208 -1.2383144 -3.2086614,1.0654404 -1.2270161 -3.2086614,
  1.0412454 -1.2880945 -3.2086614,1.0520462 -1.2692838 -3.2086614] }
 coordIndex [
  12,6,7,-1,12,7,8,-1,12,8,9,-1,5,6,12,-1,11,3,4,-1,11,4,5,-1,11,5,12,-1,10,2,3,-1,
  10,3,11,-1,15,2,10,-1,14,0,2,-1,14,2,15,-1,13,0,14,-1,18,0,13,-1,37,36,41,-1,17,0,18,-1,
  19,17,16,-1,20,17,19,-1,21,1,0,-1,21,0,17,-1,21,17,20,-1,22,1,21,-1,22,40,39,-1,22,43,42,-1,
  22,44,43,-1,22,39,44,-1,22,46,45,-1,22,47,46,-1,22,42,47,-1,22,48,1,-1,22,49,48,-1,22,45,49,-1,
  23,37,41,-1,23,38,37,-1,23,33,38,-1,23,41,40,-1,23,40,22,-1,24,34,33,-1,24,33,23,-1,25,34,24,-1,
  25,35,34,-1,26,35,25,-1,32,26,27,-1,32,27,28,-1,32,35,26,-1,29,32,28,-1,30,32,29,-1,31,32,30,-1]
  normalPerVertex TRUE
  normal DEF NORM_179 Normal { vector [
  0 0 -1,0 0 -1,
  0 0 -1,0 0 -1,
  0 0 -1,0 0 -1,
  0 0 -1,0 0 -1,
  0 0 -1,0 0 -1,
  0 0 -1,0 0 -1,
  0 0 -1,0 0 -1,
  0 0 -1,0 0 -1,
  0 0 -1,0 0 -1,
  0 0 -1,0 0 -1,
  0 0 -1,0 0 -1,
  0 0 -1,0 0 -1,
  0 0 -1,0 0 -1,
  0 0 -1,0 0 -1,
  0 0 -1,0 0 -1,
  0 0 -1,0 0 -1,
  0 0 -1,0 0 -1,
  0 0 -1,0 0 -1,
  0 0 -1,0 0 -1,
  0 0 -1,0 0 -1,
  0 0 -1,0 0 -1,
  0 0 -1,0 0 -1,
  0 0 -1,0 0 -1,
  0 0 -1,0 0 -1,
  0 0 -1,0 0 -1] }
}
}
DEF SHAPE_180 Shape {
 appearance USE APP_2
 geometry DEF FACE_180 IndexedFaceSet {
  coord DEF COORD_180 Coordinate { point [
  0.54513499 -1.5779688 -3.2086614,0.35638811 -1.5779688 -3.2086614,
  0.54513499 -1.3795184 -3.2086614] }
 coordIndex [
  2,0,1,-1]
  normalPerVertex TRUE
  normal DEF NORM_180 Normal { vector [
  0 0 -1,0 0 -1,
  0 0 -1] }
}
}
DEF SHAPE_181 Shape {
 appearance USE APP_2
 geometry DEF FACE_181 IndexedFaceSet {
  coord DEF COORD_181 Coordinate { point [
  0.40778372 -1.1071362 -3.2086614,0.21470593 -1.3145743 -3.2086614,
  0.21470593 -1.1071362 -3.2086614] }
 coordIndex [
  2,0,1,-1]
  normalPerVertex TRUE
  normal DEF NORM_181 Normal { vector [
  0 0 -1,0 0 -1,
  0 0 -1] }
}
}
DEF SHAPE_182 Shape {
 appearance USE APP_2
 geometry DEF FACE_182 IndexedFaceSet {
  coord DEF COORD_182 Coordinate { point [
  -0.15640959 -1.1071362 -3.2086614,-0.15640959 -1.3709902 -3.2086614,
  -0.16834619 -1.3712028 -3.2086614,-0.18028469 -1.3712028 -3.2086614,
  -0.1922213 -1.3709902 -3.2086614,-0.26907896 -1.3569361 -3.2086614,
  -0.24404545 -1.3645143 -3.2086614,-0.21831666 -1.369219 -3.2086614,
  -0.3168933 -1.3239494 -3.2086614,-0.30237373 -1.3369122 -3.2086614,
  -0.28635241 -1.3479651 -3.2086614,-0.3168933 -1.154177 -3.2086614,
  -0.33491836 -1.185748 -3.2086614,-0.34424282 -1.2208861 -3.2086614,
  -0.34424282 -1.2572403 -3.2086614,-0.33491836 -1.2923784 -3.2086614,
  -0.26907896 -1.1211903 -3.2086614,-0.28635241 -1.1301613 -3.2086614,
  -0.30237373 -1.1412142 -3.2086614,-0.1922213 -1.1071362 -3.2086614,
  -0.21831666 -1.1089074 -3.2086614,-0.24404545 -1.1136122 -3.2086614] }
 coordIndex [
  10,6,5,-1,15,9,8,-1,15,10,9,-1,0,1,2,-1,0,2,3,-1,19,3,4,-1,19,4,7,-1,19,0,3,-1,
  14,10,15,-1,14,6,10,-1,20,7,6,-1,20,19,7,-1,21,14,13,-1,21,20,6,-1,21,6,14,-1,17,13,12,-1,
  17,16,21,-1,17,21,13,-1,18,17,12,-1,11,18,12,-1]
  normalPerVertex TRUE
  normal DEF NORM_182 Normal { vector [
  0 0 -1,0 0 -1,
  0 0 -1,0 0 -1,
  0 0 -1,0 0 -1,
  0 0 -1,0 0 -1,
  0 0 -1,0 0 -1,
  0 0 -1,0 0 -1,
  0 0 -1,0 0 -1,
  0 0 -1,0 0 -1,
  0 0 -1,0 0 -1,
  0 0 -1,0 0 -1,
  0 0 -1,0 0 -1] }
}
}
DEF SHAPE_183 Shape {
 appearance USE APP_2
 geometry DEF FACE_183 IndexedFaceSet {
  coord DEF COORD_183 Coordinate { point [
  -0.65108431 -1.5779688 -3.2086614,-0.65108431 -1.1071362 -3.2086614,
  -0.46873222 -1.1071362 -3.2086614,-0.46873222 -1.427801 -3.2086614,
  -0.47304323 -1.4726024 -3.2086614,-0.47117223 -1.4577125 -3.2086614,
  -0.46973482 -1.4427745 -3.2086614,-0.48112373 -1.5069677 -3.2086614,
  -0.47768618 -1.4956961 -3.2086614,-0.47498887 -1.4842248 -3.2086614,
  -0.52222456 -1.5590445 -3.2086614,-0.50410228 -1.5455005 -3.2086614,
  -0.49008592 -1.5277411 -3.2086614,-0.61188354 -1.5779689 -3.2086614,
  -0.58121584 -1.5758391 -3.2086614,-0.551137 -1.5694903 -3.2086614] }
 coordIndex [
  7,11,10,-1,7,12,11,-1,15,7,10,-1,8,7,15,-1,9,8,15,-1,4,9,15,-1,14,4,15,-1,5,4,14,-1,
  13,6,5,-1,13,5,14,-1,3,6,13,-1,0,3,13,-1,1,2,3,-1,1,3,0,-1]
  normalPerVertex TRUE
  normal DEF NORM_183 Normal { vector [
  0 0 -1,0 0 -1,
  0 0 -1,0 0 -1,
  0 0 -1,0 0 -1,
  0 0 -1,0 0 -1,
  0 0 -1,0 0 -1,
  0 0 -1,0 0 -1,
  0 0 -1,0 0 -1,
  0 0 -1,0 0 -1] }
}
}
DEF SHAPE_184 Shape {
 appearance USE APP_2
 geometry DEF FACE_184 IndexedFaceSet {
  coord DEF COORD_184 Coordinate { point [
  -1.1139508 -1.1071362 -3.2086614,-0.93407015 -1.1071362 -3.2086614,
  -0.93407015 -1.5779688 -3.2086614,-1.1139508 -1.5779688 -3.2086614] }
 coordIndex [
  0,1,2,-1,0,2,3,-1]
  normalPerVertex TRUE
  normal DEF NORM_184 Normal { vector [
  0 0 -1,0 0 -1,
  0 0 -1,0 0 -1] }
}
}
DEF SHAPE_185 Shape {
 appearance USE APP_2
 geometry DEF FACE_185 IndexedFaceSet {
  coord DEF COORD_185 Coordinate { point [
  -0.12004157 0.86377186 -2.5359641,-0.11982036 1.0974233 -2.3703338,
  -0.11925171 1.2852205 -2.1622625,-0.11811024 1.4173228 -1.9187623,
  -2.0096335 1.4173228 -1.9187623,-2.0716806 1.2566796 -2.1203203,
  -2.1218717 1.0571072 -2.3029119,-2.1648714 0.82797214 -2.4627836,
  -0.78019126 1.1734542 -2.2644578,-1.4407437 1.1611087 -2.2449762] }
 coordIndex [
  8,0,1,-1,8,1,2,-1,8,2,3,-1,8,7,0,-1,9,3,4,-1,9,4,5,-1,9,5,6,-1,9,6,7,-1,
  9,7,8,-1,9,8,3,-1]
  normalPerVertex TRUE
  normal DEF NORM_185 Normal { vector [
  0.043666852 -0.60436144 0.7955127,0.043521968 -0.6628686 0.74746977,
  0.048581908 -0.81511673 0.57725602,0.018176155 -0.81480872 0.57944489,
  0.00079632797 -0.78575635 0.61853563,0.02340483 -0.73266897 0.68018262,
  0.029698307 -0.62779396 0.7778128,0.035109706 -0.60290756 0.79703813,
  0.042109735 -0.68721624 0.72523141,0.016043698 -0.7439682 0.66802239] }
}
}
DEF SHAPE_186 Shape {
 appearance USE APP_2
 geometry DEF FACE_186 IndexedFaceSet {
  coord DEF COORD_186 Coordinate { point [
  -2.0096335 1.4173228 -1.9187623,-2.020051 1.4173228 -1.9181238,
  -2.0299625 1.4173228 -1.9145972,-2.038405 1.4173228 -1.9086161,
  -2.0468211 1.4173228 -1.8988883,-2.0538157 1.4173228 -1.8866945,
  -2.0630188 1.4173228 -1.8611657,-2.0698281 1.4173228 -1.8280699,
  -2.0756855 1.4173228 -1.7687478,-2.0716806 1.2566796 -2.1203203,
  -2.1218717 1.0571072 -2.3029119,-2.1648714 0.82797214 -2.4627836,
  -2.2177659 0.82725081 -2.4546836,-2.2668272 0.82673047 -2.4336508,
  -2.3104651 0.82641054 -2.4013349,-2.3470972 0.82625519 -2.3594209,
  -2.3755797 0.82569552 -2.3104048,-2.3953962 0.82453383 -2.2570441,
  -2.4038924 0.82335613 -2.2183164,-2.4077004 0.82188136 -2.1796652,
  -2.2723351 1.1210102 -2.0169357,-2.17885 1.2821082 -1.8983281,
  -2.1670168 1.1471942 -2.2048408,-2.2170363 1.1456253 -2.1517612,
  -2.2487032 1.1440563 -2.079408,-2.1567145 1.2693781 -2.0385525] }
 coordIndex [
  10,12,11,-1,10,13,12,-1,10,14,13,-1,10,15,14,-1,10,16,15,-1,20,17,16,-1,20,18,17,-1,20,19,18,-1,
  1,9,0,-1,2,9,1,-1,3,9,2,-1,8,21,7,-1,22,10,9,-1,23,16,10,-1,23,10,22,-1,24,21,20,-1,
  24,20,16,-1,24,16,23,-1,25,3,4,-1,25,4,5,-1,25,5,6,-1,25,6,7,-1,25,23,22,-1,25,21,24,-1,
  25,9,3,-1,25,24,23,-1,25,22,9,-1,25,7,21,-1]
  normalPerVertex TRUE
  normal DEF NORM_186 Normal { vector [
  0.037737627 -0.78708177 0.61569323,0.12252328 -0.79207038 0.59800715,
  0.28642066 -0.78246052 0.55291839,0.39346707 -0.7642536 0.51097955,
  0.53665218 -0.75477056 0.37726098,0.63558031 -0.72218927 0.27291084,
  0.70750494 -0.6797746 0.19324401,0.73358051 -0.66366234 0.14632817,
  0.7569644 -0.64916754 0.074742263,0.31389783 -0.75053136 0.58152457,
  0.44987513 -0.62210189 0.64078203,0.13068241 -0.58367611 0.80140146,
  0.22640159 -0.6007183 0.76673323,0.39236862 -0.62818034 0.67189012,
  0.51445922 -0.65612102 0.55212038,0.59554824 -0.68410938 0.42108984,
  0.68612266 -0.57761276 0.44226598,0.81431986 -0.52986822 0.23690258,
  0.87428813 -0.46958449 0.12292542,0.89364408 -0.44310227 0.071138142,
  0.84829265 -0.50248241 0.16706586,0.7628757 -0.62963834 0.1468885,
  0.39594505 -0.68983523 0.60609808,0.61104647 -0.58267513 0.53582824,
  0.80373112 -0.55308818 0.21933933,0.60412508 -0.71433597 0.3532096] }
}
}
DEF SHAPE_187 Shape {
 appearance USE APP_2
 geometry DEF FACE_187 IndexedFaceSet {
  coord DEF COORD_187 Coordinate { point [
  -2.4077004 0.82188136 -2.1796652,-2.4338419 0.79728255 -0.67122945,
  -2.2723351 1.1210102 -2.0169357,-2.17885 1.2821082 -1.8983281,
  -2.0756855 1.4173228 -1.7687478,-2.0756855 1.4173228 -0.6496063,
  -2.2137711 1.2322243 -0.66199964,-2.3303339 1.022557 -0.66952829,
  -2.2680433 1.134004 -1.5574341,-2.2749399 1.1255207 -1.1121547] }
 coordIndex [
  8,1,0,-1,8,0,2,-1,8,2,3,-1,8,3,4,-1,8,4,5,-1,9,5,6,-1,9,6,7,-1,9,7,1,-1,
  9,1,8,-1,9,8,5,-1]
  normalPerVertex TRUE
  normal DEF NORM_187 Normal { vector [
  0.90703992 -0.42097625 0.0075881883,0.90584777 -0.42350175 0.0092781895,
  0.89435005 -0.44734721 0.004296652,0.83937693 -0.54330162 -0.016422964,
  0.82489786 -0.56523915 -0.0069443302,0.82243964 -0.5688232 0.0057625959,
  0.83991406 -0.54252653 0.014468403,0.89220747 -0.45157735 0.0066124197,
  0.87385875 -0.48617388 0.002417179,0.86571235 -0.5004508 0.0095455955] }
}
}
DEF SHAPE_188 Shape {
 appearance USE APP_2
 geometry DEF FACE_188 IndexedFaceSet {
  coord DEF COORD_188 Coordinate { point [
  -2.5590551 0.2755905 -0.64960629,-2.5590551 0.27559055 -0.4133854,
  -2.4383901 0.79301752 -0.42623958,-2.4338419 0.79728255 -0.67122945,
  -2.5300198 0.45387236 -0.54156703,-2.5305815 0.45341224 -0.48430542,
  -2.4881804 0.62835924 -0.60583674,-2.4891232 0.62753492 -0.54661016,
  -2.490066 0.62671059 -0.48755621] }
 coordIndex [
  4,1,0,-1,5,2,1,-1,5,1,4,-1,6,0,3,-1,6,4,0,-1,7,3,2,-1,7,4,6,-1,7,6,3,-1,
  8,7,2,-1,8,2,5,-1,8,5,4,-1,8,4,7,-1]
  normalPerVertex TRUE
  normal DEF NORM_188 Normal { vector [
  0.97708408 -0.19238793 0.091069097,0.97929818 -0.18802005 -0.07499021,
  0.95991881 -0.2678711 -0.082467949,0.95782661 -0.27213258 0.092260706,
  0.98131482 -0.19084662 0.024470085,0.967474 -0.21741187 -0.12932953,
  0.96691651 -0.22648035 0.11738449,0.95889185 -0.28351486 0.012072551,
  0.96813666 -0.24643626 -0.044503577] }
}
}
DEF SHAPE_189 Shape {
 appearance USE APP_2
 geometry DEF FACE_189 IndexedFaceSet {
  coord DEF COORD_189 Coordinate { point [
  -2.4338419 0.79728255 -0.67122945,-2.5590551 0.2755905 -0.64960629,
  -2.5590551 0.27559048 -2.3425197,-2.4924572 0.55510766 -2.2779561,
  -2.4077004 0.82188136 -2.1796652] }
 coordIndex [
  1,2,3,-1,0,3,4,-1,0,1,3,-1]
  normalPerVertex TRUE
  normal DEF NORM_189 Normal { vector [
  0.96622965 -0.25765753 0.0035864325,0.97252137 -0.23281353 -0.00018879743,
  0.97276992 -0.23177289 0,0.96808845 -0.25059521 0.0026056015,
  0.95176272 -0.30661966 0.011494052] }
}
}
DEF SHAPE_190 Shape {
 appearance USE APP_3
 geometry DEF FACE_190 IndexedFaceSet {
  coord DEF COORD_190 Coordinate { point [
  -0.99111472 0.92575152 1.2997672,-1.0056374 0.81544076 1.2997672,
  -1.0482158 0.7126475 1.2997672,-1.1159482 0.62437693 1.2997672,
  -1.2042187 0.55664453 1.2997672,-1.307012 0.51406617 1.2997672,
  -1.4173228 0.49954348 1.2997672,-1.5276335 0.51406617 1.2997672,
  -1.6304268 0.55664453 1.2997672,-1.7186974 0.62437693 1.2997672,
  -1.7864298 0.7126475 1.2997672,-1.8290081 0.81544076 1.2997672,
  -1.8435308 0.92575152 1.2997672,-1.8290081 1.0360623 1.2997672,
  -1.7864298 1.1388555 1.2997672,-1.7186974 1.2271261 1.2997672,
  -1.6304268 1.2948585 1.2997672,-1.5276335 1.3374369 1.2997672,
  -1.4173228 1.3519596 1.2997672,-1.307012 1.3374369 1.2997672,
  -1.2042187 1.2948585 1.2997672,-1.1159482 1.2271261 1.2997672,
  -1.0482158 1.1388555 1.2997672,-1.0056374 1.0360623 1.2997672] }
 coordIndex [
  10,9,8,-1,20,22,21,-1,20,23,22,-1,11,10,8,-1,17,19,18,-1,17,20,19,-1,15,1,0,-1,15,2,1,-1,
  15,3,2,-1,15,4,3,-1,15,5,4,-1,15,6,5,-1,15,7,6,-1,15,8,7,-1,15,12,11,-1,15,13,12,-1,
  15,14,13,-1,15,17,16,-1,15,0,23,-1,15,11,8,-1,15,23,20,-1,15,20,17,-1]
  normalPerVertex TRUE
  normal DEF NORM_190 Normal { vector [
  0 0 1,0 0 1,
  0 0 1,0 0 1,
  0 0 1,0 0 1,
  0 0 1,0 0 1,
  0 0 1,0 0 1,
  0 0 1,0 0 1,
  0 0 1,0 0 1,
  0 0 1,0 0 1,
  0 0 1,0 0 1,
  0 0 1,0 0 1,
  0 0 1,0 0 1,
  0 0 1,0 0 1] }
}
}
DEF SHAPE_191 Shape {
 appearance USE APP_3
 geometry DEF FACE_191 IndexedFaceSet {
  coord DEF COORD_191 Coordinate { point [
  1.8435309 0.92575152 1.2997672,1.8290083 0.81544076 1.2997672,
  1.7864299 0.7126475 1.2997672,1.7186975 0.62437693 1.2997672,
  1.6304269 0.55664453 1.2997672,1.5276337 0.51406617 1.2997672,
  1.4173229 0.49954348 1.2997672,1.3070122 0.51406617 1.2997672,
  1.2042189 0.55664453 1.2997672,1.1159483 0.62437693 1.2997672,
  1.0482159 0.7126475 1.2997672,1.0056376 0.81544076 1.2997672,
  0.99111487 0.92575152 1.2997672,1.0056376 1.0360623 1.2997672,
  1.0482159 1.1388555 1.2997672,1.1159483 1.2271261 1.2997672,
  1.2042189 1.2948585 1.2997672,1.3070122 1.3374369 1.2997672,
  1.4173229 1.3519596 1.2997672,1.5276337 1.3374369 1.2997672,
  1.6304269 1.2948585 1.2997672,1.7186975 1.2271261 1.2997672,
  1.7864299 1.1388555 1.2997672,1.8290083 1.0360623 1.2997672] }
 coordIndex [
  9,8,7,-1,20,22,21,-1,12,11,10,-1,13,10,9,-1,13,12,10,-1,17,19,18,-1,15,1,0,-1,15,2,1,-1,
  15,3,2,-1,15,4,3,-1,15,5,4,-1,15,6,5,-1,15,7,6,-1,15,14,13,-1,15,17,16,-1,15,20,19,-1,
  15,23,22,-1,15,0,23,-1,15,9,7,-1,15,22,20,-1,15,19,17,-1,15,13,9,-1]
  normalPerVertex TRUE
  normal DEF NORM_191 Normal { vector [
  0 0 1,0 0 1,
  0 0 1,0 0 1,
  0 0 1,0 0 1,
  0 0 1,0 0 1,
  0 0 1,0 0 1,
  0 0 1,0 0 1,
  0 0 1,0 0 1,
  0 0 1,0 0 1,
  0 0 1,0 0 1,
  0 0 1,0 0 1,
  0 0 1,0 0 1,
  0 0 1,0 0 1] }
}
}
DEF SHAPE_192 Shape {
 appearance USE APP_2
 geometry DEF FACE_192 IndexedFaceSet {
  coord DEF COORD_192 Coordinate { point [
  -1.9458086 1.6535433 -1.8754909,-1.9791279 1.6449954 -1.9754464,
  -1.9995208 1.6311169 -2.0366243,-2.0193149 1.6108272 -2.0960072,
  1.9458086 1.6535433 -1.8754909,1.976233 1.6464245 -1.9669793,
  2.0007349 1.6300455 -2.0404683,2.0193145 1.6108271 -2.0960074] }
 coordIndex [
  0,4,5,-1,1,5,6,-1,1,0,5,-1,2,6,7,-1,2,1,6,-1,3,2,7,-1]
  normalPerVertex TRUE
  normal DEF NORM_192 Normal { vector [
  -9.3503833e-05 0.99666838 -0.081560621,-2.6078989e-05 0.98656632 -0.16336127,
  -2.9326667e-06 0.95695684 -0.29023028,0 0.94628823 -0.32332427,
  0 0.99698637 -0.077576923,-3.5064801e-05 0.99273569 -0.12031563,
  4.0222859e-05 0.96776252 -0.25186447,-2.9412299e-05 0.94567749 -0.32510627] }
}
}
DEF SHAPE_193 Shape {
 appearance USE APP_2
 geometry DEF FACE_193 IndexedFaceSet {
  coord DEF COORD_193 Coordinate { point [
  -1.5748031 1.4173228 -1.5171875,-1.2598425 1.4173228 -1.5171875,
  -1.2598425 1.6535433 -1.5171875,-1.5748031 1.6535433 -1.5171875] }
 coordIndex [
  2,0,1,-1,2,3,0,-1]
  normalPerVertex TRUE
  normal DEF NORM_193 Normal { vector [
  0 0 1,0 0 1,
  0 0 1,0 0 1] }
}
}
DEF SHAPE_194 Shape {
 appearance USE APP_2
 geometry DEF FACE_194 IndexedFaceSet {
  coord DEF COORD_194 Coordinate { point [
  -1.5748031 1.4173228 -1.3203371,-1.5748031 1.4173228 -1.5171875,
  -1.5748031 1.6535433 -1.5171875,-1.5748031 1.6535433 -1.3203371] }
 coordIndex [
  2,0,1,-1,2,3,0,-1]
  normalPerVertex TRUE
  normal DEF NORM_194 Normal { vector [
  1 0 0,1 0 0,
  1 0 0,1 0 0] }
}
}
DEF SHAPE_195 Shape {
 appearance USE APP_2
 geometry DEF FACE_195 IndexedFaceSet {
  coord DEF COORD_195 Coordinate { point [
  -1.2598425 1.4173228 -1.3203371,-1.5748031 1.4173228 -1.3203371,
  -1.5748031 1.6535433 -1.3203371,-1.2598425 1.6535433 -1.3203371] }
 coordIndex [
  2,0,1,-1,2,3,0,-1]
  normalPerVertex TRUE
  normal DEF NORM_195 Normal { vector [
  0 0 -1,0 0 -1,
  0 0 -1,0 0 -1] }
}
}
DEF SHAPE_196 Shape {
 appearance USE APP_2
 geometry DEF FACE_196 IndexedFaceSet {
  coord DEF COORD_196 Coordinate { point [
  -1.2598425 1.4173228 -1.5171875,-1.2598425 1.4173228 -1.3203371,
  -1.2598425 1.6535433 -1.3203371,-1.2598425 1.6535433 -1.5171875] }
 coordIndex [
  2,0,1,-1,2,3,0,-1]
  normalPerVertex TRUE
  normal DEF NORM_196 Normal { vector [
  -1 0 0,-1 0 0,
  -1 0 0,-1 0 0] }
}
}
DEF SHAPE_197 Shape {
 appearance USE APP_2
 geometry DEF FACE_197 IndexedFaceSet {
  coord DEF COORD_197 Coordinate { point [
  -2.1663248 1.6108272 -1.9489971,-2.258336 1.5640703 -1.9861249,
  -2.3207951 1.5192186 -2.0183962,-2.3832823 1.4596878 -2.0576415,
  -2.120113 1.6227472 -2.0000069,-2.0703245 1.6227472 -2.0497954,
  -2.0193149 1.6108272 -2.0960072,-2.0604261 1.5805784 -2.1661061,
  -2.0916346 1.5435491 -2.2411337,-2.1810555 1.5504058 -2.2020309,
  -2.2671616 1.5345991 -2.1525728,-2.3315065 1.503711 -2.1055648,
  -2.2400317 1.5705307 -2.0458763,-2.1833656 1.5864522 -2.0896868,
  -2.1224292 1.5897503 -2.1304271] }
 coordIndex [
  11,3,2,-1,12,1,0,-1,12,2,1,-1,12,0,4,-1,12,10,11,-1,12,11,2,-1,13,4,5,-1,13,9,10,-1,
  13,12,4,-1,13,10,12,-1,14,5,6,-1,14,6,7,-1,14,7,8,-1,14,8,9,-1,14,9,13,-1,14,13,5,-1]
  normalPerVertex TRUE
  normal DEF NORM_197 Normal { vector [
  -0.39624914 0.91473716 -0.079009754,-0.49047795 0.86963781 -0.056226796,
  -0.59408126 0.80137723 -0.069728001,-0.67276178 0.73825675 -0.048667969,
  -0.31732877 0.93610993 -0.15165966,-0.17813013 0.94730472 -0.26623942,
  -0.075834588 0.93532769 -0.34555929,-0.084914765 0.91945098 -0.38392627,
  -0.10540123 0.90695826 -0.40782016,-0.23492306 0.91146816 -0.33769357,
  -0.41775992 0.881556 -0.21985373,-0.57362619 0.8130551 -0.09947062,
  -0.45357323 0.88358825 -0.11637496,-0.30307067 0.9238886 -0.23361942,
  -0.14016472 0.92795707 -0.34532526] }
}
}
DEF SHAPE_198 Shape {
 appearance USE APP_2
 geometry DEF FACE_198 IndexedFaceSet {
  coord DEF COORD_198 Coordinate { point [
  -2.1663248 1.6108272 -1.9489971,-2.120113 1.6227472 -2.0000069,
  -2.0703245 1.6227472 -2.0497954,-2.0193149 1.6108272 -2.0960072,
  -1.9458086 1.6535433 -1.8754909,-2.0373237 1.6464203 -1.9059239,
  -2.1108119 1.630038 -1.9304259,-1.9791279 1.6449954 -1.9754464,
  -1.9995208 1.6311169 -2.0366243,-2.0043424 1.6501552 -1.9172988,
  -2.0292022 1.6399468 -1.9922378,-2.0625556 1.6399468 -1.9588844] }
 coordIndex [
  2,8,3,-1,0,6,1,-1,9,5,4,-1,9,4,7,-1,10,2,1,-1,10,7,8,-1,10,8,2,-1,11,6,5,-1,
  11,7,10,-1,11,10,1,-1,11,9,7,-1,11,5,9,-1,11,1,6,-1]
  normalPerVertex TRUE
  normal DEF NORM_198 Normal { vector [
  -0.30904779 0.94926687 -0.058153804,-0.22013461 0.96811902 -0.11952534,
  -0.10463423 0.96656736 -0.23409231,-0.055369994 0.9503389 -0.30625175,
  -0.027028171 0.99870535 -0.043094111,-0.15782284 0.98741639 -0.010041512,
  -0.25600411 0.96538268 -0.04998182,-0.043303123 0.99156338 -0.12217569,
  -0.053035766 0.96447531 -0.2587945,-0.06341948 0.99527772 -0.073486205,
  -0.11297981 0.9772641 -0.17941696,-0.1561653 0.98355956 -0.090680698] }
}
}
DEF SHAPE_199 Shape {
 appearance USE APP_2
 geometry DEF FACE_199 IndexedFaceSet {
  coord DEF COORD_199 Coordinate { point [
  2.5777394 0.27559515 -3.1102361,-2.5777389 0.27559527 -3.1102361,
  2.5285647 0.53532685 -3.0628228,2.4656171 0.77109817 -2.9757635,
  2.3914346 0.98248775 -2.8577631,2.2816009 1.2253088 -2.6633814,
  2.1840302 1.4001165 -2.466502,2.0916339 1.543549 -2.241134,
  2.0604255 1.5805783 -2.1661063,2.0193145 1.6108271 -2.0960074,
  -2.0193149 1.6108272 -2.0960072,-2.0604261 1.5805784 -2.1661061,
  -2.0916346 1.5435491 -2.2411337,-2.2398508 1.3036908 -2.5825168,
  -2.3885574 0.98974736 -2.8529538,-2.5029481 0.64023563 -3.0294785,
  -2.5439965 0.46388346 -3.0807612] }
 coordIndex [
  8,7,6,-1,16,0,1,-1,16,2,0,-1,15,3,2,-1,15,2,16,-1,14,4,3,-1,14,5,4,-1,14,3,15,-1,
  13,6,5,-1,13,5,14,-1,11,13,12,-1,11,8,6,-1,11,6,13,-1,10,9,8,-1,10,8,11,-1]
  normalPerVertex TRUE
  normal DEF NORM_199 Normal { vector [
  0.00054695506 0.16916331 -0.98558788,0 0.15465789 -0.98796808,
  0.00058054786 0.26617048 -0.96392579,-0.00074151111 0.43145298 -0.90213512,
  3.1651173e-05 0.56667578 -0.82394087,-0.00058307266 0.67009626 -0.74227398,
  -0.0019071568 0.82158 -0.57009005,-0.91578454 0.038315084 -0.39983826,
  -0.0011707676 0.87702256 -0.48044776,0 0.91816348 -0.39620174,
  0 0.91816351 -0.39620168,-0.00067887666 0.84963013 -0.52737859,
  0.93384561 -0.081312834 -0.34831106,-0.0010671346 0.75468292 -0.65608883,
  -0.0013125617 0.56004076 -0.82846401,-0.00086635312 0.38168354 -0.92429266,
  0.00023740447 0.20086977 -0.97961792] }
}
}
DEF SHAPE_200 Shape {
 appearance USE APP_2
 geometry DEF FACE_200 IndexedFaceSet {
  coord DEF COORD_200 Coordinate { point [
  -2.0916346 1.5435491 -2.2411337,-2.1810555 1.5504058 -2.2020309,
  -2.2671616 1.5345991 -2.1525728,-2.3315065 1.503711 -2.1055648,
  -2.3832823 1.4596878 -2.0576415,-2.2398508 1.3036908 -2.5825168,
  -2.3885574 0.98974736 -2.8529538,-2.5029481 0.64023563 -3.0294785,
  -2.5439965 0.46388346 -3.0807612,-2.5777389 0.27559527 -3.1102361,
  -2.6335106 0.27559032 -3.1063868,-2.7188146 0.29182271 -3.0821656,
  -2.8004131 0.30538095 -3.0362719,-2.8705413 0.31481822 -2.9707686,
  -2.9227698 0.31923664 -2.8907923,-2.9539857 0.31868316 -2.8043251,
  -2.9646799 0.31391032 -2.7187872,-2.8644016 0.66597918 -2.651587,
  -2.7241265 0.97885817 -2.5166599,-2.5599562 1.2414208 -2.3260902,
  -2.4680797 1.3612021 -2.1984896,-2.2493217 1.4518733 -2.3728991,
  -2.3351452 1.4437083 -2.3180684,-2.3296139 1.3342791 -2.5263292,
  -2.4092186 1.4134289 -2.2545384,-2.4215678 1.3302338 -2.4630854,
  -2.4984232 1.3012654 -2.3874166,-2.4894427 1.0460541 -2.7905393,
  -2.5952561 1.0498422 -2.7142056,-2.677155 1.0252752 -2.6155813,
  -2.6298784 0.67889087 -2.9898325,-2.7498437 0.69060129 -2.9049568,
  -2.8349533 0.67733419 -2.7853194,-2.6980779 0.40809613 -3.0657229,
  -2.7186005 0.30009747 -3.0809107,-2.825435 0.42559469 -2.9782297,
  -2.9114509 0.42592244 -2.8486832] }
 coordIndex [
  21,1,0,-1,21,0,5,-1,22,2,1,-1,22,1,21,-1,23,21,5,-1,24,3,2,-1,24,4,3,-1,24,20,4,-1,
  24,2,22,-1,25,21,23,-1,25,22,21,-1,26,19,20,-1,26,22,25,-1,26,20,24,-1,26,24,22,-1,27,5,6,-1,
  27,23,5,-1,28,25,23,-1,28,23,27,-1,29,17,18,-1,29,18,19,-1,29,25,28,-1,29,26,25,-1,29,19,26,-1,
  30,6,7,-1,30,7,8,-1,30,27,6,-1,31,28,27,-1,31,27,30,-1,32,17,29,-1,32,29,28,-1,32,28,31,-1,
  33,8,9,-1,33,9,10,-1,33,30,8,-1,34,10,11,-1,34,11,12,-1,34,12,33,-1,34,33,10,-1,35,12,13,-1,
  35,13,14,-1,35,33,12,-1,35,31,30,-1,35,30,33,-1,36,14,15,-1,36,15,16,-1,36,16,17,-1,36,17,32,-1,
  36,35,14,-1,36,32,31,-1,36,31,35,-1]
  normalPerVertex TRUE
  normal DEF NORM_200 Normal { vector [
  -0.03819775 0.84112038 -0.53949739,-0.27054001 0.88007587 -0.39022373,
  -0.47387066 0.84044441 -0.26286838,-0.61780109 0.77266516 -0.14598071,
  -0.69443225 0.71546739 -0.076617618,-0.086170753 0.74540569 -0.66101813,
  -0.14064612 0.56256461 -0.81470223,-0.14746279 0.42954245 -0.89092537,
  -0.18845734 0.2744005 -0.94296776,-0.14011088 0.198621 -0.97000961,
  -0.16608443 0.21355244 -0.9627104,-0.3602656 0.14897359 -0.92087761,
  -0.54031516 0.24401795 -0.80530415,-0.72824273 0.25364746 -0.63665178,
  -0.83188577 0.27599672 -0.48144768,-0.93464263 0.28010164 -0.21905759,
  -0.94517474 0.30026908 -0.12838686,-0.90581036 0.39214798 -0.16039811,
  -0.8364177 0.52723361 -0.14976699,-0.77773763 0.61612864 -0.12453783,
  -0.71920233 0.68884962 -0.090742563,-0.1794959 0.84724774 -0.49995248,
  -0.45215956 0.830918 -0.32423295,-0.30315708 0.75692268 -0.57893336,
  -0.6250933 0.76217115 -0.16838501,-0.51835273 0.75079822 -0.40940503,
  -0.67146626 0.70402535 -0.23126037,-0.30923984 0.63289072 -0.70980283,
  -0.56858877 0.64215481 -0.51414396,-0.76188971 0.59138161 -0.26418149,
  -0.32477725 0.44389069 -0.83515316,-0.61637712 0.48676612 -0.61898141,
  -0.80315923 0.47502019 -0.35957067,-0.33210042 0.28329507 -0.89969618,
  -0.35073668 0.19216463 -0.91654598,-0.63362029 0.3380861 -0.69586142,
  -0.88072081 0.33297863 -0.33683244] }
}
}
DEF SHAPE_201 Shape {
 appearance USE APP_2
 geometry DEF FACE_201 IndexedFaceSet {
  coord DEF COORD_201 Coordinate { point [
  -2.6335106 0.27559032 -3.1063868,-2.7188146 0.29182271 -3.0821656,
  -2.8004131 0.30538095 -3.0362719,-2.8705413 0.31481822 -2.9707686,
  -2.9227698 0.31923664 -2.8907923,-2.9539857 0.31868316 -2.8043251,
  -2.9646799 0.31391032 -2.7187872,-2.7242042 0.27559054 -3.0828272,
  -2.8067368 0.27559055 -3.0387279,-2.8764318 0.27559055 -2.976562,
  -2.9290854 0.27559055 -2.899505,-2.9617158 0.27559106 -2.8122671,
  -2.9724307 0.27560424 -2.7190699,-2.9698531 0.2887104 -2.7208553] }
 coordIndex [
  7,1,0,-1,2,1,7,-1,8,2,7,-1,3,2,8,-1,9,3,8,-1,10,4,3,-1,10,3,9,-1,11,5,4,-1,
  11,4,10,-1,13,6,5,-1,13,5,11,-1,12,13,11,-1]
  normalPerVertex TRUE
  normal DEF NORM_201 Normal { vector [
  -0.24954728 0.12201487 -0.96064485,-0.35864122 0.15659137 -0.92024758,
  -0.54253159 0.18676267 -0.8190111,-0.74343779 0.21089468 -0.63468392,
  -0.88599309 0.21861051 -0.40893237,-0.95661115 0.21157655 -0.20032589,
  -0.97182777 0.20851947 -0.1098654,-0.40965745 0.16336394 -0.89749262,
  -0.60030493 0.19423426 -0.77582668,-0.73508425 0.20578764 -0.64598962,
  -0.8513899 0.21150081 -0.48000276,-0.9455283 0.20599975 -0.25207207,
  -0.97777075 0.17697991 -0.11243871,-0.97398004 0.19649494 -0.11292747] }
}
}
DEF SHAPE_202 Shape {
 appearance USE APP_2
 geometry DEF FACE_202 IndexedFaceSet {
  coord DEF COORD_202 Coordinate { point [
  3.0511811 0.039370079 -2.7952756,3.0511811 0.27559055 -2.7952756,
  3.0377661 0.039370079 -2.8971729,2.9984352 0.039370079 -2.992126,
  2.9358688 0.039370079 -3.0736641,2.8543307 0.039370079 -3.1362305,
  2.7593776 0.039370079 -3.1755613,2.6574803 0.039370079 -3.1889764,
  2.6574803 0.27559055 -3.1889764,2.7593776 0.27559055 -3.1755613,
  2.8543307 0.27559055 -3.1362305,2.9358688 0.27559055 -3.0736641,
  2.9984352 0.27559055 -2.992126,3.0377661 0.27559055 -2.8971729] }
 coordIndex [
  6,7,8,-1,6,8,9,-1,6,9,10,-1,5,6,10,-1,4,10,11,-1,4,5,10,-1,3,11,12,-1,3,4,11,-1,
  2,12,13,-1,2,3,12,-1,0,13,1,-1,0,2,13,-1]
  normalPerVertex TRUE
  normal DEF NORM_202 Normal { vector [
  0.99144486 0 -0.13052619,0.99144486 0 -0.13052619,
  0.95364993 0 -0.30091828,0.84327172 0 -0.5374875,
  0.67542593 0 -0.73742784,0.5 0 -0.8660254,
  0.25881905 0 -0.96592583,0.13052619 0 -0.99144486,
  0.13052619 0 -0.99144486,0.25881905 0 -0.96592583,
  0.5 0 -0.8660254,0.73742784 0 -0.67542593,
  0.88711369 0 -0.46155098,0.9763442 0 -0.21622209] }
}
}
DEF SHAPE_203 Shape {
 appearance USE APP_2
 geometry DEF FACE_203 IndexedFaceSet {
  coord DEF COORD_203 Coordinate { point [
  2.6574803 0.039370079 -3.1889764,2.6574803 0.27559055 -3.1889764,
  -2.6574803 0.039370079 -3.1889764,-2.6574803 0.27559055 -3.1889764] }
 coordIndex [
  3,1,0,-1,3,0,2,-1]
  normalPerVertex TRUE
  normal DEF NORM_203 Normal { vector [
  0 0 -1,0 0 -1,
  0 0 -1,0 0 -1] }
}
}
DEF SHAPE_204 Shape {
 appearance USE APP_2
 geometry DEF FACE_204 IndexedFaceSet {
  coord DEF COORD_204 Coordinate { point [
  -2.6574803 0.039370079 -3.1889764,-2.6574803 0.27559055 -3.1889764,
  -2.7593776 0.039370079 -3.1755613,-2.8543307 0.039370079 -3.1362305,
  -2.9358688 0.039370079 -3.0736641,-2.9984352 0.039370079 -2.992126,
  -3.0377661 0.039370079 -2.8971729,-3.0511811 0.039370079 -2.7952756,
  -3.0511811 0.27559055 -2.7952756,-3.0377661 0.27559055 -2.8971729,
  -2.9984352 0.27559055 -2.992126,-2.9358688 0.27559055 -3.0736641,
  -2.8543307 0.27559055 -3.1362305,-2.7593776 0.27559055 -3.1755613] }
 coordIndex [
  6,7,8,-1,6,8,9,-1,5,9,10,-1,5,10,11,-1,5,6,9,-1,4,5,11,-1,3,11,12,-1,3,12,13,-1,
  3,4,11,-1,2,13,1,-1,2,3,13,-1,0,2,1,-1]
  normalPerVertex TRUE
  normal DEF NORM_204 Normal { vector [
  -0.13052619 0 -0.99144486,-0.13052619 0 -0.99144486,
  -0.21622209 0 -0.9763442,-0.5 0 -0.8660254,
  -0.70710678 0 -0.70710678,-0.8660254 0 -0.5,
  -0.9763442 0 -0.21622209,-0.99144486 0 -0.13052619,
  -0.99144486 0 -0.13052619,-0.95364993 0 -0.30091828,
  -0.8660254 0 -0.5,-0.70710678 0 -0.70710678,
  -0.5 0 -0.8660254,-0.30091828 0 -0.95364993] }
}
}
DEF SHAPE_205 Shape {
 appearance USE APP_2
 geometry DEF FACE_205 IndexedFaceSet {
  coord DEF COORD_205 Coordinate { point [
  2.5590551 0.27559038 -2.3425197,2.4924572 0.55510756 -2.2779561,
  2.4077004 0.82188142 -2.1796652,2.4338418 0.79728294 -0.67122945,
  2.5590551 0.27559055 -0.64960628] }
 coordIndex [
  4,1,0,-1,3,2,1,-1,3,1,4,-1]
  normalPerVertex TRUE
  normal DEF NORM_205 Normal { vector [
  -0.97276993 -0.23177285 1.222936e-08,-0.96808844 -0.25059527 0.002605584,
  -0.95176273 -0.30661962 0.011494017,-0.96622962 -0.25765762 0.0035864033,
  -0.97252135 -0.23281363 -0.00018880999] }
}
}
DEF SHAPE_206 Shape {
 appearance USE APP_2
 geometry DEF FACE_206 IndexedFaceSet {
  coord DEF COORD_206 Coordinate { point [
  2.5590595 0.27552969 -0.41338589,2.5590551 0.27559055 -0.64960628,
  2.43839 0.79301755 -0.42624315,2.4338418 0.79728294 -0.67122945,
  2.5300277 0.45383271 -0.5415655,2.5294661 0.45429274 -0.59865846,
  2.5305893 0.45337268 -0.48430435,2.4881857 0.62833996 -0.60583615,
  2.4891285 0.62751567 -0.54660979,2.4900712 0.62669138 -0.48755601] }
 coordIndex [
  4,1,0,-1,4,5,1,-1,6,0,2,-1,6,4,0,-1,7,3,1,-1,7,1,5,-1,8,2,3,-1,8,3,7,-1,
  8,5,4,-1,8,7,5,-1,9,8,4,-1,9,4,6,-1,9,6,2,-1,9,2,8,-1]
  normalPerVertex TRUE
  normal DEF NORM_206 Normal { vector [
  -0.97929816 -0.1880009 -0.075038516,-0.97703141 -0.18819538 0.099960627,
  -0.95991846 -0.26786225 -0.082500736,-0.95782686 -0.2721318 0.092260427,
  -0.9831125 -0.18293701 0.0048847966,-0.97548168 -0.21156725 0.060620129,
  -0.96747155 -0.21739343 -0.12937893,-0.95987634 -0.23534896 0.15247386,
  -0.96055246 -0.27785654 0.011606579,-0.96813851 -0.24642661 -0.044516848] }
}
}
DEF SHAPE_207 Shape {
 appearance USE APP_2
 geometry DEF FACE_207 IndexedFaceSet {
  coord DEF COORD_207 Coordinate { point [
  2.0756855 1.4173228 -0.6496063,2.0756855 1.4173228 -1.7687478,
  2.213771 1.2322245 -0.66199963,2.3303337 1.0225574 -0.66952829,
  2.4338418 0.79728294 -0.67122945,2.4077004 0.82188142 -2.1796652,
  2.2723351 1.1210103 -2.0169357,2.17885 1.2821083 -1.8983281,
  2.2680433 1.134004 -1.5574341,2.2749399 1.1255207 -1.1121547] }
 coordIndex [
  8,0,1,-1,8,6,5,-1,8,7,6,-1,8,1,7,-1,9,2,0,-1,9,3,2,-1,9,4,3,-1,9,5,4,-1,
  9,0,8,-1,9,8,5,-1]
  normalPerVertex TRUE
  normal DEF NORM_207 Normal { vector [
  -0.82243964 -0.56882321 0.0057626004,-0.82489786 -0.56523915 -0.0069443306,
  -0.839914 -0.54252663 0.014468434,-0.89220744 -0.45157742 0.0066124138,
  -0.90526524 -0.42472766 0.010062155,-0.90630858 -0.42255427 0.0072549401,
  -0.89435004 -0.44734724 0.0042966558,-0.83937692 -0.54330164 -0.016422975,
  -0.85602554 -0.51693271 -0.00091733273,-0.88500851 -0.46548363 0.0092158805] }
}
}
DEF SHAPE_208 Shape {
 appearance USE APP_2
 geometry DEF FACE_208 IndexedFaceSet {
  coord DEF COORD_208 Coordinate { point [
  2.4077004 0.82188142 -2.1796652,2.2723351 1.1210103 -2.0169357,
  2.17885 1.2821083 -1.8983281,2.0756855 1.4173228 -1.7687478,
  2.0646307 1.4173228 -1.8549105,2.0520322 1.4173228 -1.8902516,
  2.0446627 1.4173228 -1.9018206,2.0358316 1.4173228 -1.9107835,
  2.030014 1.4173228 -1.9145699,2.0238715 1.4173228 -1.9171463,
  2.0169065 1.4173228 -1.9186105,2.0096335 1.4173228 -1.9187623,
  2.0716806 1.2566796 -2.1203203,2.1218717 1.0571072 -2.3029119,
  2.1648714 0.82797214 -2.4627836,2.2126251 0.82731689 -2.4560969,
  2.2573924 0.8268305 -2.4387923,2.2980103 0.82651232 -2.4120767,
  2.3333158 0.82636171 -2.3771569,2.362286 0.82611442 -2.3355521,
  2.3844595 0.8253657 -2.2893725,2.3994961 0.82411272 -2.2405435,
  2.4050531 0.823092 -2.2100184,2.1670168 1.1471942 -2.2048408,
  2.2170363 1.1456253 -2.1517612,2.2487032 1.1440563 -2.079408,
  2.1567145 1.2693781 -2.0385525] }
 coordIndex [
  13,14,15,-1,13,15,16,-1,13,16,17,-1,13,17,18,-1,13,18,19,-1,1,19,20,-1,1,20,21,-1,1,21,22,-1,
  1,22,0,-1,10,11,12,-1,9,10,12,-1,8,9,12,-1,7,8,12,-1,3,4,2,-1,23,12,13,-1,24,13,19,-1,
  24,23,13,-1,25,1,2,-1,25,24,19,-1,25,19,1,-1,26,4,5,-1,26,5,6,-1,26,6,7,-1,26,23,24,-1,
  26,25,2,-1,26,24,25,-1,26,7,12,-1,26,12,23,-1,26,2,4,-1]
  normalPerVertex TRUE
  normal DEF NORM_208 Normal { vector [
  -0.8965613 -0.43874131 0.06069508,-0.83839956 -0.51073381 0.1903606,
  -0.76103716 -0.63192872 0.14658969,-0.7450824 -0.66008616 0.095595366,
  -0.72235024 -0.67281285 0.15979047,-0.63657423 -0.72204537 0.27096814,
  -0.51079773 -0.75936926 0.40304343,-0.38992459 -0.76406619 0.5139666,
  -0.2930378 -0.78149028 0.55081919,-0.17993672 -0.79178316 0.58369701,
  -0.069223465 -0.7894367 0.60991623,-0.012953548 -0.78388308 0.62077333,
  -0.31282036 -0.75025532 0.58246063,-0.42766552 -0.62357197 0.65441592,
  -0.12049453 -0.58314583 0.80338161,-0.20806698 -0.59810373 0.77393802,
  -0.36317917 -0.62269871 0.69307085,-0.4825957 -0.64772009 0.58954226,
  -0.56809694 -0.67298382 0.47366511,-0.67124582 -0.58414463 0.45629387,
  -0.77409903 -0.5620453 0.29133446,-0.8358393 -0.51034414 0.20229071,
  -0.88241378 -0.4592649 0.10208659,-0.39594505 -0.68983522 0.60609808,
  -0.60221597 -0.59315201 0.53432819,-0.80668084 -0.54789966 0.22152198,
  -0.59735946 -0.71575747 0.36173598] }
}
}
DEF SHAPE_209 Shape {
 appearance USE APP_2
 geometry DEF FACE_209 IndexedFaceSet {
  coord DEF COORD_209 Coordinate { point [
  0.12004157 0.86377135 -2.5359644,0.11982036 1.0974233 -2.3703338,
  0.11925171 1.2852204 -2.1622625,0.11811024 1.4173228 -1.9187623,
  2.0096335 1.4173228 -1.9187623,2.0716806 1.2566796 -2.1203203,
  2.1218717 1.0571072 -2.3029119,2.1648714 0.82797214 -2.4627836,
  0.78019126 1.1734542 -2.2644578,1.4407437 1.1611087 -2.2449762] }
 coordIndex [
  8,1,0,-1,8,2,1,-1,8,3,2,-1,9,4,3,-1,9,5,4,-1,9,6,5,-1,9,7,6,-1,9,0,7,-1,
  9,8,0,-1,9,3,8,-1]
  normalPerVertex TRUE
  normal DEF NORM_209 Normal { vector [
  -0.041842605 -0.60321933 0.79647702,-0.043522009 -0.6628684 0.74746994,
  -0.048581901 -0.8151167 0.57725606,-0.018176155 -0.81480872 0.57944489,
  -0.00079632799 -0.78575635 0.61853563,-0.02340483 -0.73266897 0.68018262,
  -0.029698307 -0.62779396 0.7778128,-0.035211565 -0.59938124 0.79968886,
  -0.044081982 -0.74379266 0.66695522,-0.023228744 -0.70518783 0.70863993] }
}
}
DEF SHAPE_210 Shape {
 appearance USE APP_2
 geometry DEF FACE_210 IndexedFaceSet {
  coord DEF COORD_210 Coordinate { point [
  1.5748031 1.4173228 -1.3203371,1.2598425 1.4173228 -1.3203371,
  1.5748031 1.6535433 -1.3203371,1.2598425 1.6535433 -1.3203371] }
 coordIndex [
  2,0,1,-1,2,1,3,-1]
  normalPerVertex TRUE
  normal DEF NORM_210 Normal { vector [
  0 0 -1,0 0 -1,
  0 0 -1,0 0 -1] }
}
}
DEF SHAPE_211 Shape {
 appearance USE APP_2
 geometry DEF FACE_211 IndexedFaceSet {
  coord DEF COORD_211 Coordinate { point [
  1.2598425 1.4173228 -1.3203371,1.2598425 1.4173228 -1.5171875,
  1.2598425 1.6535433 -1.3203371,1.2598425 1.6535433 -1.5171875] }
 coordIndex [
  2,0,1,-1,2,1,3,-1]
  normalPerVertex TRUE
  normal DEF NORM_211 Normal { vector [
  1 0 0,1 0 0,
  1 0 0,1 0 0] }
}
}
DEF SHAPE_212 Shape {
 appearance USE APP_2
 geometry DEF FACE_212 IndexedFaceSet {
  coord DEF COORD_212 Coordinate { point [
  1.2598425 1.4173228 -1.5171875,1.5748031 1.4173228 -1.5171875,
  1.2598425 1.6535433 -1.5171875,1.5748031 1.6535433 -1.5171875] }
 coordIndex [
  2,0,1,-1,2,1,3,-1]
  normalPerVertex TRUE
  normal DEF NORM_212 Normal { vector [
  0 0 1,0 0 1,
  0 0 1,0 0 1] }
}
}
DEF SHAPE_213 Shape {
 appearance USE APP_2
 geometry DEF FACE_213 IndexedFaceSet {
  coord DEF COORD_213 Coordinate { point [
  1.5748031 1.4173228 -1.5171875,1.5748031 1.4173228 -1.3203371,
  1.5748031 1.6535433 -1.5171875,1.5748031 1.6535433 -1.3203371] }
 coordIndex [
  2,0,1,-1,2,1,3,-1]
  normalPerVertex TRUE
  normal DEF NORM_213 Normal { vector [
  -1 0 0,-1 0 0,
  -1 0 0,-1 0 0] }
}
}
DEF SHAPE_214 Shape {
 appearance USE APP_2
 geometry DEF FACE_214 IndexedFaceSet {
  coord DEF COORD_214 Coordinate { point [
  2.1663247 1.6108273 -1.9489974,2.1201132 1.622748 -2.0000072,
  2.0703245 1.622748 -2.0497958,2.0193145 1.6108271 -2.0960074,
  1.9458086 1.6535433 -1.8754909,1.976233 1.6464245 -1.9669793,
  2.0007349 1.6300455 -2.0404683,2.0763279 1.6389395 -1.9189041,
  2.0625554 1.6399468 -1.9588846,2.029202 1.6399468 -1.992238] }
 coordIndex [
  5,4,7,-1,3,6,2,-1,8,0,1,-1,8,1,2,-1,8,7,0,-1,9,6,5,-1,9,5,7,-1,9,8,2,-1,
  9,7,8,-1,9,2,6,-1]
  normalPerVertex TRUE
  normal DEF NORM_214 Normal { vector [
  0.27380354 0.96077901 -0.043992285,0.22135585 0.97045137 -0.096050641,
  0.11950769 0.96812123 -0.2201345,0.058123502 0.94927278 -0.30903534,
  0.096156638 0.99433059 -0.04539351,0.083280419 0.99364477 -0.075726139,
  0.049965991 0.96538628 -0.25599362,0.12746608 0.99067503 -0.04811839,
  0.21249168 0.97226617 -0.097702511,0.083229517 0.98570838 -0.14646446] }
}
}
DEF SHAPE_215 Shape {
 appearance USE APP_2
 geometry DEF FACE_215 IndexedFaceSet {
  coord DEF COORD_215 Coordinate { point [
  2.1663247 1.6108273 -1.9489974,2.1201132 1.622748 -2.0000072,
  2.0703245 1.622748 -2.0497958,2.0193145 1.6108271 -2.0960074,
  2.3832824 1.4596877 -2.0576415,2.3081784 1.5293008 -2.0113834,
  2.2341507 1.5783747 -1.9751687,2.3211311 1.510128 -2.1139014,
  2.2425207 1.5416845 -2.1680757,2.1678047 1.5507822 -2.2085589,
  2.0916339 1.543549 -2.241134,2.0604255 1.5805783 -2.1661063,
  2.1224292 1.5897503 -2.1304271,2.1833656 1.5864522 -2.0896868,
  2.2400317 1.5705307 -2.0458763] }
 coordIndex [
  11,9,10,-1,5,4,7,-1,0,6,1,-1,12,3,2,-1,12,8,9,-1,12,11,3,-1,12,9,11,-1,13,2,1,-1,
  13,7,8,-1,13,12,2,-1,13,8,12,-1,14,6,5,-1,14,13,1,-1,14,7,13,-1,14,5,7,-1,14,1,6,-1]
  normalPerVertex TRUE
  normal DEF NORM_215 Normal { vector [
  0.38472855 0.91308091 -0.13515618,0.33317583 0.93277018 -0.13759959,
  0.17813147 0.94730218 -0.26624756,0.075831487 0.93532542 -0.34556611,
  0.65964382 0.74942791 -0.056814064,0.58963405 0.80497084 -0.065982096,
  0.42694101 0.9006133 -0.081345324,0.52886734 0.83768513 -0.13631935,
  0.34603572 0.90443423 -0.24951554,0.15916884 0.91619204 -0.3677736,
  0.089444552 0.9074015 -0.41063633,0.085472356 0.9160447 -0.39186297,
  0.1747851 0.92921115 -0.32560223,0.33793985 0.91579704 -0.21705398,
  0.44773626 0.88603027 -0.12034372] }
}
}
DEF SHAPE_216 Shape {
 appearance USE APP_2
 geometry DEF FACE_216 IndexedFaceSet {
  coord DEF COORD_216 Coordinate { point [
  2.5777394 0.27559515 -3.1102361,2.5285647 0.53532685 -3.0628228,
  2.4656171 0.77109817 -2.9757635,2.3914346 0.98248775 -2.8577631,
  2.2816009 1.2253088 -2.6633814,2.1840302 1.4001165 -2.466502,
  2.0916339 1.543549 -2.241134,2.3832824 1.4596877 -2.0576415,
  2.3211311 1.510128 -2.1139014,2.2425207 1.5416845 -2.1680757,
  2.1678047 1.5507822 -2.2085589,2.9646667 0.31397308 -2.7187825,
  2.8646339 0.66537786 -2.6524551,2.7193936 0.9876773 -2.5119663,
  2.5620485 1.2385834 -2.3229216,2.4680853 1.3612647 -2.1937626,
  2.9519229 0.31953147 -2.8121196,2.9194904 0.32011046 -2.8967141,
  2.8737327 0.31650021 -2.9663522,2.8222572 0.31009462 -3.018687,
  2.7713717 0.30236011 -3.0552925,2.7128873 0.29218205 -3.0844599,
  2.6586254 0.28147498 -3.1013944,2.6335106 0.27559032 -3.1063868,
  2.4092148 1.4134333 -2.2545328,2.3351413 1.4437128 -2.3180625,
  2.4984155 1.3012756 -2.3874062,2.2493177 1.4518778 -2.3728928,
  2.42156 1.3302441 -2.4630741,2.5890246 1.17175 -2.5081755,
  2.3296063 1.3342897 -2.5263174,2.5094856 1.1989921 -2.5955188,
  2.4107826 1.1990571 -2.6659031,2.8349359 0.67738185 -2.7853033,
  2.629862 0.67894146 -2.9898136,2.7498262 0.69065102 -2.9049386,
  2.9114348 0.42598617 -2.8486733,2.8254186 0.42566238 -2.9782182,
  2.6980626 0.40816521 -3.0657109,2.7185868 0.30016337 -3.0809048,
  2.5996256 1.0375286 -2.7249963] }
 coordIndex [
  24,8,7,-1,24,7,15,-1,25,9,8,-1,25,8,24,-1,26,15,14,-1,26,24,15,-1,27,5,6,-1,27,10,9,-1,
  27,6,10,-1,27,9,25,-1,28,24,26,-1,28,25,24,-1,29,14,13,-1,29,26,14,-1,30,4,5,-1,30,5,27,-1,
  30,25,28,-1,30,27,25,-1,31,26,29,-1,31,28,26,-1,32,3,4,-1,32,4,30,-1,32,30,28,-1,32,28,31,-1,
  33,13,12,-1,34,1,2,-1,34,2,35,-1,36,12,11,-1,36,11,16,-1,36,16,17,-1,36,33,12,-1,37,17,18,-1,
  37,18,19,-1,37,19,20,-1,37,36,17,-1,37,35,33,-1,37,33,36,-1,38,0,1,-1,38,22,23,-1,38,23,0,-1,
  38,1,34,-1,38,37,20,-1,38,34,35,-1,38,35,37,-1,39,20,21,-1,39,21,22,-1,39,22,38,-1,39,38,20,-1,
  40,2,3,-1,40,31,29,-1,40,29,13,-1,40,35,2,-1,40,13,33,-1,40,32,31,-1,40,3,32,-1,40,33,35,-1]
  normalPerVertex TRUE
  normal DEF NORM_216 Normal { vector [
  0.12423547 0.21275096 -0.96917623,0.16441699 0.29621903 -0.94086202,
  0.31526498 0.54098732 -0.77970553,0.27530714 0.60110022 -0.75025629,
  0.11294716 0.71686842 -0.68799899,0.093560765 0.81322802 -0.57437493,
  0.084944338 0.86268595 -0.49855532,0.68795885 0.72145082 -0.078875372,
  0.56813988 0.80145489 -0.186781,0.38031071 0.86482297 -0.32778804,
  0.21559701 0.88019973 -0.42280771,0.94548104 0.29862662 -0.12995283,
  0.9191712 0.36307611 -0.1526435,0.80528671 0.54272996 -0.23865772,
  0.78156383 0.61612317 -0.0977252,0.72224087 0.6859864 -0.0882654,
  0.93356808 0.27695616 -0.2274773,0.82907556 0.27983652 -0.48407153,
  0.74391796 0.26244573 -0.61457978,0.61634646 0.24518638 -0.74833193,
  0.50204069 0.25894096 -0.82516951,0.34733635 0.16328758 -0.92341465,
  0.22914904 0.19908037 -0.95281568,0.086906515 0.25329366 -0.96347786,
  0.62606108 0.75868186 -0.18013706,0.43600282 0.83309386 -0.3403765,
  0.66711632 0.7132631 -0.21496875,0.213825 0.85965763 -0.46396943,
  0.47193886 0.78413882 -0.40298887,0.74373285 0.62175975 -0.24551222,
  0.23765272 0.79889191 -0.55253317,0.53188727 0.72579948 -0.43624655,
  0.28480901 0.69685223 -0.65824068,0.80759462 0.47335555 -0.35174629,
  0.31744138 0.41466537 -0.85280924,0.52993343 0.49683014 -0.68726296,
  0.90013726 0.3232672 -0.29197812,0.68700534 0.34203008 -0.6411233,
  0.35723008 0.30201512 -0.88384022,0.34068498 0.19231496 -0.92029816,
  0.55824321 0.59720102 -0.57594744] }
}
}
DEF SHAPE_217 Shape {
 appearance USE APP_2
 geometry DEF FACE_217 IndexedFaceSet {
  coord DEF COORD_217 Coordinate { point [
  2.97243 0.27560436 -2.7190699,2.9710648 0.28259628 -2.7207079,
  2.9687346 0.29424442 -2.7206596,2.9646667 0.31397308 -2.7187825,
  2.9617657 0.27559106 -2.8121357,2.9290092 0.27559055 -2.8996723,
  2.8762899 0.27559055 -2.976724,2.8068474 0.27559054 -3.0386056,
  2.7243906 0.27559048 -3.0825895,2.6335106 0.27559032 -3.1063868,
  2.9519229 0.31953147 -2.8121196,2.9194904 0.32011046 -2.8967141,
  2.8737327 0.31650021 -2.9663522,2.8222572 0.31009462 -3.018687,
  2.7713717 0.30236011 -3.0552925,2.7128873 0.29218205 -3.0844599,
  2.6586254 0.28147498 -3.1013944] }
 coordIndex [
  10,3,2,-1,4,1,0,-1,4,2,1,-1,4,10,2,-1,5,11,10,-1,5,10,4,-1,12,11,5,-1,6,12,5,-1,
  13,12,6,-1,7,13,6,-1,14,13,7,-1,8,15,14,-1,8,14,7,-1,16,15,8,-1,9,16,8,-1]
  normalPerVertex TRUE
  normal DEF NORM_217 Normal { vector [
  0.97987526 0.16502013 -0.11230686,0.97638189 0.18390013 -0.11339814,
  0.97006954 0.21225965 -0.11794464,0.97002099 0.21141137 -0.11985205,
  0.95487898 0.20786982 -0.21212326,0.87041672 0.20763971 -0.44638602,
  0.72842516 0.18217576 -0.66046104,0.57264642 0.1377373 -0.80814882,
  0.39961872 0.067796336 -0.91417095,0.24513969 -0.25198692 -0.93616725,
  0.94370671 0.21465792 -0.25167363,0.86927318 0.21542372 -0.44492332,
  0.77762537 0.20662912 -0.593804,0.64233203 0.18680737 -0.74331189,
  0.48676212 0.15008035 -0.86054548,0.35241902 0.1400268 -0.92530715,
  0.27220038 -0.03125515 -0.96173285] }
}
}
DEF SHAPE_218 Shape {
 appearance USE APP_2
 geometry DEF FACE_218 IndexedFaceSet {
  coord DEF COORD_218 Coordinate { point [
  -2.2047244 0.27559051 -2.6968504,-2.2047244 -0.76771654 -2.6968504,
  -0.11811024 -0.76771654 -2.6968504,-0.11811024 0.27559055 -2.6968504] }
 coordIndex [
  2,0,1,-1,3,0,2,-1]
  normalPerVertex TRUE
  normal DEF NORM_218 Normal { vector [
  0 0 1,0 0 1,
  0 0 1,0 0 1] }
}
}
DEF SHAPE_219 Shape {
 appearance USE APP_2
 geometry DEF FACE_219 IndexedFaceSet {
  coord DEF COORD_219 Coordinate { point [
  -0.11826989 0.86528902 -2.6520205,-0.11811024 0.680522 -2.7576802,
  -0.11811024 0.48249284 -2.8325924,-0.11811024 0.27559055 -2.8729022,
  -0.11811024 0.27559055 -2.6968504,-0.11811024 -0.76771654 -2.6968504,
  -0.11811024 -0.76771654 -0.6496063,-0.11811024 1.4173228 -0.6496063,
  -0.11811024 1.4173228 -1.9187623,-0.11811024 1.4173228 -1.9384473,
  -0.11811024 1.291241 -2.2074715,-0.11811615 1.1034511 -2.4510059] }
 coordIndex [
  2,3,4,-1,1,2,4,-1,0,1,4,-1,6,4,5,-1,11,0,4,-1,10,11,4,-1,8,9,10,-1,8,4,6,-1,
  8,10,4,-1,7,8,6,-1]
  normalPerVertex TRUE
  normal DEF NORM_219 Normal { vector [
  -0.99999988 -0.0003008171 0.00039556963,-0.99999977 -0.00010074171 -0.00067061623,
  -1 0 0,-1 0 0,
  -1 -8.7254994e-06 1.1846048e-05,-1 0 0,
  -1 0 0,-1 0 0,
  -1 0 0,-1 0 0,
  -1 -7.4304828e-06 1.5421124e-05,-0.99999986 -0.00015905323 0.00051154554] }
}
}
DEF SHAPE_220 Shape {
 appearance USE APP_2
 geometry DEF FACE_220 IndexedFaceSet {
  coord DEF COORD_220 Coordinate { point [
  0.11811024 0.27559032 -2.6968504,0.11811024 -0.76771654 -2.6968504,
  0.11811024 -0.76771654 -0.6496063,0.11811024 1.4173228 -0.6496063,
  0.11811024 1.4173228 -1.9187623,0.11811024 1.4173228 -1.9384473,
  0.11821359 1.3217081 -2.1551911,0.11834976 1.1585512 -2.3895506,
  0.11838211 1.0205194 -2.5307494,0.11826989 0.86528901 -2.6520205,
  0.1183364 0.68144008 -2.7572267,0.11827277 0.48395698 -2.8321408,
  0.11811024 0.27559055 -2.8729022] }
 coordIndex [
  11,0,12,-1,10,0,11,-1,9,0,10,-1,8,0,9,-1,2,1,0,-1,7,0,8,-1,6,0,7,-1,4,6,5,-1,
  4,2,0,-1,4,0,6,-1,3,2,4,-1]
  normalPerVertex TRUE
  normal DEF NORM_220 Normal { vector [
  1 -5.165905e-05 6.5060038e-05,1 0 0,
  1 0 0,1 0 0,
  1 -1.280839e-05 1.92823e-05,0.99999942 0.0010809476 0,
  0.99999957 -0.00049789662 0.00078289418,0.9999994 -0.00059293874 0.00092424223,
  0.99999991 -0.00039570416 0.0001378473,0.99999993 -0.00028820467 0.00022966483,
  0.9999995 -0.00042198118 0.00090935545,0.99999978 -0.0006252259 0.0002384521,
  0.9999997 -0.00078005111 0] }
}
}
DEF SHAPE_221 Shape {
 appearance USE APP_2
 geometry DEF FACE_221 IndexedFaceSet {
  coord DEF COORD_221 Coordinate { point [
  0.11811024 0.27559032 -2.6968504,0.11811024 -0.76771654 -2.6968504,
  2.2047244 -0.76771654 -2.6968504,2.2047244 0.27559011 -2.6968504] }
 coordIndex [
  2,0,1,-1,3,0,2,-1]
  normalPerVertex TRUE
  normal DEF NORM_221 Normal { vector [
  1.1473268e-08 2.2946541e-08 1,0 0 1,
  1.1473268e-08 2.2946541e-08 1,2.2946539e-08 4.5893087e-08 1] }
}
}
DEF SHAPE_222 Shape {
 appearance USE APP_2
 geometry DEF FACE_222 IndexedFaceSet {
  coord DEF COORD_222 Coordinate { point [
  2.2047244 -0.76771654 -2.6968504,2.2835704 -0.76771654 -2.6879666,
  2.3584627 -0.76771654 -2.6617606,2.425646 -0.76771654 -2.6195466,
  2.4817513 -0.76771654 -2.5634413,2.5239653 -0.76771654 -2.496258,
  2.5501713 -0.76771654 -2.4213657,2.5590551 -0.76771654 -2.3425197,
  2.2047244 0.27559011 -2.6968504,2.2872251 0.2756182 -2.6871602,
  2.365416 0.27564188 -2.6583185,2.4346509 0.27563113 -2.61212,
  2.4911024 0.2756274 -2.5510057,2.5316868 0.27561172 -2.478425,
  2.5520413 0.27559719 -2.4119839,2.5590551 0.27559038 -2.3425197] }
 coordIndex [
  1,8,0,-1,1,9,8,-1,2,10,9,-1,2,9,1,-1,3,11,10,-1,3,10,2,-1,4,12,11,-1,4,11,3,-1,
  5,13,12,-1,5,12,4,-1,6,14,13,-1,6,13,5,-1,7,15,14,-1,7,14,6,-1]
  normalPerVertex TRUE
  normal DEF NORM_222 Normal { vector [
  -0.11196448 4.5982858e-08 0.99371221,-0.18623801 1.7065324e-05 0.98250466,
  -0.40393748 0.00011566148 0.91478659,-0.60033259 0.00020967092 0.79975042,
  -0.76596576 0.00024410359 0.64288133,-0.89162464 0.0002026744 0.45277528,
  -0.96972693 0.00045726945 0.24419147,-0.99430391 0.00041188213 0.10658127,
  -0.11436329 -0.00018356648 0.99343898,-0.26497569 -0.00025234078 0.96425506,
  -0.47946559 -0.00040952834 0.87756059,-0.66852502 -0.00054944047 0.74368945,
  -0.82184645 -0.00074723304 0.56970857,-0.9261002 -0.00049416758 0.37727731,
  -0.98604902 -1.1530549e-05 0.16645516,-0.99494113 1.7950013e-08 0.10045964] }
}
}
DEF SHAPE_223 Shape {
 appearance USE APP_2
 geometry DEF FACE_223 IndexedFaceSet {
  coord DEF COORD_223 Coordinate { point [
  2.7952756 0.039370079 -2.3425197,2.7952756 -0.76771654 -2.3425197,
  2.775153 -0.76771654 -2.4953656,2.7161567 -0.76771654 -2.6377953,
  2.6223072 -0.76771654 -2.7601024,2.5 -0.76771654 -2.853952,
  2.3575703 -0.76771654 -2.9129483,2.2047244 -0.76771654 -2.9330709,
  2.2047244 0.039370079 -2.9330709,2.3575703 0.039370079 -2.9129483,
  2.5 0.039370079 -2.853952,2.6223072 0.039370079 -2.7601024,
  2.7161567 0.039370079 -2.6377953,2.775153 0.039370079 -2.4953656] }
 coordIndex [
  7,8,9,-1,6,9,10,-1,6,7,9,-1,5,10,11,-1,5,6,10,-1,4,11,12,-1,4,5,11,-1,3,4,12,-1,
  2,12,13,-1,2,13,0,-1,2,3,12,-1,1,2,0,-1]
  normalPerVertex TRUE
  normal DEF NORM_223 Normal { vector [
  0.99144486 0 -0.13052619,0.99144486 0 -0.13052619,
  0.96592583 0 -0.25881905,0.8660254 0 -0.5,
  0.73742784 0 -0.67542593,0.5374875 0 -0.84327172,
  0.30091828 0 -0.95364993,0.13052619 0 -0.99144486,
  0.13052619 0 -0.99144486,0.21622209 0 -0.9763442,
  0.46155098 0 -0.88711369,0.67542593 0 -0.73742784,
  0.8660254 0 -0.5,0.96592583 0 -0.25881905] }
}
}
DEF SHAPE_224 Shape {
 appearance USE APP_2
 geometry DEF FACE_224 IndexedFaceSet {
  coord DEF COORD_224 Coordinate { point [
  -2.2047244 0.039370079 -2.9330709,-2.2047244 -0.76771654 -2.9330709,
  -2.3575703 -0.76771654 -2.9129483,-2.5 -0.76771654 -2.853952,
  -2.6223072 -0.76771654 -2.7601024,-2.7161567 -0.76771654 -2.6377953,
  -2.775153 -0.76771654 -2.4953656,-2.7952756 -0.76771654 -2.3425197,
  -2.7952756 0.039370079 -2.3425197,-2.775153 0.039370079 -2.4953656,
  -2.7161567 0.039370079 -2.6377953,-2.6223072 0.039370079 -2.7601024,
  -2.5 0.039370079 -2.853952,-2.3575703 0.039370079 -2.9129483] }
 coordIndex [
  6,7,8,-1,6,8,9,-1,6,9,10,-1,5,10,11,-1,5,6,10,-1,4,11,12,-1,4,5,11,-1,3,4,12,-1,
  2,12,13,-1,2,13,0,-1,2,3,12,-1,1,2,0,-1]
  normalPerVertex TRUE
  normal DEF NORM_224 Normal { vector [
  -0.13052619 0 -0.99144486,-0.13052619 0 -0.99144486,
  -0.25881905 0 -0.96592583,-0.5 0 -0.8660254,
  -0.67542593 0 -0.73742784,-0.84327172 0 -0.5374875,
  -0.96592583 0 -0.25881905,-0.99144486 0 -0.13052619,
  -0.99144486 0 -0.13052619,-0.96592583 0 -0.25881905,
  -0.88711369 0 -0.46155098,-0.73742784 0 -0.67542593,
  -0.5 0 -0.8660254,-0.25881905 0 -0.96592583] }
}
}
DEF SHAPE_225 Shape {
 appearance USE APP_2
 geometry DEF FACE_225 IndexedFaceSet {
  coord DEF COORD_225 Coordinate { point [
  -2.5590551 -0.76771654 -2.3425197,-2.5469816 -0.76771654 -2.4342272,
  -2.5115838 -0.76771654 -2.519685,-2.4552741 -0.76771654 -2.5930693,
  -2.3818898 -0.76771654 -2.6493791,-2.2964319 -0.76771654 -2.6847769,
  -2.2047244 -0.76771654 -2.6968504,-2.5590551 0.27559048 -2.3425197,
  -2.549365 0.27562096 -2.4250204,-2.5205232 0.27564447 -2.5032113,
  -2.4743248 0.27563161 -2.5724462,-2.4132105 0.27562691 -2.6288977,
  -2.3406297 0.27561126 -2.669482,-2.2741887 0.27559707 -2.6898366,
  -2.2047244 0.27559051 -2.6968504] }
 coordIndex [
  0,8,7,-1,1,9,8,-1,1,8,0,-1,2,10,9,-1,2,9,1,-1,3,11,10,-1,3,10,2,-1,4,12,11,-1,
  4,11,3,-1,5,13,12,-1,5,12,4,-1,6,14,13,-1,6,13,5,-1]
  normalPerVertex TRUE
  normal DEF NORM_225 Normal { vector [
  0.99228635 0.0005864277 0.12396558,0.95812866 0.00075174907 0.28633704,
  0.85573354 0.00099035537 0.51741582,0.69830628 0.0011234411 0.71579821,
  0.49628134 0.0010882372 0.86816107,0.26822199 0.0012747671 0.96335629,
  0.11760676 0.0011543204 0.99305957,0.99317267 0 0.11665356,
  0.98048655 0.00010511473 0.19658616,0.90355039 -0.00015067966 0.42848181,
  0.77253566 -0.00033599688 0.63497129,0.59511113 -0.00051967295 0.80364325,
  0.39437313 -0.00029257339 0.91895035,0.1707407 0.00032728107 0.98531594,
  0.10045958 0 0.99494114] }
}
}
DEF SHAPE_226 Shape {
 appearance USE APP_3
 geometry DEF FACE_226 IndexedFaceSet {
  coord DEF COORD_226 Coordinate { point [
  2.5590551 -1.7125984 -1.5944882,2.5590551 -1.7125984 0.13711664,
  2.7559055 -1.7125984 0.13711664,2.7559055 -1.7125984 -1.5944882] }
 coordIndex [
  1,0,3,-1,2,1,3,-1]
  normalPerVertex TRUE
  normal DEF NORM_226 Normal { vector [
  0 -1 0,0 -1 0,
  0 -1 0,0 -1 0] }
}
}
DEF SHAPE_227 Shape {
 appearance USE APP_3
 geometry DEF FACE_227 IndexedFaceSet {
  coord DEF COORD_227 Coordinate { point [
  2.5590551 -1.7125984 0.13711664,2.5590551 -1.7512769 0.3691874,
  2.7559055 -1.7512769 0.3691874,2.7559055 -1.7125984 0.13711664] }
 coordIndex [
  1,0,3,-1,2,1,3,-1]
  normalPerVertex TRUE
  normal DEF NORM_227 Normal { vector [
  0 -0.98639392 -0.16439899,0 -0.98639392 -0.16439899,
  0 -0.98639392 -0.16439899,0 -0.98639392 -0.16439899] }
}
}
DEF SHAPE_228 Shape {
 appearance USE APP_3
 geometry DEF FACE_228 IndexedFaceSet {
  coord DEF COORD_228 Coordinate { point [
  2.5590551 -1.7512769 0.3691874,2.5590551 -1.632977 0.92519685,
  2.7559055 -1.632977 0.92519685,2.7559055 -1.7512769 0.3691874] }
 coordIndex [
  2,1,0,-1,2,0,3,-1]
  normalPerVertex TRUE
  normal DEF NORM_228 Normal { vector [
  0 -0.97810593 0.20810764,0 -0.97810593 0.20810764,
  0 -0.97810593 0.20810764,0 -0.97810593 0.20810764] }
}
}
DEF SHAPE_229 Shape {
 appearance USE APP_3
 geometry DEF FACE_229 IndexedFaceSet {
  coord DEF COORD_229 Coordinate { point [
  2.7559055 -1.515748 0.92519685,2.7559055 -1.632977 0.92519685,
  2.5590551 -1.515748 0.92519685,2.5590551 -1.632977 0.92519685] }
 coordIndex [
  0,2,3,-1,0,3,1,-1]
  normalPerVertex TRUE
  normal DEF NORM_229 Normal { vector [
  0 0 1,0 0 1,
  0 0 1,0 0 1] }
}
}
DEF SHAPE_230 Shape {
 appearance USE APP_3
 geometry DEF FACE_230 IndexedFaceSet {
  coord DEF COORD_230 Coordinate { point [
  2.7559055 -1.515748 -0.29527559,2.5590551 -1.515748 -0.29527559,
  2.5590551 -1.515748 0.92519685,2.7559055 -1.515748 0.92519685] }
 coordIndex [
  3,0,1,-1,3,1,2,-1]
  normalPerVertex TRUE
  normal DEF NORM_230 Normal { vector [
  0 1 0,0 1 0,
  0 1 0,0 1 0] }
}
}
DEF SHAPE_231 Shape {
 appearance USE APP_3
 geometry DEF FACE_231 IndexedFaceSet {
  coord DEF COORD_231 Coordinate { point [
  2.7559055 -1.4370079 -0.37401575,2.7559055 -1.4573873 -0.37133274,
  2.7559055 -1.476378 -0.36346657,2.7559055 -1.4926856 -0.35095329,
  2.7559055 -1.5051989 -0.33464567,2.7559055 -1.513065 -0.31565504,
  2.7559055 -1.515748 -0.29527559,2.5590551 -1.515748 -0.29527559,
  2.5590551 -1.513065 -0.31565504,2.5590551 -1.5051989 -0.33464567,
  2.5590551 -1.4926856 -0.35095329,2.5590551 -1.476378 -0.36346657,
  2.5590551 -1.4573873 -0.37133274,2.5590551 -1.4370079 -0.37401575] }
 coordIndex [
  6,8,7,-1,5,8,6,-1,4,9,8,-1,4,10,9,-1,4,8,5,-1,3,11,10,-1,3,10,4,-1,2,12,11,-1,
  2,11,3,-1,1,13,12,-1,1,12,2,-1,0,13,1,-1]
  normalPerVertex TRUE
  normal DEF NORM_231 Normal { vector [
  0 0.13052619 0.99144486,0 0.21622209 0.9763442,
  0 0.46155098 0.88711369,0 0.67542593 0.73742784,
  0 0.8660254 0.5,0 0.96592583 0.25881905,
  0 0.99144486 0.13052619,0 0.99144486 0.13052619,
  0 0.96592583 0.25881905,0 0.8660254 0.5,
  0 0.73742784 0.67542593,0 0.5374875 0.84327172,
  0 0.30091828 0.95364993,0 0.13052619 0.99144486] }
}
}
DEF SHAPE_232 Shape {
 appearance USE APP_3
 geometry DEF FACE_232 IndexedFaceSet {
  coord DEF COORD_232 Coordinate { point [
  2.7559055 -1.3582677 0.92519685,2.5590551 -1.3582677 0.92519685,
  2.5590551 -1.3582677 -0.29527559,2.7559055 -1.3582677 -0.29527559] }
 coordIndex [
  3,0,1,-1,3,1,2,-1]
  normalPerVertex TRUE
  normal DEF NORM_232 Normal { vector [
  0 -1 0,0 -1 0,
  0 -1 0,0 -1 0] }
}
}
DEF SHAPE_233 Shape {
 appearance USE APP_3
 geometry DEF FACE_233 IndexedFaceSet {
  coord DEF COORD_233 Coordinate { point [
  2.5590551 -1.3582677 0.92519685,2.5590551 -1.2410387 0.92519685,
  2.7559055 -1.3582677 0.92519685,2.7559055 -1.2410387 0.92519685] }
 coordIndex [
  3,1,0,-1,3,0,2,-1]
  normalPerVertex TRUE
  normal DEF NORM_233 Normal { vector [
  0 0 1,0 0 1,
  0 0 1,0 0 1] }
}
}
DEF SHAPE_234 Shape {
 appearance USE APP_3
 geometry DEF FACE_234 IndexedFaceSet {
  coord DEF COORD_234 Coordinate { point [
  2.5590551 -1.2410387 0.92519685,2.5590551 -1.1227389 0.3691874,
  2.7559055 -1.1227389 0.3691874,2.7559055 -1.2410387 0.92519685] }
 coordIndex [
  1,0,3,-1,2,1,3,-1]
  normalPerVertex TRUE
  normal DEF NORM_234 Normal { vector [
  0 0.97810593 0.20810764,0 0.97810593 0.20810764,
  0 0.97810593 0.20810764,0 0.97810593 0.20810764] }
}
}
DEF SHAPE_235 Shape {
 appearance USE APP_3
 geometry DEF FACE_235 IndexedFaceSet {
  coord DEF COORD_235 Coordinate { point [
  2.5590551 -1.1227389 0.3691874,2.5590551 -1.1614173 0.13711664,
  2.7559055 -1.1614173 0.13711664,2.7559055 -1.1227389 0.3691874] }
 coordIndex [
  2,1,0,-1,2,0,3,-1]
  normalPerVertex TRUE
  normal DEF NORM_235 Normal { vector [
  0 0.98639392 -0.16439899,0 0.98639392 -0.16439899,
  0 0.98639392 -0.16439899,0 0.98639392 -0.16439899] }
}
}
DEF SHAPE_236 Shape {
 appearance USE APP_3
 geometry DEF FACE_236 IndexedFaceSet {
  coord DEF COORD_236 Coordinate { point [
  2.5590551 -1.1614173 0.13711664,2.5590551 -1.1614173 -1.5944882,
  2.7559055 -1.1614173 -1.5944882,2.7559055 -1.1614173 0.13711664] }
 coordIndex [
  2,1,0,-1,2,0,3,-1]
  normalPerVertex TRUE
  normal DEF NORM_236 Normal { vector [
  0 1 0,0 1 0,
  0 1 0,0 1 0] }
}
}
DEF SHAPE_237 Shape {
 appearance USE APP_3
 geometry DEF FACE_237 IndexedFaceSet {
  coord DEF COORD_237 Coordinate { point [
  -2.7559055 -1.1614173 0.13711664,-2.7559055 -1.1614173 -1.5944882,
  -2.5590551 -1.1614173 -1.5944882,-2.5590551 -1.1614173 0.13711664] }
 coordIndex [
  2,1,0,-1,2,0,3,-1]
  normalPerVertex TRUE
  normal DEF NORM_237 Normal { vector [
  0 1 0,0 1 0,
  0 1 0,0 1 0] }
}
}
DEF SHAPE_238 Shape {
 appearance USE APP_3
 geometry DEF FACE_238 IndexedFaceSet {
  coord DEF COORD_238 Coordinate { point [
  -2.7559055 -1.1227389 0.3691874,-2.7559055 -1.1614173 0.13711664,
  -2.5590551 -1.1614173 0.13711664,-2.5590551 -1.1227389 0.3691874] }
 coordIndex [
  2,1,0,-1,2,0,3,-1]
  normalPerVertex TRUE
  normal DEF NORM_238 Normal { vector [
  0 0.98639392 -0.16439899,0 0.98639392 -0.16439899,
  0 0.98639392 -0.16439899,0 0.98639392 -0.16439899] }
}
}
DEF SHAPE_239 Shape {
 appearance USE APP_3
 geometry DEF FACE_239 IndexedFaceSet {
  coord DEF COORD_239 Coordinate { point [
  -2.7559055 -1.2410387 0.92519685,-2.7559055 -1.1227389 0.3691874,
  -2.5590551 -1.1227389 0.3691874,-2.5590551 -1.2410387 0.92519685] }
 coordIndex [
  1,0,3,-1,2,1,3,-1]
  normalPerVertex TRUE
  normal DEF NORM_239 Normal { vector [
  0 0.97810593 0.20810764,0 0.97810593 0.20810764,
  0 0.97810593 0.20810764,0 0.97810593 0.20810764] }
}
}
DEF SHAPE_240 Shape {
 appearance USE APP_3
 geometry DEF FACE_240 IndexedFaceSet {
  coord DEF COORD_240 Coordinate { point [
  -2.7559055 -1.3582677 0.92519685,-2.7559055 -1.2410387 0.92519685,
  -2.5590551 -1.3582677 0.92519685,-2.5590551 -1.2410387 0.92519685] }
 coordIndex [
  3,1,0,-1,3,0,2,-1]
  normalPerVertex TRUE
  normal DEF NORM_240 Normal { vector [
  0 0 1,0 0 1,
  0 0 1,0 0 1] }
}
}
DEF SHAPE_241 Shape {
 appearance USE APP_3
 geometry DEF FACE_241 IndexedFaceSet {
  coord DEF COORD_241 Coordinate { point [
  -2.5590551 -1.3582677 0.92519685,-2.7559055 -1.3582677 0.92519685,
  -2.7559055 -1.3582677 -0.29527559,-2.5590551 -1.3582677 -0.29527559] }
 coordIndex [
  3,0,1,-1,3,1,2,-1]
  normalPerVertex TRUE
  normal DEF NORM_241 Normal { vector [
  0 -1 0,0 -1 0,
  0 -1 0,0 -1 0] }
}
}
DEF SHAPE_242 Shape {
 appearance USE APP_3
 geometry DEF FACE_242 IndexedFaceSet {
  coord DEF COORD_242 Coordinate { point [
  -2.5590551 -1.4370079 -0.37401575,-2.5590551 -1.4573873 -0.37133274,
  -2.5590551 -1.476378 -0.36346657,-2.5590551 -1.4926856 -0.35095329,
  -2.5590551 -1.5051989 -0.33464567,-2.5590551 -1.513065 -0.31565504,
  -2.5590551 -1.515748 -0.29527559,-2.7559055 -1.515748 -0.29527559,
  -2.7559055 -1.513065 -0.31565504,-2.7559055 -1.5051989 -0.33464567,
  -2.7559055 -1.4926856 -0.35095329,-2.7559055 -1.476378 -0.36346657,
  -2.7559055 -1.4573873 -0.37133274,-2.7559055 -1.4370079 -0.37401575] }
 coordIndex [
  6,8,7,-1,5,8,6,-1,4,9,8,-1,4,10,9,-1,4,8,5,-1,3,11,10,-1,3,10,4,-1,2,12,11,-1,
  2,11,3,-1,1,13,12,-1,1,12,2,-1,0,13,1,-1]
  normalPerVertex TRUE
  normal DEF NORM_242 Normal { vector [
  0 0.13052619 0.99144486,0 0.21622209 0.9763442,
  0 0.46155098 0.88711369,0 0.67542593 0.73742784,
  0 0.8660254 0.5,0 0.96592583 0.25881905,
  0 0.99144486 0.13052619,0 0.99144486 0.13052619,
  0 0.96592583 0.25881905,0 0.8660254 0.5,
  0 0.73742784 0.67542593,0 0.5374875 0.84327172,
  0 0.30091828 0.95364993,0 0.13052619 0.99144486] }
}
}
DEF SHAPE_243 Shape {
 appearance USE APP_3
 geometry DEF FACE_243 IndexedFaceSet {
  coord DEF COORD_243 Coordinate { point [
  -2.5590551 -1.515748 -0.29527559,-2.7559055 -1.515748 -0.29527559,
  -2.7559055 -1.515748 0.92519685,-2.5590551 -1.515748 0.92519685] }
 coordIndex [
  3,0,1,-1,3,1,2,-1]
  normalPerVertex TRUE
  normal DEF NORM_243 Normal { vector [
  0 1 0,0 1 0,
  0 1 0,0 1 0] }
}
}
DEF SHAPE_244 Shape {
 appearance USE APP_3
 geometry DEF FACE_244 IndexedFaceSet {
  coord DEF COORD_244 Coordinate { point [
  -2.5590551 -1.515748 0.92519685,-2.5590551 -1.632977 0.92519685,
  -2.7559055 -1.515748 0.92519685,-2.7559055 -1.632977 0.92519685] }
 coordIndex [
  0,2,3,-1,0,3,1,-1]
  normalPerVertex TRUE
  normal DEF NORM_244 Normal { vector [
  0 0 1,0 0 1,
  0 0 1,0 0 1] }
}
}
DEF SHAPE_245 Shape {
 appearance USE APP_3
 geometry DEF FACE_245 IndexedFaceSet {
  coord DEF COORD_245 Coordinate { point [
  -2.7559055 -1.7512769 0.3691874,-2.7559055 -1.632977 0.92519685,
  -2.5590551 -1.632977 0.92519685,-2.5590551 -1.7512769 0.3691874] }
 coordIndex [
  2,1,0,-1,2,0,3,-1]
  normalPerVertex TRUE
  normal DEF NORM_245 Normal { vector [
  0 -0.97810593 0.20810764,0 -0.97810593 0.20810764,
  0 -0.97810593 0.20810764,0 -0.97810593 0.20810764] }
}
}
DEF SHAPE_246 Shape {
 appearance USE APP_3
 geometry DEF FACE_246 IndexedFaceSet {
  coord DEF COORD_246 Coordinate { point [
  -2.7559055 -1.7125984 0.13711664,-2.7559055 -1.7512769 0.3691874,
  -2.5590551 -1.7512769 0.3691874,-2.5590551 -1.7125984 0.13711664] }
 coordIndex [
  1,0,3,-1,2,1,3,-1]
  normalPerVertex TRUE
  normal DEF NORM_246 Normal { vector [
  0 -0.98639392 -0.16439899,0 -0.98639392 -0.16439899,
  0 -0.98639392 -0.16439899,0 -0.98639392 -0.16439899] }
}
}
DEF SHAPE_247 Shape {
 appearance USE APP_3
 geometry DEF FACE_247 IndexedFaceSet {
  coord DEF COORD_247 Coordinate { point [
  -2.7559055 -1.7125984 -1.5944882,-2.7559055 -1.7125984 0.13711664,
  -2.5590551 -1.7125984 0.13711664,-2.5590551 -1.7125984 -1.5944882] }
 coordIndex [
  1,0,3,-1,2,1,3,-1]
  normalPerVertex TRUE
  normal DEF NORM_247 Normal { vector [
  0 -1 0,0 -1 0,
  0 -1 0,0 -1 0] }
}
}
DEF SHAPE_248 Shape {
 appearance USE APP_2
 geometry DEF FACE_248 IndexedFaceSet {
  coord DEF COORD_248 Coordinate { point [
  2.1653543 -0.76771654 -2.9375295,2.1653543 -0.57086614 -3.0511811,
  1.3779528 -0.57086614 -3.0511811,1.3779528 -0.76771654 -2.9375295] }
 coordIndex [
  1,3,2,-1,0,3,1,-1]
  normalPerVertex TRUE
  normal DEF NORM_248 Normal { vector [
  0 -0.5 -0.8660254,0 -0.5 -0.8660254,
  0 -0.5 -0.8660254,0 -0.5 -0.8660254] }
}
}
DEF SHAPE_249 Shape {
 appearance USE APP_2
 geometry DEF FACE_249 IndexedFaceSet {
  coord DEF COORD_249 Coordinate { point [
  -2.1653543 -0.76771654 -2.9375295,-2.1653543 -0.57086614 -3.0511811,
  -1.3779528 -0.76771654 -2.9375295,-1.3779528 -0.57086614 -3.0511811] }
 coordIndex [
  2,0,1,-1,2,1,3,-1]
  normalPerVertex TRUE
  normal DEF NORM_249 Normal { vector [
  0 -0.5 -0.8660254,0 -0.5 -0.8660254,
  0 -0.5 -0.8660254,0 -0.5 -0.8660254] }
}
}
DEF SHAPE_250 Shape {
 appearance USE APP_2
 geometry DEF FACE_250 IndexedFaceSet {
  coord DEF COORD_250 Coordinate { point [
  -1.3779528 -0.76771654 -2.9330709,1.3779528 -0.76771654 -2.9330709,
  1.3779528 -0.37401575 -2.9330709,2.1653543 -0.37401575 -2.9330709,
  2.1653543 -0.76771654 -2.9330709,2.2047244 -0.76771654 -2.9330709,
  2.2047244 0.039370079 -2.9330709,-2.2047244 0.039370079 -2.9330709,
  -2.2047244 -0.76771654 -2.9330709,-2.1653543 -0.76771654 -2.9330709,
  -2.1653543 -0.37401575 -2.9330709,-1.3779528 -0.37401575 -2.9330709] }
 coordIndex [
  10,9,8,-1,7,10,8,-1,11,10,7,-1,1,0,11,-1,2,1,11,-1,3,5,4,-1,6,3,2,-1,6,5,3,-1,
  6,2,7,-1,2,11,7,-1]
  normalPerVertex TRUE
  normal DEF NORM_250 Normal { vector [
  0 0 -1,0 0 -1,
  0 0 -1,0 0 -1,
  0 0 -1,0 0 -1,
  0 0 -1,0 0 -1,
  0 0 -1,0 0 -1,
  0 0 -1,0 0 -1] }
}
}
DEF SHAPE_251 Shape {
 appearance USE APP_2
 geometry DEF FACE_251 IndexedFaceSet {
  coord DEF COORD_251 Coordinate { point [
  -1.4411998 -1.1071362 -3.1496063,-1.4411998 -1.1071362 -3.2086614,
  -1.4781487 -1.3318945 -3.2086614,-1.4781487 -1.3318945 -3.1496063] }
 coordIndex [
  3,0,1,-1,3,1,2,-1]
  normalPerVertex TRUE
  normal DEF NORM_251 Normal { vector [
  -0.98675519 0.1622165 0,-0.98675519 0.1622165 0,
  -0.98675519 0.1622165 0,-0.98675519 0.1622165 0] }
}
}
DEF SHAPE_252 Shape {
 appearance USE APP_2
 geometry DEF FACE_252 IndexedFaceSet {
  coord DEF COORD_252 Coordinate { point [
  -1.4411998 -1.1071362 -3.2086614,-1.2347137 -1.1071362 -3.2086614,
  -1.2347137 -1.1071362 -3.1496063,-1.4411998 -1.1071362 -3.1496063] }
 coordIndex [
  1,3,2,-1,1,0,3,-1]
  normalPerVertex TRUE
  normal DEF NORM_252 Normal { vector [
  0 1 0,0 1 0,
  0 1 0,0 1 0] }
}
}
DEF SHAPE_253 Shape {
 appearance USE APP_2
 geometry DEF FACE_253 IndexedFaceSet {
  coord DEF COORD_253 Coordinate { point [
  -1.2347137 -1.1071362 -3.2086614,-1.3489804 -1.7681847 -3.2086614,
  -1.3489804 -1.7681847 -3.1496063,-1.2347137 -1.1071362 -3.1496063] }
 coordIndex [
  2,1,0,-1,2,0,3,-1]
  normalPerVertex TRUE
  normal DEF NORM_253 Normal { vector [
  0.98538694 -0.17033079 0,0.98538694 -0.17033079 0,
  0.98538694 -0.17033079 0,0.98538694 -0.17033079 0] }
}
}
DEF SHAPE_254 Shape {
 appearance USE APP_2
 geometry DEF FACE_254 IndexedFaceSet {
  coord DEF COORD_254 Coordinate { point [
  -1.5464531 -1.7681787 -3.1496063,-1.3489804 -1.7681847 -3.1496063,
  -1.3489804 -1.7681847 -3.2086614,-1.5464534 -1.7681799 -3.2086614] }
 coordIndex [
  2,0,3,-1,1,0,2,-1]
  normalPerVertex TRUE
  normal DEF NORM_254 Normal { vector [
  -2.7323705e-05 -1 1.0421109e-05,-3.0440186e-05 -1 0,
  -2.7323705e-05 -1 1.0421109e-05,-2.4207231e-05 -1 2.08422e-05] }
}
}
DEF SHAPE_255 Shape {
 appearance USE APP_2
 geometry DEF FACE_255 IndexedFaceSet {
  coord DEF COORD_255 Coordinate { point [
  -1.4879888 -1.39123 -3.1496063,-1.5464531 -1.7681787 -3.1496063,
  -1.4879888 -1.39123 -3.2086614,-1.5464534 -1.7681799 -3.2086614] }
 coordIndex [
  1,0,2,-1,1,2,3,-1]
  normalPerVertex TRUE
  normal DEF NORM_255 Normal { vector [
  -0.9881849 0.15326643 0,-0.98818487 0.15326662 1.2375001e-06,
  -0.98818487 0.15326662 1.2375001e-06,-0.98818484 0.15326681 2.474996e-06] }
}
}
DEF SHAPE_256 Shape {
 appearance USE APP_2
 geometry DEF FACE_256 IndexedFaceSet {
  coord DEF COORD_256 Coordinate { point [
  -1.4879888 -1.39123 -3.2086614,-1.5334008 -1.39123 -3.2086614,
  -1.5334008 -1.39123 -3.1496063,-1.4879888 -1.39123 -3.1496063] }
 coordIndex [
  3,1,0,-1,3,2,1,-1]
  normalPerVertex TRUE
  normal DEF NORM_256 Normal { vector [
  0 -1 0,0 -1 0,
  0 -1 0,0 -1 0] }
}
}
DEF SHAPE_257 Shape {
 appearance USE APP_2
 geometry DEF FACE_257 IndexedFaceSet {
  coord DEF COORD_257 Coordinate { point [
  -1.5334008 -1.39123 -3.2086614,-1.5724363 -1.6500971 -3.2086614,
  -1.5724363 -1.6500971 -3.1496063,-1.5334008 -1.39123 -3.1496063] }
 coordIndex [
  2,1,0,-1,2,0,3,-1]
  normalPerVertex TRUE
  normal DEF NORM_257 Normal { vector [
  0.98882094 -0.14910783 0,0.98882094 -0.14910783 0,
  0.98882094 -0.14910783 0,0.98882094 -0.14910783 0] }
}
}
DEF SHAPE_258 Shape {
 appearance USE APP_2
 geometry DEF FACE_258 IndexedFaceSet {
  coord DEF COORD_258 Coordinate { point [
  -1.6822523 -1.1071362 -3.1496063,-1.6822523 -1.1071362 -3.2086614,
  -1.6460322 -1.288201 -3.2086614,-1.6094268 -1.4691882 -3.2086614,
  -1.5724363 -1.6500971 -3.2086614,-1.5724363 -1.6500971 -3.1496063,
  -1.6460322 -1.288201 -3.1496063,-1.6094268 -1.4691882 -3.1496063] }
 coordIndex [
  6,0,1,-1,6,1,2,-1,7,2,3,-1,7,6,2,-1,5,3,4,-1,5,7,3,-1]
  normalPerVertex TRUE
  normal DEF NORM_258 Normal { vector [
  -0.98057315 -0.19615374 0,-0.98057315 -0.19615374 0,
  -0.98029388 -0.19754468 0,-0.97987128 -0.19963034 0,
  -0.97972943 -0.20032537 0,-0.97972943 -0.20032537 0,
  -0.98043377 -0.19684926 0,-0.98001264 -0.19893522 0] }
}
}
DEF SHAPE_259 Shape {
 appearance USE APP_2
 geometry DEF FACE_259 IndexedFaceSet {
  coord DEF COORD_259 Coordinate { point [
  -1.6822523 -1.1071362 -3.2086614,-1.4877953 -1.1071362 -3.2086614,
  -1.4877953 -1.1071362 -3.1496063,-1.6822523 -1.1071362 -3.1496063] }
 coordIndex [
  1,0,3,-1,2,1,3,-1]
  normalPerVertex TRUE
  normal DEF NORM_259 Normal { vector [
  4.9976528e-08 1 0,6.2791089e-08 1 4.0788966e-08,
  7.5605651e-08 1 8.2984833e-08,6.2791089e-08 1 4.0788966e-08] }
}
}
DEF SHAPE_260 Shape {
 appearance USE APP_2
 geometry DEF FACE_260 IndexedFaceSet {
  coord DEF COORD_260 Coordinate { point [
  -1.4877953 -1.1071362 -3.2086614,-1.5237435 -1.3318945 -3.2086614,
  -1.5237435 -1.3318945 -3.1496063,-1.4877953 -1.1071362 -3.1496063] }
 coordIndex [
  2,1,0,-1,2,0,3,-1]
  normalPerVertex TRUE
  normal DEF NORM_260 Normal { vector [
  0.98744965 -0.15793416 0,0.98744964 -0.15793416 0,
  0.98744965 -0.15793416 0,0.98744965 -0.15793416 1.3106127e-08] }
}
}
DEF SHAPE_261 Shape {
 appearance USE APP_2
 geometry DEF FACE_261 IndexedFaceSet {
  coord DEF COORD_261 Coordinate { point [
  -1.5237435 -1.3318945 -3.2086614,-1.4781487 -1.3318945 -3.2086614,
  -1.4781487 -1.3318945 -3.1496063,-1.5237435 -1.3318945 -3.1496063] }
 coordIndex [
  1,3,2,-1,1,0,3,-1]
  normalPerVertex TRUE
  normal DEF NORM_261 Normal { vector [
  0 1 0,0 1 0,
  0 1 0,0 1 0] }
}
}
DEF SHAPE_262 Shape {
 appearance USE APP_2
 geometry DEF FACE_262 IndexedFaceSet {
  coord DEF COORD_262 Coordinate { point [
  -0.88218075 -1.5779688 -3.2086614,-0.88218075 -1.1071362 -3.2086614,
  -0.88218075 -1.1071362 -3.1496063,-0.88218075 -1.5779688 -3.1496063] }
 coordIndex [
  1,3,2,-1,1,0,3,-1]
  normalPerVertex TRUE
  normal DEF NORM_262 Normal { vector [
  -1 0 0,-1 0 0,
  -1 0 0,-1 0 0] }
}
}
DEF SHAPE_263 Shape {
 appearance USE APP_2
 geometry DEF FACE_263 IndexedFaceSet {
  coord DEF COORD_263 Coordinate { point [
  -0.88218075 -1.1071362 -3.2086614,-0.70134391 -1.1071362 -3.2086614,
  -0.70134391 -1.1071362 -3.1496063,-0.88218075 -1.1071362 -3.1496063] }
 coordIndex [
  1,3,2,-1,1,0,3,-1]
  normalPerVertex TRUE
  normal DEF NORM_263 Normal { vector [
  0 1 0,0 1 0,
  0 1 0,0 1 0] }
}
}
DEF SHAPE_264 Shape {
 appearance USE APP_2
 geometry DEF FACE_264 IndexedFaceSet {
  coord DEF COORD_264 Coordinate { point [
  -0.70134391 -1.1071362 -3.2086614,-0.70134391 -1.5779688 -3.2086614,
  -0.70134391 -1.5779688 -3.1496063,-0.70134391 -1.1071362 -3.1496063] }
 coordIndex [
  3,1,0,-1,3,2,1,-1]
  normalPerVertex TRUE
  normal DEF NORM_264 Normal { vector [
  1 0 0,1 0 0,
  1 0 0,1 0 0] }
}
}
DEF SHAPE_265 Shape {
 appearance USE APP_2
 geometry DEF FACE_265 IndexedFaceSet {
  coord DEF COORD_265 Coordinate { point [
  -0.70134391 -1.5779688 -3.2086614,-0.88218075 -1.5779688 -3.2086614,
  -0.88218075 -1.5779688 -3.1496063,-0.70134391 -1.5779688 -3.1496063] }
 coordIndex [
  3,1,0,-1,3,2,1,-1]
  normalPerVertex TRUE
  normal DEF NORM_265 Normal { vector [
  0 -1 0,0 -1 0,
  0 -1 0,0 -1 0] }
}
}
DEF SHAPE_266 Shape {
 appearance USE APP_2
 geometry DEF FACE_266 IndexedFaceSet {
  coord DEF COORD_266 Coordinate { point [
  -0.32184667 -1.4840249 -3.2086614,-0.32184667 -1.4840249 -3.1496063,
  -0.31863924 -1.5083877 -3.2086614,-0.30923554 -1.5310902 -3.2086614,
  -0.29427642 -1.5505853 -3.2086614,-0.27478131 -1.5655445 -3.2086614,
  -0.25207877 -1.5749482 -3.2086614,-0.22771595 -1.5781556 -3.2086614,
  -0.20335313 -1.5749482 -3.2086614,-0.18065059 -1.5655445 -3.2086614,
  -0.16115548 -1.5505853 -3.2086614,-0.14619636 -1.5310902 -3.2086614,
  -0.13679266 -1.5083877 -3.2086614,-0.13358523 -1.4840249 -3.2086614,
  -0.13358523 -1.4840249 -3.1496063,-0.31863924 -1.5083877 -3.1496063,
  -0.30923554 -1.5310902 -3.1496063,-0.29427642 -1.5505853 -3.1496063,
  -0.27478131 -1.5655445 -3.1496063,-0.25207877 -1.5749482 -3.1496063,
  -0.22771595 -1.5781556 -3.1496063,-0.20335313 -1.5749482 -3.1496063,
  -0.18065059 -1.5655445 -3.1496063,-0.16115548 -1.5505853 -3.1496063,
  -0.14619636 -1.5310902 -3.1496063,-0.13679266 -1.5083877 -3.1496063] }
 coordIndex [
  15,1,0,-1,15,0,2,-1,16,2,3,-1,16,15,2,-1,17,3,4,-1,17,16,3,-1,18,4,5,-1,18,17,4,-1,
  19,5,6,-1,19,18,5,-1,20,6,7,-1,20,19,6,-1,21,7,8,-1,21,20,7,-1,22,8,9,-1,22,21,8,-1,
  23,9,10,-1,23,22,9,-1,24,10,11,-1,24,23,10,-1,25,11,12,-1,25,24,11,-1,14,12,13,-1,14,25,12,-1]
  normalPerVertex TRUE
  normal DEF NORM_266 Normal { vector [
  -0.99144486 -0.13052619 0,-0.99144486 -0.13052619 0,
  -0.95364993 -0.30091828 0,-0.84327172 -0.5374875 0,
  -0.67542593 -0.73742784 0,-0.46155098 -0.88711369 0,
  -0.21622209 -0.9763442 0,0.04384197 -0.99903848 0,
  0.30091828 -0.95364993 0,0.5374875 -0.84327172 0,
  0.73742784 -0.67542593 0,0.88711369 -0.46155098 0,
  0.9763442 -0.21622209 0,0.99144486 -0.13052619 0,
  0.99144486 -0.13052619 0,-0.9763442 -0.21622209 0,
  -0.88711369 -0.46155098 0,-0.73742784 -0.67542593 0,
  -0.5374875 -0.84327172 0,-0.30091828 -0.95364993 0,
  -0.04384197 -0.99903848 0,0.21622209 -0.9763442 0,
  0.46155098 -0.88711369 0,0.67542593 -0.73742784 0,
  0.84327172 -0.5374875 0,0.95364993 -0.30091828 0] }
}
}
DEF SHAPE_267 Shape {
 appearance USE APP_2
 geometry DEF FACE_267 IndexedFaceSet {
  coord DEF COORD_267 Coordinate { point [
  -0.15744839 -1.5769803 -3.1496063,-0.15744839 -1.5769803 -3.2086614,
  -0.14766503 -1.5789225 -3.2086614,-0.13783097 -1.5805892 -3.2086614,
  -0.12795398 -1.581979 -3.2086614,-0.12795398 -1.581979 -3.1496063,
  -0.14766503 -1.5789225 -3.1496063,-0.13783097 -1.5805892 -3.1496063] }
 coordIndex [
  6,0,1,-1,6,1,2,-1,7,2,3,-1,7,3,4,-1,7,6,2,-1,5,7,4,-1]
  normalPerVertex TRUE
  normal DEF NORM_267 Normal { vector [
  -0.19472315 -0.98085824 0,-0.19472315 -0.98085824 0,
  -0.17632049 -0.98433281 0,-0.15323157 -0.98819031 0,
  -0.13933694 -0.99024503 0,-0.13933694 -0.99024503 0,
  -0.18553036 -0.98263853 0,-0.15323157 -0.98819031 0] }
}
}
DEF SHAPE_268 Shape {
 appearance USE APP_2
 geometry DEF FACE_268 IndexedFaceSet {
  coord DEF COORD_268 Coordinate { point [
  -0.15744839 -1.5769803 -3.2086614,-0.13559524 -1.559502 -3.2086614,
  -0.11868407 -1.5372071 -3.2086614,-0.10774337 -1.5114514 -3.2086614,
  -0.10343854 -1.4838015 -3.2086614,-0.10343854 -1.4838015 -3.1496063,
  -0.10774337 -1.5114514 -3.1496063,-0.11868407 -1.5372071 -3.1496063,
  -0.13559524 -1.559502 -3.1496063,-0.15744839 -1.5769803 -3.1496063] }
 coordIndex [
  8,1,0,-1,8,0,9,-1,7,2,1,-1,7,1,8,-1,6,3,2,-1,6,4,3,-1,6,2,7,-1,5,4,6,-1]
  normalPerVertex TRUE
  normal DEF NORM_268 Normal { vector [
  -0.62460293 0.78094249 0,-0.74440135 0.66773245 0,
  -0.88517912 0.4652504 0,-0.96158678 0.27450111 0,
  -0.98809624 0.15383701 0,-0.98809624 0.15383701 0,
  -0.96158678 0.27450111 0,-0.84367384 0.53685609 0,
  -0.68663415 0.72700313 0,-0.62460293 0.78094249 0] }
}
}
DEF SHAPE_269 Shape {
 appearance USE APP_2
 geometry DEF FACE_269 IndexedFaceSet {
  coord DEF COORD_269 Coordinate { point [
  -0.10343854 -1.4838015 -3.2086614,-0.10178633 -1.4704077 -3.2086614,
  -0.10063055 -1.456962 -3.2086614,-0.099972797 -1.4434827 -3.2086614,
  -0.099972797 -1.4434827 -3.1496063,-0.10063055 -1.456962 -3.1496063,
  -0.10178633 -1.4704077 -3.1496063,-0.10343854 -1.4838015 -3.1496063] }
 coordIndex [
  6,1,0,-1,6,0,7,-1,5,2,1,-1,5,3,2,-1,5,1,6,-1,4,3,5,-1]
  normalPerVertex TRUE
  normal DEF NORM_269 Normal { vector [
  -0.99247727 0.12242904 0,-0.99519431 0.097919803 0,
  -0.99773935 0.067202672 0,-0.99881152 0.048739503 0,
  -0.99881152 0.048739503 0,-0.99773935 0.067202672 0,
  -0.99391124 0.11018373 0,-0.99247727 0.12242904 0] }
}
}
DEF SHAPE_270 Shape {
 appearance USE APP_2
 geometry DEF FACE_270 IndexedFaceSet {
  coord DEF COORD_270 Coordinate { point [
  -0.099972797 -1.4434827 -3.2086614,-0.099972797 -1.1071362 -3.2086614,
  -0.099972797 -1.1071362 -3.1496063,-0.099972797 -1.4434827 -3.1496063] }
 coordIndex [
  1,3,2,-1,1,0,3,-1]
  normalPerVertex TRUE
  normal DEF NORM_270 Normal { vector [
  -1 0 0,-1 0 0,
  -1 0 0,-1 0 0] }
}
}
DEF SHAPE_271 Shape {
 appearance USE APP_2
 geometry DEF FACE_271 IndexedFaceSet {
  coord DEF COORD_271 Coordinate { point [
  -0.099972797 -1.1071362 -3.2086614,0.076541449 -1.1071362 -3.2086614,
  0.076541449 -1.1071362 -3.1496063,-0.099972797 -1.1071362 -3.1496063] }
 coordIndex [
  1,3,2,-1,1,0,3,-1]
  normalPerVertex TRUE
  normal DEF NORM_271 Normal { vector [
  0 1 0,0 1 0,
  0 1 0,0 1 0] }
}
}
DEF SHAPE_272 Shape {
 appearance USE APP_2
 geometry DEF FACE_272 IndexedFaceSet {
  coord DEF COORD_272 Coordinate { point [
  0.076541449 -1.1071362 -3.2086614,0.076541449 -1.4223104 -3.2086614,
  0.076541449 -1.4223104 -3.1496063,0.076541449 -1.1071362 -3.1496063] }
 coordIndex [
  0,2,1,-1,3,2,0,-1]
  normalPerVertex TRUE
  normal DEF NORM_272 Normal { vector [
  1 0 0,1 0 0,
  1 0 0,1 0 0] }
}
}
DEF SHAPE_273 Shape {
 appearance USE APP_2
 geometry DEF FACE_273 IndexedFaceSet {
  coord DEF COORD_273 Coordinate { point [
  0.066141486 -1.4892954 -3.1496063,0.066141486 -1.4892954 -3.2086614,
  0.071680564 -1.4673218 -3.2086614,0.075157214 -1.4449291 -3.2086614,
  0.076541449 -1.4223104 -3.2086614,0.076541449 -1.4223104 -3.1496063,
  0.071680564 -1.4673218 -3.1496063,0.075157214 -1.4449291 -3.1496063] }
 coordIndex [
  6,0,1,-1,6,1,2,-1,7,2,3,-1,7,3,4,-1,7,6,2,-1,5,7,4,-1]
  normalPerVertex TRUE
  normal DEF NORM_273 Normal { vector [
  0.96966639 -0.24443219 0,0.96966639 -0.24443219 0,
  0.98293865 -0.18393373 0,0.99421934 -0.10736804 0,
  0.9981326 -0.061084463 0,0.9981326 -0.061084463 0,
  0.97676783 -0.21430026 0,0.99421934 -0.10736804 0] }
}
}
DEF SHAPE_274 Shape {
 appearance USE APP_2
 geometry DEF FACE_274 IndexedFaceSet {
  coord DEF COORD_274 Coordinate { point [
  -0.016713706 -1.5779688 -3.1496063,-0.016713706 -1.5779688 -3.2086614,
  0.012105277 -1.5648297 -3.2086614,0.036557186 -1.5446983 -3.2086614,
  0.054985422 -1.5189385 -3.2086614,0.066141486 -1.4892954 -3.2086614,
  0.066141486 -1.4892954 -3.1496063,0.012105277 -1.5648297 -3.1496063,
  0.036557186 -1.5446983 -3.1496063,0.054985422 -1.5189385 -3.1496063] }
 coordIndex [
  7,0,1,-1,7,1,2,-1,8,2,3,-1,8,7,2,-1,9,3,4,-1,9,8,3,-1,6,4,5,-1,6,9,4,-1]
  normalPerVertex TRUE
  normal DEF NORM_274 Normal { vector [
  0.41483711 -0.90989569 0,0.41483711 -0.90989569 0,
  0.56629432 -0.8242031 0,0.75981602 -0.65013815 0,
  0.90186076 -0.43202681 0,0.9359142 -0.35222806 0,
  0.9359142 -0.35222806 0,0.49214495 -0.87051327 0,
  0.70012985 -0.71401554 0,0.86068148 -0.50914378 0] }
}
}
DEF SHAPE_275 Shape {
 appearance USE APP_2
 geometry DEF FACE_275 IndexedFaceSet {
  coord DEF COORD_275 Coordinate { point [
  -0.051545442 -1.5848264 -3.2086614,-0.051545442 -1.5848264 -3.1496063,
  -0.039770114 -1.583438 -3.2086614,-0.02813654 -1.5811476 -3.2086614,
  -0.016713706 -1.5779688 -3.2086614,-0.016713706 -1.5779688 -3.1496063,
  -0.039770114 -1.583438 -3.1496063,-0.02813654 -1.5811476 -3.1496063] }
 coordIndex [
  6,1,0,-1,6,0,2,-1,7,2,3,-1,7,3,4,-1,7,6,2,-1,5,7,4,-1]
  normalPerVertex TRUE
  normal DEF NORM_275 Normal { vector [
  0.11709709 -0.99312047 0,0.11709709 -0.99312047 0,
  0.16792346 -0.98580004 0,0.23080577 -0.97299985 0,
  0.26809861 -0.96339147 0,0.26809861 -0.96339147 0,
  0.14254889 -0.98978776 0,0.23080577 -0.97299985 0] }
}
}
DEF SHAPE_276 Shape {
 appearance USE APP_2
 geometry DEF FACE_276 IndexedFaceSet {
  coord DEF COORD_276 Coordinate { point [
  -0.051545442 -1.5848264 -3.2086614,-0.051545442 -1.5848264 -3.1496063,
  -0.085280861 -1.5865283 -3.1496063,-0.074010948 -1.5865563 -3.1496063,
  -0.062755314 -1.5859885 -3.1496063,-0.085280861 -1.5865283 -3.2086614,
  -0.074010948 -1.5865563 -3.2086614,-0.062755314 -1.5859885 -3.2086614] }
 coordIndex [
  2,5,6,-1,3,2,6,-1,4,6,7,-1,4,3,6,-1,1,7,0,-1,1,4,7,-1]
  normalPerVertex TRUE
  normal DEF NORM_276 Normal { vector [
  0.10311573 -0.99466937 0,0.10311573 -0.99466937 0,
  -0.0024881029 -0.9999969 0,0.023956464 -0.999713 0,
  0.067982558 -0.99768651 0,-0.0024881029 -0.9999969 0,
  0.023956464 -0.999713 0,0.085565173 -0.99633258 0] }
}
}
DEF SHAPE_277 Shape {
 appearance USE APP_2
 geometry DEF FACE_277 IndexedFaceSet {
  coord DEF COORD_277 Coordinate { point [
  -0.12795398 -1.581979 -3.1496063,-0.12795398 -1.581979 -3.2086614,
  -0.1137552 -1.5837294 -3.2086614,-0.099529541 -1.5852459 -3.2086614,
  -0.085280861 -1.5865283 -3.2086614,-0.085280861 -1.5865283 -3.1496063,
  -0.1137552 -1.5837294 -3.1496063,-0.099529541 -1.5852459 -3.1496063] }
 coordIndex [
  6,0,1,-1,6,1,2,-1,7,2,3,-1,7,6,2,-1,5,3,4,-1,5,7,3,-1]
  normalPerVertex TRUE
  normal DEF NORM_277 Normal { vector [
  -0.12235121 -0.99248687 0,-0.12235121 -0.99248687 0,
  -0.11145904 -0.99376903 0,-0.095096145 -0.99546809 0,
  -0.089635962 -0.9959746 0,-0.089635962 -0.9959746 0,
  -0.11690697 -0.99314287 0,-0.10055363 -0.99493164 0] }
}
}
DEF SHAPE_278 Shape {
 appearance USE APP_2
 geometry DEF FACE_278 IndexedFaceSet {
  coord DEF COORD_278 Coordinate { point [
  0.54513499 -1.3055376 -3.1496063,0.54513499 -1.3055376 -3.2086614,
  0.55802826 -1.2880945 -3.2086614,0.56882902 -1.2692838 -3.2086614,
  0.57739383 -1.2493553 -3.2086614,0.57739383 -1.2493553 -3.1496063,
  0.55802826 -1.2880945 -3.1496063,0.56882902 -1.2692838 -3.1496063] }
 coordIndex [
  6,0,1,-1,6,1,2,-1,7,2,3,-1,7,3,4,-1,7,6,2,-1,5,7,4,-1]
  normalPerVertex TRUE
  normal DEF NORM_278 Normal { vector [
  0.80416475 -0.59440648 0,0.80416475 -0.59440648 0,
  0.84744836 -0.53087784 0,0.89446431 -0.44713936 0,
  0.91874332 -0.3948553 0,0.91874332 -0.3948553 0,
  0.82640122 -0.56308172 0,0.89446431 -0.44713936 0] }
}
}
DEF SHAPE_279 Shape {
 appearance USE APP_2
 geometry DEF FACE_279 IndexedFaceSet {
  coord DEF COORD_279 Coordinate { point [
  0.54513499 -1.3055376 -3.2086614,0.33566445 -1.5254886 -3.2086614,
  0.33566445 -1.5254886 -3.1496063,0.54513499 -1.3055376 -3.1496063] }
 coordIndex [
  2,1,0,-1,2,0,3,-1]
  normalPerVertex TRUE
  normal DEF NORM_279 Normal { vector [
  0.72414878 -0.68964378 0,0.72414878 -0.68964378 0,
  0.72414878 -0.68964378 0,0.72414878 -0.68964378 0] }
}
}
DEF SHAPE_280 Shape {
 appearance USE APP_2
 geometry DEF FACE_280 IndexedFaceSet {
  coord DEF COORD_280 Coordinate { point [
  0.33566445 -1.5254886 -3.2086614,0.33014343 -1.5319163 -3.2086614,
  0.32602353 -1.5393205 -3.2086614,0.32347213 -1.5474005 -3.2086614,
  0.32347213 -1.5474005 -3.1496063,0.32602353 -1.5393205 -3.1496063,
  0.33014343 -1.5319163 -3.1496063,0.33566445 -1.5254886 -3.1496063] }
 coordIndex [
  6,1,0,-1,6,0,7,-1,5,2,1,-1,5,1,6,-1,4,3,2,-1,4,2,5,-1]
  normalPerVertex TRUE
  normal DEF NORM_280 Normal { vector [
  0.75857971 -0.65158025 0,0.83921347 -0.54380212 0,
  0.93121754 -0.36446385 0,0.95358908 -0.30111106 0,
  0.95358908 -0.30111106 0,0.90451203 -0.42644811 0,
  0.80062043 -0.59917187 0,0.75857971 -0.65158025 0] }
}
}
DEF SHAPE_281 Shape {
 appearance USE APP_2
 geometry DEF FACE_281 IndexedFaceSet {
  coord DEF COORD_281 Coordinate { point [
  0.32347213 -1.5474005 -3.2086614,0.32308649 -1.5546819 -3.2086614,
  0.32455901 -1.5618232 -3.2086614,0.32779351 -1.568358 -3.2086614,
  0.33257874 -1.5738597 -3.2086614,0.33860218 -1.5779688 -3.2086614,
  0.33860218 -1.5779688 -3.1496063,0.33257874 -1.5738597 -3.1496063,
  0.32779351 -1.568358 -3.1496063,0.32455901 -1.5618232 -3.1496063,
  0.32308649 -1.5546819 -3.1496063,0.32347213 -1.5474005 -3.1496063] }
 coordIndex [
  10,1,0,-1,10,0,11,-1,9,2,1,-1,9,1,10,-1,8,3,2,-1,8,2,9,-1,7,4,3,-1,7,3,8,-1,
  6,5,4,-1,6,4,7,-1]
  normalPerVertex TRUE
  normal DEF NORM_281 Normal { vector [
  0.99860044 -0.052888211 0,0.99303003 0.11786159 0,
  0.93072851 0.36571086 0,0.80764043 0.58967528 0,
  0.63180475 0.77512758 0,0.56354274 0.82608691 0,
  0.56354274 0.82608691 0,0.6959322 0.71810749 0,
  0.8552212 0.51826316 0,0.95865506 0.28457068 0,
  0.99947846 0.032292675 0,0.99860044 -0.052888211 0] }
}
}
DEF SHAPE_282 Shape {
 appearance USE APP_2
 geometry DEF FACE_282 IndexedFaceSet {
  coord DEF COORD_282 Coordinate { point [
  0.2496793 -1.5505638 -3.1496063,0.27663214 -1.5672559 -3.1496063,
  0.30692901 -1.576593 -3.1496063,0.33860218 -1.5779688 -3.1496063,
  0.2496793 -1.5505638 -3.2086614,0.27663214 -1.5672559 -3.2086614,
  0.30692901 -1.576593 -3.2086614,0.33860218 -1.5779688 -3.2086614] }
 coordIndex [
  0,4,5,-1,1,0,5,-1,2,5,6,-1,2,1,5,-1,3,6,7,-1,3,2,6,-1]
  normalPerVertex TRUE
  normal DEF NORM_282 Normal { vector [
  -0.52651478 -0.85016597 0,-0.41389061 -0.91032662 0,
  -0.21234832 -0.97719404 0,-0.043393894 -0.99905804 0,
  -0.52651478 -0.85016597 0,-0.41389061 -0.91032662 0,
  -0.1280294 -0.99177037 0,-0.043393894 -0.99905804 0] }
}
}
DEF SHAPE_283 Shape {
 appearance USE APP_2
 geometry DEF FACE_283 IndexedFaceSet {
  coord DEF COORD_283 Coordinate { point [
  0.21060287 -1.4862379 -3.1496063,0.21060287 -1.4862379 -3.2086614,
  0.21866488 -1.5104455 -3.2086614,0.23191181 -1.532252 -3.2086614,
  0.2496793 -1.5505638 -3.2086614,0.2496793 -1.5505638 -3.1496063,
  0.21866488 -1.5104455 -3.1496063,0.23191181 -1.532252 -3.1496063] }
 coordIndex [
  6,0,1,-1,6,1,2,-1,7,2,3,-1,7,6,2,-1,5,3,4,-1,5,7,3,-1]
  normalPerVertex TRUE
  normal DEF NORM_283 Normal { vector [
  -0.94876787 -0.31597393 0,-0.94876787 -0.31597393 0,
  -0.891009 -0.45398565 0,-0.76763796 -0.64088374 0,
  -0.71769204 -0.69636064 0,-0.71769204 -0.69636064 0,
  -0.92255418 -0.38586758 0,-0.81355088 -0.58149373 0] }
}
}
DEF SHAPE_284 Shape {
 appearance USE APP_2
 geometry DEF FACE_284 IndexedFaceSet {
  coord DEF COORD_284 Coordinate { point [
  0.21614883 -1.396078 -3.1496063,0.21614883 -1.396078 -3.2086614,
  0.20849007 -1.4255858 -3.2086614,0.20661836 -1.4560139 -3.2086614,
  0.21060287 -1.4862379 -3.2086614,0.21060287 -1.4862379 -3.1496063,
  0.20849007 -1.4255858 -3.1496063,0.20661836 -1.4560139 -3.1496063] }
 coordIndex [
  6,0,1,-1,6,1,2,-1,7,2,3,-1,7,3,4,-1,7,6,2,-1,5,7,4,-1]
  normalPerVertex TRUE
  normal DEF NORM_284 Normal { vector [
  -0.96792843 0.2512261 0,-0.96792843 0.2512261 0,
  -0.99213304 0.12518798 0,-0.99939382 -0.034813717 0,
  -0.99142176 -0.13070158 0,-0.99142176 -0.13070158 0,
  -0.9820298 0.1887259 0,-0.99939382 -0.034813717 0] }
}
}
DEF SHAPE_285 Shape {
 appearance USE APP_2
 geometry DEF FACE_285 IndexedFaceSet {
  coord DEF COORD_285 Coordinate { point [
  0.22904257 -1.376401 -3.1496063,0.22904257 -1.376401 -3.2086614,
  0.21614883 -1.396078 -3.2086614,0.21985175 -1.3891417 -3.2086614,
  0.22416121 -1.3825651 -3.2086614,0.21614883 -1.396078 -3.1496063,
  0.21985175 -1.3891417 -3.1496063,0.22416121 -1.3825651 -3.1496063] }
 coordIndex [
  7,0,1,-1,7,1,4,-1,6,4,3,-1,6,7,4,-1,5,3,2,-1,5,6,3,-1]
  normalPerVertex TRUE
  normal DEF NORM_285 Normal { vector [
  -0.78395653 0.62081572 0,-0.78395653 0.62081572 0,
  -0.88216485 0.47094074 0,-0.8676938 0.49709905 0,
  -0.81966793 0.57283897 0,-0.88216485 0.47094074 0,
  -0.85243333 0.52283593 0,-0.802163 0.59710512 0] }
}
}
DEF SHAPE_286 Shape {
 appearance USE APP_2
 geometry DEF FACE_286 IndexedFaceSet {
  coord DEF COORD_286 Coordinate { point [
  0.22904257 -1.376401 -3.2086614,0.42688558 -1.1596046 -3.2086614,
  0.42688558 -1.1596046 -3.1496063,0.22904257 -1.376401 -3.1496063] }
 coordIndex [
  2,1,0,-1,2,0,3,-1]
  normalPerVertex TRUE
  normal DEF NORM_286 Normal { vector [
  -0.73865767 0.67408074 0,-0.73865767 0.67408074 0,
  -0.73865767 0.67408074 0,-0.73865767 0.67408074 0] }
}
}
DEF SHAPE_287 Shape {
 appearance USE APP_2
 geometry DEF FACE_287 IndexedFaceSet {
  coord DEF COORD_287 Coordinate { point [
  0.43833103 -1.130142 -3.1496063,0.43700624 -1.1408136 -3.1496063,
  0.43311229 -1.1508373 -3.1496063,0.42688558 -1.1596046 -3.1496063,
  0.42688558 -1.1596046 -3.2086614,0.43311229 -1.1508373 -3.2086614,
  0.43700624 -1.1408136 -3.2086614,0.43833103 -1.130142 -3.2086614] }
 coordIndex [
  2,4,3,-1,2,5,4,-1,1,6,5,-1,1,5,2,-1,0,7,6,-1,0,6,1,-1]
  normalPerVertex TRUE
  normal DEF NORM_287 Normal { vector [
  -0.99238231 0.12319639 0,-0.95870659 0.28439703 0,
  -0.86006576 0.51018319 0,-0.81529906 0.5790401 0,
  -0.81529906 0.5790401 0,-0.8992766 0.43738039 0,
  -0.97892575 0.20421647 0,-0.99238231 0.12319639 0] }
}
}
DEF SHAPE_288 Shape {
 appearance USE APP_2
 geometry DEF FACE_288 IndexedFaceSet {
  coord DEF COORD_288 Coordinate { point [
  0.4380037 -1.1248068 -3.2086614,0.43460398 -1.11809 -3.2086614,
  0.4300057 -1.1121294 -3.2086614,0.4243718 -1.1071362 -3.2086614,
  0.4243718 -1.1071362 -3.1496063,0.4300057 -1.1121294 -3.1496063,
  0.43460398 -1.11809 -3.1496063,0.4380037 -1.1248068 -3.1496063] }
 coordIndex [
  7,1,0,-1,6,2,1,-1,6,1,7,-1,5,3,2,-1,5,2,6,-1,4,3,5,-1]
  normalPerVertex TRUE
  normal DEF NORM_288 Normal { vector [
  -0.89221957 -0.45160186 0,-0.86213937 -0.5066712 0,
  -0.75190699 -0.6592692 0,-0.66327179 -0.7483786 0,
  -0.66327179 -0.7483786 0,-0.70890296 -0.70530603 0,
  -0.82852519 -0.55995179 0,-0.89221957 -0.45160186 0] }
}
}
DEF SHAPE_289 Shape {
 appearance USE APP_2
 geometry DEF FACE_289 IndexedFaceSet {
  coord DEF COORD_289 Coordinate { point [
  0.4243718 -1.1071362 -3.2086614,0.45525384 -1.1071362 -3.2086614,
  0.45525384 -1.1071362 -3.1496063,0.4243718 -1.1071362 -3.1496063] }
 coordIndex [
  1,3,2,-1,1,0,3,-1]
  normalPerVertex TRUE
  normal DEF NORM_289 Normal { vector [
  0 1 0,0 1 0,
  0 1 0,0 1 0] }
}
}
DEF SHAPE_290 Shape {
 appearance USE APP_2
 geometry DEF FACE_290 IndexedFaceSet {
  coord DEF COORD_290 Coordinate { point [
  0.48555571 -1.1102683 -3.1496063,0.48555571 -1.1102683 -3.2086614,
  0.47551104 -1.1087235 -3.2086614,0.46540213 -1.1076786 -3.2086614,
  0.45525384 -1.1071362 -3.2086614,0.45525384 -1.1071362 -3.1496063,
  0.47551104 -1.1087235 -3.1496063,0.46540213 -1.1076786 -3.1496063] }
 coordIndex [
  0,1,2,-1,6,2,3,-1,6,0,2,-1,7,3,4,-1,7,6,3,-1,5,7,4,-1]
  normalPerVertex TRUE
  normal DEF NORM_290 Normal { vector [
  0.1520128 0.98837852 0,0.1520128 0.98837852 0,
  0.13565081 0.99075671 0,0.086355763 0.99626436 0,
  0.053365348 0.99857505 0,0.053365348 0.99857505 0,
  0.11924724 0.99286459 0,0.069867852 0.99755626 0] }
}
}
DEF SHAPE_291 Shape {
 appearance USE APP_2
 geometry DEF FACE_291 IndexedFaceSet {
  coord DEF COORD_291 Coordinate { point [
  0.5554384 -1.1421511 -3.2086614,0.5554384 -1.1421511 -3.1496063,
  0.53459209 -1.1266258 -3.2086614,0.51094456 -1.115837 -3.2086614,
  0.48555571 -1.1102683 -3.2086614,0.48555571 -1.1102683 -3.1496063,
  0.53459209 -1.1266258 -3.1496063,0.51094456 -1.115837 -3.1496063] }
 coordIndex [
  6,1,0,-1,6,0,2,-1,7,2,3,-1,7,6,2,-1,5,3,4,-1,5,7,3,-1]
  normalPerVertex TRUE
  normal DEF NORM_291 Normal { vector [
  0.59730259 0.80201597 0,0.59730259 0.80201597 0,
  0.47820476 0.87824838 0,0.28259723 0.95923866 0,
  0.21424219 0.97678057 0,0.21424219 0.97678057 0,
  0.53925222 0.84214431 0,0.34987726 0.93679555 0] }
}
}
DEF SHAPE_292 Shape {
 appearance USE APP_2
 geometry DEF FACE_292 IndexedFaceSet {
  coord DEF COORD_292 Coordinate { point [
  0.58135615 -1.1978321 -3.1496063,0.58135615 -1.1978321 -3.2086614,
  0.57649106 -1.1776654 -3.2086614,0.56773672 -1.1588578 -3.2086614,
  0.5554384 -1.1421511 -3.2086614,0.5554384 -1.1421511 -3.1496063,
  0.57649106 -1.1776654 -3.1496063,0.56773672 -1.1588578 -3.1496063] }
 coordIndex [
  6,0,1,-1,6,1,2,-1,7,2,3,-1,7,6,2,-1,5,3,4,-1,5,7,3,-1]
  normalPerVertex TRUE
  normal DEF NORM_292 Normal { vector [
  0.97211225 0.23451604 0,0.97211225 0.23451604 0,
  0.93253232 0.36108652 0,0.84278774 0.53824607 0,
  0.80533 0.59282677 0,0.80533 0.59282677 0,
  0.95446637 0.29831853 0,0.876693 0.48105029 0] }
}
}
DEF SHAPE_293 Shape {
 appearance USE APP_2
 geometry DEF FACE_293 IndexedFaceSet {
  coord DEF COORD_293 Coordinate { point [
  0.58283205 -1.2155885 -3.2086614,0.58283205 -1.2155885 -3.1496063,
  0.58266772 -1.2096455 -3.2086614,0.58217526 -1.2037207 -3.2086614,
  0.58135615 -1.1978321 -3.2086614,0.58135615 -1.1978321 -3.1496063,
  0.58266772 -1.2096455 -3.1496063,0.58217526 -1.2037207 -3.1496063] }
 coordIndex [
  6,1,0,-1,6,0,2,-1,7,2,3,-1,7,3,4,-1,7,6,2,-1,5,7,4,-1]
  normalPerVertex TRUE
  normal DEF NORM_293 Normal { vector [
  0.99961796 0.027639325 0,0.99961796 0.027639325 0,
  0.99792046 0.064457341 0,0.99389321 0.11034621 0,
  0.99046361 0.13777459 0,0.99046361 0.13777459 0,
  0.998939 0.046053027 0,0.99389321 0.11034621 0] }
}
}
DEF SHAPE_294 Shape {
 appearance USE APP_2
 geometry DEF FACE_294 IndexedFaceSet {
  coord DEF COORD_294 Coordinate { point [
  0.69792311 -1.3145743 -3.2086614,0.69792311 -1.1071362 -3.2086614,
  0.69792311 -1.1071362 -3.1496063,0.69792311 -1.3145743 -3.1496063] }
 coordIndex [
  1,3,2,-1,1,0,3,-1]
  normalPerVertex TRUE
  normal DEF NORM_294 Normal { vector [
  -1 0 0,-1 0 0,
  -1 0 0,-1 0 0] }
}
}
DEF SHAPE_295 Shape {
 appearance USE APP_2
 geometry DEF FACE_295 IndexedFaceSet {
  coord DEF COORD_295 Coordinate { point [
  0.69792311 -1.1071362 -3.2086614,0.8910009 -1.1071362 -3.2086614,
  0.8910009 -1.1071362 -3.1496063,0.69792311 -1.1071362 -3.1496063] }
 coordIndex [
  2,0,3,-1,1,0,2,-1]
  normalPerVertex TRUE
  normal DEF NORM_295 Normal { vector [
  0 1 0,0 1 0,
  0 1 0,0 1 0] }
}
}
DEF SHAPE_296 Shape {
 appearance USE APP_2
 geometry DEF FACE_296 IndexedFaceSet {
  coord DEF COORD_296 Coordinate { point [
  0.8910009 -1.1071362 -3.2086614,0.69792311 -1.3145743 -3.2086614,
  0.69792311 -1.3145743 -3.1496063,0.8910009 -1.1071362 -3.1496063] }
 coordIndex [
  1,0,3,-1,2,1,3,-1]
  normalPerVertex TRUE
  normal DEF NORM_296 Normal { vector [
  0.73198932 -0.6813161 0,0.73198932 -0.6813161 0,
  0.73198932 -0.6813161 0,0.73198932 -0.6813161 0] }
}
}
DEF SHAPE_297 Shape {
 appearance USE APP_2
 geometry DEF FACE_297 IndexedFaceSet {
  coord DEF COORD_297 Coordinate { point [
  0.83960529 -1.5779688 -3.2086614,1.0283522 -1.3795184 -3.2086614,
  1.0283522 -1.3795184 -3.1496063,0.83960529 -1.5779688 -3.1496063] }
 coordIndex [
  1,0,3,-1,2,1,3,-1]
  normalPerVertex TRUE
  normal DEF NORM_297 Normal { vector [
  -0.72459991 0.68916977 0,-0.72459991 0.68916977 0,
  -0.72459991 0.68916977 0,-0.72459991 0.68916977 0] }
}
}
DEF SHAPE_298 Shape {
 appearance USE APP_2
 geometry DEF FACE_298 IndexedFaceSet {
  coord DEF COORD_298 Coordinate { point [
  1.0283522 -1.3795184 -3.2086614,1.0283522 -1.5779688 -3.2086614,
  1.0283522 -1.5779688 -3.1496063,1.0283522 -1.3795184 -3.1496063] }
 coordIndex [
  3,1,0,-1,3,2,1,-1]
  normalPerVertex TRUE
  normal DEF NORM_298 Normal { vector [
  1 0 0,1 0 0,
  1 0 0,1 0 0] }
}
}
DEF SHAPE_299 Shape {
 appearance USE APP_2
 geometry DEF FACE_299 IndexedFaceSet {
  coord DEF COORD_299 Coordinate { point [
  1.0283522 -1.5779688 -3.2086614,0.83960529 -1.5779688 -3.2086614,
  0.83960529 -1.5779688 -3.1496063,1.0283522 -1.5779688 -3.1496063] }
 coordIndex [
  0,2,1,-1,3,2,0,-1]
  normalPerVertex TRUE
  normal DEF NORM_299 Normal { vector [
  0 -1 0,0 -1 0,
  0 -1 0,0 -1 0] }
}
}
DEF SHAPE_300 Shape {
 appearance USE APP_2
 geometry DEF FACE_300 IndexedFaceSet {
  coord DEF COORD_300 Coordinate { point [
  1.2320266 -1.5309188 -3.2086614,1.2320266 -1.5309188 -3.1496063,
  1.2401483 -1.5926094 -3.2086614,1.26396 -1.650096 -3.2086614,
  1.301839 -1.6994608 -3.2086614,1.3512038 -1.7373397 -3.2086614,
  1.4086903 -1.7611514 -3.2086614,1.4703809 -1.7692731 -3.2086614,
  1.5320715 -1.7611514 -3.2086614,1.5895581 -1.7373397 -3.2086614,
  1.6389229 -1.6994608 -3.2086614,1.6768018 -1.650096 -3.2086614,
  1.7006135 -1.5926094 -3.2086614,1.7087352 -1.5309188 -3.2086614,
  1.7087352 -1.5309188 -3.1496063,1.2401483 -1.5926094 -3.1496063,
  1.26396 -1.650096 -3.1496063,1.301839 -1.6994608 -3.1496063,
  1.3512038 -1.7373397 -3.1496063,1.4086903 -1.7611514 -3.1496063,
  1.4703809 -1.7692731 -3.1496063,1.5320715 -1.7611514 -3.1496063,
  1.5895581 -1.7373397 -3.1496063,1.6389229 -1.6994608 -3.1496063,
  1.6768018 -1.650096 -3.1496063,1.7006135 -1.5926094 -3.1496063] }
 coordIndex [
  15,1,0,-1,15,0,2,-1,16,2,3,-1,16,15,2,-1,17,3,4,-1,17,16,3,-1,18,4,5,-1,18,17,4,-1,
  19,5,6,-1,19,18,5,-1,20,6,7,-1,20,19,6,-1,21,7,8,-1,21,20,7,-1,22,8,9,-1,22,21,8,-1,
  23,9,10,-1,23,22,9,-1,24,10,11,-1,24,23,10,-1,25,11,12,-1,25,24,11,-1,14,12,13,-1,14,25,12,-1]
  normalPerVertex TRUE
  normal DEF NORM_300 Normal { vector [
  -0.99144486 -0.13052619 0,-0.99144486 -0.13052619 0,
  -0.95364993 -0.30091828 0,-0.84327172 -0.5374875 0,
  -0.67542593 -0.73742784 0,-0.46155098 -0.88711369 0,
  -0.21622209 -0.9763442 0,0.04384197 -0.99903848 0,
  0.30091828 -0.95364993 0,0.5374875 -0.84327172 0,
  0.73742784 -0.67542593 0,0.88711369 -0.46155098 0,
  0.9763442 -0.21622209 0,0.99144486 -0.13052619 0,
  0.99144486 -0.13052619 0,-0.9763442 -0.21622209 0,
  -0.88711369 -0.46155098 0,-0.73742784 -0.67542593 0,
  -0.5374875 -0.84327172 0,-0.30091828 -0.95364993 0,
  -0.04384197 -0.99903848 0,0.21622209 -0.9763442 0,
  0.46155098 -0.88711369 0,0.67542593 -0.73742784 0,
  0.84327172 -0.5374875 0,0.95364993 -0.30091828 0] }
}
}
DEF SHAPE_301 Shape {
 appearance USE APP_2
 geometry DEF FACE_301 IndexedFaceSet {
  coord DEF COORD_301 Coordinate { point [
  0.9215482 -1.130142 -3.1496063,0.92022341 -1.1408136 -3.1496063,
  0.91632946 -1.1508373 -3.1496063,0.91010276 -1.1596046 -3.1496063,
  0.91010276 -1.1596046 -3.2086614,0.91632946 -1.1508373 -3.2086614,
  0.92022341 -1.1408136 -3.2086614,0.9215482 -1.130142 -3.2086614] }
 coordIndex [
  2,4,3,-1,2,5,4,-1,1,6,5,-1,1,5,2,-1,0,7,6,-1,0,6,1,-1]
  normalPerVertex TRUE
  normal DEF NORM_301 Normal { vector [
  -0.99238231 0.12319639 0,-0.95870659 0.28439703 0,
  -0.86006576 0.51018319 0,-0.81529906 0.5790401 0,
  -0.81529906 0.5790401 0,-0.8992766 0.43738039 0,
  -0.97892575 0.20421647 0,-0.99238231 0.12319639 0] }
}
}
DEF SHAPE_302 Shape {
 appearance USE APP_2
 geometry DEF FACE_302 IndexedFaceSet {
  coord DEF COORD_302 Coordinate { point [
  0.92122087 -1.1248068 -3.2086614,0.91782115 -1.11809 -3.2086614,
  0.91322287 -1.1121294 -3.2086614,0.90758898 -1.1071362 -3.2086614,
  0.90758898 -1.1071362 -3.1496063,0.91322287 -1.1121294 -3.1496063,
  0.91782115 -1.11809 -3.1496063,0.92122087 -1.1248068 -3.1496063] }
 coordIndex [
  6,1,0,-1,6,0,7,-1,5,2,1,-1,5,1,6,-1,4,3,2,-1,4,2,5,-1]
  normalPerVertex TRUE
  normal DEF NORM_302 Normal { vector [
  -0.89221957 -0.45160186 0,-0.82852519 -0.55995179 0,
  -0.70890296 -0.70530603 0,-0.66327179 -0.7483786 0,
  -0.66327179 -0.7483786 0,-0.75190699 -0.6592692 0,
  -0.86213937 -0.5066712 0,-0.89221957 -0.45160186 0] }
}
}
DEF SHAPE_303 Shape {
 appearance USE APP_2
 geometry DEF FACE_303 IndexedFaceSet {
  coord DEF COORD_303 Coordinate { point [
  0.93847102 -1.1071362 -3.1496063,0.93847102 -1.1071362 -3.2086614,
  0.90758898 -1.1071362 -3.2086614,0.90758898 -1.1071362 -3.1496063] }
 coordIndex [
  0,1,2,-1,0,2,3,-1]
  normalPerVertex TRUE
  normal DEF NORM_303 Normal { vector [
  0 1 0,0 1 0,
  0 1 0,0 1 0] }
}
}
DEF SHAPE_304 Shape {
 appearance USE APP_2
 geometry DEF FACE_304 IndexedFaceSet {
  coord DEF COORD_304 Coordinate { point [
  0.96877288 -1.1102683 -3.1496063,0.96877288 -1.1102683 -3.2086614,
  0.95872822 -1.1087235 -3.2086614,0.9486193 -1.1076786 -3.2086614,
  0.93847102 -1.1071362 -3.2086614,0.93847102 -1.1071362 -3.1496063,
  0.95872822 -1.1087235 -3.1496063,0.9486193 -1.1076786 -3.1496063] }
 coordIndex [
  6,0,1,-1,6,1,2,-1,7,2,3,-1,7,3,4,-1,7,6,2,-1,5,7,4,-1]
  normalPerVertex TRUE
  normal DEF NORM_304 Normal { vector [
  0.1520128 0.98837852 0,0.1520128 0.98837852 0,
  0.11924724 0.99286459 0,0.078114478 0.9969444 0,
  0.053365348 0.99857505 0,0.053365348 0.99857505 0,
  0.13565081 0.99075671 0,0.078114478 0.9969444 0] }
}
}
DEF SHAPE_305 Shape {
 appearance USE APP_2
 geometry DEF FACE_305 IndexedFaceSet {
  coord DEF COORD_305 Coordinate { point [
  1.0386556 -1.1421511 -3.1496063,1.0386556 -1.1421511 -3.2086614,
  1.0178093 -1.1266258 -3.2086614,0.99416173 -1.115837 -3.2086614,
  0.96877288 -1.1102683 -3.2086614,0.96877288 -1.1102683 -3.1496063,
  1.0178093 -1.1266258 -3.1496063,0.99416173 -1.115837 -3.1496063] }
 coordIndex [
  6,0,1,-1,6,1,2,-1,7,2,3,-1,7,6,2,-1,5,3,4,-1,5,7,3,-1]
  normalPerVertex TRUE
  normal DEF NORM_305 Normal { vector [
  0.59730259 0.80201597 0,0.59730259 0.80201597 0,
  0.47820476 0.87824838 0,0.28259723 0.95923866 0,
  0.21424219 0.97678057 0,0.21424219 0.97678057 0,
  0.53925222 0.84214431 0,0.34987726 0.93679555 0] }
}
}
DEF SHAPE_306 Shape {
 appearance USE APP_2
 geometry DEF FACE_306 IndexedFaceSet {
  coord DEF COORD_306 Coordinate { point [
  1.0645733 -1.1978321 -3.1496063,1.0645733 -1.1978321 -3.2086614,
  1.0597082 -1.1776654 -3.2086614,1.0509539 -1.1588578 -3.2086614,
  1.0386556 -1.1421511 -3.2086614,1.0386556 -1.1421511 -3.1496063,
  1.0597082 -1.1776654 -3.1496063,1.0509539 -1.1588578 -3.1496063] }
 coordIndex [
  6,0,1,-1,6,1,2,-1,7,2,3,-1,7,3,4,-1,7,6,2,-1,5,7,4,-1]
  normalPerVertex TRUE
  normal DEF NORM_306 Normal { vector [
  0.97211225 0.23451603 0,0.97211225 0.23451603 0,
  0.93253232 0.36108652 0,0.86021587 0.50993005 0,
  0.80533 0.59282677 0,0.80533 0.59282677 0,
  0.95446637 0.29831853 0,0.86021587 0.50993005 0] }
}
}
DEF SHAPE_307 Shape {
 appearance USE APP_2
 geometry DEF FACE_307 IndexedFaceSet {
  coord DEF COORD_307 Coordinate { point [
  1.0660492 -1.2155885 -3.2086614,1.0660492 -1.2155885 -3.1496063,
  1.0658849 -1.2096455 -3.2086614,1.0653924 -1.2037207 -3.2086614,
  1.0645733 -1.1978321 -3.2086614,1.0645733 -1.1978321 -3.1496063,
  1.0658849 -1.2096455 -3.1496063,1.0653924 -1.2037207 -3.1496063] }
 coordIndex [
  6,1,0,-1,6,0,2,-1,7,2,3,-1,7,3,4,-1,7,6,2,-1,5,7,4,-1]
  normalPerVertex TRUE
  normal DEF NORM_307 Normal { vector [
  0.99961796 0.027639325 0,0.99961796 0.027639325 0,
  0.99792046 0.064457341 0,0.99389321 0.11034621 0,
  0.99046361 0.13777459 0,0.99046361 0.13777459 0,
  0.998939 0.046053027 0,0.99389321 0.11034621 0] }
}
}
DEF SHAPE_308 Shape {
 appearance USE APP_2
 geometry DEF FACE_308 IndexedFaceSet {
  coord DEF COORD_308 Coordinate { point [
  1.0283522 -1.3055376 -3.1496063,1.0283522 -1.3055376 -3.2086614,
  1.0412454 -1.2880945 -3.2086614,1.0520462 -1.2692838 -3.2086614,
  1.060611 -1.2493553 -3.2086614,1.060611 -1.2493553 -3.1496063,
  1.0412454 -1.2880945 -3.1496063,1.0520462 -1.2692838 -3.1496063] }
 coordIndex [
  6,0,1,-1,6,1,2,-1,7,2,3,-1,7,6,2,-1,5,3,4,-1,5,7,3,-1]
  normalPerVertex TRUE
  normal DEF NORM_308 Normal { vector [
  0.80416475 -0.59440648 0,0.80416475 -0.59440648 0,
  0.84744836 -0.53087784 0,0.90289991 -0.42985085 0,
  0.91874332 -0.3948553 0,0.91874332 -0.3948553 0,
  0.82640122 -0.56308172 0,0.8856977 -0.46426241 0] }
}
}
DEF SHAPE_309 Shape {
 appearance USE APP_2
 geometry DEF FACE_309 IndexedFaceSet {
  coord DEF COORD_309 Coordinate { point [
  0.81888163 -1.5254886 -3.1496063,0.81888163 -1.5254886 -3.2086614,
  1.0283522 -1.3055376 -3.2086614,1.0283522 -1.3055376 -3.1496063] }
 coordIndex [
  2,0,1,-1,3,0,2,-1]
  normalPerVertex TRUE
  normal DEF NORM_309 Normal { vector [
  0.72414878 -0.68964378 0,0.72414878 -0.68964378 0,
  0.72414878 -0.68964378 0,0.72414878 -0.68964378 0] }
}
}
DEF SHAPE_310 Shape {
 appearance USE APP_2
 geometry DEF FACE_310 IndexedFaceSet {
  coord DEF COORD_310 Coordinate { point [
  0.81888163 -1.5254886 -3.2086614,0.81336061 -1.5319163 -3.2086614,
  0.80924071 -1.5393205 -3.2086614,0.80668931 -1.5474005 -3.2086614,
  0.80668931 -1.5474005 -3.1496063,0.80924071 -1.5393205 -3.1496063,
  0.81336061 -1.5319163 -3.1496063,0.81888163 -1.5254886 -3.1496063] }
 coordIndex [
  6,1,0,-1,6,0,7,-1,5,2,1,-1,5,1,6,-1,4,3,2,-1,4,2,5,-1]
  normalPerVertex TRUE
  normal DEF NORM_310 Normal { vector [
  0.75857971 -0.65158025 0,0.83921347 -0.54380212 0,
  0.93121754 -0.36446385 0,0.95358908 -0.30111106 0,
  0.95358908 -0.30111106 0,0.90451203 -0.42644811 0,
  0.80062043 -0.59917187 0,0.75857971 -0.65158025 0] }
}
}
DEF SHAPE_311 Shape {
 appearance USE APP_2
 geometry DEF FACE_311 IndexedFaceSet {
  coord DEF COORD_311 Coordinate { point [
  0.80668931 -1.5474005 -3.2086614,0.80630367 -1.5546819 -3.2086614,
  0.80777619 -1.5618232 -3.2086614,0.81101069 -1.568358 -3.2086614,
  0.81579592 -1.5738597 -3.2086614,0.82181936 -1.5779688 -3.2086614,
  0.82181936 -1.5779688 -3.1496063,0.81579592 -1.5738597 -3.1496063,
  0.81101069 -1.568358 -3.1496063,0.80777619 -1.5618232 -3.1496063,
  0.80630367 -1.5546819 -3.1496063,0.80668931 -1.5474005 -3.1496063] }
 coordIndex [
  10,1,0,-1,10,0,11,-1,9,2,1,-1,9,1,10,-1,8,3,2,-1,8,2,9,-1,7,4,3,-1,7,3,8,-1,
  6,5,4,-1,6,4,7,-1]
  normalPerVertex TRUE
  normal DEF NORM_311 Normal { vector [
  0.99860044 -0.052888211 0,0.99303003 0.11786159 0,
  0.93072851 0.36571086 0,0.80764043 0.58967528 0,
  0.63180475 0.77512758 0,0.56354274 0.82608691 0,
  0.56354274 0.82608691 0,0.6959322 0.71810749 0,
  0.8552212 0.51826316 0,0.95865506 0.28457068 0,
  0.99947846 0.032292675 0,0.99860044 -0.052888211 0] }
}
}
DEF SHAPE_312 Shape {
 appearance USE APP_2
 geometry DEF FACE_312 IndexedFaceSet {
  coord DEF COORD_312 Coordinate { point [
  0.73289648 -1.5505638 -3.1496063,0.75984932 -1.5672559 -3.1496063,
  0.79014619 -1.576593 -3.1496063,0.82181936 -1.5779688 -3.1496063,
  0.73289648 -1.5505638 -3.2086614,0.75984932 -1.5672559 -3.2086614,
  0.79014619 -1.576593 -3.2086614,0.82181936 -1.5779688 -3.2086614] }
 coordIndex [
  1,0,4,-1,1,4,5,-1,2,5,6,-1,2,1,5,-1,3,6,7,-1,3,2,6,-1]
  normalPerVertex TRUE
  normal DEF NORM_312 Normal { vector [
  -0.52651478 -0.85016597 0,-0.45245974 -0.89178483 0,
  -0.21234832 -0.97719404 0,-0.043393894 -0.99905804 0,
  -0.52651478 -0.85016597 0,-0.37456349 -0.92720127 0,
  -0.1280294 -0.99177037 0,-0.043393894 -0.99905804 0] }
}
}
DEF SHAPE_313 Shape {
 appearance USE APP_2
 geometry DEF FACE_313 IndexedFaceSet {
  coord DEF COORD_313 Coordinate { point [
  0.69382005 -1.4862379 -3.1496063,0.69382005 -1.4862379 -3.2086614,
  0.70188206 -1.5104455 -3.2086614,0.71512898 -1.532252 -3.2086614,
  0.73289648 -1.5505638 -3.2086614,0.73289648 -1.5505638 -3.1496063,
  0.70188206 -1.5104455 -3.1496063,0.71512898 -1.532252 -3.1496063] }
 coordIndex [
  6,0,1,-1,6,1,2,-1,7,2,3,-1,7,3,4,-1,7,6,2,-1,5,7,4,-1]
  normalPerVertex TRUE
  normal DEF NORM_313 Normal { vector [
  -0.94876787 -0.31597393 0,-0.94876787 -0.31597393 0,
  -0.891009 -0.45398565 0,-0.7911519 -0.61161971 0,
  -0.71769204 -0.69636064 0,-0.71769204 -0.69636064 0,
  -0.92255418 -0.38586758 0,-0.7911519 -0.61161971 0] }
}
}
DEF SHAPE_314 Shape {
 appearance USE APP_2
 geometry DEF FACE_314 IndexedFaceSet {
  coord DEF COORD_314 Coordinate { point [
  0.69936601 -1.396078 -3.1496063,0.69936601 -1.396078 -3.2086614,
  0.69170724 -1.4255858 -3.2086614,0.68983554 -1.4560139 -3.2086614,
  0.69382005 -1.4862379 -3.2086614,0.69382005 -1.4862379 -3.1496063,
  0.69170724 -1.4255858 -3.1496063,0.68983554 -1.4560139 -3.1496063] }
 coordIndex [
  6,0,1,-1,6,1,2,-1,7,2,3,-1,7,3,4,-1,7,6,2,-1,5,7,4,-1]
  normalPerVertex TRUE
  normal DEF NORM_314 Normal { vector [
  -0.96792843 0.2512261 0,-0.96792843 0.2512261 0,
  -0.99213304 0.12518798 0,-0.99939382 -0.034813717 0,
  -0.99142176 -0.13070158 0,-0.99142176 -0.13070158 0,
  -0.9820298 0.1887259 0,-0.99939382 -0.034813717 0] }
}
}
DEF SHAPE_315 Shape {
 appearance USE APP_2
 geometry DEF FACE_315 IndexedFaceSet {
  coord DEF COORD_315 Coordinate { point [
  0.71225974 -1.376401 -3.2086614,0.71225974 -1.376401 -3.1496063,
  0.69936601 -1.396078 -3.2086614,0.70306892 -1.3891417 -3.2086614,
  0.70737839 -1.3825651 -3.2086614,0.69936601 -1.396078 -3.1496063,
  0.70306892 -1.3891417 -3.1496063,0.70737839 -1.3825651 -3.1496063] }
 coordIndex [
  7,1,0,-1,7,0,4,-1,6,4,3,-1,6,7,4,-1,5,3,2,-1,5,6,3,-1]
  normalPerVertex TRUE
  normal DEF NORM_315 Normal { vector [
  -0.78395653 0.62081572 0,-0.78395653 0.62081572 0,
  -0.88216485 0.47094074 0,-0.8676938 0.49709905 0,
  -0.81966793 0.57283897 0,-0.88216485 0.47094074 0,
  -0.85243333 0.52283593 0,-0.802163 0.59710512 0] }
}
}
DEF SHAPE_316 Shape {
 appearance USE APP_2
 geometry DEF FACE_316 IndexedFaceSet {
  coord DEF COORD_316 Coordinate { point [
  0.91010276 -1.1596046 -3.1496063,0.91010276 -1.1596046 -3.2086614,
  0.71225974 -1.376401 -3.2086614,0.71225974 -1.376401 -3.1496063] }
 coordIndex [
  3,0,1,-1,3,1,2,-1]
  normalPerVertex TRUE
  normal DEF NORM_316 Normal { vector [
  -0.73865767 0.67408074 0,-0.73865767 0.67408074 0,
  -0.73865767 0.67408074 0,-0.73865767 0.67408074 0] }
}
}
DEF SHAPE_317 Shape {
 appearance USE APP_2
 geometry DEF FACE_317 IndexedFaceSet {
  coord DEF COORD_317 Coordinate { point [
  0.54513499 -1.3795184 -3.2086614,0.54513499 -1.5779688 -3.2086614,
  0.54513499 -1.5779688 -3.1496063,0.54513499 -1.3795184 -3.1496063] }
 coordIndex [
  0,2,1,-1,3,2,0,-1]
  normalPerVertex TRUE
  normal DEF NORM_317 Normal { vector [
  1 0 0,1 0 0,
  1 0 0,1 0 0] }
}
}
DEF SHAPE_318 Shape {
 appearance USE APP_2
 geometry DEF FACE_318 IndexedFaceSet {
  coord DEF COORD_318 Coordinate { point [
  0.54513499 -1.5779688 -3.2086614,0.35638811 -1.5779688 -3.2086614,
  0.35638811 -1.5779688 -3.1496063,0.54513499 -1.5779688 -3.1496063] }
 coordIndex [
  0,2,1,-1,3,2,0,-1]
  normalPerVertex TRUE
  normal DEF NORM_318 Normal { vector [
  0 -1 0,0 -1 0,
  0 -1 0,0 -1 0] }
}
}
DEF SHAPE_319 Shape {
 appearance USE APP_2
 geometry DEF FACE_319 IndexedFaceSet {
  coord DEF COORD_319 Coordinate { point [
  0.35638811 -1.5779688 -3.2086614,0.54513499 -1.3795184 -3.2086614,
  0.54513499 -1.3795184 -3.1496063,0.35638811 -1.5779688 -3.1496063] }
 coordIndex [
  1,0,3,-1,2,1,3,-1]
  normalPerVertex TRUE
  normal DEF NORM_319 Normal { vector [
  -0.72459991 0.68916977 0,-0.72459991 0.68916977 0,
  -0.72459991 0.68916977 0,-0.72459991 0.68916977 0] }
}
}
DEF SHAPE_320 Shape {
 appearance USE APP_2
 geometry DEF FACE_320 IndexedFaceSet {
  coord DEF COORD_320 Coordinate { point [
  0.21470593 -1.1071362 -3.2086614,0.40778372 -1.1071362 -3.2086614,
  0.40778372 -1.1071362 -3.1496063,0.21470593 -1.1071362 -3.1496063] }
 coordIndex [
  1,3,2,-1,1,0,3,-1]
  normalPerVertex TRUE
  normal DEF NORM_320 Normal { vector [
  0 1 0,0 1 0,
  0 1 0,0 1 0] }
}
}
DEF SHAPE_321 Shape {
 appearance USE APP_2
 geometry DEF FACE_321 IndexedFaceSet {
  coord DEF COORD_321 Coordinate { point [
  0.40778372 -1.1071362 -3.2086614,0.21470593 -1.3145743 -3.2086614,
  0.21470593 -1.3145743 -3.1496063,0.40778372 -1.1071362 -3.1496063] }
 coordIndex [
  1,0,3,-1,2,1,3,-1]
  normalPerVertex TRUE
  normal DEF NORM_321 Normal { vector [
  0.73198932 -0.6813161 0,0.73198932 -0.6813161 0,
  0.73198932 -0.6813161 0,0.73198932 -0.6813161 0] }
}
}
DEF SHAPE_322 Shape {
 appearance USE APP_2
 geometry DEF FACE_322 IndexedFaceSet {
  coord DEF COORD_322 Coordinate { point [
  0.21470593 -1.3145743 -3.2086614,0.21470593 -1.1071362 -3.2086614,
  0.21470593 -1.1071362 -3.1496063,0.21470593 -1.3145743 -3.1496063] }
 coordIndex [
  1,3,2,-1,1,0,3,-1]
  normalPerVertex TRUE
  normal DEF NORM_322 Normal { vector [
  -1 0 0,-1 0 0,
  -1 0 0,-1 0 0] }
}
}
DEF SHAPE_323 Shape {
 appearance USE APP_2
 geometry DEF FACE_323 IndexedFaceSet {
  coord DEF COORD_323 Coordinate { point [
  -0.1922213 -1.1071362 -3.2086614,-0.15640959 -1.1071362 -3.2086614,
  -0.15640959 -1.1071362 -3.1496063,-0.1922213 -1.1071362 -3.1496063] }
 coordIndex [
  1,3,2,-1,1,0,3,-1]
  normalPerVertex TRUE
  normal DEF NORM_323 Normal { vector [
  0 1 0,0 1 0,
  0 1 0,0 1 0] }
}
}
DEF SHAPE_324 Shape {
 appearance USE APP_2
 geometry DEF FACE_324 IndexedFaceSet {
  coord DEF COORD_324 Coordinate { point [
  -0.15640959 -1.1071362 -3.2086614,-0.15640959 -1.3709902 -3.2086614,
  -0.15640959 -1.3709902 -3.1496063,-0.15640959 -1.1071362 -3.1496063] }
 coordIndex [
  0,2,1,-1,3,2,0,-1]
  normalPerVertex TRUE
  normal DEF NORM_324 Normal { vector [
  1 0 0,1 0 0,
  1 0 0,1 0 0] }
}
}
DEF SHAPE_325 Shape {
 appearance USE APP_2
 geometry DEF FACE_325 IndexedFaceSet {
  coord DEF COORD_325 Coordinate { point [
  -0.15640959 -1.3709902 -3.2086614,-0.15640959 -1.3709902 -3.1496063,
  -0.16834619 -1.3712028 -3.1496063,-0.18028469 -1.3712028 -3.1496063,
  -0.1922213 -1.3709902 -3.1496063,-0.1922213 -1.3709902 -3.2086614,
  -0.16834619 -1.3712028 -3.2086614,-0.18028469 -1.3712028 -3.2086614] }
 coordIndex [
  3,4,5,-1,3,5,7,-1,2,7,6,-1,2,3,7,-1,1,6,0,-1,1,2,6,-1]
  normalPerVertex TRUE
  normal DEF NORM_325 Normal { vector [
  0.017805261 -0.99984147 0,0.017805261 -0.99984147 0,
  0.0059352961 -0.99998239 0,-0.011870592 -0.99992954 0,
  -0.017805261 -0.99984147 0,-0.017805261 -0.99984147 0,
  0.011870592 -0.99992954 0,-0.0059352961 -0.99998239 0] }
}
}
DEF SHAPE_326 Shape {
 appearance USE APP_2
 geometry DEF FACE_326 IndexedFaceSet {
  coord DEF COORD_326 Coordinate { point [
  -0.26907896 -1.3569361 -3.1496063,-0.26907896 -1.3569361 -3.2086614,
  -0.24404545 -1.3645143 -3.2086614,-0.21831666 -1.369219 -3.2086614,
  -0.1922213 -1.3709902 -3.2086614,-0.1922213 -1.3709902 -3.1496063,
  -0.24404545 -1.3645143 -3.1496063,-0.21831666 -1.369219 -3.1496063] }
 coordIndex [
  6,0,1,-1,6,1,2,-1,7,2,3,-1,7,3,4,-1,7,6,2,-1,5,7,4,-1]
  normalPerVertex TRUE
  normal DEF NORM_326 Normal { vector [
  -0.28973676 -0.95710637 0,-0.28973676 -0.95710637 0,
  -0.21680444 -0.97621506 0,-0.12399521 -0.99228282 0,
  -0.067717754 -0.99770452 0,-0.067717754 -0.99770452 0,
  -0.25347668 -0.9673415 0,-0.12399521 -0.99228282 0] }
}
}
DEF SHAPE_327 Shape {
 appearance USE APP_2
 geometry DEF FACE_327 IndexedFaceSet {
  coord DEF COORD_327 Coordinate { point [
  -0.3168933 -1.3239494 -3.1496063,-0.3168933 -1.3239494 -3.2086614,
  -0.30237373 -1.3369122 -3.2086614,-0.28635241 -1.3479651 -3.2086614,
  -0.26907896 -1.3569361 -3.2086614,-0.26907896 -1.3569361 -3.1496063,
  -0.30237373 -1.3369122 -3.1496063,-0.28635241 -1.3479651 -3.1496063] }
 coordIndex [
  6,0,1,-1,6,1,2,-1,7,2,3,-1,7,3,4,-1,7,6,2,-1,5,7,4,-1]
  normalPerVertex TRUE
  normal DEF NORM_327 Normal { vector [
  -0.6659825 -0.74596737 0,-0.6659825 -0.74596737 0,
  -0.6016125 -0.79878809 0,-0.51538566 -0.85695836 0,
  -0.46089797 -0.88745313 0,-0.46089797 -0.88745313 0,
  -0.63437545 -0.77302509 0,-0.51538566 -0.85695836 0] }
}
}
DEF SHAPE_328 Shape {
 appearance USE APP_2
 geometry DEF FACE_328 IndexedFaceSet {
  coord DEF COORD_328 Coordinate { point [
  -0.3168933 -1.154177 -3.2086614,-0.3168933 -1.154177 -3.1496063,
  -0.33491836 -1.185748 -3.2086614,-0.34424282 -1.2208861 -3.2086614,
  -0.34424282 -1.2572403 -3.2086614,-0.33491836 -1.2923784 -3.2086614,
  -0.3168933 -1.3239494 -3.2086614,-0.3168933 -1.3239494 -3.1496063,
  -0.33491836 -1.185748 -3.1496063,-0.34424282 -1.2208861 -3.1496063,
  -0.34424282 -1.2572403 -3.1496063,-0.33491836 -1.2923784 -3.1496063] }
 coordIndex [
  8,1,0,-1,8,0,2,-1,9,2,3,-1,9,8,2,-1,10,3,4,-1,10,9,3,-1,11,4,5,-1,11,10,4,-1,
  7,5,6,-1,7,11,5,-1]
  normalPerVertex TRUE
  normal DEF NORM_328 Normal { vector [
  -0.86842693 0.49581718 0,-0.86842693 0.49581718 0,
  -0.94086095 0.33879297 0,-0.99628313 0.08613904 0,
  -0.98504836 -0.17227808 0,-0.90790831 -0.41916882 0,
  -0.86842693 -0.49581718 0,-0.86842693 -0.49581718 0,
  -0.90790831 0.41916882 0,-0.98504836 0.17227808 0,
  -0.99628313 -0.08613904 0,-0.94086095 -0.33879297 0] }
}
}
DEF SHAPE_329 Shape {
 appearance USE APP_2
 geometry DEF FACE_329 IndexedFaceSet {
  coord DEF COORD_329 Coordinate { point [
  -0.26907896 -1.1211903 -3.1496063,-0.26907896 -1.1211903 -3.2086614,
  -0.28635241 -1.1301613 -3.2086614,-0.30237373 -1.1412142 -3.2086614,
  -0.3168933 -1.154177 -3.2086614,-0.3168933 -1.154177 -3.1496063,
  -0.28635241 -1.1301613 -3.1496063,-0.30237373 -1.1412142 -3.1496063] }
 coordIndex [
  6,0,1,-1,6,1,2,-1,7,2,3,-1,7,6,2,-1,5,3,4,-1,5,7,3,-1]
  normalPerVertex TRUE
  normal DEF NORM_329 Normal { vector [
  -0.46089797 0.88745313 0,-0.46089797 0.88745313 0,
  -0.53313234 0.84603186 0,-0.63437545 0.77302509 0,
  -0.6659825 0.74596737 0,-0.6659825 0.74596737 0,
  -0.49741513 0.86751264 0,-0.6016125 0.79878809 0] }
}
}
DEF SHAPE_330 Shape {
 appearance USE APP_2
 geometry DEF FACE_330 IndexedFaceSet {
  coord DEF COORD_330 Coordinate { point [
  -0.1922213 -1.1071362 -3.1496063,-0.1922213 -1.1071362 -3.2086614,
  -0.21831666 -1.1089074 -3.2086614,-0.24404545 -1.1136122 -3.2086614,
  -0.26907896 -1.1211903 -3.2086614,-0.26907896 -1.1211903 -3.1496063,
  -0.21831666 -1.1089074 -3.1496063,-0.24404545 -1.1136122 -3.1496063] }
 coordIndex [
  6,0,1,-1,6,1,2,-1,7,2,3,-1,7,3,4,-1,7,6,2,-1,5,7,4,-1]
  normalPerVertex TRUE
  normal DEF NORM_330 Normal { vector [
  -0.067717754 0.99770452 0,-0.067717754 0.99770452 0,
  -0.14269282 0.98976702 0,-0.23518242 0.97195125 0,
  -0.28973676 0.95710637 0,-0.28973676 0.95710637 0,
  -0.10525346 0.99444543 0,-0.23518242 0.97195125 0] }
}
}
DEF SHAPE_331 Shape {
 appearance USE APP_2
 geometry DEF FACE_331 IndexedFaceSet {
  coord DEF COORD_331 Coordinate { point [
  -0.65108431 -1.5779688 -3.2086614,-0.65108431 -1.1071362 -3.2086614,
  -0.65108431 -1.1071362 -3.1496063,-0.65108431 -1.5779688 -3.1496063] }
 coordIndex [
  1,3,2,-1,1,0,3,-1]
  normalPerVertex TRUE
  normal DEF NORM_331 Normal { vector [
  -1 0 0,-1 0 0,
  -1 0 0,-1 0 0] }
}
}
DEF SHAPE_332 Shape {
 appearance USE APP_2
 geometry DEF FACE_332 IndexedFaceSet {
  coord DEF COORD_332 Coordinate { point [
  -0.65108431 -1.1071362 -3.2086614,-0.46873222 -1.1071362 -3.2086614,
  -0.46873222 -1.1071362 -3.1496063,-0.65108431 -1.1071362 -3.1496063] }
 coordIndex [
  1,3,2,-1,1,0,3,-1]
  normalPerVertex TRUE
  normal DEF NORM_332 Normal { vector [
  0 1 0,0 1 0,
  0 1 0,0 1 0] }
}
}
DEF SHAPE_333 Shape {
 appearance USE APP_2
 geometry DEF FACE_333 IndexedFaceSet {
  coord DEF COORD_333 Coordinate { point [
  -0.46873222 -1.1071362 -3.2086614,-0.46873222 -1.427801 -3.2086614,
  -0.46873222 -1.427801 -3.1496063,-0.46873222 -1.1071362 -3.1496063] }
 coordIndex [
  3,1,0,-1,3,2,1,-1]
  normalPerVertex TRUE
  normal DEF NORM_333 Normal { vector [
  1 0 0,1 0 0,
  1 0 0,1 0 0] }
}
}
DEF SHAPE_334 Shape {
 appearance USE APP_2
 geometry DEF FACE_334 IndexedFaceSet {
  coord DEF COORD_334 Coordinate { point [
  -0.47304323 -1.4726024 -3.1496063,-0.47304323 -1.4726024 -3.2086614,
  -0.47117223 -1.4577125 -3.2086614,-0.46973482 -1.4427745 -3.2086614,
  -0.46873222 -1.427801 -3.2086614,-0.46873222 -1.427801 -3.1496063,
  -0.47117223 -1.4577125 -3.1496063,-0.46973482 -1.4427745 -3.1496063] }
 coordIndex [
  6,0,1,-1,6,1,2,-1,7,2,3,-1,7,6,2,-1,5,3,4,-1,5,7,3,-1]
  normalPerVertex TRUE
  normal DEF NORM_334 Normal { vector [
  0.99219762 -0.12467512 0,0.99219762 -0.12467512 0,
  0.99442745 -0.10542322 0,0.99707159 -0.076473835 0,
  0.9977658 -0.066808772 0,0.9977658 -0.066808772 0,
  0.99335912 -0.11505503 0,0.99628368 -0.086132624 0] }
}
}
DEF SHAPE_335 Shape {
 appearance USE APP_2
 geometry DEF FACE_335 IndexedFaceSet {
  coord DEF COORD_335 Coordinate { point [
  -0.48112373 -1.5069677 -3.1496063,-0.48112373 -1.5069677 -3.2086614,
  -0.47768618 -1.4956961 -3.2086614,-0.47498887 -1.4842248 -3.2086614,
  -0.47304323 -1.4726024 -3.2086614,-0.47304323 -1.4726024 -3.1496063,
  -0.47768618 -1.4956961 -3.1496063,-0.47498887 -1.4842248 -3.1496063] }
 coordIndex [
  6,0,1,-1,6,1,2,-1,7,2,3,-1,7,3,4,-1,7,6,2,-1,5,7,4,-1]
  normalPerVertex TRUE
  normal DEF NORM_335 Normal { vector [
  0.95650672 -0.2917103 0,0.95650672 -0.2917103 0,
  0.96825877 -0.24994989 0,0.98038245 -0.19710466 0,
  0.9862756 -0.16510737 0,0.9862756 -0.16510737 0,
  0.96260785 -0.27089874 0,0.98038245 -0.19710466 0] }
}
}
DEF SHAPE_336 Shape {
 appearance USE APP_2
 geometry DEF FACE_336 IndexedFaceSet {
  coord DEF COORD_336 Coordinate { point [
  -0.52222456 -1.5590445 -3.2086614,-0.52222456 -1.5590445 -3.1496063,
  -0.50410228 -1.5455005 -3.2086614,-0.49008592 -1.5277411 -3.2086614,
  -0.48112373 -1.5069677 -3.2086614,-0.48112373 -1.5069677 -3.1496063,
  -0.50410228 -1.5455005 -3.1496063,-0.49008592 -1.5277411 -3.1496063] }
 coordIndex [
  1,0,2,-1,6,2,3,-1,6,1,2,-1,7,6,3,-1,5,3,4,-1,5,7,3,-1]
  normalPerVertex TRUE
  normal DEF NORM_336 Normal { vector [
  0.59864854 -0.80101182 0,0.59864854 -0.80101182 0,
  0.66578068 -0.7461475 0,0.85887793 -0.51218034 0,
  0.91819341 -0.39613239 0,0.91819341 -0.39613239 0,
  0.72836138 -0.68519319 0,0.85887793 -0.51218034 0] }
}
}
DEF SHAPE_337 Shape {
 appearance USE APP_2
 geometry DEF FACE_337 IndexedFaceSet {
  coord DEF COORD_337 Coordinate { point [
  -0.61188354 -1.5779689 -3.2086614,-0.58121584 -1.5758391 -3.2086614,
  -0.551137 -1.5694903 -3.2086614,-0.52222456 -1.5590445 -3.2086614,
  -0.52222456 -1.5590445 -3.1496063,-0.61188309 -1.5779688 -3.1496063,
  -0.58121555 -1.575839 -3.1496063,-0.55113685 -1.5694902 -3.1496063] }
 coordIndex [
  5,0,1,-1,6,1,2,-1,6,5,1,-1,7,2,3,-1,7,6,2,-1,4,7,3,-1]
  normalPerVertex TRUE
  normal DEF NORM_337 Normal { vector [
  0.069282749 -0.99759706 6.9728209e-07,0.11527492 -0.99333363 2.3292801e-07,
  0.25148288 -0.96786175 -1.1656228e-07,0.33979412 -0.94049984 -8.723507e-08,
  0.33979428 -0.94049979 0,0.069282415 -0.99759709 5.2311541e-07,
  0.16111928 -0.98693494 5.8283469e-08,0.29600236 -0.95518721 0] }
}
}
DEF SHAPE_338 Shape {
 appearance USE APP_2
 geometry DEF FACE_338 IndexedFaceSet {
  coord DEF COORD_338 Coordinate { point [
  -0.61188354 -1.5779689 -3.2086614,-0.65108431 -1.5779688 -3.2086614,
  -0.65108431 -1.5779688 -3.1496063,-0.61188309 -1.5779688 -3.1496063] }
 coordIndex [
  3,1,0,-1,2,1,3,-1]
  normalPerVertex TRUE
  normal DEF NORM_338 Normal { vector [
  -3.9102064e-06 -1 1.2236516e-06,-2.9605788e-06 -1 5.9328184e-07,
  -2.0109619e-06 -1 -3.7080774e-08,-2.9605788e-06 -1 5.9328184e-07] }
}
}
DEF SHAPE_339 Shape {
 appearance USE APP_2
 geometry DEF FACE_339 IndexedFaceSet {
  coord DEF COORD_339 Coordinate { point [
  -1.1139508 -1.1071362 -3.2086614,-0.93407015 -1.1071362 -3.2086614,
  -0.93407015 -1.1071362 -3.1496063,-1.1139508 -1.1071362 -3.1496063] }
 coordIndex [
  1,3,2,-1,1,0,3,-1]
  normalPerVertex TRUE
  normal DEF NORM_339 Normal { vector [
  0 1 0,0 1 0,
  0 1 0,0 1 0] }
}
}
DEF SHAPE_340 Shape {
 appearance USE APP_2
 geometry DEF FACE_340 IndexedFaceSet {
  coord DEF COORD_340 Coordinate { point [
  -0.93407015 -1.1071362 -3.2086614,-0.93407015 -1.5779688 -3.2086614,
  -0.93407015 -1.5779688 -3.1496063,-0.93407015 -1.1071362 -3.1496063] }
 coordIndex [
  3,1,0,-1,3,2,1,-1]
  normalPerVertex TRUE
  normal DEF NORM_340 Normal { vector [
  1 0 0,1 0 0,
  1 0 0,1 0 0] }
}
}
DEF SHAPE_341 Shape {
 appearance USE APP_2
 geometry DEF FACE_341 IndexedFaceSet {
  coord DEF COORD_341 Coordinate { point [
  -0.93407015 -1.5779688 -3.2086614,-1.1139508 -1.5779688 -3.2086614,
  -1.1139508 -1.5779688 -3.1496063,-0.93407015 -1.5779688 -3.1496063] }
 coordIndex [
  3,1,0,-1,3,2,1,-1]
  normalPerVertex TRUE
  normal DEF NORM_341 Normal { vector [
  0 -1 0,0 -1 0,
  0 -1 0,0 -1 0] }
}
}
DEF SHAPE_342 Shape {
 appearance USE APP_2
 geometry DEF FACE_342 IndexedFaceSet {
  coord DEF COORD_342 Coordinate { point [
  -1.1139508 -1.5779688 -3.2086614,-1.1139508 -1.1071362 -3.2086614,
  -1.1139508 -1.1071362 -3.1496063,-1.1139508 -1.5779688 -3.1496063] }
 coordIndex [
  1,3,2,-1,1,0,3,-1]
  normalPerVertex TRUE
  normal DEF NORM_342 Normal { vector [
  -1 0 0,-1 0 0,
  -1 0 0,-1 0 0] }
}
}
DEF SHAPE_343 Shape {
 appearance USE APP_2
 geometry DEF FACE_343 IndexedFaceSet {
  coord DEF COORD_343 Coordinate { point [
  2.7559055 -1.1220472 -1.5944882,2.7559055 -1.1614173 -1.5944882,
  2.5590551 -1.1614173 -1.5944882,2.5590551 -1.1220472 -1.5944882] }
 coordIndex [
  3,1,0,-1,3,2,1,-1]
  normalPerVertex TRUE
  normal DEF NORM_343 Normal { vector [
  0 0 1,0 0 1,
  0 0 1,0 0 1] }
}
}
DEF SHAPE_344 Shape {
 appearance USE APP_2
 geometry DEF FACE_344 IndexedFaceSet {
  coord DEF COORD_344 Coordinate { point [
  2.5590551 -1.7519685 -1.5944882,2.5590551 -1.7125984 -1.5944882,
  2.7559055 -1.7125984 -1.5944882,2.7559055 -1.7519685 -1.5944882] }
 coordIndex [
  1,3,2,-1,1,0,3,-1]
  normalPerVertex TRUE
  normal DEF NORM_344 Normal { vector [
  0 0 1,0 0 1,
  0 0 1,0 0 1] }
}
}
DEF SHAPE_345 Shape {
 appearance USE APP_2
 geometry DEF FACE_345 IndexedFaceSet {
  coord DEF COORD_345 Coordinate { point [
  -2.5590551 -1.1220472 -1.5944882,-2.5590551 -1.1614173 -1.5944882,
  -2.7559055 -1.1614173 -1.5944882,-2.7559055 -1.1220472 -1.5944882] }
 coordIndex [
  3,1,0,-1,3,2,1,-1]
  normalPerVertex TRUE
  normal DEF NORM_345 Normal { vector [
  0 0 1,0 0 1,
  0 0 1,0 0 1] }
}
}
DEF SHAPE_346 Shape {
 appearance USE APP_2
 geometry DEF FACE_346 IndexedFaceSet {
  coord DEF COORD_346 Coordinate { point [
  -2.7559055 -1.7519685 -1.5944882,-2.7559055 -1.7125984 -1.5944882,
  -2.5590551 -1.7125984 -1.5944882,-2.5590551 -1.7519685 -1.5944882] }
 coordIndex [
  1,3,2,-1,1,0,3,-1]
  normalPerVertex TRUE
  normal DEF NORM_346 Normal { vector [
  0 0 1,0 0 1,
  0 0 1,0 0 1] }
}
}
DEF SHAPE_347 Shape {
 appearance USE APP_2
 geometry DEF FACE_347 IndexedFaceSet {
  coord DEF COORD_347 Coordinate { point [
  -0.11811024 1.4173228 -1.9187623,-2.0096335 1.4173228 -1.9187623,
  -2.020051 1.4173228 -1.9181238,-2.0299625 1.4173228 -1.9145972,
  -2.038405 1.4173228 -1.9086161,-2.0468211 1.4173228 -1.8988883,
  -2.0538157 1.4173228 -1.8866945,-2.0630188 1.4173228 -1.8611657,
  -2.0698281 1.4173228 -1.8280699,-2.0756855 1.4173228 -1.7687478,
  -2.0756855 1.4173228 -0.6496063,-1.4173228 1.4173228 -0.6496063,
  -0.11811024 1.4173228 -0.6496063,-1.5748031 1.4173228 -1.3203371,
  -1.5748031 1.4173228 -1.5171875,-1.2598425 1.4173228 -1.5171875,
  -1.2598425 1.4173228 -1.3203371] }
 coordIndex [
  1,3,2,-1,1,4,3,-1,1,5,4,-1,1,6,5,-1,7,6,1,-1,8,7,1,-1,9,8,1,-1,14,9,1,-1,
  13,9,14,-1,15,14,1,-1,10,9,13,-1,11,13,16,-1,11,10,13,-1,0,16,15,-1,0,15,1,-1,12,16,0,-1,
  12,11,16,-1]
  normalPerVertex TRUE
  normal DEF NORM_347 Normal { vector [
  0 -1 0,0 -1 0,
  -3.23837e-08 -1 -4.7594251e-08,-3.0537165e-08 -1 -3.8581754e-08,
  -2.6466463e-08 -1 -2.5709737e-08,-2.1572111e-08 -1 -1.5085352e-08,
  -1.6520734e-08 -1 0,-1.3340164e-08 -1 0,
  -4.2957978e-08 -1 -2.2972661e-08,0 -1 0,
  0 -1 0,0 -1 0,
  0 -1 0,0 -1 0,
  0 -1 0,0 -1 0,
  0 -1 0] }
}
}
DEF SHAPE_348 Shape {
 appearance USE APP_2
 geometry DEF FACE_348 IndexedFaceSet {
  coord DEF COORD_348 Coordinate { point [
  -2.1685112 1.2992126 -0.6496063,-2.2898329 1.1023622 -0.6496063,
  -2.0756855 1.4173228 -0.6496063,-2.2137711 1.2322243 -0.66199964,
  -2.3303339 1.022557 -0.66952829,-2.4338419 0.79728255 -0.67122945,
  -2.4383901 0.79301752 -0.42623958,-2.2909977 1.1023622 -0.42385532] }
 coordIndex [
  6,5,4,-1,3,1,4,-1,7,6,4,-1,7,4,1,-1,2,0,3,-1,1,3,0,-1]
  normalPerVertex TRUE
  normal DEF NORM_348 Normal { vector [
  0.82680686 -0.56216083 0.019120912,0.88432048 -0.46685906 0.004461535,
  0.71192496 -0.55951879 0.42438376,0.84378472 -0.52697163 0.101628,
  0.90283948 -0.42993019 0.0063951103,0.908602 -0.41755273 0.0095986478,
  0.9052608 -0.42485453 0.0012255141,0.9005897 -0.43465983 -0.0030026146] }
}
}
DEF SHAPE_349 Shape {
 appearance USE APP_2
 geometry DEF FACE_349 IndexedFaceSet {
  coord DEF COORD_349 Coordinate { point [
  -2.2909977 1.1023622 -0.41338583,-2.2898329 1.1023622 -0.41338583,
  -2.2898329 1.1023622 -0.6496063,-2.2909977 1.1023622 -0.42385532] }
 coordIndex [
  0,3,1,-1,1,3,2,-1]
  normalPerVertex TRUE
  normal DEF NORM_349 Normal { vector [
  0 0 1,6.8236113e-06 -1 3.3746034e-08,
  7.1270487e-06 -1 0,6.8236113e-06 -1 3.3746034e-08] }
}
}
DEF SHAPE_350 Shape {
 appearance USE APP_2
 geometry DEF FACE_350 IndexedFaceSet {
  coord DEF COORD_350 Coordinate { point [
  -2.4383901 0.79301749 -0.41338583,-2.4383901 0.79301752 -0.42623958,
  -2.2909977 1.1023622 -0.41338583,-2.2909977 1.1023622 -0.42385532] }
 coordIndex [
  0,3,2,-1,0,1,3,-1]
  normalPerVertex TRUE
  normal DEF NORM_350 Normal { vector [
  0.90276375 -0.43013673 -5.9391781e-07,0.90276375 -0.43013674 -9.6663164e-07,
  0.90276376 -0.43013672 -1.3632444e-07,0.90276375 -0.43013673 -5.9391781e-07] }
}
}
DEF SHAPE_351 Shape {
 appearance USE APP_2
 geometry DEF FACE_351 IndexedFaceSet {
  coord DEF COORD_351 Coordinate { point [
  -2.4383901 0.79301749 -0.41338583,-2.4383901 0.79301752 -0.42623958,
  -2.5590551 0.27559055 -0.4133854] }
 coordIndex [
  2,1,0,-1]
  normalPerVertex TRUE
  normal DEF NORM_351 Normal { vector [
  0.97386948 -0.22710841 -6.2770617e-07,0.97386948 -0.22710841 -6.2770617e-07,
  0.97386948 -0.22710841 -6.2770617e-07] }
}
}
DEF SHAPE_352 Shape {
 appearance USE APP_2
 geometry DEF FACE_352 IndexedFaceSet {
  coord DEF COORD_352 Coordinate { point [
  -2.5590551 0.27559055 -0.4133854,-2.5590551 -0.37401575 -0.41338583,
  -2.5590551 -0.76771654 -0.80708661,-2.5590551 -0.75784563 -0.71947995,
  -2.5590551 -0.7287279 -0.63626624,-2.5590551 -0.68182342 -0.56161819,
  -2.5590551 -0.61948417 -0.49927894,-2.5590551 -0.54483612 -0.45237446,
  -2.5590551 -0.46162241 -0.42325673,-2.5590551 -0.76771654 -2.3425197,
  -2.5590551 0.27559048 -2.3425197,-2.5590551 0.2755905 -0.64960629] }
 coordIndex [
  4,6,5,-1,1,7,6,-1,1,8,7,-1,1,6,4,-1,2,4,3,-1,2,1,4,-1,11,0,1,-1,11,1,2,-1,
  10,2,9,-1,10,11,2,-1]
  normalPerVertex TRUE
  normal DEF NORM_352 Normal { vector [
  1 0 -1.0374992e-08,1 0 0,
  1 0 0,1 0 0,
  1 0 0,1 0 0,
  1 0 0,1 0 0,
  1 0 0,1 0 0,
  1 0 0,1 0 0] }
}
}
DEF SHAPE_353 Shape {
 appearance USE APP_2
 geometry DEF FACE_353 IndexedFaceSet {
  coord DEF COORD_353 Coordinate { point [
  -2.7952756 -0.76771654 -0.80708661,-2.5590551 -0.76771654 -0.80708661,
  -2.5590551 -0.75784563 -0.71947995,-2.5590551 -0.7287279 -0.63626624,
  -2.5590551 -0.68182342 -0.56161819,-2.5590551 -0.61948417 -0.49927894,
  -2.5590551 -0.54483612 -0.45237446,-2.5590551 -0.46162241 -0.42325673,
  -2.5590551 -0.37401575 -0.41338583,-2.7952756 -0.37401575 -0.41338583,
  -2.7952756 -0.47591301 -0.42680086,-2.7952756 -0.57086614 -0.46613173,
  -2.7952756 -0.65240424 -0.52869812,-2.7952756 -0.71497063 -0.61023622,
  -2.7952756 -0.75430151 -0.70518935] }
 coordIndex [
  7,8,9,-1,7,9,10,-1,6,10,11,-1,6,7,10,-1,5,11,12,-1,5,6,11,-1,4,12,13,-1,4,5,12,-1,
  3,13,14,-1,3,4,13,-1,2,14,0,-1,2,3,14,-1,1,2,0,-1]
  normalPerVertex TRUE
  normal DEF NORM_353 Normal { vector [
  -0.0037565807 -0.99252788 0.12196019,0 -0.99371221 0.11196448,
  -0.00073534285 -0.98203424 0.18870138,0.00049737193 -0.90977271 0.41510646,
  0.0011135572 -0.78612281 0.61806933,0.0011135572 -0.61806933 0.78612281,
  0.00049737193 -0.41510646 0.90977271,-0.00073534285 -0.18870138 0.98203424,
  0 -0.11196448 0.99371221,-0.0037565807 -0.12196019 0.99252788,
  -0.0047986345 -0.28055981 0.95982455,-0.0062014638 -0.50973798 0.86030735,
  -0.0066690084 -0.70709106 0.70709106,-0.0062014638 -0.86030735 0.50973798,
  -0.0047986345 -0.95982455 0.28055981] }
}
}
DEF SHAPE_354 Shape {
 appearance USE APP_2
 geometry DEF FACE_354 IndexedFaceSet {
  coord DEF COORD_354 Coordinate { point [
  -2.7952756 -0.37401575 -0.41338583,-2.7952756 0.039370079 -0.41338583,
  -2.7952756 -0.47591301 -0.42680086,-2.7952756 -0.57086614 -0.46613173,
  -2.7952756 -0.65240424 -0.52869812,-2.7952756 -0.71497063 -0.61023622,
  -2.7952756 -0.75430151 -0.70518935,-2.7952756 -0.76771654 -0.80708661,
  -2.7952756 -0.76771654 -2.3425197,-2.7952756 0.039370079 -2.3425197] }
 coordIndex [
  6,5,4,-1,7,4,3,-1,7,6,4,-1,0,3,2,-1,0,7,3,-1,1,7,0,-1,9,8,7,-1,9,7,1,-1]
  normalPerVertex TRUE
  normal DEF NORM_354 Normal { vector [
  -1 0 0,-1 0 0,
  -1 0 0,-1 0 0,
  -1 0 0,-1 0 0,
  -1 0 0,-1 0 0,
  -1 0 0,-1 0 0] }
}
}
DEF SHAPE_355 Shape {
 appearance USE APP_2
 geometry DEF FACE_355 IndexedFaceSet {
  coord DEF COORD_355 Coordinate { point [
  -3.0511811 0.27559055 -2.7952756,-3.0511811 0.039370079 -2.7952756,
  -3.0511811 0.039370079 -0.41338583,-3.0511811 0.27559055 -0.41338583] }
 coordIndex [
  3,0,1,-1,3,1,2,-1]
  normalPerVertex TRUE
  normal DEF NORM_355 Normal { vector [
  -1 0 0,-1 0 0,
  -1 0 0,-1 0 0] }
}
}
DEF SHAPE_356 Shape {
 appearance USE APP_2
 geometry DEF FACE_356 IndexedFaceSet {
  coord DEF COORD_356 Coordinate { point [
  -2.9724307 0.27560424 -2.7190699,-2.9698531 0.2887104 -2.7208553,
  -2.9646799 0.31391032 -2.7187872,-2.8644016 0.66597918 -2.651587,
  -2.7241265 0.97885817 -2.5166599,-2.5599562 1.2414208 -2.3260902,
  -2.4680797 1.3612021 -2.1984896,-2.3832823 1.4596878 -2.0576415,
  -2.3832828 1.4596871 -0.41338583,-2.5171287 1.2992126 -0.41338583,
  -2.6528572 1.1023622 -0.41338583,-2.9724409 0.27559055 -0.41338583,
  -2.8657094 0.66242495 -0.41338583,-2.7703164 0.88844993 -0.41338583] }
 coordIndex [
  3,2,1,-1,11,1,0,-1,11,4,3,-1,11,3,1,-1,12,5,4,-1,12,6,5,-1,12,7,6,-1,12,4,11,-1,
  13,7,12,-1,10,7,13,-1,9,7,10,-1,8,7,9,-1]
  normalPerVertex TRUE
  normal DEF NORM_356 Normal { vector [
  -0.98120437 0.19297146 -3.2305943e-06,-0.9638309 0.26651187 0.001188228,
  -0.80179013 0.11649237 0.58614172,-0.94318098 0.33203254 0.012807754,
  -0.92043828 0.39083836 0.0062248943,-0.84146905 0.5395366 0.028811342,
  -0.80612331 0.58952781 0.051207085,-0.8454832 0.53370913 -0.017684052,
  -0.76794554 0.64051514 4.0785847e-08,-0.79828628 0.60224622 -0.006204718,
  -0.8510008 0.52454354 -0.025528656,-0.95100046 0.30918942 0.00014251476,
  -0.89619671 0.44365587 -0.00095928551,-0.89852856 0.43472966 -0.060469359] }
}
}
DEF SHAPE_357 Shape {
 appearance USE APP_3
 geometry DEF FACE_357 IndexedFaceSet {
  coord DEF COORD_357 Coordinate { point [
  -0.99111472 0.92575152 1.2997672,-0.92519678 0.92575152 1.1855939,
  -1.0056374 0.81544076 1.2997672,-1.0482158 0.7126475 1.2997672,
  -1.1159482 0.62437693 1.2997672,-1.2042187 0.55664453 1.2997672,
  -1.307012 0.51406617 1.2997672,-1.4173228 0.49954348 1.2997672,
  -1.5276335 0.51406617 1.2997672,-1.6304268 0.55664453 1.2997672,
  -1.7186974 0.62437693 1.2997672,-1.7864298 0.7126475 1.2997672,
  -1.8290081 0.81544076 1.2997672,-1.8435308 0.92575152 1.2997672,
  -1.9094487 0.92575152 1.1855939,-0.94196556 0.79837995 1.1855939,
  -0.99112916 0.67968853 1.1855939,-1.0693371 0.5777659 1.1855939,
  -1.1712598 0.49955792 1.1855939,-1.2899512 0.45039432 1.1855939,
  -1.4173228 0.43362554 1.1855939,-1.5446943 0.45039432 1.1855939,
  -1.6633858 0.49955792 1.1855939,-1.7653084 0.5777659 1.1855939,
  -1.8435164 0.67968853 1.1855939,-1.89268 0.79837995 1.1855939] }
 coordIndex [
  15,1,0,-1,15,0,2,-1,16,2,3,-1,16,15,2,-1,17,3,4,-1,17,16,3,-1,18,4,5,-1,18,17,4,-1,
  19,5,6,-1,19,18,5,-1,20,6,7,-1,20,19,6,-1,21,7,8,-1,21,20,7,-1,22,8,9,-1,22,21,8,-1,
  23,9,10,-1,23,22,9,-1,24,10,11,-1,24,23,10,-1,25,11,12,-1,25,24,11,-1,14,12,13,-1,14,25,12,-1]
  normalPerVertex TRUE
  normal DEF NORM_357 Normal { vector [
  0.86045084 -0.1132805 0.49678152,0.86045084 -0.1132805 0.49678152,
  0.8249974 -0.26422321 0.49956519,0.7285003 -0.46874506 0.49956519,
  0.5823571 -0.64132271 0.49956519,0.39652723 -0.77019528 0.49956519,
  0.18367469 -0.84658031 0.49956519,-0.041694983 -0.8652723 0.49956519,
  -0.26422321 -0.8249974 0.49956519,-0.46874506 -0.7285003 0.49956519,
  -0.64132271 -0.5823571 0.49956519,-0.77019528 -0.39652723 0.49956519,
  -0.84658031 -0.18367469 0.49956519,-0.86045084 -0.1132805 0.49678152,
  -0.86045084 -0.1132805 0.49678152,0.84493196 -0.19075214 0.49970352,
  0.76677131 -0.4029369 0.49970352,0.63635647 -0.58766218 0.49970352,
  0.46257498 -0.73233925 0.49970352,0.25726978 -0.82710861 0.49970352,
  0.03443206 -0.86551189 0.49970352,-0.19075214 -0.84493196 0.49970352,
  -0.4029369 -0.76677131 0.49970352,-0.58766218 -0.63635647 0.49970352,
  -0.73233925 -0.46257498 0.49970352,-0.82710861 -0.25726978 0.49970352] }
}
}
DEF SHAPE_358 Shape {
 appearance USE APP_2
 geometry DEF FACE_358 IndexedFaceSet {
  coord DEF COORD_358 Coordinate { point [
  -0.39370079 -0.76771654 -0.41338583,-0.94608996 1.0670685 -0.41338583,
  -0.94608996 1.0670685 -0.6496063,-0.39370079 -0.76771654 -0.6496063] }
 coordIndex [
  0,1,2,-1,0,2,3,-1]
  normalPerVertex TRUE
  normal DEF NORM_358 Normal { vector [
  -0.95754521 -0.28828315 0,-0.95754521 -0.28828315 0,
  -0.95754521 -0.28828315 0,-0.95754521 -0.28828315 0] }
}
}
DEF SHAPE_359 Shape {
 appearance USE APP_2
 geometry DEF FACE_359 IndexedFaceSet {
  coord DEF COORD_359 Coordinate { point [
  -0.39370079 -0.76771654 -0.6496063,-0.94608996 1.0670685 -0.6496063,
  -0.99728692 1.1816297 -0.6496063,-1.0757917 1.2795194 -0.6496063,
  -1.1765006 1.3543735 -0.6496063,-1.292866 1.4013255 -0.6496063,
  -1.4173228 1.4173228 -0.6496063,-0.11811024 1.4173228 -0.6496063,
  -0.11811024 -0.76771654 -0.6496063] }
 coordIndex [
  1,7,8,-1,1,8,0,-1,2,7,1,-1,3,7,2,-1,4,7,3,-1,6,7,5,-1,5,7,4,-1]
  normalPerVertex TRUE
  normal DEF NORM_359 Normal { vector [
  0 0 -1,0 0 -1,
  0 0 -1,0 0 -1,
  0 0 -1,0 0 -1,
  0 0 -1,0 0 -1,
  0 0 -1] }
}
}
DEF SHAPE_360 Shape {
 appearance USE APP_2
 geometry DEF FACE_360 IndexedFaceSet {
  coord DEF COORD_360 Coordinate { point [
  -1.909447 -0.45275618 -1.5944882,-1.9094488 -0.66929134 -1.5944882,
  -1.0902588 -0.45275613 -1.9621766,-1.1873877 -0.45275632 -2.029031,
  -1.2976147 -0.45275639 -2.0714022,-1.4144691 -0.4527564 -2.0866047,
  -1.5314797 -0.4527564 -2.0727843,-1.6421727 -0.45275639 -2.0316616,
  -1.7400741 -0.45275638 -1.9659186,-1.8189339 -0.45275637 -1.8784615,
  -1.8747549 -0.45275634 -1.774449,-1.9005616 -0.45275628 -1.6860033,
  -1.0693386 -0.452756 -1.9424725,-0.92519721 -0.4527559 -1.5944882,
  -0.93915369 -0.45275581 -1.70916,-0.97933535 -0.45275581 -1.8177344,
  -1.0194449 -0.45275588 -1.8837176,-0.92519685 -0.66929134 -1.5944882,
  -1.89268 -0.66929134 -1.7218598,-1.8435164 -0.66929134 -1.8405512,
  -1.7653085 -0.66929134 -1.9424738,-1.6633858 -0.66929134 -2.0206818,
  -1.5446944 -0.66929134 -2.0698454,-1.4173228 -0.66929134 -2.0866142,
  -1.2899513 -0.66929134 -2.0698454,-1.1712598 -0.66929134 -2.0206818,
  -1.0693372 -0.66929134 -1.9424738,-0.99112923 -0.66929134 -1.8405512,
  -0.94196564 -0.66929134 -1.7218598] }
 coordIndex [
  1,0,11,-1,18,11,10,-1,18,1,11,-1,19,10,9,-1,19,18,10,-1,20,9,8,-1,20,19,9,-1,21,8,7,-1,
  21,20,8,-1,22,7,6,-1,22,21,7,-1,23,5,4,-1,23,6,5,-1,23,22,6,-1,24,4,3,-1,24,23,4,-1,
  25,3,2,-1,25,24,3,-1,26,2,12,-1,26,12,16,-1,26,25,2,-1,27,16,15,-1,27,26,16,-1,28,15,14,-1,
  28,27,15,-1,17,14,13,-1,17,28,14,-1]
  normalPerVertex TRUE
  normal DEF NORM_360 Normal { vector [
  -0.99531967 8.4745686e-06 -0.096637199,-0.99316639 -0.0084331356 -0.1164019,
  0.59950448 -0.0017577166 -0.80036947,0.43695415 0.0028322992 -0.89947932,
  0.20527231 0.00052341188 -0.97870476,0.0059095847 -3.420642e-05 -0.99998254,
  -0.19796533 0.0013504375 -0.98020809,-0.43033297 0.0035343886 -0.9026633,
  -0.63883033 0.0033367408 -0.76934042,-0.80936756 0.0043241082 -0.58728651,
  -0.92186343 0.0028874736 -0.38750416,-0.98626608 -0.0025817994 -0.16514402,
  0.74234929 8.8216762e-06 -0.67001308,0.99267486 1.6651282e-06 -0.12081647,
  0.98015698 0.00077242975 -0.19822133,0.91482488 0.00092047058 -0.40384972,
  0.80301077 -0.0057726166 -0.59593656,0.99203531 -0.0027476043 -0.12593009,
  -0.96435584 -0.0084181982 -0.26447485,-0.87088295 -0.0059044993 -0.49145501,
  -0.71854104 -0.0064152344 -0.69545497,-0.51844384 -0.0044218167 -0.85510025,
  -0.28741651 -0.0024167372 -0.95780265,0.0028285674 -0.0021195328 -0.99999375,
  0.29083566 -0.001423042 -0.95677197,0.5215434 -0.0037541668 -0.85321649,
  0.71759197 -0.011042839 -0.69637621,0.86335275 -0.008779063 -0.50452448,
  0.95802856 -0.0027232789 -0.28665982] }
}
}
DEF SHAPE_361 Shape {
 appearance USE APP_2
 geometry DEF FACE_361 IndexedFaceSet {
  coord DEF COORD_361 Coordinate { point [
  -1.7653084 -0.45275607 -1.2465025,-1.7620147 -0.18670708 -1.2081963,
  -1.7609205 0.060904841 -1.1042554,-1.7620427 0.27435628 -0.94166987,
  -1.7637376 0.42463377 -0.75341779,-1.7647502 0.51884078 -0.55772345,
  -1.7652123 0.56281222 -0.39039993,-1.7653396 0.57773481 -0.21598091,
  -1.7443889 -0.45275597 -1.2267974,-1.6472593 -0.45275585 -1.1599256,
  -1.5370286 -0.45275581 -1.1175417,-1.420167 -0.4527558 -1.102338,
  -1.3031457 -0.4527558 -1.1161728,-1.1924417 -0.4527558 -1.1573198,
  -1.0945336 -0.45275579 -1.2230895,-1.0156745 -0.45275579 -1.3105683,
  -0.95986191 -0.4527558 -1.4145952,-0.93407458 -0.45275583 -1.5030085,
  -0.92519721 -0.4527559 -1.5944882,-0.93915369 -0.45275581 -1.70916,
  -0.97933535 -0.45275581 -1.8177344,-1.0194449 -0.45275588 -1.8837176,
  -1.0693386 -0.452756 -1.9424725,-1.0693384 1.2736689 -0.21598046,
  -1.0693677 1.2163805 -0.65754227,-1.0693621 1.0447348 -1.0750415,
  -1.0693566 0.77056701 -1.4343084,-1.0693511 0.41289027 -1.7099701,
  -1.0693455 -0.0047184259 -1.8833558,-1.0693427 -0.22638954 -1.9276712,
  -0.92519708 0.92575166 -0.21598083,-0.94198498 1.0531029 -0.21598083,
  -0.98483602 1.1605367 -0.21598082,-1.0230123 1.220148 -0.21598074,
  -0.93937692 0.81003768 -0.21518703,-0.98025251 0.70058661 -0.21441285,
  -1.0323524 0.61943539 -0.21384025,-1.0927756 0.55619532 -0.21341231,
  -1.1635302 0.50463877 -0.21309729,-1.2423667 0.46626674 -0.21291783,
  -1.3266951 0.44242867 -0.2128958,-1.4137749 0.4338048 -0.21304672,
  -1.5009599 0.44092388 -0.21338441,-1.5856038 0.46374803 -0.21391609,
  -1.6650586 0.50091552 -0.21463264,-1.7177454 0.53607499 -0.21526158,
  -0.9251975 0.92386206 -0.2881264,-0.92519751 0.85064822 -0.66477892,
  -1.0693384 0.57635561 -0.26991434,-0.92519753 0.67645106 -1.0066601,
  -1.0693383 0.52162351 -0.55148661,-1.4173386 0.43237803 -0.26236877,
  -0.92519755 0.41476676 -1.2872822,-1.0693383 0.39139979 -0.80706503,
  -1.4173386 0.3853032 -0.50454772,-0.92519757 0.085869739 -1.4849034,
  -1.0693383 0.19577375 -1.0168483,-1.4173386 0.2732984 -0.7243695,
  -0.92519758 -0.28475818 -1.5842129,-1.0693383 -0.050098178 -1.164583,
  -1.4173386 0.10504138 -0.90480306,-1.0693383 -0.32716667 -1.2388233,
  -1.4173386 -0.10643189 -1.031869,-1.4173385 -0.34473718 -1.0957227] }
 coordIndex [
  24,32,31,-1,24,33,32,-1,24,23,33,-1,6,43,44,-1,6,44,45,-1,6,45,7,-1,21,22,29,-1,20,21,29,-1,
  8,9,1,-1,0,8,1,-1,46,31,30,-1,46,30,34,-1,46,34,35,-1,46,24,31,-1,47,25,24,-1,47,24,46,-1,
  47,46,35,-1,48,35,36,-1,48,36,37,-1,48,37,38,-1,48,38,39,-1,49,26,25,-1,49,25,47,-1,50,35,48,-1,
  50,48,39,-1,50,47,35,-1,51,39,40,-1,51,40,41,-1,51,41,42,-1,51,42,43,-1,51,43,6,-1,52,27,26,-1,
  52,26,49,-1,53,47,50,-1,53,49,47,-1,54,5,4,-1,54,6,5,-1,54,51,6,-1,54,39,51,-1,54,50,39,-1,
  55,27,52,-1,55,28,27,-1,56,49,53,-1,56,52,49,-1,57,4,3,-1,57,54,4,-1,57,53,50,-1,57,50,54,-1,
  58,16,17,-1,58,17,18,-1,58,18,19,-1,58,19,20,-1,58,29,28,-1,58,20,29,-1,58,28,55,-1,59,52,56,-1,
  59,55,52,-1,60,3,2,-1,60,56,53,-1,60,57,3,-1,60,53,57,-1,61,13,14,-1,61,14,15,-1,61,15,16,-1,
  61,58,55,-1,61,55,59,-1,61,16,58,-1,62,2,1,-1,62,60,2,-1,62,59,56,-1,62,56,60,-1,63,9,10,-1,
  63,10,11,-1,63,11,12,-1,63,12,13,-1,63,59,62,-1,63,62,1,-1,63,13,61,-1,63,1,9,-1,63,61,59,-1]
  normalPerVertex TRUE
  normal DEF NORM_361 Normal { vector [
  -0.68250396 -0.095874834 0.72456633,-0.38895274 -0.19071413 0.90130122,
  -0.37163475 -0.46894194 0.80123721,-0.37532843 -0.65604581 0.65477665,
  -0.38225349 -0.79649721 0.46848102,-0.38225815 -0.86412405 0.32736576,
  -0.39821879 -0.91311105 0.08746437,-0.65784428 -0.75045316 0.063725669,
  -0.58871524 -0.095125769 0.80272377,-0.37223914 0.028446241 0.92770083,
  -0.24508915 0.076347266 0.96648973,-0.0058417685 -0.060974048 0.99812226,
  0.23421513 0.063946808 0.97007942,0.39963117 0.17853922 0.89912106,
  0.65461122 -0.036730039 0.75507288,0.8178118 0.020908939 0.57510579,
  0.90335159 0.17623855 0.39101903,0.9811676 0.039543697 0.18906728,
  0.99969549 0.0015086259 -0.024630253,0.96751754 0.094127465 -0.23462702,
  0.90987405 0.17501202 -0.37616487,0.80922747 0.06500381 -0.58388818,
  0.76156438 0.042299858 -0.64670736,0.7533843 0.65210864 -0.084654688,
  0.91758063 0.3778512 -0.12358906,0.92239684 0.33782868 -0.18723206,
  0.92227819 0.27662812 -0.26996262,0.92223883 0.19539152 -0.33361309,
  0.92378088 0.11468907 -0.36534271,0.90626698 0.12059222 -0.40513909,
  0.99994241 0.010728318 -0.00028692476,0.94819356 0.27760509 -0.15448104,
  0.89363764 0.43347014 -0.11625575,0.79800742 0.59606029 -0.088861031,
  0.95509721 -0.23479072 -0.18072806,0.92311379 -0.38448981 0.0053397625,
  0.78771423 -0.61419076 -0.047707504,0.65856459 -0.75250968 0.0046748769,
  0.50168568 -0.83575295 -0.22322297,0.38195385 -0.92052804 0.082093745,
  0.18434235 -0.97282347 -0.14011565,0.0085519255 -0.99956298 0.028297055,
  -0.16986257 -0.97821848 -0.11931184,-0.29535404 -0.92952896 -0.22077571,
  -0.47954816 -0.8767966 -0.035514566,-0.60790722 -0.79280315 0.04372616,
  0.98672694 0.14566107 -0.071783063,0.99983173 -0.0019964479 -0.018235462,
  0.6636308 -0.74173551 0.097069992,0.9995253 0.027272426 -0.01433173,
  0.67065039 -0.71684924 0.19067046,-0.22417745 -0.97266732 0.060520633,
  0.99952025 0.023319568 -0.02038291,0.72929725 -0.5564543 0.39810066,
  -0.083932658 -0.95446109 0.2862854,0.99950912 0.018059291 -0.025600473,
  0.72929728 -0.42516677 0.53605848,0.010119164 -0.82884263 0.55939028,
  0.9947272 0.071536153 -0.073487278,0.72929732 -0.26093876 0.6324843,
  0.0050594915 -0.64580162 0.76348849,0.79401866 -0.05795359 0.60512457,
  0.0049449135 -0.41379192 0.91035806,0.077283892 -0.12094599 0.98964603] }
}
}
DEF SHAPE_362 Shape {
 appearance USE APP_3
 geometry DEF FACE_362 IndexedFaceSet {
  coord DEF COORD_362 Coordinate { point [
  1.8435309 0.92575152 1.2997672,1.9094489 0.92575152 1.1855939,
  1.8290083 0.81544076 1.2997672,1.7864299 0.7126475 1.2997672,
  1.7186975 0.62437693 1.2997672,1.6304269 0.55664453 1.2997672,
  1.5276337 0.51406617 1.2997672,1.4173229 0.49954348 1.2997672,
  1.3070122 0.51406617 1.2997672,1.2042189 0.55664453 1.2997672,
  1.1159483 0.62437693 1.2997672,1.0482159 0.7126475 1.2997672,
  1.0056376 0.81544076 1.2997672,0.99111487 0.92575152 1.2997672,
  0.92519692 0.92575152 1.1855939,1.8926801 0.79837995 1.1855939,
  1.8435165 0.67968853 1.1855939,1.7653085 0.5777659 1.1855939,
  1.6633859 0.49955792 1.1855939,1.5446945 0.45039432 1.1855939,
  1.4173229 0.43362554 1.1855939,1.2899513 0.45039432 1.1855939,
  1.1712599 0.49955792 1.1855939,1.0693373 0.5777659 1.1855939,
  0.9911293 0.67968853 1.1855939,0.94196571 0.79837995 1.1855939] }
 coordIndex [
  15,1,0,-1,15,0,2,-1,16,2,3,-1,16,15,2,-1,17,3,4,-1,17,16,3,-1,18,4,5,-1,18,17,4,-1,
  19,5,6,-1,19,18,5,-1,20,6,7,-1,20,19,6,-1,21,7,8,-1,21,20,7,-1,22,8,9,-1,22,21,8,-1,
  23,9,10,-1,23,22,9,-1,24,10,11,-1,24,23,10,-1,25,11,12,-1,25,24,11,-1,14,12,13,-1,14,25,12,-1]
  normalPerVertex TRUE
  normal DEF NORM_362 Normal { vector [
  0.86045084 -0.1132805 0.49678152,0.86045084 -0.1132805 0.49678152,
  0.8249974 -0.26422321 0.49956519,0.7285003 -0.46874506 0.49956519,
  0.5823571 -0.64132271 0.49956519,0.39652723 -0.77019528 0.49956519,
  0.18367469 -0.84658031 0.49956519,-0.041694983 -0.8652723 0.49956519,
  -0.26422321 -0.8249974 0.49956519,-0.46874506 -0.7285003 0.49956519,
  -0.64132271 -0.5823571 0.49956519,-0.77019528 -0.39652723 0.49956519,
  -0.84658031 -0.18367469 0.49956519,-0.86045084 -0.1132805 0.49678152,
  -0.86045084 -0.1132805 0.49678152,0.84493196 -0.19075214 0.49970352,
  0.76677131 -0.4029369 0.49970352,0.63635647 -0.58766218 0.49970352,
  0.46257498 -0.73233925 0.49970352,0.25726978 -0.82710861 0.49970352,
  0.03443206 -0.86551189 0.49970352,-0.19075214 -0.84493196 0.49970352,
  -0.4029369 -0.76677131 0.49970352,-0.58766218 -0.63635647 0.49970352,
  -0.73233925 -0.46257498 0.49970352,-0.82710861 -0.25726978 0.49970352] }
}
}
DEF SHAPE_363 Shape {
 appearance USE APP_2
 geometry DEF FACE_363 IndexedFaceSet {
  coord DEF COORD_363 Coordinate { point [
  -2.3832829 1.4596871 0.11811024,-2.3832828 1.4596871 -0.41338583,
  -1.9458086 1.6535433 0.11811024,-2.0680838 1.6407459 0.11811024,
  -2.1850595 1.6029085 0.11811024,-2.291666 1.5416709 0.11811024,
  -1.9458086 1.6535433 -1.8754909,-2.0373237 1.6464203 -1.9059239,
  -2.1108119 1.630038 -1.9304259,-2.1663248 1.6108272 -1.9489971,
  -2.258336 1.5640703 -1.9861249,-2.3207951 1.5192186 -2.0183962,
  -2.3832823 1.4596878 -2.0576415] }
 coordIndex [
  2,6,7,-1,3,7,8,-1,3,2,7,-1,4,8,9,-1,4,9,10,-1,4,3,8,-1,5,4,10,-1,1,10,11,-1,
  1,11,12,-1,1,5,10,-1,0,5,1,-1]
  normalPerVertex TRUE
  normal DEF NORM_363 Normal { vector [
  -0.66684396 0.74519738 2.4757221e-08,-0.6525758 0.75772335 0.00038401434,
  -0.092873248 0.9956777 0.00069520089,-0.20996028 0.97770951 0.00088679086,
  -0.40710385 0.91338156 0.00076319242,-0.59381887 0.80459856 -0.00055492816,
  -0.077599247 0.99698463 0,-0.12567211 0.99207177 0.00036514209,
  -0.28630032 0.95813969 0.00067821038,-0.40814796 0.91291577 -0.0002019274,
  -0.55375827 0.83267733 0.00049727667,-0.64227803 0.7664641 0.0034231816,
  -0.68977153 0.72402709 9.3486231e-08] }
}
}
DEF SHAPE_364 Shape {
 appearance USE APP_2
 geometry DEF FACE_364 IndexedFaceSet {
  coord DEF COORD_364 Coordinate { point [
  2.97243 0.27560436 -2.7190699,2.9617657 0.27559106 -2.8121357,
  2.9290092 0.27559055 -2.8996723,2.8762899 0.27559055 -2.976724,
  2.8068474 0.27559054 -3.0386056,2.7243906 0.27559048 -3.0825895,
  2.6335106 0.27559032 -3.1063868,2.5777394 0.27559515 -3.1102361,
  -2.5777389 0.27559527 -3.1102361,-2.6335106 0.27559032 -3.1063868,
  -2.7242042 0.27559054 -3.0828272,-2.8067368 0.27559055 -3.0387279,
  -2.8764318 0.27559055 -2.976562,-2.9290854 0.27559055 -2.899505,
  -2.9617158 0.27559106 -2.8122671,-2.9724307 0.27560424 -2.7190699,
  -2.9724409 0.27559055 -0.41338583,-3.0511811 0.27559055 -0.41338583,
  -3.0511811 0.27559055 -2.7952756,-3.0377661 0.27559055 -2.8971729,
  -2.9984352 0.27559055 -2.992126,-2.9358688 0.27559055 -3.0736641,
  -2.8543307 0.27559055 -3.1362305,-2.7593776 0.27559055 -3.1755613,
  -2.6574803 0.27559055 -3.1889764,2.6574803 0.27559055 -3.1889764,
  2.7593776 0.27559055 -3.1755613,2.8543307 0.27559055 -3.1362305,
  2.9358688 0.27559055 -3.0736641,2.9984352 0.27559055 -2.992126,
  3.0377661 0.27559055 -2.8971729,3.0511811 0.27559055 -2.7952756,
  3.0511811 0.27559055 -0.41338583,2.9724409 0.27559055 -0.41338583] }
 coordIndex [
  15,17,16,-1,15,18,17,-1,14,18,15,-1,19,18,14,-1,13,19,14,-1,20,19,13,-1,12,20,13,-1,21,20,12,-1,
  11,21,12,-1,22,21,11,-1,10,22,11,-1,23,22,10,-1,24,10,9,-1,24,23,10,-1,8,24,9,-1,0,33,32,-1,
  31,1,0,-1,31,0,32,-1,25,6,5,-1,25,7,6,-1,25,8,7,-1,25,24,8,-1,26,25,5,-1,30,2,1,-1,
  30,1,31,-1,27,5,4,-1,27,26,5,-1,29,3,2,-1,29,2,30,-1,28,3,29,-1,28,4,3,-1,28,27,4,-1]
  normalPerVertex TRUE
  normal DEF NORM_364 Normal { vector [
  8.7903088e-05 1 -2.8398191e-07,1.228738e-05 1 -4.7494103e-05,
  4.2803263e-08 1 -1.8608783e-06,-2.6547326e-08 1 -1.6375804e-08,
  -2.439286e-07 1 -6.2764061e-08,-7.58863e-07 1 7.5028545e-07,
  2.9694887e-05 1 1.1449768e-05,9.9224306e-07 1 -5.7441132e-05,
  -4.8112068e-07 1 -5.8674601e-05,-3.0093054e-05 1 1.1562987e-05,
  6.6269088e-07 1 4.4607985e-07,2.6756646e-08 1 -1.3069529e-08,
  0 1 0,-3.9627028e-08 1 -1.8463247e-06,
  -1.2256931e-05 1 -4.7150112e-05,-8.7170767e-05 1 -2.8340971e-07,
  0 1 5.9390388e-06,-8.8361768e-05 1 2.9210502e-06,
  -0.00016097975 0.99999999 -5.8252678e-06,-1.8534296e-06 1 -2.1711285e-06,
  0 1 0,0 1 0,
  3.7877881e-08 1 1.3106942e-08,2.2698584e-08 1 8.4712268e-08,
  -8.696651e-07 1 -5.6476953e-05,4.5725668e-07 1 -5.7401037e-05,
  -1.8139979e-07 1 6.7699323e-07,-3.0590346e-07 1 1.6370166e-07,
  -4.2767159e-08 1 0,0 1 0,
  1.870038e-06 1 -2.1884233e-06,0.00016233934 0.99999999 -5.8714237e-06,
  8.9105625e-05 1 2.9456405e-06,0 1 5.9890609e-06] }
}
}
DEF SHAPE_365 Shape {
 appearance USE APP_2
 geometry DEF FACE_365 IndexedFaceSet {
  coord DEF COORD_365 Coordinate { point [
  3.0511811 0.039370079 -2.7952756,3.0511811 0.27559055 -2.7952756,
  3.0511811 0.27559055 -0.41338583,3.0511811 0.039370079 -0.41338583] }
 coordIndex [
  1,2,3,-1,1,3,0,-1]
  normalPerVertex TRUE
  normal DEF NORM_365 Normal { vector [
  1 0 0,1 0 0,
  1 0 0,1 0 0] }
}
}
DEF SHAPE_366 Shape {
 appearance USE APP_2
 geometry DEF FACE_366 IndexedFaceSet {
  coord DEF COORD_366 Coordinate { point [
  3.0511811 0.039370079 -0.41338583,3.0511811 0.039370079 -2.7952756,
  3.0377661 0.039370079 -2.8971729,2.9984352 0.039370079 -2.992126,
  2.9358688 0.039370079 -3.0736641,2.8543307 0.039370079 -3.1362305,
  2.7593776 0.039370079 -3.1755613,2.6574803 0.039370079 -3.1889764,
  -2.6574803 0.039370079 -3.1889764,-2.7593776 0.039370079 -3.1755613,
  -2.8543307 0.039370079 -3.1362305,-2.9358688 0.039370079 -3.0736641,
  -2.9984352 0.039370079 -2.992126,-3.0377661 0.039370079 -2.8971729,
  -3.0511811 0.039370079 -2.7952756,-3.0511811 0.039370079 -0.41338583,
  -2.7952756 0.039370079 -0.41338583,-2.7952756 0.039370079 -2.3425197,
  -2.775153 0.039370079 -2.4953656,-2.7161567 0.039370079 -2.6377953,
  -2.6223072 0.039370079 -2.7601024,-2.5 0.039370079 -2.853952,
  -2.3575703 0.039370079 -2.9129483,-2.2047244 0.039370079 -2.9330709,
  2.2047244 0.039370079 -2.9330709,2.3575703 0.039370079 -2.9129483,
  2.5 0.039370079 -2.853952,2.6223072 0.039370079 -2.7601024,
  2.7161567 0.039370079 -2.6377953,2.775153 0.039370079 -2.4953656,
  2.7952756 0.039370079 -2.3425197,2.7952756 0.039370079 -0.41338583] }
 coordIndex [
  20,10,9,-1,20,11,10,-1,20,12,11,-1,20,13,12,-1,21,9,8,-1,21,20,9,-1,19,14,13,-1,19,13,20,-1,
  22,21,8,-1,18,14,19,-1,17,14,18,-1,23,22,8,-1,15,14,17,-1,16,15,17,-1,7,24,23,-1,7,25,24,-1,
  7,23,8,-1,26,7,6,-1,26,25,7,-1,27,6,5,-1,27,26,6,-1,4,27,5,-1,3,27,4,-1,2,28,27,-1,
  2,27,3,-1,1,28,2,-1,29,28,1,-1,30,29,1,-1,0,31,30,-1,0,30,1,-1]
  normalPerVertex TRUE
  normal DEF NORM_366 Normal { vector [
  0 -1 0,0 -1 0,
  0 -1 0,0 -1 0,
  0 -1 0,0 -1 0,
  0 -1 0,0 -1 0,
  0 -1 0,0 -1 0,
  0 -1 0,0 -1 0,
  0 -1 0,0 -1 0,
  0 -1 0,0 -1 0,
  0 -1 0,0 -1 0,
  0 -1 0,0 -1 0,
  0 -1 0,0 -1 0,
  0 -1 0,0 -1 0,
  0 -1 0,0 -1 0,
  0 -1 0,0 -1 0,
  0 -1 0,0 -1 0,
  0 -1 0,0 -1 0] }
}
}
DEF SHAPE_367 Shape {
 appearance USE APP_2
 geometry DEF FACE_367 IndexedFaceSet {
  coord DEF COORD_367 Coordinate { point [
  2.7952756 -0.76771654 -2.3425197,2.7952756 -0.76771654 -0.80708661,
  2.7952756 -0.75784563 -0.71947995,2.7952756 -0.7287279 -0.63626624,
  2.7952756 -0.68182342 -0.56161819,2.7952756 -0.61948417 -0.49927894,
  2.7952756 -0.54483612 -0.45237446,2.7952756 -0.46162241 -0.42325673,
  2.7952756 -0.37401575 -0.41338583,2.7952756 0.039370079 -0.41338583,
  2.7952756 0.039370079 -2.3425197] }
 coordIndex [
  1,0,10,-1,4,2,1,-1,4,3,2,-1,8,5,4,-1,8,6,5,-1,8,7,6,-1,8,4,1,-1,9,1,10,-1,
  9,8,1,-1]
  normalPerVertex TRUE
  normal DEF NORM_367 Normal { vector [
  1 0 0,1 0 0,
  1 0 0,1 0 0,
  1 0 0,1 0 0,
  1 0 0,1 0 0,
  1 0 0,1 0 0,
  1 0 0] }
}
}
DEF SHAPE_368 Shape {
 appearance USE APP_2
 geometry DEF FACE_368 IndexedFaceSet {
  coord DEF COORD_368 Coordinate { point [
  2.5590551 -0.76771654 -0.80708661,2.7952756 -0.76771654 -0.80708661,
  2.7952756 -0.75784563 -0.71947995,2.7952756 -0.7287279 -0.63626624,
  2.7952756 -0.68182342 -0.56161819,2.7952756 -0.61948417 -0.49927894,
  2.7952756 -0.54483612 -0.45237446,2.7952756 -0.46162241 -0.42325673,
  2.7952756 -0.37401575 -0.41338583,2.5590551 -0.37401575 -0.41338583,
  2.5590551 -0.75784563 -0.71947995,2.5590551 -0.7287279 -0.63626624,
  2.5590551 -0.68182342 -0.56161819,2.5590551 -0.61948417 -0.49927894,
  2.5590551 -0.54483612 -0.45237446,2.5590551 -0.46162241 -0.42325673] }
 coordIndex [
  7,8,9,-1,7,9,15,-1,6,15,14,-1,6,7,15,-1,5,14,13,-1,5,6,14,-1,4,13,12,-1,4,5,13,-1,
  3,12,11,-1,3,4,12,-1,2,10,0,-1,2,11,10,-1,2,3,11,-1,1,2,0,-1]
  normalPerVertex TRUE
  normal DEF NORM_368 Normal { vector [
  0 -0.99371221 0.11196448,0 -0.99371221 0.11196448,
  0 -0.97492791 0.22252093,0 -0.88404993 0.46739248,
  0 -0.75788034 0.65239359,0 -0.59370746 0.80468096,
  0 -0.39976362 0.91661827,0 -0.18577396 0.98259251,
  0 -0.11196448 0.99371221,0 -0.11196448 0.99371221,
  0 -0.97492791 0.22252093,0 -0.91661827 0.39976362,
  0 -0.80468096 0.59370746,0 -0.65239359 0.75788034,
  0 -0.46739248 0.88404993,0 -0.25895436 0.96588956] }
}
}
DEF SHAPE_369 Shape {
 appearance USE APP_2
 geometry DEF FACE_369 IndexedFaceSet {
  coord DEF COORD_369 Coordinate { point [
  2.5590551 0.27559038 -2.3425197,2.5590551 -0.76771654 -2.3425197,
  2.5590551 -0.76771654 -0.80708661,2.5590551 -0.75784563 -0.71947995,
  2.5590551 -0.7287279 -0.63626624,2.5590551 -0.68182342 -0.56161819,
  2.5590551 -0.61948417 -0.49927894,2.5590551 -0.54483612 -0.45237446,
  2.5590551 -0.46162241 -0.42325673,2.5590551 -0.37401575 -0.41338583,
  2.5590595 0.27552969 -0.41338589,2.5590551 0.27559055 -0.64960628] }
 coordIndex [
  2,0,1,-1,6,2,3,-1,6,3,4,-1,6,4,5,-1,8,6,7,-1,9,2,6,-1,9,6,8,-1,11,0,2,-1,
  11,2,9,-1,10,11,9,-1]
  normalPerVertex TRUE
  normal DEF NORM_369 Normal { vector [
  -1 0 0,-1 1.8425304e-08 0,
  -1 0 0,-1 0 0,
  -1 0 0,-1 0 0,
  -1 0 0,-1 0 0,
  -1 0 0,-1 1.8202633e-06 5.0060348e-06,
  -1 6.7636663e-06 1.8600436e-05,-1 4.5875902e-07 1.2492707e-06] }
}
}
DEF SHAPE_370 Shape {
 appearance USE APP_2
 geometry DEF FACE_370 IndexedFaceSet {
  coord DEF COORD_370 Coordinate { point [
  2.43839 0.79301755 -0.42624315,2.5590595 0.27552969 -0.41338589,
  2.43839 0.79301755 -0.41338583] }
 coordIndex [
  1,2,0,-1]
  normalPerVertex TRUE
  normal DEF NORM_370 Normal { vector [
  -0.97387356 -0.22709093 7.981425e-07,-0.97387356 -0.22709093 7.981425e-07,
  -0.97387356 -0.22709093 7.981425e-07] }
}
}
DEF SHAPE_371 Shape {
 appearance USE APP_2
 geometry DEF FACE_371 IndexedFaceSet {
  coord DEF COORD_371 Coordinate { point [
  2.43839 0.79301755 -0.42624315,2.43839 0.79301755 -0.41338583,
  2.2909977 1.1023622 -0.41338583,2.2909977 1.1023622 -0.42385628] }
 coordIndex [
  1,2,3,-1,1,3,0,-1]
  normalPerVertex TRUE
  normal DEF NORM_371 Normal { vector [
  -0.90276376 -0.43013672 6.4861216e-07,-0.90276375 -0.43013673 4.223846e-07,
  -0.90276375 -0.43013674 1.4458584e-07,-0.90276375 -0.43013673 4.223846e-07] }
}
}
DEF SHAPE_372 Shape {
 appearance USE APP_2
 geometry DEF FACE_372 IndexedFaceSet {
  coord DEF COORD_372 Coordinate { point [
  2.2909977 1.1023622 -0.41338583,2.2898329 1.1023622 -0.41338583,
  2.2909977 1.1023622 -0.42385628,2.2898329 1.1023622 -0.6496063] }
 coordIndex [
  1,3,2,-1,0,1,2,-1]
  normalPerVertex TRUE
  normal DEF NORM_372 Normal { vector [
  0 0 1,2.7442555e-06 -1 -1.3477767e-08,
  2.7442555e-06 -1 -1.3477767e-08,2.8653177e-06 -1 0] }
}
}
DEF SHAPE_373 Shape {
 appearance USE APP_2
 geometry DEF FACE_373 IndexedFaceSet {
  coord DEF COORD_373 Coordinate { point [
  2.2898329 1.1023622 -0.6496063,2.1685112 1.2992126 -0.6496063,
  2.0756855 1.4173228 -0.6496063,2.213771 1.2322245 -0.66199963,
  2.3303337 1.0225574 -0.66952829,2.4338418 0.79728294 -0.67122945,
  2.43839 0.79301755 -0.42624315,2.2909977 1.1023622 -0.42385628] }
 coordIndex [
  6,4,5,-1,3,4,0,-1,7,4,6,-1,7,0,4,-1,2,3,1,-1,0,1,3,-1]
  normalPerVertex TRUE
  normal DEF NORM_373 Normal { vector [
  -0.8843204 -0.46685921 0.0044614616,-0.82680687 -0.56216084 0.019120528,
  -0.71192529 -0.55951905 0.42438286,-0.84378472 -0.52697171 0.10162754,
  -0.90283947 -0.42993022 0.0063951228,-0.90860198 -0.41755276 0.0095987307,
  -0.9052608 -0.42485453 0.0012254951,-0.90058973 -0.43465979 -0.0030026553] }
}
}
DEF SHAPE_374 Shape {
 appearance USE APP_2
 geometry DEF FACE_374 IndexedFaceSet {
  coord DEF COORD_374 Coordinate { point [
  0.11811024 1.4173228 -0.6496063,1.4173228 1.4173228 -0.6496063,
  2.0756855 1.4173228 -0.6496063,2.0756855 1.4173228 -1.7687478,
  2.0646307 1.4173228 -1.8549105,2.0520322 1.4173228 -1.8902516,
  2.0446627 1.4173228 -1.9018206,2.0358316 1.4173228 -1.9107835,
  2.030014 1.4173228 -1.9145699,2.0238715 1.4173228 -1.9171463,
  2.0169065 1.4173228 -1.9186105,2.0096335 1.4173228 -1.9187623,
  0.11811024 1.4173228 -1.9187623,1.5748031 1.4173228 -1.3203371,
  1.2598425 1.4173228 -1.3203371,1.2598425 1.4173228 -1.5171875,
  1.5748031 1.4173228 -1.5171875] }
 coordIndex [
  14,0,12,-1,14,12,15,-1,11,16,15,-1,11,15,12,-1,8,10,9,-1,7,11,10,-1,7,10,8,-1,6,11,7,-1,
  5,11,6,-1,4,11,5,-1,3,13,16,-1,3,16,11,-1,3,11,4,-1,1,14,13,-1,1,0,14,-1,2,1,13,-1,
  2,13,3,-1]
  normalPerVertex TRUE
  normal DEF NORM_374 Normal { vector [
  0 -1 0,0 -1 0,
  0 -1 0,0 -1 0,
  0 -1 0,0 -1 0,
  0 -1 0,0 -1 0,
  0 -1 0,0 0 1,
  0 -1 0,0 -1 0,
  0 -1 0,0 -1 0,
  0 -1 0,0 -1 0,
  0 -1 0] }
}
}
DEF SHAPE_375 Shape {
 appearance USE APP_2
 geometry DEF FACE_375 IndexedFaceSet {
  coord DEF COORD_375 Coordinate { point [
  0.94608996 1.0670685 -0.41338583,0.39370079 -0.76771654 -0.41338583,
  0.94608996 1.0670685 -0.6496063,0.39370079 -0.76771654 -0.6496063] }
 coordIndex [
  1,2,0,-1,1,3,2,-1]
  normalPerVertex TRUE
  normal DEF NORM_375 Normal { vector [
  0.95754521 -0.28828315 0,0.95754521 -0.28828315 0,
  0.95754521 -0.28828315 0,0.95754521 -0.28828315 0] }
}
}
DEF SHAPE_376 Shape {
 appearance USE APP_2
 geometry DEF FACE_376 IndexedFaceSet {
  coord DEF COORD_376 Coordinate { point [
  0.11811024 1.4173228 -0.6496063,1.4173228 1.4173228 -0.6496063,
  1.292866 1.4013255 -0.6496063,1.1765006 1.3543735 -0.6496063,
  1.0757917 1.2795194 -0.6496063,0.99728692 1.1816297 -0.6496063,
  0.94608996 1.0670685 -0.6496063,0.39370079 -0.76771654 -0.6496063,
  0.11811024 -0.76771654 -0.6496063] }
 coordIndex [
  6,7,8,-1,0,3,4,-1,0,4,5,-1,0,5,6,-1,0,6,8,-1,0,1,2,-1,0,2,3,-1]
  normalPerVertex TRUE
  normal DEF NORM_376 Normal { vector [
  0 0 -1,0 0 -1,
  0 0 -1,0 0 -1,
  0 0 -1,0 0 -1,
  0 0 -1,0 0 -1,
  0 0 -1] }
}
}
DEF SHAPE_377 Shape {
 appearance USE APP_2
 geometry DEF FACE_377 IndexedFaceSet {
  coord DEF COORD_377 Coordinate { point [
  0.92519869 -0.45275618 -1.5944882,0.92519685 -0.66929134 -1.5944882,
  1.7443869 -0.45275613 -1.9621766,1.6472579 -0.45275632 -2.029031,
  1.5370309 -0.45275639 -2.0714022,1.4201765 -0.4527564 -2.0866047,
  1.303166 -0.4527564 -2.0727843,1.1924729 -0.45275639 -2.0316616,
  1.0945716 -0.45275638 -1.9659186,1.0157118 -0.45275637 -1.8784615,
  0.95989078 -0.45275634 -1.774449,0.93408404 -0.45275628 -1.6860033,
  1.7653071 -0.452756 -1.9424725,1.9094485 -0.4527559 -1.5944882,
  1.895492 -0.45275581 -1.70916,1.8553103 -0.45275581 -1.8177344,
  1.8152007 -0.45275588 -1.8837176,1.9094488 -0.66929134 -1.5944882,
  0.94196564 -0.66929134 -1.7218598,0.99112923 -0.66929134 -1.8405512,
  1.0693372 -0.66929134 -1.9424738,1.1712598 -0.66929134 -2.0206818,
  1.2899513 -0.66929134 -2.0698454,1.4173228 -0.66929134 -2.0866142,
  1.5446944 -0.66929134 -2.0698454,1.6633858 -0.66929134 -2.0206818,
  1.7653085 -0.66929134 -1.9424738,1.8435164 -0.66929134 -1.8405512,
  1.89268 -0.66929134 -1.7218598] }
 coordIndex [
  1,0,11,-1,18,11,10,-1,18,1,11,-1,19,10,9,-1,19,18,10,-1,20,9,8,-1,20,19,9,-1,21,8,7,-1,
  21,20,8,-1,22,7,6,-1,22,21,7,-1,23,5,4,-1,23,6,5,-1,23,22,6,-1,24,4,3,-1,24,23,4,-1,
  25,3,2,-1,25,24,3,-1,26,2,12,-1,26,12,16,-1,26,25,2,-1,27,16,15,-1,27,26,16,-1,28,15,14,-1,
  28,27,15,-1,17,14,13,-1,17,28,14,-1]
  normalPerVertex TRUE
  normal DEF NORM_377 Normal { vector [
  -0.99531967 8.4745686e-06 -0.096637199,-0.99316639 -0.0084331356 -0.1164019,
  0.59950448 -0.0017577166 -0.80036947,0.43695415 0.0028322992 -0.89947932,
  0.20527231 0.00052341188 -0.97870476,0.0059095847 -3.420642e-05 -0.99998254,
  -0.19796533 0.0013504375 -0.98020809,-0.43033297 0.0035343886 -0.9026633,
  -0.63883033 0.0033367408 -0.76934042,-0.80936756 0.0043241082 -0.58728651,
  -0.92186343 0.0028874736 -0.38750416,-0.98626608 -0.0025817994 -0.16514402,
  0.74234929 8.8216762e-06 -0.67001308,0.99267486 1.6651282e-06 -0.12081647,
  0.98015698 0.00077242975 -0.19822133,0.91482488 0.00092047058 -0.40384972,
  0.80301077 -0.0057726166 -0.59593656,0.99203531 -0.0027476043 -0.12593009,
  -0.96435584 -0.0084181982 -0.26447485,-0.87088295 -0.0059044993 -0.49145501,
  -0.71854104 -0.0064152344 -0.69545497,-0.51844384 -0.0044218167 -0.85510025,
  -0.28741651 -0.0024167372 -0.95780265,0.0028285674 -0.0021195328 -0.99999375,
  0.29083566 -0.001423042 -0.95677197,0.5215434 -0.0037541668 -0.85321649,
  0.71759197 -0.011042839 -0.69637621,0.86335275 -0.008779063 -0.50452448,
  0.95802856 -0.0027232789 -0.28665982] }
}
}
DEF SHAPE_378 Shape {
 appearance USE APP_2
 geometry DEF FACE_378 IndexedFaceSet {
  coord DEF COORD_378 Coordinate { point [
  1.0693373 -0.45275607 -1.2465025,1.072631 -0.18670708 -1.2081963,
  1.0737251 0.060904841 -1.1042554,1.072603 0.27435628 -0.94166987,
  1.0709081 0.42463377 -0.75341779,1.0698954 0.51884078 -0.55772345,
  1.0694334 0.56281222 -0.39039993,1.0693061 0.57773481 -0.21598091,
  1.0902568 -0.45275597 -1.2267974,1.1873864 -0.45275585 -1.1599256,
  1.297617 -0.45275581 -1.1175417,1.4144786 -0.4527558 -1.102338,
  1.5314999 -0.4527558 -1.1161728,1.6422039 -0.4527558 -1.1573198,
  1.7401121 -0.45275579 -1.2230895,1.8189711 -0.45275579 -1.3105683,
  1.8747838 -0.4527558 -1.4145952,1.9005711 -0.45275583 -1.5030085,
  1.9094485 -0.4527559 -1.5944882,1.895492 -0.45275581 -1.70916,
  1.8553103 -0.45275581 -1.8177344,1.8152007 -0.45275588 -1.8837176,
  1.7653071 -0.452756 -1.9424725,1.7653072 1.2736689 -0.21598046,
  1.765278 1.2163805 -0.65754227,1.7652835 1.0447348 -1.0750415,
  1.7652891 0.77056701 -1.4343084,1.7652946 0.41289027 -1.7099701,
  1.7653002 -0.0047184259 -1.8833558,1.7653029 -0.22638954 -1.9276712,
  1.9094486 0.92575166 -0.21598083,1.8926607 1.0531029 -0.21598083,
  1.8498096 1.1605367 -0.21598082,1.8116334 1.220148 -0.21598074,
  1.1625658 0.50485304 -0.21471634,1.2707444 0.45601377 -0.21378255,
  1.3651745 0.43640353 -0.21326863,1.4547137 0.43504868 -0.21298607,
  1.5432 0.4499964 -0.21288945,1.6180998 0.47643995 -0.21296036,
  1.6889674 0.51538913 -0.21320953,1.7783865 0.59135298 -0.21375072,
  1.846443 0.68482221 -0.21439158,1.8915342 0.79423072 -0.21511442,
  1.9049093 0.85912434 -0.21553964,1.9094482 0.92386206 -0.2881264,
  1.9094482 0.85064822 -0.66477892,1.7653073 0.57635561 -0.26991434,
  1.9094481 0.67645106 -1.0066601,1.7653073 0.52162351 -0.55148661,
  1.4173071 0.43237803 -0.26236877,1.9094481 0.41476676 -1.2872822,
  1.7653073 0.39139979 -0.80706503,1.4173071 0.3853032 -0.50454772,
  1.9094481 0.085869739 -1.4849034,1.7653073 0.19577375 -1.0168483,
  1.4173071 0.2732984 -0.7243695,1.9094481 -0.28475818 -1.5842129,
  1.7653073 -0.050098178 -1.164583,1.4173071 0.10504138 -0.90480306,
  1.7653073 -0.32716667 -1.2388233,1.4173071 -0.10643189 -1.031869,
  1.4173071 -0.34473718 -1.0957227] }
 coordIndex [
  24,32,31,-1,24,33,32,-1,24,23,33,-1,6,34,7,-1,6,35,34,-1,21,22,29,-1,20,21,29,-1,8,9,1,-1,
  0,8,1,-1,45,31,30,-1,45,44,43,-1,45,30,44,-1,45,24,31,-1,46,24,45,-1,46,25,24,-1,46,43,42,-1,
  46,45,43,-1,47,40,39,-1,47,41,40,-1,47,42,41,-1,48,25,46,-1,48,26,25,-1,49,46,42,-1,49,42,47,-1,
  49,47,39,-1,50,36,35,-1,50,37,36,-1,50,38,37,-1,50,39,38,-1,50,35,6,-1,51,27,26,-1,51,26,48,-1,
  52,46,49,-1,52,48,46,-1,53,5,4,-1,53,6,5,-1,53,52,49,-1,53,49,39,-1,53,50,6,-1,53,39,50,-1,
  54,27,51,-1,54,28,27,-1,55,48,52,-1,55,51,48,-1,56,4,3,-1,56,53,4,-1,56,52,53,-1,57,20,29,-1,
  57,16,17,-1,57,17,18,-1,57,18,19,-1,57,19,20,-1,57,29,28,-1,57,28,54,-1,58,51,55,-1,58,54,51,-1,
  59,3,2,-1,59,55,52,-1,59,56,3,-1,59,52,56,-1,60,13,14,-1,60,14,15,-1,60,15,16,-1,60,57,54,-1,
  60,54,58,-1,60,16,57,-1,61,2,1,-1,61,55,59,-1,61,58,55,-1,61,59,2,-1,62,61,1,-1,62,9,10,-1,
  62,10,11,-1,62,11,12,-1,62,12,13,-1,62,58,61,-1,62,13,60,-1,62,1,9,-1,62,60,58,-1]
  normalPerVertex TRUE
  normal DEF NORM_378 Normal { vector [
  -0.68250396 -0.095874834 0.72456633,-0.38895274 -0.19071413 0.90130122,
  -0.37163475 -0.46894194 0.80123721,-0.37532843 -0.65604581 0.65477665,
  -0.38225349 -0.79649721 0.46848102,-0.38225815 -0.86412405 0.32736576,
  -0.39792502 -0.91326632 0.087179776,-0.61495017 -0.78573363 0.066775429,
  -0.58871524 -0.095125769 0.80272377,-0.37223914 0.028446241 0.92770083,
  -0.24508915 0.076347266 0.96648973,-0.0058417685 -0.060974048 0.99812226,
  0.23421513 0.063946808 0.97007942,0.39963117 0.17853922 0.89912106,
  0.65461122 -0.036730039 0.75507288,0.8178118 0.020908939 0.57510579,
  0.90335159 0.17623855 0.39101903,0.9811676 0.039543697 0.18906728,
  0.99969549 0.0015086259 -0.024630253,0.96751754 0.094127465 -0.23462702,
  0.90987405 0.17501202 -0.37616487,0.80922747 0.06500381 -0.58388818,
  0.76156438 0.042299858 -0.64670736,0.7533843 0.65210864 -0.084654688,
  0.91758063 0.3778512 -0.12358906,0.92239684 0.33782868 -0.18723206,
  0.92227819 0.27662812 -0.26996262,0.92223883 0.19539152 -0.33361309,
  0.92378088 0.11468907 -0.36534271,0.90626698 0.12059222 -0.40513909,
  0.99801122 0.063014782 -0.0016563712,0.94819356 0.27760509 -0.15448104,
  0.89363764 0.43347014 -0.11625575,0.79800742 0.59606029 -0.088861031,
  -0.51709039 -0.85589107 -0.0082468877,-0.29657749 -0.93195998 -0.20854828,
  -0.1129779 -0.99284913 -0.038556333,0.076139302 -0.99709013 -0.0037510864,
  0.23653507 -0.93352092 -0.26942503,0.38398135 -0.91973552 0.081516207,
  0.58001808 -0.80965591 -0.08964559,0.73247416 -0.68070283 0.011192401,
  0.89601285 -0.4440234 0.0020473537,0.96804718 -0.25076423 0.0014001378,
  0.98909313 -0.13511005 -0.058651945,0.97132997 0.22312843 -0.0820475,
  0.99974085 -0.0080062173 -0.021310495,0.67054425 -0.73404378 0.10747159,
  0.9995253 0.027272426 -0.01433173,0.71177501 -0.68646825 0.14878734,
  -0.19813514 -0.97804921 0.064515196,0.99952025 0.023319568 -0.02038291,
  0.69103134 -0.59836062 0.40551234,-0.0021923191 -0.9499674 0.31234139,
  0.99950912 0.018059291 -0.025600473,0.72929728 -0.42516677 0.53605848,
  -0.084235159 -0.80949267 0.58105598,0.9947272 0.071536153 -0.073487278,
  0.72929732 -0.26093876 0.6324843,0.0050594915 -0.64580162 0.76348849,
  0.79401866 -0.05795359 0.60512457,0.0049449135 -0.41379192 0.91035806,
  0.077283892 -0.12094599 0.98964603] }
}
}
DEF SHAPE_379 Shape {
 appearance USE APP_2
 geometry DEF FACE_379 IndexedFaceSet {
  coord DEF COORD_379 Coordinate { point [
  2.3832824 1.4596877 -2.0576415,2.3081784 1.5293008 -2.0113834,
  2.2341507 1.5783747 -1.9751687,2.1663247 1.6108273 -1.9489974,
  2.0763279 1.6389395 -1.9189041,1.9458086 1.6535433 -1.8754909,
  1.9458086 1.6535433 0.11811024,2.3832825 1.4596873 0.11811024,
  2.2916658 1.541671 0.11811024,2.1850593 1.6029086 0.11811024,
  2.0680837 1.640746 0.11811024,2.3832825 1.4596874 -0.41338583] }
 coordIndex [
  11,0,1,-1,11,1,2,-1,8,7,11,-1,8,11,2,-1,9,2,3,-1,9,8,2,-1,10,3,4,-1,10,4,5,-1,
  10,9,3,-1,6,10,5,-1]
  normalPerVertex TRUE
  normal DEF NORM_379 Normal { vector [
  0.67978841 0.73340829 7.7762921e-08,0.62429431 0.78117516 0.0046890999,
  0.55148184 0.83418674 0.0005129958,0.33740616 0.9413591 0.00035905077,
  0.19014179 0.98175663 -0.00010108519,0.10772345 0.99418087 -0.00022523225,
  0.1040917 0.9945677 0,0.66684413 0.74519722 2.0944567e-07,
  0.59186225 0.8060376 -0.0015687644,0.4118003 0.91127376 0.00080842312,
  0.1999225 0.9798117 0.00017960409,0.6406023 0.76787282 0.00017138538] }
}
}
DEF SHAPE_380 Shape {
 appearance USE APP_2
 geometry DEF FACE_380 IndexedFaceSet {
  coord DEF COORD_380 Coordinate { point [
  2.97243 0.27560436 -2.7190699,2.9710648 0.28259628 -2.7207079,
  2.9687346 0.29424442 -2.7206596,2.9646667 0.31397308 -2.7187825,
  2.8646339 0.66537786 -2.6524551,2.7193936 0.9876773 -2.5119663,
  2.5620485 1.2385834 -2.3229216,2.4680853 1.3612647 -2.1937626,
  2.3832824 1.4596877 -2.0576415,2.3832825 1.4596874 -0.41338583,
  2.5171287 1.2992126 -0.41338583,2.6528572 1.1023622 -0.41338583,
  2.8302001 0.75428846 -0.41338583,2.9123536 0.52099586 -0.41338583,
  2.9724409 0.27559055 -0.41338583] }
 coordIndex [
  4,2,3,-1,14,0,1,-1,14,1,2,-1,14,2,4,-1,13,4,5,-1,13,5,6,-1,13,14,4,-1,12,6,7,-1,
  12,7,8,-1,12,13,6,-1,11,12,8,-1,10,11,8,-1,9,10,8,-1]
  normalPerVertex TRUE
  normal DEF NORM_380 Normal { vector [
  0.98146544 0.19163922 -3.5103341e-06,0.9809087 0.1944688 5.4132035e-06,
  0.96350657 0.26768196 0.0012090454,0.76273859 0.096424422 0.63947805,
  0.94994401 0.31241598 0.0016197386,0.88888171 0.45769775 0.020051853,
  0.87856257 0.47753046 0.0096155295,0.80047972 0.59795271 0.041046114,
  0.83470986 0.55057398 -0.011302379,0.7679455 0.64051519 5.1389932e-08,
  0.79828624 0.60224628 -0.006204706,0.86658721 0.49787425 -0.033879737,
  0.87661527 0.4809934 -0.013821202,0.92165805 0.38799858 0.0018807476,
  0.96675875 0.25568499 -0.0016458056] }
}
}
DEF SHAPE_381 Shape {
 appearance USE APP_2
 geometry DEF FACE_381 IndexedFaceSet {
  coord DEF COORD_381 Coordinate { point [
  -0.39370079 -0.76771654 -0.40892722,0.39370079 -0.76771654 -0.40892722,
  0.39370079 -0.57086614 -0.29527559,-0.39370079 -0.57086614 -0.29527559] }
 coordIndex [
  1,2,3,-1,1,3,0,-1]
  normalPerVertex TRUE
  normal DEF NORM_381 Normal { vector [
  0 -0.5 0.8660254,0 -0.5 0.8660254,
  0 -0.5 0.8660254,0 -0.5 0.8660254] }
}
}
DEF SHAPE_382 Shape {
 appearance USE APP_2
 geometry DEF FACE_382 IndexedFaceSet {
  coord DEF COORD_382 Coordinate { point [
  -2.2047244 -0.76771654 -2.6968504,-0.11811024 -0.76771654 -2.6968504,
  -0.11811024 -0.76771654 -0.6496063,-0.39370079 -0.76771654 -0.6496063,
  -0.39370079 -0.76771654 -0.41338583,-0.39370079 -0.76771654 -0.40892722,
  0.39370079 -0.76771654 -0.40892722,0.39370079 -0.76771654 -0.41338583,
  0.39370079 -0.76771654 -0.6496063,0.11811024 -0.76771654 -0.6496063,
  0.11811024 -0.76771654 -2.6968504,2.2047244 -0.76771654 -2.6968504,
  2.2835704 -0.76771654 -2.6879666,2.3584627 -0.76771654 -2.6617606,
  2.425646 -0.76771654 -2.6195466,2.4817513 -0.76771654 -2.5634413,
  2.5239653 -0.76771654 -2.496258,2.5501713 -0.76771654 -2.4213657,
  2.5590551 -0.76771654 -2.3425197,2.5590551 -0.76771654 -0.80708661,
  2.7952756 -0.76771654 -0.80708661,2.7952756 -0.76771654 -2.3425197,
  2.775153 -0.76771654 -2.4953656,2.7161567 -0.76771654 -2.6377953,
  2.6223072 -0.76771654 -2.7601024,2.5 -0.76771654 -2.853952,
  2.3575703 -0.76771654 -2.9129483,2.2047244 -0.76771654 -2.9330709,
  2.1653543 -0.76771654 -2.9330709,2.1653543 -0.76771654 -2.9375295,
  1.3779528 -0.76771654 -2.9375295,1.3779528 -0.76771654 -2.9330709,
  -1.3779528 -0.76771654 -2.9330709,-1.3779528 -0.76771654 -2.9375295,
  -2.1653543 -0.76771654 -2.9375295,-2.1653543 -0.76771654 -2.9330709,
  -2.2047244 -0.76771654 -2.9330709,-2.3575703 -0.76771654 -2.9129483,
  -2.5 -0.76771654 -2.853952,-2.6223072 -0.76771654 -2.7601024,
  -2.7161567 -0.76771654 -2.6377953,-2.775153 -0.76771654 -2.4953656,
  -2.7952756 -0.76771654 -2.3425197,-2.7952756 -0.76771654 -0.80708661,
  -2.5590551 -0.76771654 -0.80708661,-2.5590551 -0.76771654 -2.3425197,
  -2.5469816 -0.76771654 -2.4342272,-2.5115838 -0.76771654 -2.519685,
  -2.4552741 -0.76771654 -2.5930693,-2.3818898 -0.76771654 -2.6493791,
  -2.2964319 -0.76771654 -2.6847769] }
 coordIndex [
  48,40,39,-1,49,39,38,-1,49,48,39,-1,47,40,48,-1,50,38,37,-1,50,49,38,-1,46,41,40,-1,46,42,41,-1,
  46,40,47,-1,45,42,46,-1,0,36,35,-1,0,37,36,-1,0,50,37,-1,32,34,33,-1,32,35,34,-1,32,0,35,-1,
  44,43,42,-1,44,42,45,-1,28,30,29,-1,28,31,30,-1,2,4,3,-1,2,5,4,-1,2,1,10,-1,9,5,2,-1,
  9,2,10,-1,11,31,28,-1,11,28,27,-1,12,11,27,-1,12,27,26,-1,13,12,26,-1,13,26,25,-1,14,13,25,-1,
  24,14,25,-1,15,14,24,-1,7,9,8,-1,6,5,9,-1,6,9,7,-1,23,16,15,-1,23,15,24,-1,22,17,16,-1,
  22,16,23,-1,21,18,17,-1,21,17,22,-1,20,19,18,-1,20,18,21,-1,0,32,1,-1,10,31,11,-1,31,1,32,-1,
  31,10,1,-1]
  normalPerVertex TRUE
  normal DEF NORM_382 Normal { vector [
  0 -1 0,0 -1 0,
  0 -1 0,0 -1 0,
  0 -1 0,0 -1 0,
  0 -1 0,0 -1 0,
  0 -1 0,0 -1 0,
  0 -1 0,0 -1 0,
  0 -1 0,0 -1 0,
  0 -1 0,0 -1 0,
  0 -1 0,0 -1 0,
  0 -1 0,0 -1 0,
  0 -1 0,0 -1 0,
  0 -1 0,0 -1 0,
  0 -1 0,0 -1 0,
  0 -1 0,0 -1 0,
  0 -1 0,0 -1 0,
  0 -1 0,0 -1 0,
  0 -1 0,0 -1 0,
  0 -1 0,0 -1 0,
  0 -1 0,0 -1 0,
  0 -1 0,0 -1 0,
  0 -1 0,0 -1 0,
  0 -1 0,0 -1 0,
  0 -1 0,0 -1 0,
  0 -1 0,0 -1 0,
  0 -1 0,0 -1 0,
  0 -1 0] }
}
}
DEF SHAPE_383 Shape {
 appearance USE APP_2
 geometry DEF FACE_383 IndexedFaceSet {
  coord DEF COORD_383 Coordinate { point [
  1.3779528 -0.37401575 -2.9527559,1.3779528 -0.37401575 -2.9330709,
  2.1653543 -0.37401575 -2.9330709,2.1653543 -0.37401575 -2.9527559] }
 coordIndex [
  2,0,1,-1,2,3,0,-1]
  normalPerVertex TRUE
  normal DEF NORM_383 Normal { vector [
  0 1 0,0 1 0,
  0 1 0,0 1 0] }
}
}
DEF SHAPE_384 Shape {
 appearance USE APP_2
 geometry DEF FACE_384 IndexedFaceSet {
  coord DEF COORD_384 Coordinate { point [
  -1.3779528 -0.37401575 -2.9527559,-1.3779528 -0.37401575 -2.9330709,
  -2.1653543 -0.37401575 -2.9330709,-2.1653543 -0.37401575 -2.9527559] }
 coordIndex [
  0,2,1,-1,0,3,2,-1]
  normalPerVertex TRUE
  normal DEF NORM_384 Normal { vector [
  0 1 0,0 1 0,
  0 1 0,0 1 0] }
}
}
DEF SHAPE_385 Shape {
 appearance USE APP_2
 geometry DEF FACE_385 IndexedFaceSet {
  coord DEF COORD_385 Coordinate { point [
  -2.2440945 -0.66929134 -1.5944882,-2.2159229 -0.66929134 -1.8084724,
  -2.1333281 -0.66929134 -2.007874,-2.0019387 -0.66929134 -2.179104,
  -1.8307087 -0.66929134 -2.3104934,-1.6313071 -0.66929134 -2.3930883,
  -1.4173228 -0.66929134 -2.4212598,-1.2033386 -0.66929134 -2.3930883,
  -1.003937 -0.66929134 -2.3104934,-0.83270699 -0.66929134 -2.179104,
  -0.70131758 -0.66929134 -2.007874,-0.61872274 -0.66929134 -1.8084724,
  -0.59055118 -0.66929134 -1.5944882,-0.61872274 -0.66929134 -1.3805039,
  -0.70131758 -0.66929134 -1.1811024,-0.83270699 -0.66929134 -1.0098723,
  -1.003937 -0.66929134 -0.87848293,-1.2033386 -0.66929134 -0.7958881,
  -1.4173228 -0.66929134 -0.76771654,-1.6313071 -0.66929134 -0.7958881,
  -1.8307087 -0.66929134 -0.87848293,-2.0019387 -0.66929134 -1.0098723,
  -2.1333281 -0.66929134 -1.1811024,-2.2159229 -0.66929134 -1.3805039,
  -0.92519685 -0.66929134 -1.5944882,-0.94196564 -0.66929134 -1.4671166,
  -0.99112923 -0.66929134 -1.3484252,-1.0693372 -0.66929134 -1.2465026,
  -1.1712598 -0.66929134 -1.1682946,-1.2899513 -0.66929134 -1.119131,
  -1.4173228 -0.66929134 -1.1023622,-1.5446944 -0.66929134 -1.119131,
  -1.6633858 -0.66929134 -1.1682946,-1.7653085 -0.66929134 -1.2465026,
  -1.8435164 -0.66929134 -1.3484252,-1.89268 -0.66929134 -1.4671166,
  -1.9094488 -0.66929134 -1.5944882,-1.89268 -0.66929134 -1.7218598,
  -1.8435164 -0.66929134 -1.8405512,-1.7653085 -0.66929134 -1.9424738,
  -1.6633858 -0.66929134 -2.0206818,-1.5446944 -0.66929134 -2.0698454,
  -1.4173228 -0.66929134 -2.0866142,-1.2899513 -0.66929134 -2.0698454,
  -1.1712598 -0.66929134 -2.0206818,-1.0693372 -0.66929134 -1.9424738,
  -0.99112923 -0.66929134 -1.8405512,-0.94196564 -0.66929134 -1.7218598] }
 coordIndex [
  45,9,8,-1,45,10,9,-1,46,11,10,-1,46,10,45,-1,44,8,7,-1,44,45,8,-1,47,12,11,-1,47,11,46,-1,
  43,7,6,-1,43,44,7,-1,24,13,12,-1,24,12,47,-1,42,6,5,-1,42,43,6,-1,25,13,24,-1,41,42,5,-1,
  14,13,25,-1,4,41,5,-1,40,41,4,-1,26,14,25,-1,15,14,26,-1,3,40,4,-1,39,40,3,-1,27,15,26,-1,
  16,15,27,-1,16,27,28,-1,2,38,39,-1,2,39,3,-1,17,16,28,-1,17,28,29,-1,1,38,2,-1,1,37,38,-1,
  18,17,29,-1,18,29,30,-1,0,37,1,-1,0,36,37,-1,19,18,30,-1,19,30,31,-1,23,35,36,-1,23,36,0,-1,
  20,31,32,-1,20,19,31,-1,22,35,23,-1,22,34,35,-1,21,32,33,-1,21,33,34,-1,21,34,22,-1,21,20,32,-1]
  normalPerVertex TRUE
  normal DEF NORM_385 Normal { vector [
  0 1 0,0 1 0,
  0 1 0,0 1 0,
  0 1 0,0 1 0,
  0 1 0,0 1 0,
  0 1 0,0 1 0,
  0 1 0,0 1 0,
  0 1 0,0 1 0,
  0 1 0,0 1 0,
  0 1 0,0 1 0,
  0 1 0,0 1 0,
  0 1 0,0 1 0,
  0 1 0,0 1 0,
  0 1 0,0 1 0,
  0 1 0,0 1 0,
  0 1 0,0 1 0,
  0 1 0,0 1 0,
  0 1 0,0 1 0,
  0 1 0,0 1 0,
  0 1 0,0 1 0,
  0 1 0,0 1 0,
  0 1 0,0 1 0,
  0 1 0,0 1 0,
  0 1 0,0 1 0,
  0 1 0,0 1 0] }
}
}
DEF SHAPE_386 Shape {
 appearance USE APP_2
 geometry DEF FACE_386 IndexedFaceSet {
  coord DEF COORD_386 Coordinate { point [
  0.59055118 -0.66929134 -1.5944882,0.61872274 -0.66929134 -1.8084724,
  0.70131758 -0.66929134 -2.007874,0.83270699 -0.66929134 -2.179104,
  1.003937 -0.66929134 -2.3104934,1.2033386 -0.66929134 -2.3930883,
  1.4173228 -0.66929134 -2.4212598,1.6313071 -0.66929134 -2.3930883,
  1.8307087 -0.66929134 -2.3104934,2.0019387 -0.66929134 -2.179104,
  2.1333281 -0.66929134 -2.007874,2.2159229 -0.66929134 -1.8084724,
  2.2440945 -0.66929134 -1.5944882,2.2159229 -0.66929134 -1.3805039,
  2.1333281 -0.66929134 -1.1811024,2.0019387 -0.66929134 -1.0098723,
  1.8307087 -0.66929134 -0.87848293,1.6313071 -0.66929134 -0.7958881,
  1.4173228 -0.66929134 -0.76771654,1.2033386 -0.66929134 -0.7958881,
  1.003937 -0.66929134 -0.87848293,0.83270699 -0.66929134 -1.0098723,
  0.70131758 -0.66929134 -1.1811024,0.61872274 -0.66929134 -1.3805039,
  1.9094488 -0.66929134 -1.5944882,1.89268 -0.66929134 -1.4671166,
  1.8435164 -0.66929134 -1.3484252,1.7653085 -0.66929134 -1.2465026,
  1.6633858 -0.66929134 -1.1682946,1.5446944 -0.66929134 -1.119131,
  1.4173228 -0.66929134 -1.1023622,1.2899513 -0.66929134 -1.119131,
  1.1712598 -0.66929134 -1.1682946,1.0693372 -0.66929134 -1.2465026,
  0.99112923 -0.66929134 -1.3484252,0.94196564 -0.66929134 -1.4671166,
  0.92519685 -0.66929134 -1.5944882,0.94196564 -0.66929134 -1.7218598,
  0.99112923 -0.66929134 -1.8405512,1.0693372 -0.66929134 -1.9424738,
  1.1712598 -0.66929134 -2.0206818,1.2899513 -0.66929134 -2.0698454,
  1.4173228 -0.66929134 -2.0866142,1.5446944 -0.66929134 -2.0698454,
  1.6633858 -0.66929134 -2.0206818,1.7653085 -0.66929134 -1.9424738,
  1.8435164 -0.66929134 -1.8405512,1.89268 -0.66929134 -1.7218598] }
 coordIndex [
  45,9,8,-1,45,10,9,-1,46,11,10,-1,46,10,45,-1,44,8,7,-1,44,45,8,-1,47,12,11,-1,47,11,46,-1,
  43,7,6,-1,43,44,7,-1,24,13,12,-1,24,12,47,-1,42,6,5,-1,42,43,6,-1,41,42,5,-1,25,13,24,-1,
  4,41,5,-1,14,13,25,-1,40,41,4,-1,26,14,25,-1,15,14,26,-1,3,40,4,-1,39,40,3,-1,27,15,26,-1,
  2,38,39,-1,2,39,3,-1,16,15,27,-1,16,27,28,-1,1,38,2,-1,1,37,38,-1,17,16,28,-1,17,28,29,-1,
  18,17,29,-1,18,29,30,-1,0,37,1,-1,0,36,37,-1,19,18,30,-1,19,30,31,-1,23,35,36,-1,23,36,0,-1,
  20,31,32,-1,20,19,31,-1,22,34,35,-1,22,35,23,-1,21,34,22,-1,21,32,33,-1,21,20,32,-1,21,33,34,-1]
  normalPerVertex TRUE
  normal DEF NORM_386 Normal { vector [
  0 1 0,0 1 0,
  0 1 0,0 1 0,
  0 1 0,0 1 0,
  0 1 0,0 1 0,
  0 1 0,0 1 0,
  0 1 0,0 1 0,
  0 1 0,0 1 0,
  0 1 0,0 1 0,
  0 1 0,0 1 0,
  0 1 0,0 1 0,
  0 1 0,0 1 0,
  0 1 0,0 1 0,
  0 1 0,0 1 0,
  0 1 0,0 1 0,
  0 1 0,0 1 0,
  0 1 0,0 1 0,
  0 1 0,0 1 0,
  0 1 0,0 1 0,
  0 1 0,0 1 0,
  0 1 0,0 1 0,
  0 1 0,0 1 0,
  0 1 0,0 1 0,
  0 1 0,0 1 0,
  0 1 0,0 1 0] }
}
}
DEF SHAPE_387 Shape {
 appearance USE APP_2
 geometry DEF FACE_387 IndexedFaceSet {
  coord DEF COORD_387 Coordinate { point [
  -0.39370079 -0.37401575 -0.39370079,0.39370079 -0.37401575 -0.39370079,
  -0.39370079 -0.37401575 -0.41338583,0.39370079 -0.37401575 -0.41338583] }
 coordIndex [
  3,0,1,-1,3,2,0,-1]
  normalPerVertex TRUE
  normal DEF NORM_387 Normal { vector [
  0 1 0,0 1 0,
  0 1 0,0 1 0] }
}
}
DEF SHAPE_388 Shape {
 appearance USE APP_2
 geometry DEF FACE_388 IndexedFaceSet {
  coord DEF COORD_388 Coordinate { point [
  2.7559055 -1.7519685 -1.5944882,2.7755906 -1.7519685 -1.5944882,
  2.7755906 -1.8307087 -1.5944882,2.7559055 -1.8307087 -1.5944882] }
 coordIndex [
  0,1,2,-1,0,2,3,-1]
  normalPerVertex TRUE
  normal DEF NORM_388 Normal { vector [
  0 0 -1,0 0 -1,
  0 0 -1,0 0 -1] }
}
}
DEF SHAPE_389 Shape {
 appearance USE APP_2
 geometry DEF FACE_389 IndexedFaceSet {
  coord DEF COORD_389 Coordinate { point [
  2.5393701 -1.7519685 -1.5944882,2.5393701 -1.8307087 -1.5944882,
  2.5590551 -1.7519685 -1.5944882,2.5590551 -1.8307087 -1.5944882] }
 coordIndex [
  0,2,3,-1,0,3,1,-1]
  normalPerVertex TRUE
  normal DEF NORM_389 Normal { vector [
  0 0 -1,0 0 -1,
  0 0 -1,0 0 -1] }
}
}
DEF SHAPE_390 Shape {
 appearance USE APP_2
 geometry DEF FACE_390 IndexedFaceSet {
  coord DEF COORD_390 Coordinate { point [
  2.5393701 -1.0433071 -1.5944882,2.5393701 -1.1220472 -1.5944882,
  2.5590551 -1.0433071 -1.5944882,2.5590551 -1.1220472 -1.5944882] }
 coordIndex [
  0,2,3,-1,0,3,1,-1]
  normalPerVertex TRUE
  normal DEF NORM_390 Normal { vector [
  0 0 -1,0 0 -1,
  0 0 -1,0 0 -1] }
}
}
DEF SHAPE_391 Shape {
 appearance USE APP_3
 geometry DEF FACE_391 IndexedFaceSet {
  coord DEF COORD_391 Coordinate { point [
  2.5590551 -1.1614173 -1.5944882,2.5590551 -1.1220472 -1.5944882,
  2.5590551 -1.0433071 -1.5944882,2.5590551 -1.0433071 -2.7755906,
  2.5590551 -1.8307087 -2.7755906,2.5590551 -1.8307087 -1.5944882,
  2.5590551 -1.7519685 -1.5944882,2.5590551 -1.7125984 -1.5944882,
  2.5590551 -1.7125984 0.13711664,2.5590551 -1.7512769 0.3691874,
  2.5590551 -1.632977 0.92519685,2.5590551 -1.515748 0.92519685,
  2.5590551 -1.515748 -0.29527559,2.5590551 -1.513065 -0.31565504,
  2.5590551 -1.5051989 -0.33464567,2.5590551 -1.4926856 -0.35095329,
  2.5590551 -1.476378 -0.36346657,2.5590551 -1.4573873 -0.37133274,
  2.5590551 -1.4370079 -0.37401575,2.5590551 -1.4166284 -0.37133274,
  2.5590551 -1.3976378 -0.36346657,2.5590551 -1.3813302 -0.35095329,
  2.5590551 -1.3688169 -0.33464567,2.5590551 -1.3609507 -0.31565504,
  2.5590551 -1.3582677 -0.29527559,2.5590551 -1.3582677 0.92519685,
  2.5590551 -1.2410387 0.92519685,2.5590551 -1.1227389 0.3691874,
  2.5590551 -1.1614173 0.13711664] }
 coordIndex [
  6,4,5,-1,7,4,6,-1,0,3,4,-1,0,4,7,-1,1,3,0,-1,2,3,1,-1,17,7,16,-1,18,0,7,-1,
  18,7,17,-1,19,0,18,-1,20,0,19,-1,8,12,13,-1,28,23,24,-1,11,9,10,-1,26,27,25,-1,7,8,13,-1,
  7,13,14,-1,7,14,15,-1,7,15,16,-1,11,12,8,-1,11,8,9,-1,24,25,28,-1,28,25,27,-1,28,0,23,-1,
  23,0,22,-1,22,0,21,-1,21,0,20,-1]
  normalPerVertex TRUE
  normal DEF NORM_391 Normal { vector [
  -1 0 0,-1 0 0,
  -1 0 0,-1 0 0,
  -1 0 0,-1 0 0,
  -1 0 0,-1 0 0,
  -1 0 0,-1 0 0,
  -1 0 0,-1 0 0,
  -1 0 0,-1 0 0,
  -1 0 0,-1 0 0,
  -1 0 0,-1 0 0,
  -1 0 0,-1 0 0,
  -1 0 0,-1 0 0,
  -1 0 0,-1 0 0,
  -1 0 0,-1 0 0,
  -1 0 0,-1 0 0,
  -1 0 0] }
}
}
DEF SHAPE_392 Shape {
 appearance USE APP_3
 geometry DEF FACE_392 IndexedFaceSet {
  coord DEF COORD_392 Coordinate { point [
  2.5590551 -1.8307087 -2.7755906,2.7559055 -1.8307087 -2.7755906,
  2.5590551 -1.0433071 -2.7755906,2.7559055 -1.0433071 -2.7755906] }
 coordIndex [
  2,1,0,-1,2,3,1,-1]
  normalPerVertex TRUE
  normal DEF NORM_392 Normal { vector [
  0 0 -1,0 0 -1,
  0 0 -1,0 0 -1] }
}
}
DEF SHAPE_393 Shape {
 appearance USE APP_3
 geometry DEF FACE_393 IndexedFaceSet {
  coord DEF COORD_393 Coordinate { point [
  2.7559055 -1.7519685 -1.5944882,2.7559055 -1.8307087 -1.5944882,
  2.7559055 -1.8307087 -2.7755906,2.7559055 -1.0433071 -2.7755906,
  2.7559055 -1.0433071 -1.5944882,2.7559055 -1.1220472 -1.5944882,
  2.7559055 -1.1614173 -1.5944882,2.7559055 -1.1614173 0.13711664,
  2.7559055 -1.1227389 0.3691874,2.7559055 -1.2410387 0.92519685,
  2.7559055 -1.3582677 0.92519685,2.7559055 -1.3582677 -0.29527559,
  2.7559055 -1.3609507 -0.31565504,2.7559055 -1.3688169 -0.33464567,
  2.7559055 -1.3813302 -0.35095329,2.7559055 -1.3976378 -0.36346657,
  2.7559055 -1.4166284 -0.37133274,2.7559055 -1.4370079 -0.37401575,
  2.7559055 -1.4573873 -0.37133274,2.7559055 -1.476378 -0.36346657,
  2.7559055 -1.4926856 -0.35095329,2.7559055 -1.5051989 -0.33464567,
  2.7559055 -1.513065 -0.31565504,2.7559055 -1.515748 -0.29527559,
  2.7559055 -1.515748 0.92519685,2.7559055 -1.632977 0.92519685,
  2.7559055 -1.7512769 0.3691874,2.7559055 -1.7125984 0.13711664,
  2.7559055 -1.7125984 -1.5944882] }
 coordIndex [
  26,24,25,-1,8,9,10,-1,22,23,27,-1,12,7,11,-1,28,17,18,-1,28,18,19,-1,6,15,16,-1,6,16,17,-1,
  6,17,28,-1,2,0,1,-1,2,28,0,-1,3,4,5,-1,3,5,6,-1,3,28,2,-1,3,6,28,-1,6,7,12,-1,
  6,12,13,-1,6,13,14,-1,6,14,15,-1,10,11,7,-1,10,7,8,-1,23,24,27,-1,27,24,26,-1,27,28,22,-1,
  22,28,21,-1,21,28,20,-1,20,28,19,-1]
  normalPerVertex TRUE
  normal DEF NORM_393 Normal { vector [
  1 0 0,1 0 0,
  1 0 0,1 0 0,
  1 0 0,1 0 0,
  1 0 0,1 0 0,
  1 0 0,1 0 0,
  1 0 0,1 0 0,
  1 0 0,1 0 0,
  1 0 0,1 0 0,
  1 0 0,1 0 0,
  1 0 0,1 0 0,
  1 0 0,1 0 0,
  1 0 0,1 0 0,
  1 0 0,1 0 0,
  1 0 0,1 0 0,
  1 0 0] }
}
}
DEF SHAPE_394 Shape {
 appearance USE APP_2
 geometry DEF FACE_394 IndexedFaceSet {
  coord DEF COORD_394 Coordinate { point [
  2.7559055 -1.0433071 -1.5944882,2.7755906 -1.0433071 -1.5944882,
  2.7755906 -1.1220472 -1.5944882,2.7559055 -1.1220472 -1.5944882] }
 coordIndex [
  0,1,2,-1,0,2,3,-1]
  normalPerVertex TRUE
  normal DEF NORM_394 Normal { vector [
  0 0 -1,0 0 -1,
  0 0 -1,0 0 -1] }
}
}
DEF SHAPE_395 Shape {
 appearance USE APP_2
 geometry DEF FACE_395 IndexedFaceSet {
  coord DEF COORD_395 Coordinate { point [
  2.7755906 -1.2401575 -3.052732,2.7755906 -1.0433071 -3.052732,
  2.8573361 -1.2401575 -3.1344775,2.8573361 -1.0433071 -3.1344775] }
 coordIndex [
  3,0,1,-1,3,2,0,-1]
  normalPerVertex TRUE
  normal DEF NORM_395 Normal { vector [
  -0.70710678 0 -0.70710678,-0.70710678 0 -0.70710678,
  -0.70710678 0 -0.70710678,-0.70710678 0 -0.70710678] }
}
}
DEF SHAPE_396 Shape {
 appearance USE APP_2
 geometry DEF FACE_396 IndexedFaceSet {
  coord DEF COORD_396 Coordinate { point [
  2.8149606 -0.039370079 -2.3622047,2.8149606 -0.039370079 -0.39370079,
  2.8740157 0.019685039 -0.39370079,2.8740157 0.019685039 -2.3622047] }
 coordIndex [
  2,3,0,-1,1,2,0,-1]
  normalPerVertex TRUE
  normal DEF NORM_396 Normal { vector [
  -0.70710678 0.70710678 0,-0.70710678 0.70710678 0,
  -0.70710678 0.70710678 0,-0.70710678 0.70710678 0] }
}
}
DEF SHAPE_397 Shape {
 appearance USE APP_2
 geometry DEF FACE_397 IndexedFaceSet {
  coord DEF COORD_397 Coordinate { point [
  2.8740157 0.019685039 -2.3622047,2.8149606 -0.039370079 -2.3622047,
  2.2244094 -0.039370079 -2.9527559,2.3772553 -0.039370079 -2.9326334,
  2.519685 -0.039370079 -2.873637,2.6419922 -0.039370079 -2.7797875,
  2.7358418 -0.039370079 -2.6574803,2.7948381 -0.039370079 -2.5150506,
  2.2244094 0.019685039 -3.011811,2.3925399 0.019685039 -2.9896762,
  2.5492126 0.019685039 -2.9247803,2.6837505 0.019685039 -2.8215457,
  2.786985 0.019685039 -2.6870079,2.851881 0.019685039 -2.5303352] }
 coordIndex [
  13,1,0,-1,13,7,1,-1,12,6,7,-1,12,7,13,-1,11,5,6,-1,11,6,12,-1,10,4,5,-1,10,5,11,-1,
  9,3,4,-1,9,4,10,-1,8,2,3,-1,8,3,9,-1]
  normalPerVertex TRUE
  normal DEF NORM_397 Normal { vector [
  -0.70406259 0.70406259 0.092691599,-0.70406259 0.70406259 0.092691599,
  -0.092691599 0.70406259 0.70406259,-0.15102312 0.70672131 0.69118522,
  -0.32476903 0.70672131 0.62854599,-0.47638246 0.70672131 0.5230724,
  -0.59553122 0.70672131 0.38195229,-0.67409552 0.70672131 0.21480275,
  -0.092691599 0.70406259 0.70406259,-0.21102353 0.70680776 0.67519765,
  -0.37858709 0.70680776 0.59757394,-0.52035056 0.70680776 0.47922655,
  -0.626653 0.70680776 0.32822067,-0.69025008 0.70680776 0.15484709] }
}
}
DEF SHAPE_398 Shape {
 appearance USE APP_2
 geometry DEF FACE_398 IndexedFaceSet {
  coord DEF COORD_398 Coordinate { point [
  -2.2244094 -0.039370079 -2.9527559,2.2244094 -0.039370079 -2.9527559,
  2.2244094 0.019685039 -3.011811,-2.2244094 0.019685039 -3.011811] }
 coordIndex [
  2,3,0,-1,1,2,0,-1]
  normalPerVertex TRUE
  normal DEF NORM_398 Normal { vector [
  0 0.70710678 0.70710678,0 0.70710678 0.70710678,
  0 0.70710678 0.70710678,0 0.70710678 0.70710678] }
}
}
DEF SHAPE_399 Shape {
 appearance USE APP_2
 geometry DEF FACE_399 IndexedFaceSet {
  coord DEF COORD_399 Coordinate { point [
  -2.2244094 0.019685039 -3.011811,-2.2244094 -0.039370079 -2.9527559,
  -2.8149606 -0.039370079 -2.3622047,-2.7948381 -0.039370079 -2.5150506,
  -2.7358418 -0.039370079 -2.6574803,-2.6419922 -0.039370079 -2.7797875,
  -2.519685 -0.039370079 -2.873637,-2.3772553 -0.039370079 -2.9326334,
  -2.8740157 0.019685039 -2.3622047,-2.851881 0.019685039 -2.5303352,
  -2.786985 0.019685039 -2.6870079,-2.6837505 0.019685039 -2.8215457,
  -2.5492126 0.019685039 -2.9247803,-2.3925399 0.019685039 -2.9896762] }
 coordIndex [
  13,1,0,-1,13,7,1,-1,12,6,7,-1,12,7,13,-1,11,5,6,-1,11,6,12,-1,10,4,5,-1,10,5,11,-1,
  9,3,4,-1,9,4,10,-1,8,2,3,-1,8,3,9,-1]
  normalPerVertex TRUE
  normal DEF NORM_399 Normal { vector [
  0.092691599 0.70406259 0.70406259,0.092691599 0.70406259 0.70406259,
  0.70406259 0.70406259 0.092691599,0.69118522 0.70672131 0.15102312,
  0.62854599 0.70672131 0.32476903,0.5230724 0.70672131 0.47638246,
  0.38195229 0.70672131 0.59553122,0.21480275 0.70672131 0.67409552,
  0.70406259 0.70406259 0.092691599,0.67519765 0.70680776 0.21102353,
  0.59757394 0.70680776 0.37858709,0.47922655 0.70680776 0.52035056,
  0.32822067 0.70680776 0.626653,0.15484709 0.70680776 0.69025008] }
}
}
DEF SHAPE_400 Shape {
 appearance USE APP_2
 geometry DEF FACE_400 IndexedFaceSet {
  coord DEF COORD_400 Coordinate { point [
  -2.8149606 -0.039370079 -0.39370079,-2.8149606 -0.039370079 -2.3622047,
  -2.8740157 0.019685039 -2.3622047,-2.8740157 0.019685039 -0.39370079] }
 coordIndex [
  3,0,1,-1,3,1,2,-1]
  normalPerVertex TRUE
  normal DEF NORM_400 Normal { vector [
  0.70710678 0.70710678 0,0.70710678 0.70710678 0,
  0.70710678 0.70710678 0,0.70710678 0.70710678 0] }
}
}
DEF SHAPE_401 Shape {
 appearance USE APP_2
 geometry DEF FACE_401 IndexedFaceSet {
  coord DEF COORD_401 Coordinate { point [
  -2.5590551 -1.0433071 -1.5944882,-2.5393701 -1.0433071 -1.5944882,
  -2.5393701 -1.1220472 -1.5944882,-2.5590551 -1.1220472 -1.5944882] }
 coordIndex [
  0,1,2,-1,0,2,3,-1]
  normalPerVertex TRUE
  normal DEF NORM_401 Normal { vector [
  0 0 -1,0 0 -1,
  0 0 -1,0 0 -1] }
}
}
DEF SHAPE_402 Shape {
 appearance USE APP_2
 geometry DEF FACE_402 IndexedFaceSet {
  coord DEF COORD_402 Coordinate { point [
  -2.8706907 -1.0433071 -3.1262463,-2.8706907 -1.2401575 -3.1262463,
  -2.7755906 -1.2401575 -3.0766508,-2.7755906 -1.0433071 -3.0766508] }
 coordIndex [
  3,1,0,-1,3,2,1,-1]
  normalPerVertex TRUE
  normal DEF NORM_402 Normal { vector [
  0.46240484 0 -0.88666891,0.46240484 0 -0.88666891,
  0.46240484 0 -0.88666891,0.46240484 0 -0.88666891] }
}
}
DEF SHAPE_403 Shape {
 appearance USE APP_2
 geometry DEF FACE_403 IndexedFaceSet {
  coord DEF COORD_403 Coordinate { point [
  -2.7755906 -1.1220472 -1.5944882,-2.7559055 -1.1220472 -1.5944882,
  -2.7755906 -1.0433071 -1.5944882,-2.7559055 -1.0433071 -1.5944882] }
 coordIndex [
  2,1,0,-1,2,3,1,-1]
  normalPerVertex TRUE
  normal DEF NORM_403 Normal { vector [
  0 0 -1,0 0 -1,
  0 0 -1,0 0 -1] }
}
}
DEF SHAPE_404 Shape {
 appearance USE APP_2
 geometry DEF FACE_404 IndexedFaceSet {
  coord DEF COORD_404 Coordinate { point [
  -2.5393701 -1.7519685 -1.5944882,-2.5590551 -1.7519685 -1.5944882,
  -2.5393701 -1.8307087 -1.5944882,-2.5590551 -1.8307087 -1.5944882] }
 coordIndex [
  1,0,2,-1,1,2,3,-1]
  normalPerVertex TRUE
  normal DEF NORM_404 Normal { vector [
  0 0 -1,0 0 -1,
  0 0 -1,0 0 -1] }
}
}
DEF SHAPE_405 Shape {
 appearance USE APP_3
 geometry DEF FACE_405 IndexedFaceSet {
  coord DEF COORD_405 Coordinate { point [
  -2.5590551 -1.8307087 -2.7755906,-2.5590551 -1.8307087 -1.5944882,
  -2.5590551 -1.0433071 -2.7755906,-2.5590551 -1.0433071 -1.5944882,
  -2.5590551 -1.1220472 -1.5944882,-2.5590551 -1.1614173 -1.5944882,
  -2.5590551 -1.1614173 0.13711664,-2.5590551 -1.1227389 0.3691874,
  -2.5590551 -1.2410387 0.92519685,-2.5590551 -1.3582677 0.92519685,
  -2.5590551 -1.3582677 -0.29527559,-2.5590551 -1.3609507 -0.31565504,
  -2.5590551 -1.3688169 -0.33464567,-2.5590551 -1.3813302 -0.35095329,
  -2.5590551 -1.3976378 -0.36346657,-2.5590551 -1.4166284 -0.37133274,
  -2.5590551 -1.4370079 -0.37401575,-2.5590551 -1.4573873 -0.37133274,
  -2.5590551 -1.476378 -0.36346657,-2.5590551 -1.4926856 -0.35095329,
  -2.5590551 -1.5051989 -0.33464567,-2.5590551 -1.513065 -0.31565504,
  -2.5590551 -1.515748 -0.29527559,-2.5590551 -1.515748 0.92519685,
  -2.5590551 -1.632977 0.92519685,-2.5590551 -1.7512769 0.3691874,
  -2.5590551 -1.7125984 0.13711664,-2.5590551 -1.7125984 -1.5944882,
  -2.5590551 -1.7519685 -1.5944882] }
 coordIndex [
  25,23,24,-1,7,8,9,-1,21,22,26,-1,11,6,10,-1,27,16,17,-1,27,17,18,-1,5,14,15,-1,5,15,16,-1,
  5,16,27,-1,0,27,28,-1,0,28,1,-1,2,3,4,-1,2,4,5,-1,2,27,0,-1,2,5,27,-1,5,6,11,-1,
  5,11,12,-1,5,12,13,-1,5,13,14,-1,9,10,6,-1,9,6,7,-1,22,23,26,-1,26,23,25,-1,26,27,21,-1,
  21,27,20,-1,20,27,19,-1,19,27,18,-1]
  normalPerVertex TRUE
  normal DEF NORM_405 Normal { vector [
  1 0 0,1 0 0,
  1 0 0,1 0 0,
  1 0 0,1 0 0,
  1 0 0,1 0 0,
  1 0 0,1 0 0,
  1 0 0,1 0 0,
  1 0 0,1 0 0,
  1 0 0,1 0 0,
  1 0 0,1 0 0,
  1 0 0,1 0 0,
  1 0 0,1 0 0,
  1 0 0,1 0 0,
  1 0 0,1 0 0,
  1 0 0,1 0 0,
  1 0 0] }
}
}
DEF SHAPE_406 Shape {
 appearance USE APP_3
 geometry DEF FACE_406 IndexedFaceSet {
  coord DEF COORD_406 Coordinate { point [
  -2.7559055 -1.8307087 -2.7755906,-2.5590551 -1.8307087 -2.7755906,
  -2.7559055 -1.0433071 -2.7755906,-2.5590551 -1.0433071 -2.7755906] }
 coordIndex [
  2,1,0,-1,2,3,1,-1]
  normalPerVertex TRUE
  normal DEF NORM_406 Normal { vector [
  0 0 -1,0 0 -1,
  0 0 -1,0 0 -1] }
}
}
DEF SHAPE_407 Shape {
 appearance USE APP_3
 geometry DEF FACE_407 IndexedFaceSet {
  coord DEF COORD_407 Coordinate { point [
  -2.7559055 -1.1614173 -1.5944882,-2.7559055 -1.1220472 -1.5944882,
  -2.7559055 -1.0433071 -1.5944882,-2.7559055 -1.0433071 -2.7755906,
  -2.7559055 -1.8307087 -2.7755906,-2.7559055 -1.8307087 -1.5944882,
  -2.7559055 -1.7519685 -1.5944882,-2.7559055 -1.7125984 -1.5944882,
  -2.7559055 -1.7125984 0.13711664,-2.7559055 -1.7512769 0.3691874,
  -2.7559055 -1.632977 0.92519685,-2.7559055 -1.515748 0.92519685,
  -2.7559055 -1.515748 -0.29527559,-2.7559055 -1.513065 -0.31565504,
  -2.7559055 -1.5051989 -0.33464567,-2.7559055 -1.4926856 -0.35095329,
  -2.7559055 -1.476378 -0.36346657,-2.7559055 -1.4573873 -0.37133274,
  -2.7559055 -1.4370079 -0.37401575,-2.7559055 -1.4166284 -0.37133274,
  -2.7559055 -1.3976378 -0.36346657,-2.7559055 -1.3813302 -0.35095329,
  -2.7559055 -1.3688169 -0.33464567,-2.7559055 -1.3609507 -0.31565504,
  -2.7559055 -1.3582677 -0.29527559,-2.7559055 -1.3582677 0.92519685,
  -2.7559055 -1.2410387 0.92519685,-2.7559055 -1.1227389 0.3691874,
  -2.7559055 -1.1614173 0.13711664] }
 coordIndex [
  6,4,5,-1,7,4,6,-1,0,3,4,-1,0,4,7,-1,1,3,0,-1,2,3,1,-1,17,7,16,-1,18,0,7,-1,
  18,7,17,-1,19,0,18,-1,20,0,19,-1,8,12,13,-1,28,23,24,-1,11,9,10,-1,26,27,25,-1,7,8,13,-1,
  7,13,14,-1,7,14,15,-1,7,15,16,-1,11,12,8,-1,11,8,9,-1,24,25,28,-1,28,25,27,-1,28,0,23,-1,
  23,0,22,-1,22,0,21,-1,21,0,20,-1]
  normalPerVertex TRUE
  normal DEF NORM_407 Normal { vector [
  -1 0 0,-1 0 0,
  -1 0 0,-1 0 0,
  -1 0 0,-1 0 0,
  -1 0 0,-1 0 0,
  -1 0 0,-1 0 0,
  -1 0 0,-1 0 0,
  -1 0 0,-1 0 0,
  -1 0 0,-1 0 0,
  -1 0 0,-1 0 0,
  -1 0 0,-1 0 0,
  -1 0 0,-1 0 0,
  -1 0 0,-1 0 0,
  -1 0 0,-1 0 0,
  -1 0 0,-1 0 0,
  -1 0 0] }
}
}
DEF SHAPE_408 Shape {
 appearance USE APP_2
 geometry DEF FACE_408 IndexedFaceSet {
  coord DEF COORD_408 Coordinate { point [
  -2.7559055 -1.8307087 -1.5944882,-2.7755906 -1.8307087 -1.5944882,
  -2.7755906 -1.7519685 -1.5944882,-2.7559055 -1.7519685 -1.5944882] }
 coordIndex [
  2,0,1,-1,2,3,0,-1]
  normalPerVertex TRUE
  normal DEF NORM_408 Normal { vector [
  0 0 -1,0 0 -1,
  0 0 -1,0 0 -1] }
}
}
DEF SHAPE_409 Shape {
 appearance USE APP_2
 geometry DEF FACE_409 IndexedFaceSet {
  coord DEF COORD_409 Coordinate { point [
  2.1653543 -0.37401575 -3.0511811,2.1653543 -0.37401575 -2.9527559,
  2.1653543 -0.37401575 -2.9330709,2.1653543 -0.76771654 -2.9330709,
  2.1653543 -0.76771654 -2.9375295,2.1653543 -0.57086614 -3.0511811] }
 coordIndex [
  5,3,4,-1,2,3,5,-1,1,2,5,-1,0,1,5,-1]
  normalPerVertex TRUE
  normal DEF NORM_409 Normal { vector [
  1 0 0,1 0 0,
  1 0 0,1 0 0,
  1 0 0,1 0 0] }
}
}
DEF SHAPE_410 Shape {
 appearance USE APP_2
 geometry DEF FACE_410 IndexedFaceSet {
  coord DEF COORD_410 Coordinate { point [
  1.3779528 -0.76771654 -2.9375295,1.3779528 -0.76771654 -2.9330709,
  1.3779528 -0.37401575 -2.9330709,1.3779528 -0.37401575 -2.9527559,
  1.3779528 -0.37401575 -3.0511811,1.3779528 -0.57086614 -3.0511811] }
 coordIndex [
  5,0,1,-1,3,4,5,-1,2,5,1,-1,2,3,5,-1]
  normalPerVertex TRUE
  normal DEF NORM_410 Normal { vector [
  -1 0 0,-1 0 0,
  -1 0 0,-1 0 0,
  -1 0 0,-1 0 0] }
}
}
DEF SHAPE_411 Shape {
 appearance USE APP_2
 geometry DEF FACE_411 IndexedFaceSet {
  coord DEF COORD_411 Coordinate { point [
  1.3779528 -0.37401575 -3.0511811,1.3779528 -0.57086614 -3.0511811,
  2.1653543 -0.57086614 -3.0511811,2.1653543 -0.37401575 -3.0511811] }
 coordIndex [
  2,1,0,-1,3,2,0,-1]
  normalPerVertex TRUE
  normal DEF NORM_411 Normal { vector [
  0 0 -1,0 0 -1,
  0 0 -1,0 0 -1] }
}
}
DEF SHAPE_412 Shape {
 appearance USE APP_2
 geometry DEF FACE_412 IndexedFaceSet {
  coord DEF COORD_412 Coordinate { point [
  -2.1653543 -0.37401575 -3.0511811,-2.1653543 -0.57086614 -3.0511811,
  -1.3779528 -0.57086614 -3.0511811,-1.3779528 -0.37401575 -3.0511811] }
 coordIndex [
  3,1,0,-1,3,2,1,-1]
  normalPerVertex TRUE
  normal DEF NORM_412 Normal { vector [
  0 0 -1,0 0 -1,
  0 0 -1,0 0 -1] }
}
}
DEF SHAPE_413 Shape {
 appearance USE APP_2
 geometry DEF FACE_413 IndexedFaceSet {
  coord DEF COORD_413 Coordinate { point [
  -1.3779528 -0.57086614 -3.0511811,-1.3779528 -0.37401575 -3.0511811,
  -1.3779528 -0.76771654 -2.9375295,-1.3779528 -0.76771654 -2.9330709,
  -1.3779528 -0.37401575 -2.9330709,-1.3779528 -0.37401575 -2.9527559] }
 coordIndex [
  0,3,2,-1,5,0,1,-1,4,3,0,-1,4,0,5,-1]
  normalPerVertex TRUE
  normal DEF NORM_413 Normal { vector [
  1 0 0,1 0 0,
  1 0 0,1 0 0,
  1 0 0,1 0 0] }
}
}
DEF SHAPE_414 Shape {
 appearance USE APP_2
 geometry DEF FACE_414 IndexedFaceSet {
  coord DEF COORD_414 Coordinate { point [
  -2.1653543 -0.76771654 -2.9330709,-2.1653543 -0.76771654 -2.9375295,
  -2.1653543 -0.57086614 -3.0511811,-2.1653543 -0.37401575 -3.0511811,
  -2.1653543 -0.37401575 -2.9527559,-2.1653543 -0.37401575 -2.9330709] }
 coordIndex [
  2,1,0,-1,5,2,0,-1,4,2,5,-1,3,2,4,-1]
  normalPerVertex TRUE
  normal DEF NORM_414 Normal { vector [
  -1 0 0,-1 0 0,
  -1 0 0,-1 0 0,
  -1 0 0,-1 0 0] }
}
}
DEF SHAPE_415 Shape {
 appearance USE APP_2
 geometry DEF FACE_415 IndexedFaceSet {
  coord DEF COORD_415 Coordinate { point [
  1.8700787 -1.6929134 -3.1496063,1.8633712 -1.743862 -3.1496063,
  1.8437058 -1.7913386 -3.1496063,1.8124226 -1.8321076 -3.1496063,
  1.7716535 -1.8633908 -3.1496063,1.724177 -1.8830563 -3.1496063,
  1.6732283 -1.8897638 -3.1496063,-1.6732283 -1.8897638 -3.1496063,
  -1.724177 -1.8830563 -3.1496063,-1.7716535 -1.8633908 -3.1496063,
  -1.8124226 -1.8321076 -3.1496063,-1.8437058 -1.7913386 -3.1496063,
  -1.8633712 -1.743862 -3.1496063,-1.8700787 -1.6929134 -3.1496063,
  -1.8700787 -1.1811024 -3.1496063,-1.8633712 -1.1301537 -3.1496063,
  -1.8437058 -1.0826772 -3.1496063,-1.8124226 -1.0419081 -3.1496063,
  -1.7716535 -1.0106249 -3.1496063,-1.724177 -0.99095948 -3.1496063,
  -1.6732283 -0.98425197 -3.1496063,1.6732283 -0.98425197 -3.1496063,
  1.724177 -0.99095948 -3.1496063,1.7716535 -1.0106249 -3.1496063,
  1.8124226 -1.0419081 -3.1496063,1.8437058 -1.0826772 -3.1496063,
  1.8633712 -1.1301537 -3.1496063,1.8700787 -1.1811024 -3.1496063,
  -1.1139508 -1.1071362 -3.1496063,-1.1139508 -1.5779688 -3.1496063,
  -0.93407015 -1.5779688 -3.1496063,-0.93407015 -1.1071362 -3.1496063,
  -0.61188309 -1.5779688 -3.1496063,-0.58121555 -1.575839 -3.1496063,
  -0.55113685 -1.5694902 -3.1496063,-0.52222456 -1.5590445 -3.1496063,
  -0.50410228 -1.5455005 -3.1496063,-0.49008592 -1.5277411 -3.1496063,
  -0.48112373 -1.5069677 -3.1496063,-0.47768618 -1.4956961 -3.1496063,
  -0.47498887 -1.4842248 -3.1496063,-0.47304323 -1.4726024 -3.1496063,
  -0.47117223 -1.4577125 -3.1496063,-0.46973482 -1.4427745 -3.1496063,
  -0.46873222 -1.427801 -3.1496063,-0.46873222 -1.1071362 -3.1496063,
  -0.65108431 -1.1071362 -3.1496063,-0.65108431 -1.5779688 -3.1496063,
  -0.1922213 -1.1071362 -3.1496063,-0.21831666 -1.1089074 -3.1496063,
  -0.24404545 -1.1136122 -3.1496063,-0.26907896 -1.1211903 -3.1496063,
  -0.28635241 -1.1301613 -3.1496063,-0.30237373 -1.1412142 -3.1496063,
  -0.3168933 -1.154177 -3.1496063,-0.33491836 -1.185748 -3.1496063,
  -0.34424282 -1.2208861 -3.1496063,-0.34424282 -1.2572403 -3.1496063,
  -0.33491836 -1.2923784 -3.1496063,-0.3168933 -1.3239494 -3.1496063,
  -0.30237373 -1.3369122 -3.1496063,-0.28635241 -1.3479651 -3.1496063,
  -0.26907896 -1.3569361 -3.1496063,-0.24404545 -1.3645143 -3.1496063,
  -0.21831666 -1.369219 -3.1496063,-0.1922213 -1.3709902 -3.1496063,
  -0.15640959 -1.3709902 -3.1496063,-0.16834619 -1.3712028 -3.1496063,
  -0.18028469 -1.3712028 -3.1496063,-0.15640959 -1.1071362 -3.1496063,
  0.21470593 -1.1071362 -3.1496063,0.21470593 -1.3145743 -3.1496063,
  0.40778372 -1.1071362 -3.1496063,0.54513499 -1.3795184 -3.1496063,
  0.35638811 -1.5779688 -3.1496063,0.54513499 -1.5779688 -3.1496063,
  0.91010276 -1.1596046 -3.1496063,0.71225974 -1.376401 -3.1496063,
  0.69936601 -1.396078 -3.1496063,0.70306892 -1.3891417 -3.1496063,
  0.70737839 -1.3825651 -3.1496063,0.69170724 -1.4255858 -3.1496063,
  0.68983554 -1.4560139 -3.1496063,0.69382005 -1.4862379 -3.1496063,
  0.70188206 -1.5104455 -3.1496063,0.71512898 -1.532252 -3.1496063,
  0.73289648 -1.5505638 -3.1496063,0.75984932 -1.5672559 -3.1496063,
  0.79014619 -1.576593 -3.1496063,0.82181936 -1.5779688 -3.1496063,
  0.81579592 -1.5738597 -3.1496063,0.81101069 -1.568358 -3.1496063,
  0.80777619 -1.5618232 -3.1496063,0.80630367 -1.5546819 -3.1496063,
  0.80668931 -1.5474005 -3.1496063,0.80924071 -1.5393205 -3.1496063,
  0.81336061 -1.5319163 -3.1496063,0.81888163 -1.5254886 -3.1496063,
  1.0283522 -1.3055376 -3.1496063,1.0412454 -1.2880945 -3.1496063,
  1.0520462 -1.2692838 -3.1496063,1.060611 -1.2493553 -3.1496063,
  1.0636208 -1.2383144 -3.1496063,1.0654404 -1.2270161 -3.1496063,
  1.0660492 -1.2155885 -3.1496063,1.0658849 -1.2096455 -3.1496063,
  1.0653924 -1.2037207 -3.1496063,1.0645733 -1.1978321 -3.1496063,
  1.0597082 -1.1776654 -3.1496063,1.0509539 -1.1588578 -3.1496063,
  1.0386556 -1.1421511 -3.1496063,1.0178093 -1.1266258 -3.1496063,
  0.99416173 -1.115837 -3.1496063,0.96877288 -1.1102683 -3.1496063,
  0.95872822 -1.1087235 -3.1496063,0.9486193 -1.1076786 -3.1496063,
  0.93847102 -1.1071362 -3.1496063,0.90758898 -1.1071362 -3.1496063,
  0.91322287 -1.1121294 -3.1496063,0.91782115 -1.11809 -3.1496063,
  0.92122087 -1.1248068 -3.1496063,0.92140262 -1.1265802 -3.1496063,
  0.92151179 -1.1283596 -3.1496063,0.9215482 -1.130142 -3.1496063,
  0.92022341 -1.1408136 -3.1496063,0.91632946 -1.1508373 -3.1496063,
  1.7087352 -1.5309188 -3.1496063,1.7006135 -1.4692282 -3.1496063,
  1.6768018 -1.4117416 -3.1496063,1.6389229 -1.3623768 -3.1496063,
  1.5895581 -1.3244979 -3.1496063,1.5320715 -1.3006862 -3.1496063,
  1.4703809 -1.2925645 -3.1496063,1.4086903 -1.3006862 -3.1496063,
  1.3512038 -1.3244979 -3.1496063,1.301839 -1.3623768 -3.1496063,
  1.26396 -1.4117416 -3.1496063,1.2401483 -1.4692282 -3.1496063,
  1.2320266 -1.5309188 -3.1496063,1.2401483 -1.5926094 -3.1496063,
  1.26396 -1.650096 -3.1496063,1.301839 -1.6994608 -3.1496063,
  1.3512038 -1.7373397 -3.1496063,1.4086903 -1.7611514 -3.1496063,
  1.4703809 -1.7692731 -3.1496063,1.5320715 -1.7611514 -3.1496063,
  1.5895581 -1.7373397 -3.1496063,1.6389229 -1.6994608 -3.1496063,
  1.6768018 -1.650096 -3.1496063,1.7006135 -1.5926094 -3.1496063,
  0.83960529 -1.5779688 -3.1496063,1.0283522 -1.5779688 -3.1496063,
  1.0283522 -1.3795184 -3.1496063,0.69792311 -1.3145743 -3.1496063,
  0.8910009 -1.1071362 -3.1496063,0.69792311 -1.1071362 -3.1496063,
  0.57739383 -1.2493553 -3.1496063,0.58040361 -1.2383144 -3.1496063,
  0.58222321 -1.2270161 -3.1496063,0.58283205 -1.2155885 -3.1496063,
  0.58266772 -1.2096455 -3.1496063,0.58217526 -1.2037207 -3.1496063,
  0.58135615 -1.1978321 -3.1496063,0.57649106 -1.1776654 -3.1496063,
  0.56773672 -1.1588578 -3.1496063,0.5554384 -1.1421511 -3.1496063,
  0.53459209 -1.1266258 -3.1496063,0.51094456 -1.115837 -3.1496063,
  0.48555571 -1.1102683 -3.1496063,0.47551104 -1.1087235 -3.1496063,
  0.46540213 -1.1076786 -3.1496063,0.45525384 -1.1071362 -3.1496063,
  0.4243718 -1.1071362 -3.1496063,0.4300057 -1.1121294 -3.1496063,
  0.43460398 -1.11809 -3.1496063,0.4380037 -1.1248068 -3.1496063,
  0.43818545 -1.1265802 -3.1496063,0.43829462 -1.1283596 -3.1496063,
  0.43833103 -1.130142 -3.1496063,0.43700624 -1.1408136 -3.1496063,
  0.43311229 -1.1508373 -3.1496063,0.42688558 -1.1596046 -3.1496063,
  0.22904257 -1.376401 -3.1496063,0.21614883 -1.396078 -3.1496063,
  0.21985175 -1.3891417 -3.1496063,0.22416121 -1.3825651 -3.1496063,
  0.20849007 -1.4255858 -3.1496063,0.20661836 -1.4560139 -3.1496063,
  0.21060287 -1.4862379 -3.1496063,0.21866488 -1.5104455 -3.1496063,
  0.23191181 -1.532252 -3.1496063,0.2496793 -1.5505638 -3.1496063,
  0.27663214 -1.5672559 -3.1496063,0.30692901 -1.576593 -3.1496063,
  0.33860218 -1.5779688 -3.1496063,0.33257874 -1.5738597 -3.1496063,
  0.32779351 -1.568358 -3.1496063,0.32455901 -1.5618232 -3.1496063,
  0.32308649 -1.5546819 -3.1496063,0.32347213 -1.5474005 -3.1496063,
  0.32602353 -1.5393205 -3.1496063,0.33014343 -1.5319163 -3.1496063,
  0.33566445 -1.5254886 -3.1496063,0.54513499 -1.3055376 -3.1496063,
  0.55802826 -1.2880945 -3.1496063,0.56882902 -1.2692838 -3.1496063,
  -0.12795398 -1.581979 -3.1496063,-0.1137552 -1.5837294 -3.1496063,
  -0.099529541 -1.5852459 -3.1496063,-0.085280861 -1.5865283 -3.1496063,
  -0.074010948 -1.5865563 -3.1496063,-0.062755314 -1.5859885 -3.1496063,
  -0.051545442 -1.5848264 -3.1496063,-0.039770114 -1.583438 -3.1496063,
  -0.02813654 -1.5811476 -3.1496063,-0.016713706 -1.5779688 -3.1496063,
  0.012105277 -1.5648297 -3.1496063,0.036557186 -1.5446983 -3.1496063,
  0.054985422 -1.5189385 -3.1496063,0.066141486 -1.4892954 -3.1496063,
  0.071680564 -1.4673218 -3.1496063,0.075157214 -1.4449291 -3.1496063,
  0.076541449 -1.4223104 -3.1496063,0.076541449 -1.1071362 -3.1496063,
  -0.099972797 -1.1071362 -3.1496063,-0.099972797 -1.4434827 -3.1496063,
  -0.10063055 -1.456962 -3.1496063,-0.10178633 -1.4704077 -3.1496063,
  -0.10343854 -1.4838015 -3.1496063,-0.10774337 -1.5114514 -3.1496063,
  -0.11868407 -1.5372071 -3.1496063,-0.13559524 -1.559502 -3.1496063,
  -0.15744839 -1.5769803 -3.1496063,-0.14766503 -1.5789225 -3.1496063,
  -0.13783097 -1.5805892 -3.1496063,-0.13358523 -1.4840249 -3.1496063,
  -0.13679266 -1.4596621 -3.1496063,-0.14619636 -1.4369595 -3.1496063,
  -0.16115548 -1.4174644 -3.1496063,-0.18065059 -1.4025053 -3.1496063,
  -0.20335313 -1.3931016 -3.1496063,-0.22771595 -1.3898942 -3.1496063,
  -0.25207877 -1.3931016 -3.1496063,-0.27478131 -1.4025053 -3.1496063,
  -0.29427642 -1.4174644 -3.1496063,-0.30923554 -1.4369595 -3.1496063,
  -0.31863924 -1.4596621 -3.1496063,-0.32184667 -1.4840249 -3.1496063,
  -0.31863924 -1.5083877 -3.1496063,-0.30923554 -1.5310902 -3.1496063,
  -0.29427642 -1.5505853 -3.1496063,-0.27478131 -1.5655445 -3.1496063,
  -0.25207877 -1.5749482 -3.1496063,-0.22771595 -1.5781556 -3.1496063,
  -0.20335313 -1.5749482 -3.1496063,-0.18065059 -1.5655445 -3.1496063,
  -0.16115548 -1.5505853 -3.1496063,-0.14619636 -1.5310902 -3.1496063,
  -0.13679266 -1.5083877 -3.1496063,-0.88218075 -1.5779688 -3.1496063,
  -0.70134391 -1.5779688 -3.1496063,-0.70134391 -1.1071362 -3.1496063,
  -0.88218075 -1.1071362 -3.1496063,-1.5464531 -1.7681787 -3.1496063,
  -1.3489804 -1.7681847 -3.1496063,-1.2347137 -1.1071362 -3.1496063,
  -1.4411998 -1.1071362 -3.1496063,-1.4781487 -1.3318945 -3.1496063,
  -1.5237435 -1.3318945 -3.1496063,-1.4877953 -1.1071362 -3.1496063,
  -1.6822523 -1.1071362 -3.1496063,-1.6460322 -1.288201 -3.1496063,
  -1.6094268 -1.4691882 -3.1496063,-1.5724363 -1.6500971 -3.1496063,
  -1.5334008 -1.39123 -3.1496063,-1.4879888 -1.39123 -3.1496063] }
 coordIndex [
  147,2,3,-1,147,3,4,-1,147,4,5,-1,147,5,6,-1,146,147,6,-1,148,0,1,-1,148,1,2,-1,148,2,147,-1,
  149,0,148,-1,145,146,6,-1,144,145,6,-1,126,0,149,-1,143,144,6,-1,127,0,126,-1,27,0,127,-1,27,127,128,-1,
  129,27,128,-1,130,27,129,-1,130,25,26,-1,130,26,27,-1,24,25,130,-1,23,24,130,-1,22,23,130,-1,21,130,131,-1,
  21,131,132,-1,21,132,133,-1,21,22,130,-1,151,137,138,-1,151,138,139,-1,151,139,140,-1,151,140,141,-1,150,141,142,-1,
  150,151,141,-1,152,137,151,-1,152,136,137,-1,89,150,142,-1,90,150,89,-1,91,150,90,-1,92,150,91,-1,88,89,142,-1,
  93,150,92,-1,94,150,93,-1,95,150,94,-1,96,150,95,-1,97,150,96,-1,99,136,152,-1,99,152,98,-1,100,136,99,-1,
  101,136,100,-1,101,135,136,-1,102,135,101,-1,103,135,102,-1,104,134,135,-1,104,135,103,-1,105,134,104,-1,106,134,105,-1,
  107,134,106,-1,108,133,134,-1,108,134,107,-1,109,133,108,-1,109,21,133,-1,110,21,109,-1,111,21,110,-1,75,143,6,-1,
  75,142,143,-1,75,88,142,-1,75,82,83,-1,75,83,84,-1,75,84,85,-1,75,85,86,-1,75,86,87,-1,75,87,88,-1,
  112,21,111,-1,113,21,112,-1,114,21,113,-1,115,21,114,-1,116,21,115,-1,119,120,121,-1,119,121,122,-1,119,122,123,-1,
  153,76,77,-1,153,79,78,-1,153,80,79,-1,153,77,80,-1,154,117,118,-1,154,118,119,-1,154,123,124,-1,154,124,125,-1,
  154,125,76,-1,154,119,123,-1,74,75,6,-1,73,82,75,-1,73,153,78,-1,73,78,81,-1,73,81,82,-1,194,74,6,-1,
  195,74,194,-1,196,74,195,-1,197,74,196,-1,198,74,197,-1,199,74,198,-1,200,74,199,-1,201,74,200,-1,202,74,201,-1,
  204,153,73,-1,204,73,203,-1,205,153,204,-1,156,153,205,-1,157,153,156,-1,158,153,157,-1,159,153,158,-1,159,155,153,-1,
  160,155,159,-1,161,155,160,-1,162,155,161,-1,163,155,162,-1,164,155,163,-1,165,155,164,-1,166,155,165,-1,167,155,166,-1,
  168,155,167,-1,169,155,168,-1,217,190,191,-1,216,217,191,-1,216,191,192,-1,218,190,217,-1,218,189,190,-1,170,155,169,-1,
  215,216,192,-1,215,192,193,-1,219,189,218,-1,219,188,189,-1,214,215,193,-1,174,175,176,-1,174,176,177,-1,174,177,178,-1,
  213,214,193,-1,220,188,219,-1,220,187,188,-1,212,213,193,-1,71,181,182,-1,71,184,183,-1,71,185,184,-1,71,182,185,-1,
  211,194,6,-1,211,212,193,-1,211,193,194,-1,221,187,220,-1,72,174,178,-1,72,172,173,-1,72,173,174,-1,72,178,179,-1,
  72,179,180,-1,72,180,181,-1,210,211,6,-1,222,71,183,-1,222,183,186,-1,222,186,187,-1,222,187,221,-1,256,231,232,-1,
  257,231,256,-1,257,230,231,-1,255,256,232,-1,254,232,233,-1,254,255,232,-1,258,229,230,-1,258,230,257,-1,253,206,207,-1,
  253,207,208,-1,253,208,209,-1,253,233,234,-1,253,234,206,-1,253,254,233,-1,235,227,228,-1,235,228,229,-1,235,229,258,-1,
  236,225,226,-1,236,226,227,-1,236,227,235,-1,237,225,236,-1,238,225,237,-1,66,238,239,-1,66,225,238,-1,67,66,239,-1,
  68,67,239,-1,223,70,71,-1,223,71,222,-1,65,239,240,-1,65,68,239,-1,64,240,241,-1,64,65,240,-1,63,241,242,-1,
  63,64,241,-1,62,242,243,-1,62,63,242,-1,61,243,244,-1,61,62,243,-1,36,249,250,-1,37,248,249,-1,37,249,36,-1,
  35,250,251,-1,35,251,252,-1,35,36,250,-1,60,61,244,-1,38,248,37,-1,34,35,252,-1,39,248,38,-1,40,248,39,-1,
  40,247,248,-1,59,244,245,-1,59,60,244,-1,41,247,40,-1,33,252,253,-1,33,34,252,-1,42,247,41,-1,42,246,247,-1,
  43,246,42,-1,44,59,245,-1,44,246,43,-1,44,245,246,-1,58,59,44,-1,69,224,66,-1,57,58,44,-1,45,57,44,-1,
  45,48,49,-1,45,49,50,-1,45,50,51,-1,45,51,52,-1,45,52,53,-1,45,53,54,-1,45,54,55,-1,45,55,56,-1,
  45,56,57,-1,264,253,209,-1,264,29,30,-1,264,260,47,-1,264,32,33,-1,264,47,32,-1,264,259,260,-1,264,30,259,-1,
  264,33,253,-1,262,259,30,-1,7,210,6,-1,7,209,210,-1,7,263,264,-1,7,264,209,-1,31,262,30,-1,8,263,7,-1,
  273,8,9,-1,273,263,8,-1,10,273,9,-1,11,273,10,-1,12,273,11,-1,265,28,29,-1,13,273,12,-1,13,272,273,-1,
  269,266,267,-1,269,267,268,-1,20,266,269,-1,20,31,28,-1,20,265,266,-1,20,28,265,-1,20,269,270,-1,14,270,271,-1,
  14,271,272,-1,14,272,13,-1,15,270,14,-1,19,20,270,-1,18,19,270,-1,16,270,15,-1,17,270,16,-1,17,18,270,-1,
  20,21,171,-1,171,21,170,-1,170,21,155,-1,155,21,154,-1,154,21,117,-1,117,21,116,-1,20,171,172,-1,20,172,72,-1,
  20,72,70,-1,20,70,223,-1,20,223,224,-1,20,224,69,-1,20,69,48,-1,20,48,45,-1,20,45,46,-1,20,46,261,-1,
  20,261,262,-1,20,262,31,-1,46,47,261,-1,261,47,260,-1,71,72,181,-1,73,74,202,-1,97,98,152,-1,152,150,97,-1,
  153,154,76,-1,202,203,73,-1,224,225,66,-1,264,265,29,-1,273,274,275,-1,275,263,273,-1]
  normalPerVertex TRUE
  normal DEF NORM_415 Normal { vector [
  0 0 -1,0 0 -1,
  0 0 -1,0 0 -1,
  0 0 -1,0 0 -1,
  0 0 -1,0 0 -1,
  0 0 -1,0 0 -1,
  0 0 -1,0 0 -1,
  0 0 -1,0 0 -1,
  0 0 -1,0 0 -1,
  0 0 -1,0 0 -1,
  0 0 -1,0 0 -1,
  0 0 -1,0 0 -1,
  0 0 -1,0 0 -1,
  0 0 -1,0 0 -1,
  0 0 -1,0 0 -1,
  0 0 -1,0 0 -1,
  0 0 -1,0 0 -1,
  0 0 -1,0 0 -1,
  0 0 -1,0 0 -1,
  0 0 -1,0 0 -1,
  0 0 -1,0 0 -1,
  0 0 -1,0 0 -1,
  0 0 -1,0 0 -1,
  0 0 -1,0 0 -1,
  0 0 -1,0 0 -1,
  0 0 -1,0 0 -1,
  0 0 -1,0 0 -1,
  0 0 -1,0 0 -1,
  0 0 -1,0 0 -1,
  0 0 -1,0 0 -1,
  0 0 -1,0 0 -1,
  0 0 -1,0 0 -1,
  0 0 -1,0 0 -1,
  0 0 -1,0 0 -1,
  0 0 -1,0 0 -1,
  0 0 -1,0 0 -1,
  0 0 -1,0 0 -1,
  0 0 -1,0 0 -1,
  0 0 -1,0 0 -1,
  0 0 -1,0 0 -1,
  0 0 -1,0 0 -1,
  0 0 -1,0 0 -1,
  0 0 -1,0 0 -1,
  0 0 -1,0 0 -1,
  0 0 -1,0 0 -1,
  0 0 -1,0 0 -1,
  0 0 -1,0 0 -1,
  0 0 -1,0 0 -1,
  0 0 -1,0 0 -1,
  0 0 -1,0 0 -1,
  0 0 -1,0 0 -1,
  0 0 -1,0 0 -1,
  0 0 -1,0 0 -1,
  0 0 -1,0 0 -1,
  0 0 -1,0 0 -1,
  0 0 -1,0 0 -1,
  0 0 -1,0 0 -1,
  0 0 -1,0 0 -1,
  0 0 -1,0 0 -1,
  0 0 -1,0 0 -1,
  0 0 -1,0 0 -1,
  0 0 1,0 0 1,
  0 0 1,0 0 -1,
  0 0 -1,0 0 -1,
  0 0 -1,0 0 -1,
  0 0 -1,0 0 -1,
  0 0 -1,0 0 -1,
  0 0 -1,0 0 -1,
  0 0 -1,0 0 -1,
  0 0 -1,0 0 -1,
  0 0 -1,0 0 -1,
  0 0 -1,0 0 -1,
  0 0 -1,0 0 -1,
  0 0 -1,0 0 -1,
  0 0 -1,0 0 -1,
  0 0 -1,0 0 -1,
  0 0 -1,0 0 -1,
  0 0 -1,0 0 -1,
  0 0 -1,0 0 -1,
  0 0 -1,0 0 -1,
  0 0 -1,0 0 -1,
  0 0 -1,0 0 -1,
  0 0 -1,0 0 -1,
  0 0 -1,0 0 -1,
  0 0 -1,0 0 -1,
  0 0 -1,0 0 -1,
  0 0 -1,0 0 -1,
  0 0 -1,0 0 -1,
  0 0 -1,0 0 1,
  0 0 1,0 0 1,
  0 0 -1,0 0 -1,
  0 0 -1,0 0 -1,
  0 0 -1,0 0 -1,
  0 0 -1,0 0 -1,
  0 0 -1,0 0 -1,
  0 0 -1,0 0 -1,
  0 0 -1,0 0 -1,
  0 0 -1,0 0 -1,
  0 0 -1,0 0 -1,
  0 0 -1,0 0 -1,
  0 0 -1,0 0 -1,
  0 0 -1,0 0 -1,
  0 0 -1,0 0 -1,
  0 0 -1,0 0 -1,
  0 0 -1,0 0 -1,
  0 0 -1,0 0 -1,
  0 0 -1,0 0 -1,
  0 0 -1,0 0 -1,
  0 0 -1,0 0 -1,
  0 0 -1,0 0 -1,
  0 0 -1,0 0 -1,
  0 0 -1,0 0 -1,
  0 0 -1,0 0 -1,
  0 0 -1,0 0 -1,
  0 0 -1,0 0 -1,
  0 0 -1,0 0 -1,
  0 0 -1,0 0 -1,
  0 0 -1,0 0 -1,
  0 0 -1,0 0 -1,
  0 0 -1,0 0 -1,
  0 0 -1,0 0 -1,
  0 0 -1,0 0 -1,
  0 0 -1,0 0 -1,
  0 0 -1,0 0 -1,
  0 0 -1,0 0 -1,
  0 0 -1,0 0 -1,
  0 0 -1,0 0 -1,
  0 0 -1,0 0 -1,
  0 0 -1,0 0 -1,
  0 0 -1,0 0 -1,
  0 0 -1,0 0 -1,
  0 0 -1,0 0 -1,
  0 0 -1,0 0 -1,
  0 0 -1,0 0 -1,
  0 0 -1,0 0 -1,
  0 0 -1,0 0 -1,
  0 0 -1,0 0 -1,
  0 0 -1,0 0 -1,
  0 0 -1,0 0 -1] }
}
}
DEF SHAPE_416 Shape {
 appearance USE APP_2
 geometry DEF FACE_416 IndexedFaceSet {
  coord DEF COORD_416 Coordinate { point [
  2.7755906 -1.0433071 -1.5944882,2.7755906 -1.1220472 -1.5944882,
  2.7755906 -1.1220472 0.11811024,2.7755906 -1.2401575 0.11811024,
  2.7755906 -1.2401575 -3.052732,2.7755906 -1.0433071 -3.052732] }
 coordIndex [
  1,3,2,-1,4,3,1,-1,5,1,0,-1,5,4,1,-1]
  normalPerVertex TRUE
  normal DEF NORM_416 Normal { vector [
  -1 0 0,-1 0 0,
  -1 0 0,-1 0 0,
  -1 0 0,-1 0 0] }
}
}
DEF SHAPE_417 Shape {
 appearance USE APP_2
 geometry DEF FACE_417 IndexedFaceSet {
  coord DEF COORD_417 Coordinate { point [
  2.7755906 -1.1220472 -1.5944882,2.7559055 -1.1220472 -1.5944882,
  2.5590551 -1.1220472 -1.5944882,2.5393701 -1.1220472 -1.5944882,
  2.5393701 -1.1220472 0.11811024,2.7755906 -1.1220472 0.11811024] }
 coordIndex [
  4,2,1,-1,4,3,2,-1,5,1,0,-1,5,4,1,-1]
  normalPerVertex TRUE
  normal DEF NORM_417 Normal { vector [
  0 -1 0,0 -1 0,
  0 -1 0,0 -1 0,
  0 -1 0,0 -1 0] }
}
}
DEF SHAPE_418 Shape {
 appearance USE APP_2
 geometry DEF FACE_418 IndexedFaceSet {
  coord DEF COORD_418 Coordinate { point [
  2.5393701 -1.8307087 -3.0708661,2.5393701 -1.8307087 -1.5944882,
  2.5393701 -1.0433071 -3.0708661,2.5393701 -1.0433071 -1.5944882,
  2.5393701 -1.1220472 -1.5944882,2.5393701 -1.1220472 0.11811024,
  2.5393701 -1.7519685 0.11811024,2.5393701 -1.7519685 -1.5944882] }
 coordIndex [
  4,5,6,-1,4,6,7,-1,0,7,1,-1,2,3,4,-1,2,7,0,-1,2,4,7,-1]
  normalPerVertex TRUE
  normal DEF NORM_418 Normal { vector [
  1 0 0,1 0 0,
  1 0 0,1 0 0,
  1 0 0,1 0 0,
  1 0 0,1 0 0] }
}
}
DEF SHAPE_419 Shape {
 appearance USE APP_2
 geometry DEF FACE_419 IndexedFaceSet {
  coord DEF COORD_419 Coordinate { point [
  2.5393701 -1.7519685 -1.5944882,2.5590551 -1.7519685 -1.5944882,
  2.7559055 -1.7519685 -1.5944882,2.7755906 -1.7519685 -1.5944882,
  2.7755906 -1.7519685 0.11811024,2.5393701 -1.7519685 0.11811024] }
 coordIndex [
  1,0,5,-1,2,5,4,-1,2,1,5,-1,3,2,4,-1]
  normalPerVertex TRUE
  normal DEF NORM_419 Normal { vector [
  0 1 0,0 1 0,
  0 1 0,0 1 0,
  0 1 0,0 1 0] }
}
}
DEF SHAPE_420 Shape {
 appearance USE APP_2
 geometry DEF FACE_420 IndexedFaceSet {
  coord DEF COORD_420 Coordinate { point [
  2.7755906 -1.7519685 0.11811024,2.7755906 -1.6338583 0.11811024,
  2.7755906 -1.7519685 -1.5944882,2.7755906 -1.8307087 -1.5944882,
  2.7755906 -1.8307087 -3.0766508,2.7755906 -1.6338583 -3.0766508] }
 coordIndex [
  2,0,1,-1,4,3,2,-1,5,4,2,-1,5,2,1,-1]
  normalPerVertex TRUE
  normal DEF NORM_420 Normal { vector [
  -1 0 0,-1 0 0,
  -1 0 0,-1 0 0,
  -1 0 0,-1 0 0] }
}
}
DEF SHAPE_421 Shape {
 appearance USE APP_2
 geometry DEF FACE_421 IndexedFaceSet {
  coord DEF COORD_421 Coordinate { point [
  -2.5393701 -1.8307087 -1.5944882,-2.5393701 -1.8307087 -3.0708661,
  -2.5393701 -1.7519685 -1.5944882,-2.5393701 -1.7519685 0.11811024,
  -2.5393701 -1.1220472 0.11811024,-2.5393701 -1.1220472 -1.5944882,
  -2.5393701 -1.0433071 -1.5944882,-2.5393701 -1.0433071 -3.0708661] }
 coordIndex [
  2,1,0,-1,5,7,1,-1,5,1,2,-1,6,7,5,-1,4,2,3,-1,4,5,2,-1]
  normalPerVertex TRUE
  normal DEF NORM_421 Normal { vector [
  -1 0 0,-1 0 0,
  -1 0 0,-1 0 0,
  -1 0 0,-1 0 0,
  -1 0 0,-1 0 0] }
}
}
DEF SHAPE_422 Shape {
 appearance USE APP_2
 geometry DEF FACE_422 IndexedFaceSet {
  coord DEF COORD_422 Coordinate { point [
  -2.7559055 -1.1220472 -1.5944882,-2.5590551 -1.1220472 -1.5944882,
  -2.5393701 -1.1220472 -1.5944882,-2.5393701 -1.1220472 0.11811024,
  -2.7755906 -1.1220472 0.11811024,-2.7755906 -1.1220472 -1.5944882] }
 coordIndex [
  0,4,5,-1,1,3,4,-1,1,4,0,-1,2,3,1,-1]
  normalPerVertex TRUE
  normal DEF NORM_422 Normal { vector [
  0 -1 0,0 -1 0,
  0 -1 0,0 -1 0,
  0 -1 0,0 -1 0] }
}
}
DEF SHAPE_423 Shape {
 appearance USE APP_2
 geometry DEF FACE_423 IndexedFaceSet {
  coord DEF COORD_423 Coordinate { point [
  -2.7755906 -1.2401575 0.11811024,-2.7755906 -1.2401575 -3.0766508,
  -2.7755906 -1.0433071 -3.0766508,-2.7755906 -1.0433071 -1.5944882,
  -2.7755906 -1.1220472 -1.5944882,-2.7755906 -1.1220472 0.11811024] }
 coordIndex [
  4,5,0,-1,1,4,0,-1,2,3,4,-1,2,4,1,-1]
  normalPerVertex TRUE
  normal DEF NORM_423 Normal { vector [
  1 0 0,1 0 0,
  1 0 0,1 0 0,
  1 0 0,1 0 0] }
}
}
DEF SHAPE_424 Shape {
 appearance USE APP_2
 geometry DEF FACE_424 IndexedFaceSet {
  coord DEF COORD_424 Coordinate { point [
  -2.7755906 -1.8307087 -3.052732,-2.7755906 -1.8307087 -1.5944882,
  -2.7755906 -1.6338583 -3.052732,-2.7755906 -1.6338583 0.11811024,
  -2.7755906 -1.7519685 0.11811024,-2.7755906 -1.7519685 -1.5944882] }
 coordIndex [
  5,3,4,-1,0,5,1,-1,2,5,0,-1,2,3,5,-1]
  normalPerVertex TRUE
  normal DEF NORM_424 Normal { vector [
  1 0 0,1 0 0,
  1 0 0,1 0 0,
  1 0 0,1 0 0] }
}
}
DEF SHAPE_425 Shape {
 appearance USE APP_2
 geometry DEF FACE_425 IndexedFaceSet {
  coord DEF COORD_425 Coordinate { point [
  -2.5590551 -1.7519685 -1.5944882,-2.7559055 -1.7519685 -1.5944882,
  -2.7755906 -1.7519685 -1.5944882,-2.7755906 -1.7519685 0.11811024,
  -2.5393701 -1.7519685 0.11811024,-2.5393701 -1.7519685 -1.5944882] }
 coordIndex [
  3,1,2,-1,4,0,1,-1,4,5,0,-1,4,1,3,-1]
  normalPerVertex TRUE
  normal DEF NORM_425 Normal { vector [
  0 1 0,0 1 0,
  0 1 0,0 1 0,
  0 1 0,0 1 0] }
}
}
DEF SHAPE_426 Shape {
 appearance USE APP_2
 geometry DEF FACE_426 IndexedFaceSet {
  coord DEF COORD_426 Coordinate { point [
  -3.0511811 -1.2401575 0.11811024,-3.0511811 -1.2401575 -2.7952756,
  -2.7755906 -1.2401575 0.11811024,-2.7755906 -1.2401575 -3.0766508,
  -2.8706907 -1.2401575 -3.1262463,-2.9458463 -1.2401575 -3.0633155,
  -3.0031257 -1.2401575 -2.9837686,-3.0389781 -1.2401575 -2.8925367] }
 coordIndex [
  3,5,4,-1,3,6,5,-1,3,7,6,-1,1,7,3,-1,2,0,1,-1,2,1,3,-1]
  normalPerVertex TRUE
  normal DEF NORM_426 Normal { vector [
  0 -1 0,0 -1 0,
  0 -1 0,0 -1 0,
  0 -1 0,0 -1 0,
  0 -1 0,0 -1 0] }
}
}
DEF SHAPE_427 Shape {
 appearance USE APP_2
 geometry DEF FACE_427 IndexedFaceSet {
  coord DEF COORD_427 Coordinate { point [
  -2.0756855 1.4173228 -0.6496063,-1.4173228 1.4173228 -0.6496063,
  -1.532307 1.4037014 -0.6496063,-1.640926 1.3635912 -0.6496063,
  -1.7371669 1.2992126 -0.6496063,-2.1685112 1.2992126 -0.6496063] }
 coordIndex [
  0,3,4,-1,0,4,5,-1,0,1,2,-1,0,2,3,-1]
  normalPerVertex TRUE
  normal DEF NORM_427 Normal { vector [
  0 0 -1,0 0 -1,
  0 0 -1,0 0 -1,
  0 0 -1,0 0 -1] }
}
}
DEF SHAPE_428 Shape {
 appearance USE APP_2
 geometry DEF FACE_428 IndexedFaceSet {
  coord DEF COORD_428 Coordinate { point [
  -2.1685112 1.2992126 -0.41338583,-2.2898329 1.1023622 -0.41338583,
  -2.1685112 1.2992126 -0.6496063,-2.2898329 1.1023622 -0.6496063] }
 coordIndex [
  3,0,1,-1,2,0,3,-1]
  normalPerVertex TRUE
  normal DEF NORM_428 Normal { vector [
  0.85130481 -0.52467144 0,0.85130481 -0.52467144 0,
  0.85130481 -0.52467144 0,0.85130481 -0.52467144 0] }
}
}
DEF SHAPE_429 Shape {
 appearance USE APP_2
 geometry DEF FACE_429 IndexedFaceSet {
  coord DEF COORD_429 Coordinate { point [
  -2.1685112 1.2992126 -0.41338583,-2.2898329 1.1023622 -0.41338583,
  -2.2909977 1.1023622 -0.41338583,-2.4383901 0.79301749 -0.41338583,
  -2.5590551 0.27559055 -0.4133854,-2.5590551 -0.37401575 -0.41338583,
  -2.7952756 -0.37401575 -0.41338583,-2.7952756 0.039370079 -0.41338583,
  -3.0511811 0.039370079 -0.41338583,-3.0511811 0.27559055 -0.41338583,
  -2.9724409 0.27559055 -0.41338583,-2.8657094 0.66242495 -0.41338583,
  -2.7703164 0.88844993 -0.41338583,-2.6528572 1.1023622 -0.41338583,
  -2.5171287 1.2992126 -0.41338583] }
 coordIndex [
  7,5,4,-1,7,6,5,-1,10,8,7,-1,10,7,4,-1,9,8,10,-1,0,2,1,-1,11,4,3,-1,11,10,4,-1,
  12,11,3,-1,13,3,2,-1,13,12,3,-1,14,2,0,-1,14,13,2,-1]
  normalPerVertex TRUE
  normal DEF NORM_429 Normal { vector [
  0 0 1,0 0 1,
  0 0 1,-1.1486214e-07 3.7584701e-07 1,
  -8.0541144e-07 8.3275275e-08 1,-7.0028962e-07 -4.001655e-07 1,
  0 0 1,-6.7527928e-07 -4.2972318e-07 1,
  0 0 1,0 0 1,
  -7.8734689e-07 -8.9006382e-08 1,-4.8977607e-07 5.0551164e-07 1,
  0 0 1,0 0 1,
  0 0 1] }
}
}
DEF SHAPE_430 Shape {
 appearance USE APP_2
 geometry DEF FACE_430 IndexedFaceSet {
  coord DEF COORD_430 Coordinate { point [
  -2.3832828 1.4596871 -0.41338583,-2.5171287 1.2992126 -0.41338583,
  -2.5171287 1.2992125 -0.33464567,-2.5171287 1.2992125 0,
  -2.5171286 1.2992126 0.11811024,-2.3832829 1.4596871 0.11811024,
  -2.4293809 1.407444 0.11811024,-2.4740077 1.3539387 0.11811024] }
 coordIndex [
  3,6,5,-1,3,7,6,-1,3,4,7,-1,0,1,2,-1,0,2,3,-1,0,3,5,-1]
  normalPerVertex TRUE
  normal DEF NORM_430 Normal { vector [
  -0.76794572 0.64051493 5.8269683e-08,-0.76794554 0.64051514 7.6565141e-07,
  -0.76794569 0.64051496 1.4583829e-07,-0.76794309 0.6405127 -0.0026259785,
  -0.78546796 0.61890232 0,-0.76671066 0.64198383 -0.0033954562,
  -0.75855241 0.6507859 -0.032801837,-0.77675584 0.62974838 -0.0082062271] }
}
}
DEF SHAPE_431 Shape {
 appearance USE APP_2
 geometry DEF FACE_431 IndexedFaceSet {
  coord DEF COORD_431 Coordinate { point [
  -2.5176518 1.2992126 -0.33464567,-2.5615461 1.2401575 -0.39370079,
  -2.5171287 1.2992125 -0.33464567,-2.0275591 1.2992126 -0.33464567,
  -2.0275591 1.2401575 -0.39370079] }
 coordIndex [
  2,1,0,-1,4,1,2,-1,3,4,2,-1]
  normalPerVertex TRUE
  normal DEF NORM_431 Normal { vector [
  6.8219647e-05 0.70708143 -0.70713213,6.6769019e-08 0.70710706 -0.7071065,
  0 0.70710693 -0.70710664,-7.2897941e-08 0.70710678 -0.70710678,
  -3.4867271e-08 0.70710694 -0.70710662] }
}
}
DEF SHAPE_432 Shape {
 appearance USE APP_3
 geometry DEF FACE_432 IndexedFaceSet {
  coord DEF COORD_432 Coordinate { point [
  -0.92519678 0.92575152 1.1855939,-0.92519708 0.92575166 -0.21598083,
  -0.94196556 0.79837995 1.1855939,-0.99112916 0.67968853 1.1855939,
  -1.0693371 0.5777659 1.1855939,-1.1712598 0.49955792 1.1855939,
  -1.2899512 0.45039432 1.1855939,-1.4173228 0.43362554 1.1855939,
  -1.5446943 0.45039432 1.1855939,-1.6633858 0.49955792 1.1855939,
  -1.7653084 0.5777659 1.1855939,-1.8435164 0.67968853 1.1855939,
  -1.89268 0.79837995 1.1855939,-1.9094487 0.92575152 1.1855939,
  -1.9094469 0.92575151 -0.21598243,-1.7653396 0.57773481 -0.21598091,
  -1.836566 0.66869591 -0.21597365,-1.8849186 0.77389259 -0.21601206,
  -1.9032002 0.84891878 -0.21601965,-0.93937692 0.81003768 -0.21518703,
  -0.98025251 0.70058661 -0.21441285,-1.0323524 0.61943539 -0.21384025,
  -1.0927756 0.55619532 -0.21341231,-1.1635302 0.50463877 -0.21309729,
  -1.2423667 0.46626674 -0.21291783,-1.3266951 0.44242867 -0.2128958,
  -1.4137749 0.4338048 -0.21304672,-1.5009599 0.44092388 -0.21338441,
  -1.5856038 0.46374803 -0.21391609,-1.6650586 0.50091552 -0.21463264,
  -1.7177454 0.53607499 -0.21526158] }
 coordIndex [
  19,1,0,-1,19,0,2,-1,20,2,3,-1,20,19,2,-1,21,3,4,-1,21,20,3,-1,22,4,5,-1,22,21,4,-1,
  23,22,5,-1,24,5,6,-1,24,23,5,-1,25,6,7,-1,25,24,6,-1,26,25,7,-1,27,7,8,-1,27,26,7,-1,
  28,8,9,-1,28,27,8,-1,29,28,9,-1,30,9,10,-1,30,29,9,-1,15,30,10,-1,16,10,11,-1,16,15,10,-1,
  17,11,12,-1,17,16,11,-1,18,12,13,-1,18,17,12,-1,14,18,13,-1]
  normalPerVertex TRUE
  normal DEF NORM_432 Normal { vector [
  0.99199265 -0.12629505 0.00039084617,0.99257523 -0.12163232 -2.2319494e-07,
  0.95771731 -0.28771062 0.00039352998,0.85948911 -0.51115275 0.0011559493,
  0.71121907 -0.70296893 0.0014562756,0.50622171 -0.86240246 0.0012591374,
  0.26220342 -0.96501167 0.0013570863,0.0034939055 -0.9999929 0.0014089271,
  -0.25922635 -0.96581548 0.0014664259,-0.49267904 -0.87020967 0.0015809557,
  -0.722891 -0.69096115 0.0011357183,-0.88014687 -0.47470125 0.00045171577,
  -0.96728333 -0.25369484 0.0013767517,-0.99370684 -0.11199912 0.0017094423,
  -0.99671125 -0.081035121 -1.3162215e-06,-0.74479515 -0.66729318 3.1379531e-05,
  -0.83325231 -0.55289291 -8.6291579e-05,-0.93247473 -0.3612352 -0.00011480974,
  -0.98923914 -0.14630485 0.00090420179,0.97987341 -0.19961985 -0.00011702979,
  0.90864675 -0.41756556 -0.00028488327,0.79067272 -0.61223898 0.0002882546,
  0.63775678 -0.77023763 0.000532831,0.51522767 -0.85705331 -0.00026600951,
  0.36749572 -0.93002515 0.00034770742,0.1625783 -0.98669552 0.00049413372,
  0.0086350155 -0.99996271 -0.00010626045,-0.1542619 -0.98802984 0.0005556997,
  -0.36011012 -0.9329097 0.00043370398,-0.48012713 -0.87719887 -0.0002768898,
  -0.6084544 -0.7935875 0.0014554728] }
}
}
DEF SHAPE_433 Shape {
 appearance USE APP_2
 geometry DEF FACE_433 IndexedFaceSet {
  coord DEF COORD_433 Coordinate { point [
  0.39370079 -0.37401575 -0.41338583,-0.39370079 -0.37401575 -0.41338583,
  -0.39370079 -0.76771654 -0.41338583,-0.94608996 1.0670685 -0.41338583,
  -1.0974788 1.2992126 -0.41338583,-1.0325085 1.2319637 -0.41338583,
  -0.98143084 1.1536397 -0.41338583,1.0974788 1.2992126 -0.41338583,
  1.0325085 1.2319637 -0.41338583,0.98143084 1.1536397 -0.41338583,
  0.94608996 1.0670685 -0.41338583,0.39370079 -0.76771654 -0.41338583] }
 coordIndex [
  10,0,11,-1,3,1,0,-1,3,2,1,-1,3,10,9,-1,3,0,10,-1,6,9,8,-1,6,3,9,-1,5,6,8,-1,
  4,8,7,-1,4,5,8,-1]
  normalPerVertex TRUE
  normal DEF NORM_433 Normal { vector [
  0 0 1,0 0 1,
  0 0 1,0 0 1,
  0 0 1,0 0 1,
  0 0 1,0 0 1,
  0 0 1,0 0 1,
  0 0 1,0 0 1] }
}
}
DEF SHAPE_434 Shape {
 appearance USE APP_2
 geometry DEF FACE_434 IndexedFaceSet {
  coord DEF COORD_434 Coordinate { point [
  -1.4173228 1.4173228 -0.6496063,-1.532307 1.4037014 -0.6496063,
  -1.640926 1.3635912 -0.6496063,-1.7371669 1.2992126 -0.6496063,
  -1.7371669 1.2992126 -0.24466607,-1.7105206 1.3204468 -0.23295017,
  -1.6833632 1.3392142 -0.21586264,-1.61143 1.3772285 -0.21597186,
  -1.5343167 1.4032143 -0.21597281,-1.4981021 1.4106544 -0.23380545,
  -1.4571697 1.4157076 -0.24640497,-1.4173228 1.4173228 -0.25093006,
  -1.3774677 1.4156995 -0.24638047,-1.3369086 1.4107091 -0.23389946,
  -1.3005759 1.4032747 -0.21602277,-1.2313368 1.3806299 -0.21608641,
  -1.1899809 1.3615051 -0.21608097,-1.1505444 1.3387395 -0.21604147,
  -1.1238712 1.3202587 -0.23291638,-1.0974788 1.2992126 -0.24453738,
  -1.0974788 1.2992126 -0.41338583,-1.0325085 1.2319637 -0.41338583,
  -0.98143084 1.1536397 -0.41338583,-0.94608996 1.0670685 -0.41338583,
  -0.94608996 1.0670685 -0.6496063,-0.99728692 1.1816297 -0.6496063,
  -1.0757917 1.2795194 -0.6496063,-1.1765006 1.3543735 -0.6496063,
  -1.292866 1.4013255 -0.6496063] }
 coordIndex [
  22,24,23,-1,22,25,24,-1,21,26,25,-1,21,25,22,-1,20,27,26,-1,20,26,21,-1,18,20,19,-1,17,20,18,-1,
  16,27,20,-1,16,20,17,-1,15,28,27,-1,15,27,16,-1,14,28,15,-1,13,28,14,-1,12,0,28,-1,12,28,13,-1,
  11,0,12,-1,10,1,0,-1,10,0,11,-1,9,1,10,-1,8,1,9,-1,7,2,1,-1,7,1,8,-1,6,2,7,-1,
  5,3,2,-1,5,2,6,-1,4,3,5,-1]
  normalPerVertex TRUE
  normal DEF NORM_434 Normal { vector [
  -0.0074933437 -0.99995285 0.0061762852,0.23999082 -0.97076366 0.004725495,
  0.46766796 -0.8838943 0.0041894899,0.57128384 -0.8207355 0.00529225,
  0.6232112 -0.78205358 0,0.56999653 -0.82162522 0.0059951697,
  0.49719972 -0.86763611 -0.00011660656,0.37462828 -0.92717399 0.0014317012,
  0.28293379 -0.95913941 0.00023386376,0.16110714 -0.98693157 0.003250224,
  0.10388751 -0.99457185 0.0058502712,-0.00010188961 -0.99999999 0,
  -0.11058615 -0.99384119 0.0070992186,-0.16150348 -0.98685863 0.0051653878,
  -0.27392672 -0.96175041 -0.00054719925,-0.36407736 -0.93135771 0.0045260349,
  -0.51936185 -0.8545498 0.002811952,-0.52363823 -0.85142185 0.029729289,
  -0.59503195 -0.80367409 0.0067041309,-0.6234694 -0.78184775 0,
  -0.60165423 -0.79874833 0.0036450378,-0.78120744 -0.62426876 0.0018598758,
  -0.89712053 -0.44177786 0.0026600958,-0.92582641 -0.37794903 0,
  -0.9185596 -0.39521297 0.0074141591,-0.84921763 -0.52797221 0.0086467314,
  -0.70093436 -0.71317556 0.0084642106,-0.48523535 -0.87437092 0.0047066399,
  -0.24855998 -0.96859661 0.0062084224] }
}
}
DEF SHAPE_435 Shape {
 appearance USE APP_2
 geometry DEF FACE_435 IndexedFaceSet {
  coord DEF COORD_435 Coordinate { point [
  -1.7653396 0.57773481 -0.21598091,-1.836566 0.66869591 -0.21597365,
  -1.8849186 0.77389259 -0.21601206,-1.9032002 0.84891878 -0.21601965,
  -1.9094469 0.92575151 -0.21598243,-1.73748 1.2993248 -0.21589948,
  -1.8224587 1.2050449 -0.2159244,-1.8804499 1.0921353 -0.21594927,
  -1.9021091 1.0101898 -0.21596585,-1.7371669 1.2992126 -0.24466607,
  -1.7105206 1.3204468 -0.23295017,-1.6833632 1.3392142 -0.21586264,
  -1.61143 1.3772285 -0.21597186,-1.5343167 1.4032143 -0.21597281,
  -1.4981021 1.4106544 -0.23380545,-1.4571697 1.4157076 -0.24640497,
  -1.4173228 1.4173228 -0.25093006,-1.3774677 1.4156995 -0.24638047,
  -1.3369086 1.4107091 -0.23389946,-1.3005759 1.4032747 -0.21602277,
  -1.2313368 1.3806299 -0.21608641,-1.1899809 1.3615051 -0.21608097,
  -1.1505444 1.3387395 -0.21604147,-1.1238712 1.3202587 -0.23291638,
  -1.0974788 1.2992126 -0.24453738,-1.0971333 1.2993158 -0.21598028,
  -1.0693384 1.2736689 -0.21598046,-1.0693677 1.2163805 -0.65754227,
  -1.0693621 1.0447348 -1.0750415,-1.0693566 0.77056701 -1.4343084,
  -1.0693511 0.41289027 -1.7099701,-1.0693455 -0.0047184259 -1.8833558,
  -1.0693427 -0.22638954 -1.9276712,-1.0693386 -0.452756 -1.9424725,
  -1.0902588 -0.45275613 -1.9621766,-1.1873877 -0.45275632 -2.029031,
  -1.2976147 -0.45275639 -2.0714022,-1.4144691 -0.4527564 -2.0866047,
  -1.5314797 -0.4527564 -2.0727843,-1.6421727 -0.45275639 -2.0316616,
  -1.7400741 -0.45275638 -1.9659186,-1.8189339 -0.45275637 -1.8784615,
  -1.8747549 -0.45275634 -1.774449,-1.9005616 -0.45275628 -1.6860033,
  -1.909447 -0.45275618 -1.5944882,-1.8954902 -0.45275626 -1.4798172,
  -1.855309 -0.45275624 -1.371244,-1.8152004 -0.45275618 -1.3052603,
  -1.7653084 -0.45275607 -1.2465025,-1.7620147 -0.18670708 -1.2081963,
  -1.7609205 0.060904841 -1.1042554,-1.7620427 0.27435628 -0.94166987,
  -1.7637376 0.42463377 -0.75341779,-1.7647502 0.51884078 -0.55772345,
  -1.7652123 0.56281222 -0.39039993,-1.9094451 0.92386287 -0.28812643,
  -1.7653066 1.2713698 -0.30633852,-1.9094451 0.85064896 -0.66477914,
  -1.4173229 1.4153131 -0.31388226,-1.7653067 1.1796741 -0.77807161,
  -1.9094451 0.67645167 -1.0066605,-1.4173229 1.315962 -0.82499931,
  -1.7653067 0.9615033 -1.2062558,-1.9094451 0.41476722 -1.2872826,
  -1.417323 1.0795767 -1.2889317,-1.7653067 0.6337605 -1.5577169,
  -1.9094451 0.085870019 -1.484904,-1.417323 0.72447135 -1.6697355,
  -1.7653068 0.2218381 -1.8052248,-1.9094451 -0.28475809 -1.5842134,
  -1.4173231 0.27815847 -1.9379073,-1.7653068 -0.24234956 -1.9296035,
  -1.4173231 -0.22478318 -2.07267] }
 coordIndex [
  54,0,1,-1,54,1,2,-1,9,6,5,-1,12,10,11,-1,23,21,22,-1,26,24,25,-1,27,21,23,-1,27,24,26,-1,
  27,20,21,-1,27,23,24,-1,47,48,49,-1,46,47,49,-1,34,35,32,-1,33,34,32,-1,55,2,3,-1,55,3,4,-1,
  55,8,7,-1,55,4,8,-1,55,54,2,-1,56,7,6,-1,56,9,10,-1,56,55,7,-1,56,6,9,-1,56,10,12,-1,
  57,52,53,-1,57,53,54,-1,57,54,55,-1,58,20,27,-1,58,12,13,-1,58,13,14,-1,58,14,15,-1,58,15,16,-1,
  58,16,17,-1,58,17,18,-1,58,18,19,-1,58,19,20,-1,58,56,12,-1,59,57,55,-1,59,55,56,-1,60,51,52,-1,
  60,52,57,-1,61,56,58,-1,61,27,28,-1,61,58,27,-1,61,59,56,-1,62,57,59,-1,62,60,57,-1,63,50,51,-1,
  63,51,60,-1,64,28,29,-1,64,62,59,-1,64,61,28,-1,64,59,61,-1,65,60,62,-1,65,63,60,-1,66,50,63,-1,
  66,49,50,-1,67,65,62,-1,67,62,64,-1,67,29,30,-1,67,64,29,-1,68,66,63,-1,68,63,65,-1,68,65,67,-1,
  69,49,66,-1,69,46,49,-1,69,42,43,-1,69,43,44,-1,69,44,45,-1,69,45,46,-1,70,30,31,-1,70,67,30,-1,
  70,68,67,-1,71,69,66,-1,71,42,69,-1,71,66,68,-1,71,39,40,-1,71,40,41,-1,71,41,42,-1,71,68,70,-1,
  72,71,70,-1,72,31,32,-1,72,35,36,-1,72,36,37,-1,72,37,38,-1,72,38,39,-1,72,70,31,-1,72,39,71,-1,
  72,32,35,-1]
  normalPerVertex TRUE
  normal DEF NORM_435 Normal { vector [
  -0.78626763 -0.61568549 0.05210176,-0.85337715 -0.52022953 -0.033296742,
  -0.91984055 -0.32005837 -0.22683914,-0.98404715 -0.15892777 -0.079957266,
  -0.99997709 0.0067656985 -0.00020254926,-0.74275342 0.66947961 -0.010696539,
  -0.81352128 0.57308922 -0.098751559,-0.86812515 0.34786846 -0.35404272,
  -0.97973402 0.17076689 -0.10468961,-0.72361367 0.69017521 0.0064367018,
  -0.47684081 0.85291837 -0.21249261,-0.45581825 0.86189338 -0.22219256,
  -0.36836728 0.86460178 -0.34171524,-0.31044339 0.91494024 -0.25789391,
  -0.22175016 0.96055514 -0.16781144,-0.09516149 0.99352902 -0.062003112,
  0.00011164221 0.99949081 -0.031907912,0.094773541 0.99358843 -0.061644265,
  0.22123391 0.96079441 -0.16712172,0.30406444 0.91935719 -0.24965411,
  0.31489686 0.92133226 -0.22800622,0.46484454 0.87091724 -0.159445,
  0.4939424 0.85537936 -0.15603543,0.52303431 0.84094008 -0.138762,
  0.66498613 0.74011204 -0.10013801,0.67809985 0.73488954 -0.010860653,
  0.7156924 0.6931999 -0.085195602,0.38923274 0.88993729 -0.23771726,
  0.38926696 0.80715651 -0.44381257,0.38997468 0.66041356 -0.64169594,
  0.39024246 0.46616109 -0.79398026,0.37755176 0.27303777 -0.88481922,
  0.41425262 0.17509001 -0.89316194,0.68485754 0.047556596 -0.72712345,
  0.58994121 0.068131581 -0.80456663,0.40998862 0.1776825 -0.89461626,
  0.24390414 0.12272354 -0.96200296,0.0058985471 0.061082804 -0.99811527,
  -0.23294592 0.11713029 -0.96541012,-0.40699917 0.18097452 -0.89532111,
  -0.65406837 0.051812162 -0.75465891,-0.81600189 0.068464004 -0.57398049,
  -0.91181105 0.17735774 -0.37033072,-0.97999248 0.062645029 -0.18891886,
  -0.99969653 -0.0014928849 0.024589042,-0.96973972 0.065583562 0.23516734,
  -0.92471668 0.10291338 0.36648043,-0.80989134 -0.051280422 0.58433409,
  -0.7596128 -0.083463804 0.64499781,-0.91950354 -0.055435218 0.38915315,
  -0.92223188 -0.19587817 0.33334682,-0.92222403 -0.27668146 0.27009295,
  -0.92212644 -0.33656816 0.19080018,-0.92349569 -0.35974744 0.13318213,
  -0.92026847 -0.39117806 0.0092558933,-0.98869815 0.12635849 -0.080681519,
  -0.60756895 0.77256159 -0.18441411,-0.99984716 0.010266807 -0.014150906,
  0.019878328 0.97594389 -0.21711373,-0.69266331 0.67590018 -0.25174686,
  -0.99911753 0.0275013 -0.031746603,-0.012169381 0.94977413 -0.31269956,
  -0.69266334 0.5803261 -0.42829793,-0.99939035 0.012119613 -0.032742221,
  -0.012785841 0.82825459 -0.56020608,-0.75402083 0.42083435 -0.50433227,
  -0.99938977 0.0021759104 -0.034861842,-0.068400851 0.62541333 -0.77728983,
  -0.69238038 0.31269689 -0.65025385,-0.99779874 0.063692816 0.018463427,
  -0.013690461 0.36890866 -0.92936482,-0.68653095 0.1864796 -0.70278063,
  0.035727467 0.22477862 -0.97375465] }
}
}
DEF SHAPE_436 Shape {
 appearance USE APP_2
 geometry DEF FACE_436 IndexedFaceSet {
  coord DEF COORD_436 Coordinate { point [
  0.80708661 1.2401575 -0.39370079,-0.80708661 1.2401575 -0.39370079,
  -0.80708661 1.2992126 -0.33464567,0.80708661 1.2992126 -0.33464567] }
 coordIndex [
  3,0,1,-1,3,1,2,-1]
  normalPerVertex TRUE
  normal DEF NORM_436 Normal { vector [
  0 0.70710678 -0.70710678,0 0.70710678 -0.70710678,
  0 0.70710678 -0.70710678,0 0.70710678 -0.70710678] }
}
}
DEF SHAPE_437 Shape {
 appearance USE APP_3
 geometry DEF FACE_437 IndexedFaceSet {
  coord DEF COORD_437 Coordinate { point [
  1.9094489 0.92575152 1.1855939,1.9094486 0.92575166 -0.21598083,
  1.8926801 0.79837995 1.1855939,1.8435165 0.67968853 1.1855939,
  1.7653085 0.5777659 1.1855939,1.6633859 0.49955792 1.1855939,
  1.5446945 0.45039432 1.1855939,1.4173229 0.43362554 1.1855939,
  1.2899513 0.45039432 1.1855939,1.1712599 0.49955792 1.1855939,
  1.0693373 0.5777659 1.1855939,0.9911293 0.67968853 1.1855939,
  0.94196571 0.79837995 1.1855939,0.92519692 0.92575152 1.1855939,
  0.92519878 0.92575151 -0.21598243,1.0693061 0.57773481 -0.21598091,
  0.99807965 0.66869591 -0.21597365,0.94972704 0.77389259 -0.21601206,
  0.93144547 0.84891878 -0.21601965,1.1625658 0.50485304 -0.21471634,
  1.2707444 0.45601377 -0.21378255,1.3651745 0.43640353 -0.21326863,
  1.4547137 0.43504868 -0.21298607,1.5432 0.4499964 -0.21288945,
  1.6180998 0.47643995 -0.21296036,1.6889674 0.51538913 -0.21320953,
  1.7783865 0.59135298 -0.21375072,1.846443 0.68482221 -0.21439158,
  1.8915342 0.79423072 -0.21511442,1.9049093 0.85912434 -0.21553964] }
 coordIndex [
  29,1,0,-1,29,0,2,-1,28,29,2,-1,27,2,3,-1,27,28,2,-1,26,3,4,-1,26,27,3,-1,25,4,5,-1,
  25,26,4,-1,24,5,6,-1,24,25,5,-1,23,24,6,-1,22,6,7,-1,22,23,6,-1,21,7,8,-1,21,22,7,-1,
  20,8,9,-1,20,21,8,-1,19,9,10,-1,19,20,9,-1,15,19,10,-1,16,10,11,-1,16,15,10,-1,17,11,12,-1,
  17,16,11,-1,18,12,13,-1,18,17,12,-1,14,18,13,-1]
  normalPerVertex TRUE
  normal DEF NORM_437 Normal { vector [
  0.99402061 -0.10917486 0.0019709497,0.99768722 -0.067972069 -2.1906528e-07,
  0.95890161 -0.28373666 0.0011023455,0.84906635 -0.52828593 0.00055897165,
  0.68879023 -0.72496022 0.00083801999,0.49560561 -0.8685461 0.001659705,
  0.25355084 -0.96732068 0.0016324435,-0.0039438827 -0.99999088 0.0016369249,
  -0.24367371 -0.96985638 0.0013109209,-0.47239038 -0.88138928 0.00051575771,
  -0.70646754 -0.7077453 0.00044233166,-0.88014687 -0.47470125 0.00045171577,
  -0.96728333 -0.25369484 0.0013767517,-0.99370684 -0.11199912 0.0017094423,
  -0.99671125 -0.081035121 -1.3162182e-06,-0.70572003 -0.70849081 3.1423531e-05,
  -0.83325231 -0.55289291 -8.6291579e-05,-0.93247473 -0.3612352 -0.00011480974,
  -0.98923914 -0.14630485 0.00090420179,-0.55030803 -0.83496172 -5.4641199e-06,
  -0.34376089 -0.93905721 -5.1992668e-05,-0.12032538 -0.99273441 0.00042975868,
  0.098926341 -0.99509454 0.00065353307,0.24557631 -0.96937726 1.3385981e-05,
  0.39748576 -0.91760785 0.00094825731,0.593034 -0.80517741 8.7985049e-05,
  0.75499624 -0.65572912 -5.3711673e-05,0.8927319 -0.4505882 0.00016027184,
  0.94808535 -0.31801595 0.00016643192,0.9911457 -0.13277118 0.0014212435] }
}
}
DEF SHAPE_438 Shape {
 appearance USE APP_2
 geometry DEF FACE_438 IndexedFaceSet {
  coord DEF COORD_438 Coordinate { point [
  2.3832825 1.4596873 0.11811024,2.2916658 1.541671 0.11811024,
  2.1850593 1.6029086 0.11811024,2.0680837 1.640746 0.11811024,
  1.9458086 1.6535433 0.11811024,-1.9458086 1.6535433 0.11811024,
  -2.0680838 1.6407459 0.11811024,-2.1850595 1.6029085 0.11811024,
  -2.291666 1.5416709 0.11811024,-2.3832829 1.4596871 0.11811024,
  -2.4293809 1.407444 0.11811024,-2.4740077 1.3539387 0.11811024,
  -2.5171286 1.2992126 0.11811024,-1.7378143 1.2992126 0.11811024,
  -1.0968312 1.2992126 0.11811024,-1.1932134 1.3638873 0.11811024,
  -1.3020623 1.4041896 0.11811024,-1.4173228 1.4178775 0.11811024,
  -1.5325833 1.4041896 0.11811024,-1.6414321 1.3638873 0.11811024,
  1.0968314 1.2992126 0.11811024,1.7378144 1.2992126 0.11811024,
  1.6414323 1.3638873 0.11811024,1.5325834 1.4041896 0.11811024,
  1.4173229 1.4178775 0.11811024,1.3020624 1.4041896 0.11811024,
  1.1932136 1.3638873 0.11811024,2.5171286 1.2992126 0.11811024,
  2.4740076 1.3539388 0.11811024,2.4293807 1.4074442 0.11811024] }
 coordIndex [
  13,7,8,-1,13,8,9,-1,13,9,10,-1,13,10,11,-1,13,11,12,-1,6,7,13,-1,5,6,13,-1,19,5,13,-1,
  18,5,19,-1,17,5,18,-1,16,5,17,-1,26,15,14,-1,26,14,20,-1,4,22,21,-1,4,23,22,-1,4,24,23,-1,
  4,25,24,-1,3,4,21,-1,2,3,21,-1,28,21,27,-1,1,2,21,-1,29,21,28,-1,0,1,21,-1,0,21,29,-1,
  4,5,16,-1,4,16,15,-1,4,15,25,-1,25,15,26,-1]
  normalPerVertex TRUE
  normal DEF NORM_438 Normal { vector [
  0 0 1,0 0 1,
  0 0 1,0 0 1,
  0 0 1,0 0 1,
  0 0 1,0 0 1,
  0 0 1,0 0 1,
  0 0 1,0 0 1,
  0 0 1,0 0 1,
  0 0 1,0 0 1,
  0 0 1,0 0 1,
  0 0 1,0 0 1,
  0 0 1,0 0 1,
  0 0 1,0 0 1,
  0 0 1,0 0 1,
  0 0 1,0 0 1,
  0 0 1,0 0 1] }
}
}
DEF SHAPE_439 Shape {
 appearance USE APP_2
 geometry DEF FACE_439 IndexedFaceSet {
  coord DEF COORD_439 Coordinate { point [
  2.5590595 0.27552969 -0.41338589,2.43839 0.79301755 -0.41338583,
  2.2909977 1.1023622 -0.41338583,2.2898329 1.1023622 -0.41338583,
  2.1685112 1.2992126 -0.41338583,2.5171287 1.2992126 -0.41338583,
  2.6528572 1.1023622 -0.41338583,2.8302001 0.75428846 -0.41338583,
  2.9123536 0.52099586 -0.41338583,2.9724409 0.27559055 -0.41338583,
  3.0511811 0.27559055 -0.41338583,3.0511811 0.039370079 -0.41338583,
  2.7952756 0.039370079 -0.41338583,2.7952756 -0.37401575 -0.41338583,
  2.5590551 -0.37401575 -0.41338583] }
 coordIndex [
  12,14,13,-1,9,11,10,-1,9,12,11,-1,0,9,8,-1,0,14,12,-1,0,12,9,-1,7,0,8,-1,1,0,7,-1,
  6,1,7,-1,2,6,5,-1,2,1,6,-1,4,3,2,-1,4,2,5,-1]
  normalPerVertex TRUE
  normal DEF NORM_439 Normal { vector [
  -1.043677e-07 -1.0791069e-08 1,0 -5.2072429e-08 1,
  0 0 1,0 0 1,
  0 0 1,0 0 1,
  0 0 1,-3.6938271e-08 -6.4360284e-08 1,
  -1.3704963e-07 -4.0723076e-08 1,-1.0115169e-07 2.4588872e-08 1,
  0 0 1,0 0 1,
  -9.2740091e-08 5.9016421e-08 1,0 0 1,
  -9.6174527e-08 5.4956873e-08 1] }
}
}
DEF SHAPE_440 Shape {
 appearance USE APP_2
 geometry DEF FACE_440 IndexedFaceSet {
  coord DEF COORD_440 Coordinate { point [
  2.1685112 1.2992126 -0.41338583,2.2898329 1.1023622 -0.41338583,
  2.2898329 1.1023622 -0.6496063,2.1685112 1.2992126 -0.6496063] }
 coordIndex [
  2,1,0,-1,2,0,3,-1]
  normalPerVertex TRUE
  normal DEF NORM_440 Normal { vector [
  -0.85130481 -0.52467144 0,-0.85130481 -0.52467144 0,
  -0.85130481 -0.52467144 0,-0.85130481 -0.52467144 0] }
}
}
DEF SHAPE_441 Shape {
 appearance USE APP_2
 geometry DEF FACE_441 IndexedFaceSet {
  coord DEF COORD_441 Coordinate { point [
  2.1685112 1.2992126 -0.6496063,1.7371669 1.2992126 -0.6496063,
  1.640926 1.3635912 -0.6496063,1.532307 1.4037014 -0.6496063,
  1.4173228 1.4173228 -0.6496063,2.0756855 1.4173228 -0.6496063] }
 coordIndex [
  1,5,0,-1,2,5,1,-1,4,5,3,-1,3,5,2,-1]
  normalPerVertex TRUE
  normal DEF NORM_441 Normal { vector [
  0 0 -1,0 0 -1,
  0 0 -1,0 0 -1,
  0 0 -1,0 0 -1] }
}
}
DEF SHAPE_442 Shape {
 appearance USE APP_2
 geometry DEF FACE_442 IndexedFaceSet {
  coord DEF COORD_442 Coordinate { point [
  0.94608996 1.0670685 -0.6496063,0.94608996 1.0670685 -0.41338583,
  1.0974788 1.2992126 -0.41338583,1.0325085 1.2319637 -0.41338583,
  0.98143084 1.1536397 -0.41338583,1.0974788 1.2992126 -0.24466607,
  1.1240578 1.3203972 -0.23297188,1.1509319 1.3389893 -0.21596911,
  1.2230244 1.3771458 -0.21602594,1.3003289 1.4032142 -0.21597127,
  1.3365436 1.4106544 -0.23380545,1.377476 1.4157076 -0.24640497,
  1.4173228 1.4173228 -0.25093006,1.457178 1.4156995 -0.24638047,
  1.4977371 1.4107091 -0.23389946,1.5340698 1.4032747 -0.21602277,
  1.6033814 1.3806001 -0.21610688,1.6447777 1.3614462 -0.2161139,
  1.6842495 1.3386441 -0.21608654,1.7108036 1.3202372 -0.23292577,
  1.7371669 1.2992126 -0.24453734,1.7371669 1.2992126 -0.6496063,
  1.640926 1.3635912 -0.6496063,1.532307 1.4037014 -0.6496063,
  1.4173228 1.4173228 -0.6496063,1.292866 1.4013255 -0.6496063,
  1.1765006 1.3543735 -0.6496063,1.0757917 1.2795194 -0.6496063,
  0.99728692 1.1816297 -0.6496063] }
 coordIndex [
  19,21,20,-1,19,22,21,-1,18,22,19,-1,17,22,18,-1,16,23,22,-1,16,22,17,-1,15,23,16,-1,14,23,15,-1,
  13,24,23,-1,13,23,14,-1,12,24,13,-1,11,25,24,-1,11,24,12,-1,10,25,11,-1,9,25,10,-1,8,26,25,-1,
  8,25,9,-1,2,27,26,-1,2,26,8,-1,7,2,8,-1,6,2,7,-1,3,28,27,-1,3,27,2,-1,5,2,6,-1,
  4,0,28,-1,4,28,3,-1,1,0,4,-1]
  normalPerVertex TRUE
  normal DEF NORM_442 Normal { vector [
  0.9185596 -0.39521297 0.0074141591,0.92582641 -0.37794903 0,
  0.5821251 -0.81309569 0.0024001082,0.78120744 -0.62426876 0.0018598758,
  0.89712053 -0.44177786 0.0026600958,0.6232847 -0.781995 0,
  0.59462063 -0.80397762 0.0068040956,0.49154959 -0.86982821 0.042164862,
  0.43083824 -0.90242416 0.0030080423,0.28300399 -0.95911848 -0.00069315969,
  0.16183426 -0.98680457 0.0051401158,0.11066058 -0.99383289 0.0071006007,
  -0.00010188961 -0.99999999 0,-0.10379777 -0.99458121 0.005850687,
  -0.1607749 -0.98698569 0.0032679992,-0.27411553 -0.96169675 0.00016803793,
  -0.34996215 -0.93675796 0.0033195185,-0.46052811 -0.88764507 -0.00030032015,
  -0.52873364 -0.8487784 0.0039952494,-0.57017757 -0.82149948 0.0060118116,
  -0.62350134 -0.78182228 0,-0.57123168 -0.82077194 0.0052723851,
  -0.4658378 -0.88485483 0.0052038321,-0.23645211 -0.97162989 0.0050748789,
  0.0074372496 -0.99995327 0.0061767449,0.25175834 -0.96777194 0.0059338472,
  0.49092183 -0.87120352 0.00042751486,0.70093436 -0.71317556 0.0084642106,
  0.84921763 -0.52797221 0.0086467314] }
}
}
DEF SHAPE_443 Shape {
 appearance USE APP_2
 geometry DEF FACE_443 IndexedFaceSet {
  coord DEF COORD_443 Coordinate { point [
  1.3003289 1.4032142 -0.21597127,1.3365436 1.4106544 -0.23380545,
  1.377476 1.4157076 -0.24640497,1.4173228 1.4173228 -0.25093006,
  1.457178 1.4156995 -0.24638047,1.4977371 1.4107091 -0.23389946,
  1.5340698 1.4032747 -0.21602277,1.6033814 1.3806001 -0.21610688,
  1.6447777 1.3614462 -0.2161139,1.6842495 1.3386441 -0.21608654,
  1.7108036 1.3202372 -0.23292577,1.7371669 1.2992126 -0.24453734,
  1.7375124 1.2993158 -0.21598028,1.7653072 1.2736689 -0.21598046,
  1.765278 1.2163805 -0.65754227,1.7652835 1.0447348 -1.0750415,
  1.7652891 0.77056701 -1.4343084,1.7652946 0.41289027 -1.7099701,
  1.7653002 -0.0047184259 -1.8833558,1.7653029 -0.22638954 -1.9276712,
  1.7653071 -0.452756 -1.9424725,1.7443869 -0.45275613 -1.9621766,
  1.6472579 -0.45275632 -2.029031,1.5370309 -0.45275639 -2.0714022,
  1.4201765 -0.4527564 -2.0866047,1.303166 -0.4527564 -2.0727843,
  1.1924729 -0.45275639 -2.0316616,1.0945716 -0.45275638 -1.9659186,
  1.0157118 -0.45275637 -1.8784615,0.95989078 -0.45275634 -1.774449,
  0.93408404 -0.45275628 -1.6860033,0.92519869 -0.45275618 -1.5944882,
  0.9391555 -0.45275626 -1.4798172,0.97933665 -0.45275624 -1.371244,
  1.0194453 -0.45275618 -1.3052603,1.0693373 -0.45275607 -1.2465025,
  1.072631 -0.18670708 -1.2081963,1.0737251 0.060904841 -1.1042554,
  1.072603 0.27435628 -0.94166987,1.0709081 0.42463377 -0.75341779,
  1.0698954 0.51884078 -0.55772345,1.0694334 0.56281222 -0.39039993,
  1.0693061 0.57773481 -0.21598091,0.99807965 0.66869591 -0.21597365,
  0.94972704 0.77389259 -0.21601206,0.93144547 0.84891878 -0.21601965,
  0.92519878 0.92575151 -0.21598243,0.93894116 1.0392593 -0.21588115,
  0.97835397 1.1466832 -0.21584331,1.0302085 1.2290785 -0.2158544,
  1.0971657 1.2993248 -0.21589948,1.0974788 1.2992126 -0.24466607,
  1.1240578 1.3203972 -0.23297188,1.1509319 1.3389893 -0.21596911,
  1.2230244 1.3771458 -0.21602594,0.92520061 0.92386287 -0.28812643,
  1.069339 1.2713698 -0.30633852,0.9252006 0.85064896 -0.66477914,
  1.4173228 1.4153131 -0.31388226,1.069339 1.1796741 -0.77807161,
  0.92520059 0.67645167 -1.0066605,1.4173227 1.315962 -0.82499931,
  1.069339 0.9615033 -1.2062558,0.92520057 0.41476722 -1.2872826,
  1.4173227 1.0795767 -1.2889317,1.0693389 0.6337605 -1.5577169,
  0.92520055 0.085870019 -1.484904,1.4173227 0.72447135 -1.6697355,
  1.0693389 0.2218381 -1.8052248,0.92520054 -0.28475809 -1.5842134,
  1.4173226 0.27815847 -1.9379073,1.0693389 -0.24234956 -1.9296035,
  1.4173226 -0.22478318 -2.07267] }
 coordIndex [
  41,42,43,-1,41,43,44,-1,51,49,50,-1,54,52,53,-1,10,8,9,-1,13,11,12,-1,14,8,10,-1,14,7,8,-1,
  14,10,11,-1,14,11,13,-1,34,35,36,-1,33,34,36,-1,21,22,19,-1,20,21,19,-1,55,44,45,-1,55,45,46,-1,
  55,46,47,-1,55,47,48,-1,55,41,44,-1,56,55,48,-1,56,48,49,-1,56,51,52,-1,56,49,51,-1,56,52,54,-1,
  57,39,40,-1,57,40,41,-1,57,41,55,-1,58,0,1,-1,58,1,2,-1,58,2,3,-1,58,3,4,-1,58,4,5,-1,
  58,5,6,-1,58,6,7,-1,58,7,14,-1,58,56,54,-1,58,54,0,-1,59,57,55,-1,59,55,56,-1,60,39,57,-1,
  60,38,39,-1,61,59,56,-1,61,14,15,-1,61,58,14,-1,61,56,58,-1,62,57,59,-1,62,60,57,-1,63,37,38,-1,
  63,38,60,-1,64,15,16,-1,64,62,59,-1,64,61,15,-1,64,59,61,-1,65,60,62,-1,65,63,60,-1,66,36,37,-1,
  66,63,65,-1,66,37,63,-1,67,64,16,-1,67,16,17,-1,67,62,64,-1,67,65,62,-1,68,66,65,-1,69,29,30,-1,
  69,30,31,-1,69,31,32,-1,69,33,36,-1,69,32,33,-1,69,36,66,-1,70,17,18,-1,70,67,17,-1,70,68,65,-1,
  70,65,67,-1,71,26,27,-1,71,27,28,-1,71,28,29,-1,71,29,69,-1,71,69,66,-1,71,66,68,-1,72,18,19,-1,
  72,22,23,-1,72,23,24,-1,72,24,25,-1,72,25,26,-1,72,70,18,-1,72,19,22,-1,72,26,71,-1,72,71,68,-1,
  72,68,70,-1]
  normalPerVertex TRUE
  normal DEF NORM_443 Normal { vector [
  -0.3104631 0.91492801 -0.25791357,-0.22175819 0.96055184 -0.16781973,
  -0.09516149 0.99352902 -0.062003112,0.00011164221 0.99949081 -0.031907912,
  0.094773541 0.99358843 -0.061644265,0.22123391 0.96079441 -0.16712172,
  0.30406701 0.91935545 -0.24965739,0.31493348 0.92132347 -0.22799118,
  0.46495766 0.87086401 -0.15940592,0.49420213 0.85530627 -0.15561307,
  0.52315546 0.84087167 -0.13871985,0.6650297 0.74007449 -0.10012616,
  0.67809986 0.73488953 -0.010860662,0.71569236 0.69319994 -0.085195614,
  0.38923393 0.88993634 -0.23771887,0.38926696 0.80715651 -0.44381257,
  0.38997468 0.66041356 -0.64169594,0.39024246 0.46616109 -0.79398026,
  0.37755176 0.27303777 -0.88481922,0.41425262 0.17509001 -0.89316194,
  0.68485754 0.047556596 -0.72712345,0.58994121 0.068131581 -0.80456663,
  0.40998862 0.1776825 -0.89461626,0.24390414 0.12272354 -0.96200296,
  0.0058985471 0.061082804 -0.99811527,-0.23294592 0.11713029 -0.96541012,
  -0.40699917 0.18097452 -0.89532111,-0.65406837 0.051812162 -0.75465891,
  -0.81600189 0.068464004 -0.57398049,-0.91181105 0.17735774 -0.37033072,
  -0.97999248 0.062645029 -0.18891886,-0.99969653 -0.0014928849 0.024589042,
  -0.96973972 0.065583562 0.23516734,-0.92471668 0.10291338 0.36648043,
  -0.80989134 -0.051280422 0.58433409,-0.7596128 -0.083463804 0.64499781,
  -0.91950354 -0.055435218 0.38915315,-0.92223188 -0.19587817 0.33334682,
  -0.92222403 -0.27668146 0.27009295,-0.92212644 -0.33656816 0.19080018,
  -0.92349569 -0.35974744 0.13318213,-0.92026847 -0.39117806 0.0092558933,
  -0.78626763 -0.61568549 0.05210176,-0.85337715 -0.52022953 -0.033296742,
  -0.91984055 -0.32005837 -0.22683914,-0.98404715 -0.15892777 -0.079957266,
  -0.9992249 0.039350668 -0.0010555625,-0.95533228 0.22996562 -0.18562342,
  -0.86333221 0.36808676 -0.34520955,-0.78258372 0.62041548 -0.051452428,
  -0.72381328 0.68991493 -0.010570092,-0.70420619 0.70996748 -0.0063108442,
  -0.47716995 0.85284382 -0.21205249,-0.45634338 0.86188099 -0.22116032,
  -0.3683769 0.86459065 -0.34173303,-0.98819151 0.1292481 -0.082295068,
  -0.60554223 0.77467198 -0.18221397,-0.99984716 0.010266807 -0.014150906,
  0.019894062 0.97594133 -0.2171238,-0.69266331 0.67590018 -0.25174686,
  -0.99911753 0.0275013 -0.031746603,-0.012169381 0.94977413 -0.31269956,
  -0.69266334 0.5803261 -0.42829793,-0.99765876 -0.041987332 0.053982035,
  -0.012785841 0.82825459 -0.56020608,-0.72905954 0.41279905 -0.54595708,
  -0.99510951 0.039071001 -0.090722163,-0.013539 0.64370993 -0.76514981,
  -0.64189862 0.27192743 -0.71695302,-0.99779874 0.063692816 0.018463427,
  -0.013691175 0.41008913 -0.91194268,-0.75763615 0.16677008 -0.63101125,
  -0.049865932 0.23116846 -0.97163498] }
}
}
DEF SHAPE_444 Shape {
 appearance USE APP_2
 geometry DEF FACE_444 IndexedFaceSet {
  coord DEF COORD_444 Coordinate { point [
  2.5171287 1.2992126 -0.33464567,2.5171287 1.2992126 -0.41338583,
  2.3832825 1.4596874 -0.41338583,2.3832825 1.4596873 0.11811024,
  2.5171286 1.2992126 0.11811024,2.4740076 1.3539388 0.11811024,
  2.4293807 1.4074442 0.11811024,2.5171287 1.2992126 0] }
 coordIndex [
  7,5,4,-1,7,6,5,-1,7,3,6,-1,2,3,7,-1,0,2,7,-1,1,2,0,-1]
  normalPerVertex TRUE
  normal DEF NORM_444 Normal { vector [
  0.76794543 0.64051527 5.1612588e-08,0.7679455 0.64051519 -2.1950629e-07,
  0.76794538 0.64051533 1.2140363e-07,0.76671021 0.64198436 -0.0033953884,
  0.78546832 0.61890187 6.688989e-07,0.776756 0.62974819 -0.0082057602,
  0.75855186 0.6507865 -0.032802468,0.76794274 0.64051312 -0.0026258624] }
}
}
DEF SHAPE_445 Shape {
 appearance USE APP_2
 geometry DEF FACE_445 IndexedFaceSet {
  coord DEF COORD_445 Coordinate { point [
  2.5176518 1.2992126 -0.33464567,2.5171287 1.2992126 -0.33464567,
  2.5615461 1.2401575 -0.39370079,2.0275591 1.2401575 -0.39370079,
  2.0275591 1.2992126 -0.33464567] }
 coordIndex [
  1,2,3,-1,1,3,4,-1,0,2,1,-1]
  normalPerVertex TRUE
  normal DEF NORM_445 Normal { vector [
  0 0.70710678 -0.70710678,0 0.70710678 -0.70710678,
  0 0.70710678 -0.70710678,0 0.70710678 -0.70710678,
  0 0.70710678 -0.70710678] }
}
}
DEF SHAPE_446 Shape {
 appearance USE APP_2
 geometry DEF FACE_446 IndexedFaceSet {
  coord DEF COORD_446 Coordinate { point [
  2.7755906 -1.2401575 0.11811024,2.7755906 -1.2401575 -3.052732,
  2.8573361 -1.2401575 -3.1344775,2.9377078 -1.2401575 -3.0718128,
  2.9993017 -1.2401575 -2.9906175,3.0379903 -1.2401575 -2.8963324,
  3.0511811 -1.2401575 -2.7952756,3.0511811 -1.2401575 0.11811024] }
 coordIndex [
  6,0,1,-1,6,7,0,-1,5,6,1,-1,4,5,1,-1,3,1,2,-1,3,4,1,-1]
  normalPerVertex TRUE
  normal DEF NORM_446 Normal { vector [
  0 -1 0,0 -1 0,
  0 -1 0,0 -1 0,
  0 -1 0,0 -1 0,
  0 -1 0,0 -1 0] }
}
}
DEF SHAPE_447 Shape {
 appearance USE APP_2
 geometry DEF FACE_447 IndexedFaceSet {
  coord DEF COORD_447 Coordinate { point [
  0.39370079 -0.76771654 -0.40892722,0.39370079 -0.76771654 -0.41338583,
  0.39370079 -0.57086614 -0.29527559,0.39370079 -0.37401575 -0.29527559,
  0.39370079 -0.37401575 -0.39370079,0.39370079 -0.37401575 -0.41338583] }
 coordIndex [
  2,0,1,-1,5,2,1,-1,4,2,5,-1,3,2,4,-1]
  normalPerVertex TRUE
  normal DEF NORM_447 Normal { vector [
  1 0 0,1 0 0,
  1 0 0,1 0 0,
  1 0 0,1 0 0] }
}
}
DEF SHAPE_448 Shape {
 appearance USE APP_2
 geometry DEF FACE_448 IndexedFaceSet {
  coord DEF COORD_448 Coordinate { point [
  -0.39370079 -0.57086614 -0.29527559,0.39370079 -0.57086614 -0.29527559,
  0.39370079 -0.37401575 -0.29527559,-0.39370079 -0.37401575 -0.29527559] }
 coordIndex [
  1,3,0,-1,2,3,1,-1]
  normalPerVertex TRUE
  normal DEF NORM_448 Normal { vector [
  0 0 1,0 0 1,
  0 0 1,0 0 1] }
}
}
DEF SHAPE_449 Shape {
 appearance USE APP_2
 geometry DEF FACE_449 IndexedFaceSet {
  coord DEF COORD_449 Coordinate { point [
  -0.39370079 -0.37401575 -0.29527559,-0.39370079 -0.57086614 -0.29527559,
  -0.39370079 -0.76771654 -0.40892722,-0.39370079 -0.76771654 -0.41338583,
  -0.39370079 -0.37401575 -0.41338583,-0.39370079 -0.37401575 -0.39370079] }
 coordIndex [
  1,3,2,-1,5,1,0,-1,4,3,1,-1,4,1,5,-1]
  normalPerVertex TRUE
  normal DEF NORM_449 Normal { vector [
  -1 0 0,-1 0 0,
  -1 0 0,-1 0 0,
  -1 0 0,-1 0 0] }
}
}
DEF SHAPE_450 Shape {
 appearance USE APP_2
 geometry DEF FACE_450 IndexedFaceSet {
  coord DEF COORD_450 Coordinate { point [
  -2.8149606 -0.039370079 -0.39370079,-2.8149606 -0.78740157 -0.39370079,
  -2.8149606 -0.039370079 -2.3622047,-2.8149606 -0.78740157 -2.3622047] }
 coordIndex [
  0,3,2,-1,0,1,3,-1]
  normalPerVertex TRUE
  normal DEF NORM_450 Normal { vector [
  1 0 0,1 0 0,
  1 0 0,1 0 0] }
}
}
DEF SHAPE_451 Shape {
 appearance USE APP_2
 geometry DEF FACE_451 IndexedFaceSet {
  coord DEF COORD_451 Coordinate { point [
  -2.8149606 -0.039370079 -2.3622047,-2.8149606 -0.78740157 -2.3622047,
  -2.7948381 -0.039370079 -2.5150506,-2.7358418 -0.039370079 -2.6574803,
  -2.6419922 -0.039370079 -2.7797875,-2.519685 -0.039370079 -2.873637,
  -2.3772553 -0.039370079 -2.9326334,-2.2244094 -0.039370079 -2.9527559,
  -2.2244094 -0.78740157 -2.9527559,-2.3772553 -0.78740157 -2.9326334,
  -2.519685 -0.78740157 -2.873637,-2.6419922 -0.78740157 -2.7797875,
  -2.7358418 -0.78740157 -2.6574803,-2.7948381 -0.78740157 -2.5150506] }
 coordIndex [
  13,0,1,-1,13,2,0,-1,13,3,2,-1,12,4,3,-1,12,3,13,-1,11,5,4,-1,11,4,12,-1,10,6,5,-1,
  10,5,11,-1,9,7,6,-1,9,6,10,-1,8,7,9,-1]
  normalPerVertex TRUE
  normal DEF NORM_451 Normal { vector [
  0.99144486 0 0.13052619,0.99144486 0 0.13052619,
  0.96592583 0 0.25881905,0.88711369 0 0.46155098,
  0.73742784 0 0.67542593,0.5374875 0 0.84327172,
  0.30091828 0 0.95364993,0.13052619 0 0.99144486,
  0.13052619 0 0.99144486,0.21622209 0 0.9763442,
  0.46155098 0 0.88711369,0.67542593 0 0.73742784,
  0.84327172 0 0.5374875,0.96592583 0 0.25881905] }
}
}
DEF SHAPE_452 Shape {
 appearance USE APP_2
 geometry DEF FACE_452 IndexedFaceSet {
  coord DEF COORD_452 Coordinate { point [
  -2.2244094 -0.039370079 -2.9527559,-2.2244094 -0.78740157 -2.9527559,
  2.2244094 -0.039370079 -2.9527559,2.2244094 -0.78740157 -2.9527559,
  2.2047244 -0.78740157 -2.9527559,2.2047244 -0.37401575 -2.9527559,
  2.1653543 -0.37401575 -2.9527559,1.3779528 -0.37401575 -2.9527559,
  1.3385827 -0.37401575 -2.9527559,1.3385827 -0.78740157 -2.9527559,
  -1.3385827 -0.78740157 -2.9527559,-1.3385827 -0.37401575 -2.9527559,
  -1.3779528 -0.37401575 -2.9527559,-2.1653543 -0.37401575 -2.9527559,
  -2.2047244 -0.37401575 -2.9527559,-2.2047244 -0.78740157 -2.9527559] }
 coordIndex [
  5,4,3,-1,2,6,5,-1,7,6,2,-1,8,7,2,-1,10,9,8,-1,11,10,8,-1,14,1,15,-1,0,12,11,-1,
  0,13,12,-1,0,14,13,-1,1,14,0,-1,0,11,2,-1,11,8,2,-1,2,5,3,-1]
  normalPerVertex TRUE
  normal DEF NORM_452 Normal { vector [
  0 0 1,0 0 1,
  0 0 1,0 0 1,
  0 0 1,0 0 1,
  0 0 1,0 0 1,
  0 0 1,0 0 1,
  0 0 1,0 0 1,
  0 0 1,0 0 1,
  0 0 1,0 0 1] }
}
}
DEF SHAPE_453 Shape {
 appearance USE APP_2
 geometry DEF FACE_453 IndexedFaceSet {
  coord DEF COORD_453 Coordinate { point [
  2.2244094 -0.039370079 -2.9527559,2.2244094 -0.78740157 -2.9527559,
  2.3772553 -0.039370079 -2.9326334,2.519685 -0.039370079 -2.873637,
  2.6419922 -0.039370079 -2.7797875,2.7358418 -0.039370079 -2.6574803,
  2.7948381 -0.039370079 -2.5150506,2.8149606 -0.039370079 -2.3622047,
  2.8149606 -0.78740157 -2.3622047,2.7948381 -0.78740157 -2.5150506,
  2.7358418 -0.78740157 -2.6574803,2.6419922 -0.78740157 -2.7797875,
  2.519685 -0.78740157 -2.873637,2.3772553 -0.78740157 -2.9326334] }
 coordIndex [
  1,2,0,-1,13,3,2,-1,13,2,1,-1,12,4,3,-1,12,3,13,-1,11,5,4,-1,11,4,12,-1,10,6,5,-1,
  10,5,11,-1,9,7,6,-1,9,6,10,-1,8,7,9,-1]
  normalPerVertex TRUE
  normal DEF NORM_453 Normal { vector [
  -0.13052619 0 0.99144486,-0.13052619 0 0.99144486,
  -0.21622209 0 0.9763442,-0.46155098 0 0.88711369,
  -0.67542593 0 0.73742784,-0.84327172 0 0.5374875,
  -0.95364993 0 0.30091828,-0.99144486 0 0.13052619,
  -0.99144486 0 0.13052619,-0.9763442 0 0.21622209,
  -0.88711369 0 0.46155098,-0.73742784 0 0.67542593,
  -0.5374875 0 0.84327172,-0.30091828 0 0.95364993] }
}
}
DEF SHAPE_454 Shape {
 appearance USE APP_2
 geometry DEF FACE_454 IndexedFaceSet {
  coord DEF COORD_454 Coordinate { point [
  2.8149606 -0.039370079 -2.3622047,2.8149606 -0.78740157 -2.3622047,
  2.8149606 -0.039370079 -0.39370079,2.8149606 -0.78740157 -0.39370079] }
 coordIndex [
  1,3,2,-1,0,1,2,-1]
  normalPerVertex TRUE
  normal DEF NORM_454 Normal { vector [
  -1 0 0,-1 0 0,
  -1 0 0,-1 0 0] }
}
}
DEF SHAPE_455 Shape {
 appearance USE APP_2
 geometry DEF FACE_455 IndexedFaceSet {
  coord DEF COORD_455 Coordinate { point [
  -0.59055118 -0.78740157 -1.5944882,-0.59055118 -0.66929134 -1.5944882,
  -2.2440945 -0.78740157 -1.5944882,-2.2159229 -0.78740157 -1.8084724,
  -2.1333281 -0.78740157 -2.007874,-2.0019387 -0.78740157 -2.179104,
  -1.8307087 -0.78740157 -2.3104934,-1.6313071 -0.78740157 -2.3930883,
  -1.4173228 -0.78740157 -2.4212598,-1.2033386 -0.78740157 -2.3930883,
  -1.003937 -0.78740157 -2.3104934,-0.83270699 -0.78740157 -2.179104,
  -0.70131758 -0.78740157 -2.007874,-0.61872274 -0.78740157 -1.8084724,
  -2.2440945 -0.66929134 -1.5944882,-2.2159229 -0.66929134 -1.8084724,
  -2.1333281 -0.66929134 -2.007874,-2.0019387 -0.66929134 -2.179104,
  -1.8307087 -0.66929134 -2.3104934,-1.6313071 -0.66929134 -2.3930883,
  -1.4173228 -0.66929134 -2.4212598,-1.2033386 -0.66929134 -2.3930883,
  -1.003937 -0.66929134 -2.3104934,-0.83270699 -0.66929134 -2.179104,
  -0.70131758 -0.66929134 -2.007874,-0.61872274 -0.66929134 -1.8084724] }
 coordIndex [
  25,1,0,-1,25,0,13,-1,24,13,12,-1,24,25,13,-1,23,12,11,-1,23,24,12,-1,22,11,10,-1,22,23,11,-1,
  21,10,9,-1,21,22,10,-1,20,9,8,-1,20,21,9,-1,19,8,7,-1,19,20,8,-1,18,7,6,-1,18,19,7,-1,
  17,6,5,-1,17,18,6,-1,16,5,4,-1,16,17,5,-1,15,4,3,-1,15,16,4,-1,14,3,2,-1,14,15,3,-1]
  normalPerVertex TRUE
  normal DEF NORM_455 Normal { vector [
  0.99144486 0 -0.13052619,0.99144486 0 -0.13052619,
  -0.99144486 0 -0.13052619,-0.9763442 0 -0.21622209,
  -0.88711369 0 -0.46155098,-0.73742784 0 -0.67542593,
  -0.5374875 0 -0.84327172,-0.30091828 0 -0.95364993,
  -0.04384197 0 -0.99903848,0.21622209 0 -0.9763442,
  0.46155098 0 -0.88711369,0.67542593 0 -0.73742784,
  0.84327172 0 -0.5374875,0.95364993 0 -0.30091828,
  -0.99144486 0 -0.13052619,-0.95364993 0 -0.30091828,
  -0.84327172 0 -0.5374875,-0.67542593 0 -0.73742784,
  -0.46155098 0 -0.88711369,-0.21622209 0 -0.9763442,
  0.04384197 0 -0.99903848,0.30091828 0 -0.95364993,
  0.5374875 0 -0.84327172,0.73742784 0 -0.67542593,
  0.88711369 0 -0.46155098,0.9763442 0 -0.21622209] }
}
}
DEF SHAPE_456 Shape {
 appearance USE APP_2
 geometry DEF FACE_456 IndexedFaceSet {
  coord DEF COORD_456 Coordinate { point [
  2.2440945 -0.78740157 -1.5944882,2.2440945 -0.66929134 -1.5944882,
  0.59055118 -0.78740157 -1.5944882,0.61872274 -0.78740157 -1.8084724,
  0.70131758 -0.78740157 -2.007874,0.83270699 -0.78740157 -2.179104,
  1.003937 -0.78740157 -2.3104934,1.2033386 -0.78740157 -2.3930883,
  1.4173228 -0.78740157 -2.4212598,1.6313071 -0.78740157 -2.3930883,
  1.8307087 -0.78740157 -2.3104934,2.0019387 -0.78740157 -2.179104,
  2.1333281 -0.78740157 -2.007874,2.2159229 -0.78740157 -1.8084724,
  0.59055118 -0.66929134 -1.5944882,0.61872274 -0.66929134 -1.8084724,
  0.70131758 -0.66929134 -2.007874,0.83270699 -0.66929134 -2.179104,
  1.003937 -0.66929134 -2.3104934,1.2033386 -0.66929134 -2.3930883,
  1.4173228 -0.66929134 -2.4212598,1.6313071 -0.66929134 -2.3930883,
  1.8307087 -0.66929134 -2.3104934,2.0019387 -0.66929134 -2.179104,
  2.1333281 -0.66929134 -2.007874,2.2159229 -0.66929134 -1.8084724] }
 coordIndex [
  25,1,0,-1,25,0,13,-1,24,13,12,-1,24,25,13,-1,23,12,11,-1,23,24,12,-1,22,11,10,-1,22,23,11,-1,
  21,10,9,-1,21,22,10,-1,20,9,8,-1,20,21,9,-1,19,8,7,-1,19,20,8,-1,18,7,6,-1,18,19,7,-1,
  17,6,5,-1,17,18,6,-1,16,5,4,-1,16,17,5,-1,15,3,2,-1,15,4,3,-1,15,16,4,-1,14,15,2,-1]
  normalPerVertex TRUE
  normal DEF NORM_456 Normal { vector [
  0.99144486 0 -0.13052619,0.99144486 0 -0.13052619,
  -0.99144486 0 -0.13052619,-0.96592583 0 -0.25881905,
  -0.88711369 0 -0.46155098,-0.73742784 0 -0.67542593,
  -0.5374875 0 -0.84327172,-0.30091828 0 -0.95364993,
  -0.04384197 0 -0.99903848,0.21622209 0 -0.9763442,
  0.46155098 0 -0.88711369,0.67542593 0 -0.73742784,
  0.84327172 0 -0.5374875,0.95364993 0 -0.30091828,
  -0.99144486 0 -0.13052619,-0.96592583 0 -0.25881905,
  -0.84327172 0 -0.5374875,-0.67542593 0 -0.73742784,
  -0.46155098 0 -0.88711369,-0.21622209 0 -0.9763442,
  0.04384197 0 -0.99903848,0.30091828 0 -0.95364993,
  0.5374875 0 -0.84327172,0.73742784 0 -0.67542593,
  0.88711369 0 -0.46155098,0.9763442 0 -0.21622209] }
}
}
DEF SHAPE_457 Shape {
 appearance USE APP_2
 geometry DEF FACE_457 IndexedFaceSet {
  coord DEF COORD_457 Coordinate { point [
  0.53349137 -2.0866141 -0.72452697,0.53349137 -0.78740157 -0.72452697,
  0.46622433 -0.78740157 -2.3903539,0.30120013 -0.78740157 -2.1350996,
  0.20322189 -0.78740157 -1.8473705,0.17817521 -0.78740157 -1.5444507,
  0.22756466 -0.78740157 -1.2445367,0.34842339 -0.78740157 -0.96564436,
  0.46600063 -2.0866141 -2.3900874,0.30107377 -2.0866141 -2.1348386,
  0.20317461 -2.0866141 -1.8471434,0.17818224 -2.0866141 -1.5442769,
  0.22759739 -2.0866141 -1.2444254,0.3484528 -2.0866141 -0.96559438] }
 coordIndex [
  13,0,1,-1,13,1,7,-1,12,7,6,-1,12,13,7,-1,11,6,5,-1,11,12,6,-1,10,5,4,-1,10,11,5,-1,
  9,4,3,-1,9,10,4,-1,8,3,2,-1,8,9,3,-1]
  normalPerVertex TRUE
  normal DEF NORM_457 Normal { vector [
  -0.79325632 0 0.60888785,-0.79326344 2.7346416e-06 0.60887858,
  -0.83978072 3.3225463e-05 -0.54292573,-0.88133979 1.1154067e-05 -0.47248299,
  -0.96979389 9.1724163e-06 -0.24392584,-0.99999974 7.339194e-06 -0.00071723482,
  -0.97014279 5.5052717e-06 0.24253445,-0.88201633 3.6706494e-06 0.47121884,
  -0.83985103 2.9568438e-06 -0.54281695,-0.91721451 -7.331143e-06 -0.3983937,
  -0.98656802 -5.4993414e-06 -0.16335099,-0.99667315 -3.6666955e-06 0.081502384,
  -0.94692278 -1.8333501e-06 0.32146111,-0.84030469 0 0.5421144] }
}
}
DEF SHAPE_458 Shape {
 appearance USE APP_2
 geometry DEF FACE_458 IndexedFaceSet {
  coord DEF COORD_458 Coordinate { point [
  0.4058872 -2.0866142 -2.519685,0.4058872 -0.78740157 -2.519685,
  0.42552511 -0.78740157 -2.5171969,0.44392191 -0.78740157 -2.5098896,
  0.45991493 -0.78740157 -2.498225,0.47249342 -0.78740157 -2.4829404,
  0.48086242 -0.78740157 -2.4650017,0.48449301 -0.78740157 -2.4455425,
  0.48315574 -0.78740157 -2.4257928,0.47693513 -0.78740157 -2.4070008,
  0.46622433 -0.78740157 -2.3903539,0.46600063 -2.0866141 -2.3900874,
  0.47680126 -2.0866141 -2.406722,0.48310321 -2.0866141 -2.4255274,
  0.48450622 -2.0866141 -2.445311,0.48092125 -2.0866141 -2.4648175,
  0.47257577 -2.0866141 -2.4828095,0.45999924 -2.0866141 -2.4981454,
  0.44398959 -2.0866141 -2.5098522,0.42556255 -2.0866141 -2.5171872] }
 coordIndex [
  0,2,1,-1,19,3,2,-1,19,2,0,-1,18,4,3,-1,18,3,19,-1,17,5,4,-1,17,4,18,-1,16,6,5,-1,
  16,5,17,-1,15,7,6,-1,15,6,16,-1,14,8,7,-1,14,7,15,-1,13,9,8,-1,13,8,14,-1,12,10,9,-1,
  12,9,13,-1,11,10,12,-1]
  normalPerVertex TRUE
  normal DEF NORM_458 Normal { vector [
  -0.12581958 1.8719579e-06 0.99205314,-0.12569769 0 0.99206859,
  -0.20834334 0 0.97805575,-0.44583549 -1.2426279e-06 0.89511492,
  -0.65511441 -2.4852308e-06 0.75552969,-0.82293657 -3.7229463e-06 0.56813326,
  -0.93868191 -4.9557745e-06 0.34478439,-0.99502586 -6.1837156e-06 0.099616968,
  -0.98840288 -7.4067696e-06 -0.15185438,-0.91923219 -8.6248649e-06 -0.39371586,
  -0.83984151 1.6535297e-06 -0.54283168,-0.83871599 3.270505e-05 -0.54456908,
  -0.88211547 1.1023894e-05 -0.47103322,-0.9717919 9.9481458e-06 -0.23584,
  -0.99989767 8.7212126e-06 0.014305726,-0.9646471 7.4893672e-06 0.263545,
  -0.86827377 6.2526094e-06 0.49608533,-0.71688417 5.0109391e-06 0.69719229,
  -0.52007076 3.7643563e-06 0.85412318,-0.29030419 2.5128608e-06 0.95693442] }
}
}
DEF SHAPE_459 Shape {
 appearance USE APP_2
 geometry DEF FACE_459 IndexedFaceSet {
  coord DEF COORD_459 Coordinate { point [
  0.4058872 -2.0866142 -2.519685,-0.4058872 -2.0866142 -2.519685,
  -0.4058872 -0.78740157 -2.519685,0.4058872 -0.78740157 -2.519685] }
 coordIndex [
  2,1,0,-1,2,0,3,-1]
  normalPerVertex TRUE
  normal DEF NORM_459 Normal { vector [
  0 0 1,0 0 1,
  0 0 1,0 0 1] }
}
}
DEF SHAPE_460 Shape {
 appearance USE APP_2
 geometry DEF FACE_460 IndexedFaceSet {
  coord DEF COORD_460 Coordinate { point [
  -0.46618125 -2.0866142 -2.3903025,-0.46619508 -0.78740157 -2.390319,
  -0.47691767 -0.78740157 -2.4069642,-0.48314892 -0.78740157 -2.4257581,
  -0.48449478 -0.78740157 -2.4455122,-0.48087015 -0.78740157 -2.4649776,
  -0.47250422 -0.78740157 -2.4829233,-0.45992598 -0.78740157 -2.4982146,
  -0.44393077 -0.78740157 -2.5098847,-0.42553001 -0.78740157 -2.5171956,
  -0.4058872 -0.78740157 -2.519685,-0.4058872 -2.0866142 -2.519685,
  -0.42553233 -2.0866142 -2.517195,-0.44393496 -2.0866142 -2.5098824,
  -0.4599312 -2.0866142 -2.4982097,-0.47250932 -2.0866142 -2.4829152,
  -0.4808738 -2.0866142 -2.4649662,-0.48449561 -2.0866142 -2.4454979,
  -0.48314569 -2.0866142 -2.4257417,-0.47690941 -2.0866142 -2.406947] }
 coordIndex [
  19,1,0,-1,19,2,1,-1,18,3,2,-1,18,2,19,-1,17,4,3,-1,17,3,18,-1,16,5,4,-1,16,4,17,-1,
  15,6,5,-1,15,5,16,-1,14,7,6,-1,14,6,15,-1,13,8,7,-1,13,7,14,-1,12,9,8,-1,12,8,13,-1,
  11,10,9,-1,11,9,12,-1]
  normalPerVertex TRUE
  normal DEF NORM_460 Normal { vector [
  0.8405313 2.0677005e-06 -0.54176299,0.840601 1.0863288e-07 -0.54165484,
  0.91946957 -5.43501e-07 -0.39316117,0.98848062 -4.6592165e-07 -0.15134747,
  0.99498365 -3.8831186e-07 0.10003767,0.93856712 -3.106833e-07 0.34509675,
  0.82279863 -2.3303597e-07 0.56833302,0.654999 -1.5536987e-07 0.75562974,
  0.44577936 -7.7684999e-08 0.89514287,0.20837006 0 0.97805006,
  0.12572957 0 0.99206455,0.12573711 1.1578704e-07 0.9920636,
  0.29013061 1.5547592e-07 0.95698706,0.5197087 2.3319504e-07 0.85434353,
  0.71641948 3.1089538e-07 0.69766978,0.86782261 3.8857694e-07 0.49687415,
  0.96434308 4.6623974e-07 0.2646553,0.99987676 5.4388375e-07 0.015699177,
  0.97217644 6.2150899e-07 -0.23424979,0.88299483 6.943121e-07 -0.46938271] }
}
}
DEF SHAPE_461 Shape {
 appearance USE APP_2
 geometry DEF FACE_461 IndexedFaceSet {
  coord DEF COORD_461 Coordinate { point [
  -0.53349137 -2.0866142 -0.72452697,-0.34842906 -2.0866142 -0.96563472,
  -0.22757097 -2.0866142 -1.2445152,-0.17817657 -2.0866142 -1.5444172,
  -0.20321277 -2.0866142 -1.8473267,-0.30117577 -2.0866142 -2.1350493,
  -0.46618125 -2.0866142 -2.3903025,-0.46619508 -0.78740157 -2.390319,
  -0.53349137 -0.78740157 -0.72452697,-0.34842724 -0.78740157 -0.96563782,
  -0.22756895 -0.78740157 -1.2445221,-0.17817613 -0.78740157 -1.544428,
  -0.2032157 -0.78740157 -1.8473408,-0.30118359 -0.78740157 -2.1350654] }
 coordIndex [
  6,7,13,-1,5,13,12,-1,5,6,13,-1,4,12,11,-1,4,5,12,-1,3,11,10,-1,3,4,11,-1,2,10,9,-1,
  2,3,10,-1,1,9,8,-1,1,2,9,-1,0,1,8,-1]
  normalPerVertex TRUE
  normal DEF NORM_461 Normal { vector [
  0.79326781 0 0.60887288,0.84032036 0 0.54209012,
  0.94693949 -1.1359836e-07 0.3214119,0.99667926 -2.2719671e-07 0.081427593,
  0.98655199 -3.4079237e-07 -0.16344779,0.917166 -4.5438436e-07 -0.39850536,
  0.83980338 1.7647317e-07 -0.54289067,0.83979905 2.0454932e-06 -0.54289738,
  0.79326825 1.6926808e-07 0.60887231,0.88202562 2.2721186e-07 0.47120145,
  0.97014965 3.408151e-07 0.24250703,0.99999972 4.5441566e-07 -0.00075404714,
  0.96978282 5.6801353e-07 -0.24396983,0.88131406 6.8644447e-07 -0.47253098] }
}
}
DEF SHAPE_462 Shape {
 appearance USE APP_2
 geometry DEF FACE_462 IndexedFaceSet {
  coord DEF COORD_462 Coordinate { point [
  2.7948726 0.83744668 -0.39370079,2.7515464 0.92773466 -0.39370079,
  2.7043905 1.0160842 -0.39370079,2.6535429 1.1023619 -0.39370079,
  2.6239515 1.149005 -0.39370079,2.5932802 1.194945 -0.39370079,
  2.5615461 1.2401575 -0.39370079,2.0275591 1.2401575 -0.39370079,
  2.0275591 0.92519685 -0.39370079,0.80708661 0.92519685 -0.39370079,
  0.82787991 0.76725609 -0.39370079,0.88884277 0.62007874 -0.39370079,
  0.98582067 0.49369468 -0.39370079,1.1122047 0.39671678 -0.39370079,
  1.2593821 0.33575392 -0.39370079,1.4173228 0.31496063 -0.39370079,
  1.5752636 0.33575392 -0.39370079,1.7224409 0.39671678 -0.39370079,
  1.848825 0.49369468 -0.39370079,1.9458029 0.62007874 -0.39370079,
  2.0067658 0.76725609 -0.39370079,0.80708661 1.2401575 -0.39370079,
  -0.80708661 1.2401575 -0.39370079,-0.80708661 0.92519685 -0.39370079,
  -2.0275591 0.92519685 -0.39370079,-2.0067658 0.76725609 -0.39370079,
  -1.9458029 0.62007874 -0.39370079,-1.848825 0.49369468 -0.39370079,
  -1.7224409 0.39671678 -0.39370079,-1.5752636 0.33575392 -0.39370079,
  -1.4173228 0.31496063 -0.39370079,-1.2593821 0.33575392 -0.39370079,
  -1.1122047 0.39671678 -0.39370079,-0.98582067 0.49369468 -0.39370079,
  -0.88884277 0.62007874 -0.39370079,-0.82787991 0.76725609 -0.39370079,
  -2.0275591 1.2401575 -0.39370079,-2.5615461 1.2401575 -0.39370079,
  -2.5932802 1.194945 -0.39370079,-2.6239515 1.149005 -0.39370079,
  -2.6535429 1.1023619 -0.39370079,-2.7044963 1.0158957 -0.39370079,
  -2.7517418 0.92734907 -0.39370079,-2.7951413 0.8368566 -0.39370079,
  -2.9733753 0.27397223 -0.39370079,-3.0511811 0.1392086 -0.39370079,
  -3.0511811 0.019685039 -0.39370079,-2.8740157 0.019685039 -0.39370079,
  -2.8149606 -0.039370079 -0.39370079,-2.8149606 -0.78740157 -0.39370079,
  -1.7125984 -0.78740157 -0.39370079,-1.7125984 -0.47244094 -0.39370079,
  -1.1220472 -0.47244094 -0.39370079,-1.1220472 -0.78740157 -0.39370079,
  -0.43307087 -0.78740157 -0.39370079,-0.43307087 -0.37401575 -0.39370079,
  -0.39370079 -0.37401575 -0.39370079,0.39370079 -0.37401575 -0.39370079,
  0.43307087 -0.37401575 -0.39370079,0.43307087 -0.78740157 -0.39370079,
  1.1220472 -0.78740157 -0.39370079,1.1220472 -0.47244094 -0.39370079,
  1.7125984 -0.47244094 -0.39370079,1.7125984 -0.78740157 -0.39370079,
  2.8149606 -0.78740157 -0.39370079,2.8149606 -0.039370079 -0.39370079,
  2.8740157 0.019685039 -0.39370079,3.0511811 0.019685039 -0.39370079,
  3.0511811 0.1392086 -0.39370079,2.9733753 0.27397223 -0.39370079] }
 coordIndex [
  47,46,45,-1,44,48,47,-1,44,47,45,-1,51,49,48,-1,51,50,49,-1,27,51,48,-1,26,27,48,-1,26,44,43,-1,
  26,48,44,-1,28,51,27,-1,25,26,43,-1,25,42,41,-1,25,43,42,-1,29,51,28,-1,54,53,52,-1,30,51,29,-1,
  30,52,51,-1,24,25,41,-1,24,38,37,-1,24,39,38,-1,24,40,39,-1,24,41,40,-1,31,52,30,-1,55,54,52,-1,
  36,24,37,-1,32,52,31,-1,32,55,52,-1,33,55,32,-1,34,55,33,-1,34,56,55,-1,35,56,34,-1,57,56,35,-1,
  61,59,58,-1,61,60,59,-1,13,58,12,-1,13,61,58,-1,11,12,58,-1,11,58,57,-1,10,57,35,-1,10,11,57,-1,
  14,61,13,-1,15,62,61,-1,15,61,14,-1,9,35,23,-1,9,10,35,-1,16,62,15,-1,64,63,62,-1,21,23,22,-1,
  21,9,23,-1,17,62,16,-1,18,62,17,-1,65,18,19,-1,65,64,62,-1,65,62,18,-1,68,67,66,-1,69,66,65,-1,
  69,65,19,-1,69,68,66,-1,0,19,20,-1,0,69,19,-1,1,0,20,-1,2,20,8,-1,2,1,20,-1,3,2,8,-1,
  4,3,8,-1,5,4,8,-1,6,5,8,-1,6,8,7,-1]
  normalPerVertex TRUE
  normal DEF NORM_462 Normal { vector [
  0 0 -1,0 0 -1,
  0 0 -1,0 0 -1,
  0 0 -1,0 0 -1,
  0 0 -1,0 0 -1,
  0 0 -1,0 0 -1,
  0 0 -1,0 0 -1,
  0 0 -1,0 0 -1,
  0 0 -1,0 0 -1,
  0 0 -1,0 0 -1,
  0 0 -1,0 0 -1,
  0 0 -1,0 0 -1,
  0 0 -1,0 0 -1,
  0 0 -1,0 0 -1,
  0 0 -1,0 0 -1,
  0 0 -1,0 0 -1,
  0 0 -1,0 0 -1,
  0 0 -1,0 0 -1,
  0 0 -1,0 0 -1,
  0 0 -1,0 0 -1,
  0 0 -1,0 0 -1,
  0 0 -1,0 0 -1,
  0 0 -1,0 0 -1,
  0 0 -1,0 0 -1,
  0 0 -1,0 0 -1,
  0 0 -1,0 0 -1,
  0 0 -1,0 0 -1,
  0 0 -1,0 0 -1,
  0 0 -1,0 0 -1,
  0 0 -1,0 0 -1,
  0 0 -1,0 0 -1,
  0 0 -1,0 0 -1,
  0 0 -1,0 0 -1,
  0 0 -1,0 0 -1,
  0 0 -1,0 0 -1,
  0 0 -1,0 0 -1] }
}
}
DEF SHAPE_463 Shape {
 appearance USE APP_2
 geometry DEF FACE_463 IndexedFaceSet {
  coord DEF COORD_463 Coordinate { point [
  -0.49212598 0 0.11811024,0.49212598 0 0.11811024,
  0.49212598 0.39370079 0.11811024,0.29527559 0.59055118 0.11811024,
  0.34622422 0.58384367 0.11811024,0.39370079 0.56417823 0.11811024,
  0.43446984 0.53289504 0.11811024,0.46575303 0.49212598 0.11811024,
  0.48541847 0.44464942 0.11811024,-0.29527559 0.59055118 0.11811024,
  -0.49212598 0.39370079 0.11811024,-0.48541847 0.44464942 0.11811024,
  -0.46575303 0.49212598 0.11811024,-0.43446984 0.53289504 0.11811024,
  -0.39370079 0.56417823 0.11811024,-0.34622422 0.58384367 0.11811024] }
 coordIndex [
  9,11,10,-1,9,12,11,-1,9,13,12,-1,9,14,13,-1,9,15,14,-1,9,10,0,-1,3,0,1,-1,3,9,0,-1,
  2,3,1,-1,4,3,2,-1,6,5,4,-1,6,8,7,-1,6,2,8,-1,6,4,2,-1]
  normalPerVertex TRUE
  normal DEF NORM_463 Normal { vector [
  0 0 1,0 0 1,
  0 0 1,0 0 1,
  0 0 1,0 0 1,
  0 0 1,0 0 1,
  0 0 1,0 0 1,
  0 0 1,0 0 1,
  0 0 1,0 0 1,
  0 0 1,0 0 1] }
}
}
DEF SHAPE_464 Shape {
 appearance USE APP_2
 geometry DEF FACE_464 IndexedFaceSet {
  coord DEF COORD_464 Coordinate { point [
  2.8706907 -1.6338583 -3.1262463,2.7755906 -1.6338583 -3.0766508,
  2.8706907 -1.8307087 -3.1262463,2.7755906 -1.8307087 -3.0766508] }
 coordIndex [
  0,2,3,-1,1,0,3,-1]
  normalPerVertex TRUE
  normal DEF NORM_464 Normal { vector [
  -0.46240484 0 -0.88666891,-0.46240484 0 -0.88666891,
  -0.46240484 0 -0.88666891,-0.46240484 0 -0.88666891] }
}
}
DEF SHAPE_465 Shape {
 appearance USE APP_2
 geometry DEF FACE_465 IndexedFaceSet {
  coord DEF COORD_465 Coordinate { point [
  -2.8573361 -1.6338583 -3.1344775,-2.7755906 -1.6338583 -3.052732,
  -2.7755906 -1.8307087 -3.052732,-2.8573361 -1.8307087 -3.1344775] }
 coordIndex [
  1,2,3,-1,0,1,3,-1]
  normalPerVertex TRUE
  normal DEF NORM_465 Normal { vector [
  0.70710678 0 -0.70710678,0.70710678 0 -0.70710678,
  0.70710678 0 -0.70710678,0.70710678 0 -0.70710678] }
}
}
DEF SHAPE_466 Shape {
 appearance USE APP_2
 geometry DEF FACE_466 IndexedFaceSet {
  coord DEF COORD_466 Coordinate { point [
  2.4212598 -1.8307087 -3.1889764,2.5393701 -1.8307087 -3.0708661,
  2.5393701 -1.8307087 -1.5944882,2.5590551 -1.8307087 -1.5944882,
  2.5590551 -1.8307087 -2.7755906,2.7559055 -1.8307087 -2.7755906,
  2.7559055 -1.8307087 -1.5944882,2.7755906 -1.8307087 -1.5944882,
  2.7755906 -1.8307087 -3.0766508,2.8706907 -1.8307087 -3.1262463,
  2.6574803 -1.8307087 -3.1889764,2.7321287 -1.8307087 -3.1818347,
  2.8040688 -1.8307087 -3.1606687] }
 coordIndex [
  1,10,0,-1,8,11,10,-1,8,12,11,-1,8,10,1,-1,9,12,8,-1,5,1,4,-1,5,8,1,-1,3,4,2,-1,
  7,5,6,-1,1,2,4,-1,7,8,5,-1]
  normalPerVertex TRUE
  normal DEF NORM_466 Normal { vector [
  0 1 0,0 1 0,
  0 1 0,0 1 0,
  0 1 0,0 1 0,
  0 1 0,0 1 0,
  0 1 0,0 1 0,
  0 1 0,0 1 0,
  0 1 0] }
}
}
DEF SHAPE_467 Shape {
 appearance USE APP_2
 geometry DEF FACE_467 IndexedFaceSet {
  coord DEF COORD_467 Coordinate { point [
  2.4212598 -1.8307087 -3.1889764,2.4212598 -1.0433071 -3.1889764,
  2.5393701 -1.0433071 -3.0708661,2.5393701 -1.8307087 -3.0708661] }
 coordIndex [
  1,2,3,-1,1,3,0,-1]
  normalPerVertex TRUE
  normal DEF NORM_467 Normal { vector [
  0.70710678 0 -0.70710678,0.70710678 0 -0.70710678,
  0.70710678 0 -0.70710678,0.70710678 0 -0.70710678] }
}
}
DEF SHAPE_468 Shape {
 appearance USE APP_2
 geometry DEF FACE_468 IndexedFaceSet {
  coord DEF COORD_468 Coordinate { point [
  2.7559055 -1.0433071 -1.5944882,2.7755906 -1.0433071 -1.5944882,
  2.7559055 -1.0433071 -2.7755906,2.5590551 -1.0433071 -2.7755906,
  2.5590551 -1.0433071 -1.5944882,2.5393701 -1.0433071 -1.5944882,
  2.5393701 -1.0433071 -3.0708661,2.4212598 -1.0433071 -3.1889764,
  2.6574803 -1.0433071 -3.1889764,2.8573361 -1.0433071 -3.1344775,
  2.7943112 -1.0433071 -3.1644336,2.7269876 -1.0433071 -3.1827921,
  2.7755906 -1.0433071 -3.052732] }
 coordIndex [
  3,4,5,-1,2,1,0,-1,12,2,3,-1,12,3,6,-1,8,6,7,-1,8,12,6,-1,11,12,8,-1,10,12,11,-1,
  9,12,10,-1,5,6,3,-1,12,1,2,-1]
  normalPerVertex TRUE
  normal DEF NORM_468 Normal { vector [
  0 -1 0,0 -1 0,
  0 -1 0,0 -1 0,
  0 -1 0,0 -1 0,
  0 -1 0,0 -1 0,
  0 -1 0,0 -1 0,
  0 -1 0,0 -1 0,
  0 -1 0] }
}
}
DEF SHAPE_469 Shape {
 appearance USE APP_2
 geometry DEF FACE_469 IndexedFaceSet {
  coord DEF COORD_469 Coordinate { point [
  2.8573361 -1.0433071 -3.1344775,2.7943112 -1.0433071 -3.1644336,
  2.7269876 -1.0433071 -3.1827921,2.6574803 -1.0433071 -3.1889764,
  2.6574803 0.019685039 -3.1889764,3.0511811 0.019685039 -2.7952756,
  3.0377661 0.019685039 -2.8971729,2.9984352 0.019685039 -2.992126,
  2.9358688 0.019685039 -3.0736641,2.8543307 0.019685039 -3.1362305,
  2.7593776 0.019685039 -3.1755613,3.0511811 -1.2401575 -2.7952756,
  2.8573361 -1.2401575 -3.1344775,2.9377078 -1.2401575 -3.0718128,
  2.9993017 -1.2401575 -2.9906175,3.0379903 -1.2401575 -2.8963324] }
 coordIndex [
  5,11,15,-1,6,15,14,-1,6,5,15,-1,7,14,13,-1,7,6,14,-1,0,13,12,-1,8,13,0,-1,8,7,13,-1,
  9,0,1,-1,9,8,0,-1,10,1,2,-1,10,9,1,-1,4,2,3,-1,4,10,2,-1]
  normalPerVertex TRUE
  normal DEF NORM_469 Normal { vector [
  0.57346327 -2.6927217e-05 -0.81923127,0.3625472 0.00073575865 -0.93196512,
  0.15702766 0.0007567493 -0.98759392,0.088622937 0 -0.99606525,
  0.11360486 0.0016483069 -0.99352464,0.9915165 4.4869043e-05 -0.12998087,
  0.95405484 6.018961e-05 -0.29963205,0.84438983 8.9762816e-05 -0.53572923,
  0.68111813 0.00012556508 -0.73217353,0.48225368 0.001176784 -0.87603082,
  0.25990716 0.0017599253 -0.96563201,0.99158844 0 -0.12943089,
  0.61487793 0 -0.7886223,0.7348476 -5.4581541e-05 -0.67823226,
  0.88857418 -2.8661855e-05 -0.45873295,0.97671211 5.0652603e-07 -0.21455408] }
}
}
DEF SHAPE_470 Shape {
 appearance USE APP_2
 geometry DEF FACE_470 IndexedFaceSet {
  coord DEF COORD_470 Coordinate { point [
  -2.8740157 0.019685039 -0.39370079,-2.8740157 0.019685039 -2.3622047,
  -2.851881 0.019685039 -2.5303352,-2.786985 0.019685039 -2.6870079,
  -2.6837505 0.019685039 -2.8215457,-2.5492126 0.019685039 -2.9247803,
  -2.3925399 0.019685039 -2.9896762,-2.2244094 0.019685039 -3.011811,
  2.2244094 0.019685039 -3.011811,2.3925399 0.019685039 -2.9896762,
  2.5492126 0.019685039 -2.9247803,2.6837505 0.019685039 -2.8215457,
  2.786985 0.019685039 -2.6870079,2.851881 0.019685039 -2.5303352,
  2.8740157 0.019685039 -2.3622047,2.8740157 0.019685039 -0.39370079,
  3.0511811 0.019685039 -0.39370079,3.0511811 0.019685039 -2.7952756,
  3.0377661 0.019685039 -2.8971729,2.9984352 0.019685039 -2.992126,
  2.9358688 0.019685039 -3.0736641,2.8543307 0.019685039 -3.1362305,
  2.7593776 0.019685039 -3.1755613,2.6574803 0.019685039 -3.1889764,
  -2.6574803 0.019685039 -3.1889764,-2.7593776 0.019685039 -3.1755613,
  -2.8543307 0.019685039 -3.1362305,-2.9358688 0.019685039 -3.0736641,
  -2.9984352 0.019685039 -2.992126,-3.0377661 0.019685039 -2.8971729,
  -3.0511811 0.019685039 -2.7952756,-3.0511811 0.019685039 -0.39370079] }
 coordIndex [
  4,25,26,-1,4,26,27,-1,4,27,28,-1,4,28,29,-1,3,29,30,-1,3,4,29,-1,5,24,25,-1,5,25,4,-1,
  6,24,5,-1,2,3,30,-1,1,2,30,-1,7,24,6,-1,31,1,30,-1,0,1,31,-1,23,7,8,-1,23,8,9,-1,
  23,24,7,-1,10,22,23,-1,10,23,9,-1,11,21,22,-1,11,22,10,-1,20,21,11,-1,19,20,11,-1,18,11,12,-1,
  18,19,11,-1,17,18,12,-1,13,17,12,-1,14,17,13,-1,16,14,15,-1,16,17,14,-1]
  normalPerVertex TRUE
  normal DEF NORM_470 Normal { vector [
  0 1 0,0 1 0,
  0 1 0,0 1 0,
  0 1 0,0 1 0,
  0 1 0,0 1 0,
  0 1 0,0 1 0,
  0 1 0,0 1 0,
  0 1 0,0 1 0,
  0 1 0,0 1 0,
  0 1 0,0 1 0,
  0 1 0,0 1 0,
  0 1 0,0 1 0,
  0 1 0,0 1 0,
  0 1 0,0 1 0,
  0 1 0,0 1 0,
  0 1 0,0 1 0,
  0 1 0,0 1 0] }
}
}
DEF SHAPE_471 Shape {
 appearance USE APP_2
 geometry DEF FACE_471 IndexedFaceSet {
  coord DEF COORD_471 Coordinate { point [
  -2.6574803 0.019685039 -3.1889764,-2.7593776 0.019685039 -3.1755613,
  -2.8543307 0.019685039 -3.1362305,-2.9358688 0.019685039 -3.0736641,
  -2.9984352 0.019685039 -2.992126,-3.0377661 0.019685039 -2.8971729,
  -3.0511811 0.019685039 -2.7952756,-2.6574803 -1.0433071 -3.1889764,
  -2.7321287 -1.0433071 -3.1818347,-2.8040688 -1.0433071 -3.1606687,
  -2.8706907 -1.0433071 -3.1262463,-2.8706907 -1.2401575 -3.1262463,
  -2.9458463 -1.2401575 -3.0633155,-3.0031257 -1.2401575 -2.9837686,
  -3.0389781 -1.2401575 -2.8925367,-3.0511811 -1.2401575 -2.7952756] }
 coordIndex [
  0,7,8,-1,1,8,9,-1,1,0,8,-1,12,10,11,-1,2,9,10,-1,2,1,9,-1,3,10,12,-1,3,2,10,-1,
  4,12,13,-1,4,3,12,-1,5,13,14,-1,5,4,13,-1,6,14,15,-1,6,5,14,-1]
  normalPerVertex TRUE
  normal DEF NORM_471 Normal { vector [
  -0.11565707 0.0014486002 -0.99328815,-0.26513775 0.0016599408 -0.96420912,
  -0.48908414 0.0015226325 -0.87223528,-0.69047197 0.00063227154 -0.72335887,
  -0.84925875 0.00046638222 -0.52797667,-0.95581842 0.00032219632 -0.29395757,
  -0.99182823 0.00024235971 -0.12758016,-0.095236286 0 -0.9954547,
  -0.16558979 0.00055349385 -0.98619456,-0.3765598 0.00043360654 -0.92639221,
  -0.58817048 -0.00012932671 -0.80873696,-0.64199614 0 -0.76670787,
  -0.74939749 -0.00022896681 -0.66212035,-0.89496971 -0.00011913332 -0.44612689,
  -0.97832121 1.5169687e-05 -0.20709326,-0.99222085 0 -0.12449009] }
}
}
DEF SHAPE_472 Shape {
 appearance USE APP_2
 geometry DEF FACE_472 IndexedFaceSet {
  coord DEF COORD_472 Coordinate { point [
  -2.5590551 -1.0433071 -1.5944882,-2.5590551 -1.0433071 -2.7755906,
  -2.7559055 -1.0433071 -2.7755906,-2.7559055 -1.0433071 -1.5944882,
  -2.7755906 -1.0433071 -1.5944882,-2.7755906 -1.0433071 -3.0766508,
  -2.8706907 -1.0433071 -3.1262463,-2.6574803 -1.0433071 -3.1889764,
  -2.7321287 -1.0433071 -3.1818347,-2.8040688 -1.0433071 -3.1606687,
  -2.4212598 -1.0433071 -3.1889764,-2.5393701 -1.0433071 -3.0708661,
  -2.5393701 -1.0433071 -1.5944882] }
 coordIndex [
  2,3,4,-1,1,12,0,-1,9,5,6,-1,8,5,9,-1,7,5,8,-1,11,1,2,-1,11,2,5,-1,11,5,7,-1,
  10,11,7,-1,4,5,2,-1,11,12,1,-1]
  normalPerVertex TRUE
  normal DEF NORM_472 Normal { vector [
  0 -1 0,0 -1 0,
  0 -1 0,0 -1 0,
  0 -1 0,0 -1 0,
  0 -1 0,0 -1 0,
  0 -1 0,0 -1 0,
  0 -1 0,0 -1 0,
  0 -1 0] }
}
}
DEF SHAPE_473 Shape {
 appearance USE APP_2
 geometry DEF FACE_473 IndexedFaceSet {
  coord DEF COORD_473 Coordinate { point [
  -2.5393701 -1.8307087 -3.0708661,-2.5393701 -1.0433071 -3.0708661,
  -2.4212598 -1.0433071 -3.1889764,-2.4212598 -1.8307087 -3.1889764] }
 coordIndex [
  1,2,3,-1,1,3,0,-1]
  normalPerVertex TRUE
  normal DEF NORM_473 Normal { vector [
  -0.70710678 0 -0.70710678,-0.70710678 0 -0.70710678,
  -0.70710678 0 -0.70710678,-0.70710678 0 -0.70710678] }
}
}
DEF SHAPE_474 Shape {
 appearance USE APP_2
 geometry DEF FACE_474 IndexedFaceSet {
  coord DEF COORD_474 Coordinate { point [
  -2.8573361 -1.8307087 -3.1344775,-2.7755906 -1.8307087 -3.052732,
  -2.7755906 -1.8307087 -1.5944882,-2.7559055 -1.8307087 -1.5944882,
  -2.7559055 -1.8307087 -2.7755906,-2.5590551 -1.8307087 -2.7755906,
  -2.5590551 -1.8307087 -1.5944882,-2.5393701 -1.8307087 -1.5944882,
  -2.5393701 -1.8307087 -3.0708661,-2.4212598 -1.8307087 -3.1889764,
  -2.6574803 -1.8307087 -3.1889764,-2.7943112 -1.8307087 -3.1644336,
  -2.7269876 -1.8307087 -3.1827921] }
 coordIndex [
  1,11,0,-1,1,12,11,-1,1,10,12,-1,8,9,10,-1,8,10,1,-1,5,1,4,-1,5,8,1,-1,3,4,2,-1,
  7,5,6,-1,1,2,4,-1,7,8,5,-1]
  normalPerVertex TRUE
  normal DEF NORM_474 Normal { vector [
  0 1 0,0 1 0,
  0 1 0,0 1 0,
  0 1 0,0 1 0,
  0 1 0,0 1 0,
  0 1 0,0 1 0,
  0 1 0,0 1 0,
  0 1 0] }
}
}
DEF SHAPE_475 Shape {
 appearance USE APP_2
 geometry DEF FACE_475 IndexedFaceSet {
  coord DEF COORD_475 Coordinate { point [
  1.3385827 -0.37401575 -2.9527559,1.3385827 -0.37401575 -3.1889764,
  1.3385827 -0.78740157 -3.1889764,1.3385827 -0.78740157 -2.9527559] }
 coordIndex [
  0,2,1,-1,0,3,2,-1]
  normalPerVertex TRUE
  normal DEF NORM_475 Normal { vector [
  1 0 0,1 0 0,
  1 0 0,1 0 0] }
}
}
DEF SHAPE_476 Shape {
 appearance USE APP_2
 geometry DEF FACE_476 IndexedFaceSet {
  coord DEF COORD_476 Coordinate { point [
  2.1653543 -0.37401575 -3.0511811,2.1653543 -0.37401575 -2.9527559,
  2.2047244 -0.37401575 -2.9527559,2.2047244 -0.37401575 -3.1889764,
  1.3385827 -0.37401575 -3.1889764,1.3385827 -0.37401575 -2.9527559,
  1.3779528 -0.37401575 -2.9527559,1.3779528 -0.37401575 -3.0511811] }
 coordIndex [
  5,4,7,-1,6,5,7,-1,0,4,3,-1,0,7,4,-1,2,1,0,-1,2,0,3,-1]
  normalPerVertex TRUE
  normal DEF NORM_476 Normal { vector [
  0 -1 0,0 -1 0,
  0 -1 0,0 -1 0,
  0 -1 0,0 -1 0,
  0 -1 0,0 -1 0] }
}
}
DEF SHAPE_477 Shape {
 appearance USE APP_2
 geometry DEF FACE_477 IndexedFaceSet {
  coord DEF COORD_477 Coordinate { point [
  2.2047244 -0.78740157 -2.9527559,2.2047244 -0.78740157 -3.1889764,
  2.2047244 -0.37401575 -3.1889764,2.2047244 -0.37401575 -2.9527559] }
 coordIndex [
  2,1,0,-1,2,0,3,-1]
  normalPerVertex TRUE
  normal DEF NORM_477 Normal { vector [
  -1 0 0,-1 0 0,
  -1 0 0,-1 0 0] }
}
}
DEF SHAPE_478 Shape {
 appearance USE APP_2
 geometry DEF FACE_478 IndexedFaceSet {
  coord DEF COORD_478 Coordinate { point [
  0.47737509 -2.0866142 -0.59055118,0.47737509 -0.78740157 -0.59055118,
  0.4976877 -2.0866142 -0.59321631,0.51662526 -2.0866142 -0.60103128,
  0.53290582 -2.0866142 -0.61346706,0.54542726 -2.0866142 -0.62968182,
  0.55334197 -2.0866142 -0.64857792,0.55611415 -2.0866142 -0.66887619,
  0.55355616 -2.0866142 -0.68920257,0.54584114 -2.0866142 -0.70818108,
  0.53349137 -2.0866141 -0.72452697,0.53349137 -0.78740157 -0.72452697,
  0.54584114 -0.78740157 -0.70818108,0.55355616 -0.78740157 -0.68920257,
  0.55611415 -0.78740157 -0.66887619,0.55334197 -0.78740157 -0.64857792,
  0.54542726 -0.78740157 -0.62968182,0.53290582 -0.78740157 -0.61346706,
  0.51662526 -0.78740157 -0.60103128,0.4976877 -0.78740157 -0.59321631] }
 coordIndex [
  10,12,11,-1,9,13,12,-1,9,12,10,-1,8,14,13,-1,8,13,9,-1,7,15,14,-1,7,14,8,-1,6,16,15,-1,
  6,15,7,-1,5,17,16,-1,5,16,6,-1,4,18,17,-1,4,17,5,-1,3,19,18,-1,3,18,4,-1,2,1,19,-1,
  2,19,3,-1,0,1,2,-1]
  normalPerVertex TRUE
  normal DEF NORM_478 Normal { vector [
  -0.13009057 0 -0.99150211,-0.13009057 0 -0.99150211,
  -0.21550928 0 -0.97650179,-0.46012323 0 -0.88785506,
  -0.6735895 0 -0.73910567,-0.84145765 0 -0.54032308,
  -0.95236396 0 -0.30496374,-0.99880073 0 -0.048960113,
  -0.97762446 0 0.21035783,-0.89026865 0 0.45543576,
  -0.79787812 0 0.6028188,-0.79787812 0 0.6028188,
  -0.84710832 0 0.53142026,-0.95552672 0 0.29490455,
  -0.99926147 0 0.038425499,-0.97535198 0 -0.22065473,
  -0.88541679 0 -0.46479791,-0.735544 0 -0.67747696,
  -0.53587912 0 -0.84429472,-0.29993831 0 -0.9539586] }
}
}
DEF SHAPE_479 Shape {
 appearance USE APP_2
 geometry DEF FACE_479 IndexedFaceSet {
  coord DEF COORD_479 Coordinate { point [
  3.1299213 -2.0275591 -1.6732283,3.1299213 -2.0275591 -1.515748,
  3.0511811 -2.0275591 -1.515748,3.0511811 -2.0275591 -1.6732283] }
 coordIndex [
  0,2,1,-1,0,3,2,-1]
  normalPerVertex TRUE
  normal DEF NORM_479 Normal { vector [
  0 1 0,0 1 0,
  0 1 0,0 1 0] }
}
}
DEF SHAPE_480 Shape {
 appearance USE APP_2
 geometry DEF FACE_480 IndexedFaceSet {
  coord DEF COORD_480 Coordinate { point [
  2.7755906 -1.2401575 0.11811024,2.7755906 -1.1220472 0.11811024,
  2.5393701 -1.1220472 0.11811024,2.5393701 -1.7519685 0.11811024,
  2.7755906 -1.7519685 0.11811024,2.7755906 -1.6338583 0.11811024,
  3.0511811 -1.6338583 0.11811024,3.0511811 -1.9094488 0.11811024,
  2.5393701 -1.9094488 0.11811024,2.4884214 -1.9027413 0.11811024,
  2.4409449 -1.8830759 0.11811024,2.4001758 -1.8517927 0.11811024,
  2.3688926 -1.8110236 0.11811024,2.3492272 -1.7635471 0.11811024,
  2.3425197 -1.7125984 0.11811024,2.3425197 -1.1614173 0.11811024,
  2.3492272 -1.1104687 0.11811024,2.3688926 -1.0629921 0.11811024,
  2.4001758 -1.0222231 0.11811024,2.4409449 -0.99093988 0.11811024,
  2.4884214 -0.97127444 0.11811024,2.5393701 -0.96456693 0.11811024,
  3.0511811 -0.96456693 0.11811024,3.0511811 -1.2401575 0.11811024] }
 coordIndex [
  4,7,6,-1,8,7,4,-1,5,4,6,-1,3,9,8,-1,3,10,9,-1,3,8,4,-1,11,10,3,-1,12,11,3,-1,
  13,12,3,-1,14,13,3,-1,1,23,22,-1,1,0,23,-1,2,14,3,-1,15,14,2,-1,21,2,1,-1,21,1,22,-1,
  16,15,2,-1,20,2,21,-1,17,16,2,-1,19,2,20,-1,18,17,2,-1,18,2,19,-1]
  normalPerVertex TRUE
  normal DEF NORM_480 Normal { vector [
  0 0 1,0 0 1,
  0 0 1,0 0 1,
  0 0 1,0 0 1,
  0 0 1,0 0 1,
  0 0 1,0 0 1,
  0 0 1,0 0 1,
  0 0 1,0 0 1,
  0 0 1,0 0 1,
  0 0 1,0 0 1,
  0 0 1,0 0 1,
  0 0 1,0 0 1,
  0 0 1,0 0 1] }
}
}
DEF SHAPE_481 Shape {
 appearance USE APP_2
 geometry DEF FACE_481 IndexedFaceSet {
  coord DEF COORD_481 Coordinate { point [
  3.0511811 -1.6338583 0.11811024,3.0511811 -1.6338583 -2.7952756,
  2.8706907 -1.6338583 -3.1262463,2.9458463 -1.6338583 -3.0633155,
  3.0031257 -1.6338583 -2.9837686,3.0389781 -1.6338583 -2.8925367,
  2.7755906 -1.6338583 -3.0766508,2.7755906 -1.6338583 0.11811024] }
 coordIndex [
  3,2,6,-1,4,3,6,-1,5,4,6,-1,1,5,6,-1,7,1,6,-1,0,1,7,-1]
  normalPerVertex TRUE
  normal DEF NORM_481 Normal { vector [
  0 1 0,0 1 0,
  0 1 0,0 1 0,
  0 1 0,0 1 0,
  0 1 0,0 1 0] }
}
}
DEF SHAPE_482 Shape {
 appearance USE APP_2
 geometry DEF FACE_482 IndexedFaceSet {
  coord DEF COORD_482 Coordinate { point [
  -2.7755906 -1.6338583 -3.052732,-2.7755906 -1.6338583 0.11811024,
  -3.0511811 -1.6338583 0.11811024,-3.0511811 -1.6338583 -2.7952756,
  -3.0379903 -1.6338583 -2.8963324,-2.9993017 -1.6338583 -2.9906175,
  -2.9377078 -1.6338583 -3.0718128,-2.8573361 -1.6338583 -3.1344775] }
 coordIndex [
  3,2,1,-1,0,4,3,-1,0,5,4,-1,0,6,5,-1,0,7,6,-1,0,3,1,-1]
  normalPerVertex TRUE
  normal DEF NORM_482 Normal { vector [
  0 1 0,0 1 0,
  0 1 0,0 1 0,
  0 1 0,0 1 0,
  0 1 0,0 1 0] }
}
}
DEF SHAPE_483 Shape {
 appearance USE APP_2
 geometry DEF FACE_483 IndexedFaceSet {
  coord DEF COORD_483 Coordinate { point [
  -2.5393701 -1.7519685 0.11811024,-2.5393701 -1.1220472 0.11811024,
  -2.7755906 -1.1220472 0.11811024,-2.7755906 -1.2401575 0.11811024,
  -3.0511811 -1.2401575 0.11811024,-3.0511811 -0.96456693 0.11811024,
  -2.5393701 -0.96456693 0.11811024,-2.4884214 -0.97127444 0.11811024,
  -2.4409449 -0.99093988 0.11811024,-2.4001758 -1.0222231 0.11811024,
  -2.3688926 -1.0629921 0.11811024,-2.3492272 -1.1104687 0.11811024,
  -2.3425197 -1.1614173 0.11811024,-2.3425197 -1.7125984 0.11811024,
  -2.3492272 -1.7635471 0.11811024,-2.3688926 -1.8110236 0.11811024,
  -2.4001758 -1.8517927 0.11811024,-2.4409449 -1.8830759 0.11811024,
  -2.4884214 -1.9027413 0.11811024,-2.5393701 -1.9094488 0.11811024,
  -3.0511811 -1.9094488 0.11811024,-3.0511811 -1.6338583 0.11811024,
  -2.7755906 -1.6338583 0.11811024,-2.7755906 -1.7519685 0.11811024] }
 coordIndex [
  0,14,13,-1,0,15,14,-1,0,16,15,-1,0,17,16,-1,0,18,17,-1,0,19,18,-1,23,19,0,-1,20,19,23,-1,
  21,23,22,-1,21,20,23,-1,1,10,9,-1,1,11,10,-1,1,12,11,-1,1,13,12,-1,1,0,13,-1,8,1,9,-1,
  7,1,8,-1,6,1,7,-1,2,1,6,-1,4,3,2,-1,5,4,2,-1,5,2,6,-1]
  normalPerVertex TRUE
  normal DEF NORM_483 Normal { vector [
  0 0 1,0 0 1,
  0 0 1,0 0 1,
  0 0 1,0 0 1,
  0 0 1,0 0 1,
  0 0 1,0 0 1,
  0 0 1,0 0 1,
  0 0 1,0 0 1,
  0 0 1,0 0 1,
  0 0 1,0 0 1,
  0 0 1,0 0 1,
  0 0 1,0 0 1,
  0 0 1,0 0 1] }
}
}
DEF SHAPE_484 Shape {
 appearance USE APP_2
 geometry DEF FACE_484 IndexedFaceSet {
  coord DEF COORD_484 Coordinate { point [
  -2.8149606 -1.988189 -0.63666267,-2.8149606 -1.988189 0,
  -2.8122776 -1.988189 -0.65704212,-2.8044114 -1.988189 -0.67603275,
  -2.7918982 -1.988189 -0.69234037,-2.7755906 -1.988189 -0.70485364,
  -2.7565999 -1.988189 -0.71271982,-2.7362205 -1.988189 -0.71540283,
  -2.7175336 -1.988189 -0.71315327,-2.6999144 -1.988189 -0.70653313,
  -2.6843697 -1.988189 -0.69592068,-1.8890318 -1.988189 0] }
 coordIndex [
  10,1,0,-1,10,0,2,-1,10,2,3,-1,10,3,4,-1,10,4,5,-1,10,5,6,-1,10,6,7,-1,10,7,8,-1,
  10,8,9,-1,11,1,10,-1]
  normalPerVertex TRUE
  normal DEF NORM_484 Normal { vector [
  0 -1 0,0 -1 0,
  0 -1 0,0 -1 0,
  0 -1 0,0 -1 0,
  0 -1 0,0 -1 0,
  0 -1 0,0 -1 0,
  0 -1 0,0 -1 0] }
}
}
DEF SHAPE_485 Shape {
 appearance USE APP_2
 geometry DEF FACE_485 IndexedFaceSet {
  coord DEF COORD_485 Coordinate { point [
  -3.0511811 -1.9094488 0.11811024,-2.5393701 -1.9094488 0.11811024,
  -2.5393701 -1.9094488 0,-3.0511811 -1.9094488 0] }
 coordIndex [
  1,3,2,-1,1,0,3,-1]
  normalPerVertex TRUE
  normal DEF NORM_485 Normal { vector [
  0 -1 0,0 -1 0,
  0 -1 0,0 -1 0] }
}
}
DEF SHAPE_486 Shape {
 appearance USE APP_2
 geometry DEF FACE_486 IndexedFaceSet {
  coord DEF COORD_486 Coordinate { point [
  -2.5393701 -1.9094488 0.11811024,-2.5393701 -1.9094488 0,
  -2.4884214 -1.9027413 0,-2.4409449 -1.8830759 0,
  -2.4001758 -1.8517927 0,-2.3688926 -1.8110236 0,
  -2.3492272 -1.7635471 0,-2.3425197 -1.7125984 0,
  -2.3425197 -1.7125984 0.11811024,-2.3492272 -1.7635471 0.11811024,
  -2.3688926 -1.8110236 0.11811024,-2.4001758 -1.8517927 0.11811024,
  -2.4409449 -1.8830759 0.11811024,-2.4884214 -1.9027413 0.11811024] }
 coordIndex [
  6,7,8,-1,6,8,9,-1,5,9,10,-1,5,6,9,-1,4,10,11,-1,4,5,10,-1,3,11,12,-1,3,4,11,-1,
  2,12,13,-1,2,3,12,-1,1,13,0,-1,1,2,13,-1]
  normalPerVertex TRUE
  normal DEF NORM_486 Normal { vector [
  0.13052619 -0.99144486 0,0.13052619 -0.99144486 0,
  0.30091828 -0.95364993 0,0.5374875 -0.84327172 0,
  0.73742784 -0.67542593 0,0.88711369 -0.46155098 0,
  0.9763442 -0.21622209 0,0.99144486 -0.13052619 0,
  0.99144486 -0.13052619 0,0.95364993 -0.30091828 0,
  0.84327172 -0.5374875 0,0.67542593 -0.73742784 0,
  0.46155098 -0.88711369 0,0.21622209 -0.9763442 0] }
}
}
DEF SHAPE_487 Shape {
 appearance USE APP_2
 geometry DEF FACE_487 IndexedFaceSet {
  coord DEF COORD_487 Coordinate { point [
  -2.3425197 -1.7125984 0,-2.3425197 -1.1614173 0,
  -2.3425197 -1.7125984 0.11811024,-2.3425197 -1.1614173 0.11811024] }
 coordIndex [
  3,0,1,-1,3,2,0,-1]
  normalPerVertex TRUE
  normal DEF NORM_487 Normal { vector [
  1 0 0,1 0 0,
  1 0 0,1 0 0] }
}
}
DEF SHAPE_488 Shape {
 appearance USE APP_2
 geometry DEF FACE_488 IndexedFaceSet {
  coord DEF COORD_488 Coordinate { point [
  -2.3425197 -1.1614173 0.11811024,-2.3425197 -1.1614173 0,
  -2.3474551 -1.117614 0,-2.362014 -1.0760071 0,
  -2.3854662 -1.0386831 0,-2.4166359 -1.0075135 0,
  -2.4539599 -0.98406125 0,-2.4955667 -0.96950238 0,
  -2.5393701 -0.96456693 0,-2.5393701 -0.96456693 0.11811024,
  -2.4884214 -0.97127444 0.11811024,-2.4409449 -0.99093988 0.11811024,
  -2.4001758 -1.0222231 0.11811024,-2.3688926 -1.0629921 0.11811024,
  -2.3492272 -1.1104687 0.11811024] }
 coordIndex [
  7,8,9,-1,7,9,10,-1,6,10,11,-1,6,7,10,-1,5,11,12,-1,5,6,11,-1,4,12,13,-1,4,5,12,-1,
  3,13,14,-1,3,4,13,-1,2,14,0,-1,2,3,14,-1,1,2,0,-1]
  normalPerVertex TRUE
  normal DEF NORM_488 Normal { vector [
  0.99252788 0.12196019 0.0037565807,0.99371221 0.11196448 0,
  0.98203424 0.18870138 0.00073534285,0.90977271 0.41510646 -0.00049737193,
  0.78612281 0.61806933 -0.0011135572,0.61806933 0.78612281 -0.0011135572,
  0.41510646 0.90977271 -0.00049737193,0.18870138 0.98203424 0.00073534285,
  0.11196448 0.99371221 0,0.12196019 0.99252788 0.0037565807,
  0.28055981 0.95982455 0.0047986345,0.50973798 0.86030735 0.0062014638,
  0.70709106 0.70709106 0.0066690084,0.86030735 0.50973798 0.0062014638,
  0.95982455 0.28055981 0.0047986345] }
}
}
DEF SHAPE_489 Shape {
 appearance USE APP_2
 geometry DEF FACE_489 IndexedFaceSet {
  coord DEF COORD_489 Coordinate { point [
  -2.5393701 -0.96456693 0,-3.0511811 -0.96456693 0,
  -2.5393701 -0.96456693 0.11811024,-3.0511811 -0.96456693 0.11811024] }
 coordIndex [
  0,3,2,-1,0,1,3,-1]
  normalPerVertex TRUE
  normal DEF NORM_489 Normal { vector [
  0 1 0,0 1 0,
  0 1 0,0 1 0] }
}
}
DEF SHAPE_490 Shape {
 appearance USE APP_2
 geometry DEF FACE_490 IndexedFaceSet {
  coord DEF COORD_490 Coordinate { point [
  -3.0511811 -0.96456693 0,-3.0511811 -0.96456693 0.11811024,
  -3.0511811 -1.2401575 0.11811024,-3.0511811 -1.2401575 -2.7952756,
  -3.0511811 0.019685039 -2.7952756,-3.0511811 0.019685039 -0.39370079,
  -3.0511811 0.1392086 -0.39370079,-3.0511811 0.1392086 0] }
 coordIndex [
  0,2,1,-1,5,0,7,-1,6,5,7,-1,3,2,0,-1,3,0,5,-1,4,3,5,-1]
  normalPerVertex TRUE
  normal DEF NORM_490 Normal { vector [
  -1 0 0,-1 0 0,
  -1 0 0,-1 0 0,
  -1 0 0,-1 0 0,
  -1 0 0,-1 0 0] }
}
}
DEF SHAPE_491 Shape {
 appearance USE APP_2
 geometry DEF FACE_491 IndexedFaceSet {
  coord DEF COORD_491 Coordinate { point [
  -3.0511811 0.1392086 0,-2.9733753 0.27397223 0,
  -3.0511811 0.1392086 -0.39370079,-2.9733753 0.27397223 -0.39370079] }
 coordIndex [
  1,2,0,-1,1,3,2,-1]
  normalPerVertex TRUE
  normal DEF NORM_491 Normal { vector [
  -0.8660254 0.5 0,-0.8660254 0.5 0,
  -0.8660254 0.5 0,-0.8660254 0.5 0] }
}
}
DEF SHAPE_492 Shape {
 appearance USE APP_2
 geometry DEF FACE_492 IndexedFaceSet {
  coord DEF COORD_492 Coordinate { point [
  -2.9733753 0.27397223 -0.39370079,-2.9733753 0.27397223 0,
  -2.7948726 0.83744668 0,-2.7951413 0.8368566 -0.39370079] }
 coordIndex [
  3,0,1,-1,3,1,2,-1]
  normalPerVertex TRUE
  normal DEF NORM_492 Normal { vector [
  -0.95334845 0.30187204 0,-0.95332849 0.30193506 9.914164e-05,
  -0.95330853 0.30199801 0.00019817531,-0.95332849 0.30193506 9.914164e-05] }
}
}
DEF SHAPE_493 Shape {
 appearance USE APP_2
 geometry DEF FACE_493 IndexedFaceSet {
  coord DEF COORD_493 Coordinate { point [
  -2.7951413 0.8368566 -0.39370079,-2.7948726 0.83744668 0,
  -2.7515464 0.92773466 0,-2.7043905 1.0160842 0,
  -2.6535429 1.1023619 0,-2.6535429 1.1023619 -0.39370079,
  -2.7044963 1.0158957 -0.39370079,-2.7517418 0.92734907 -0.39370079] }
 coordIndex [
  7,0,1,-1,7,1,2,-1,6,2,3,-1,6,7,2,-1,5,3,4,-1,5,6,3,-1]
  normalPerVertex TRUE
  normal DEF NORM_493 Normal { vector [
  -0.90166615 0.43243283 -3.2574402e-05,-0.90161811 0.43253298 -4.4423384e-06,
  -0.88885644 0.4581858 4.0380421e-06,-0.86858603 0.49553841 -1.5798848e-08,
  -0.86151492 0.50773225 0,-0.86152651 0.50771258 -5.8073661e-06,
  -0.8755055 0.48320815 -7.7427637e-06,-0.89534591 0.44537143 -1.0688166e-05] }
}
}
DEF SHAPE_494 Shape {
 appearance USE APP_2
 geometry DEF FACE_494 IndexedFaceSet {
  coord DEF COORD_494 Coordinate { point [
  -2.5615461 1.2401575 -0.39370079,-2.5932802 1.194945 -0.39370079,
  -2.6239515 1.149005 -0.39370079,-2.6535429 1.1023619 -0.39370079,
  -2.6535429 1.1023619 0,-2.6104647 1.1694922 0,
  -2.5651504 1.2351338 0,-2.5176518 1.2992126 0,
  -2.5176518 1.2992126 -0.33464567] }
 coordIndex [
  8,0,1,-1,2,8,1,-1,3,8,2,-1,6,7,8,-1,5,6,8,-1,4,8,3,-1,4,5,8,-1]
  normalPerVertex TRUE
  normal DEF NORM_494 Normal { vector [
  -0.81803533 0.57417066 0.033856247,-0.82370017 0.56392709 0.059196911,
  -0.83202447 0.54156756 0.12016599,-0.82368147 0.56702829 0.0052680998,
  -0.82714518 0.56196316 -0.0053156812,-0.83229612 0.55409898 -0.016046449,
  -0.81326565 0.58187875 -0.0040128715,-0.80336031 0.59549325 0,
  -0.82342361 0.56742709 0.00023655554] }
}
}
DEF SHAPE_495 Shape {
 appearance USE APP_2
 geometry DEF FACE_495 IndexedFaceSet {
  coord DEF COORD_495 Coordinate { point [
  -2.5176518 1.2992126 -0.33464567,-2.5171287 1.2992125 -0.33464567,
  -2.5176518 1.2992126 0,-2.5171287 1.2992125 0] }
 coordIndex [
  3,1,0,-1,3,0,2,-1]
  normalPerVertex TRUE
  normal DEF NORM_495 Normal { vector [
  9.6480594e-05 1 0,9.6480641e-05 1 0,
  9.6480547e-05 1 0,9.6480594e-05 1 0] }
}
}
DEF SHAPE_496 Shape {
 appearance USE APP_2
 geometry DEF FACE_496 IndexedFaceSet {
  coord DEF COORD_496 Coordinate { point [
  -1.73748 1.2993248 -0.21589948,-1.7371669 1.2992126 -0.24466607,
  -1.7371669 1.2992126 -0.6496063,-2.1685112 1.2992126 -0.6496063,
  -2.1685112 1.2992126 -0.41338583,-2.5171287 1.2992126 -0.41338583,
  -2.5171287 1.2992125 -0.33464567,-2.0275591 1.2992126 -0.33464567,
  -2.0275591 1.2992126 0,-2.5171287 1.2992125 0,
  -2.5171286 1.2992126 0.11811024,-1.7378143 1.2992126 0.11811024] }
 coordIndex [
  4,6,5,-1,7,3,2,-1,7,4,3,-1,8,10,9,-1,1,7,2,-1,0,8,7,-1,0,7,1,-1,11,10,8,-1,
  11,8,0,-1,6,4,7,-1]
  normalPerVertex TRUE
  normal DEF NORM_496 Normal { vector [
  0.00020125966 -0.99999998 3.5492562e-07,-8.0154376e-05 -0.99999996 0.00025868314,
  0 -1 0,0 -1 0,
  5.4588215e-08 -1 -1.8436156e-07,5.2685922e-08 -1 -4.0772112e-07,
  8.212766e-08 -1 -2.7736954e-07,6.374922e-05 -1 7.5635969e-05,
  0.00014781352 -0.99999998 -9.4520029e-05,1.0309272e-07 -1 4.2732163e-07,
  3.7442994e-08 -1 1.5520205e-07,7.017331e-05 -0.99999998 -0.0001721723] }
}
}
DEF SHAPE_497 Shape {
 appearance USE APP_2
 geometry DEF FACE_497 IndexedFaceSet {
  coord DEF COORD_497 Coordinate { point [
  -2.0275591 1.2401575 -0.39370079,-2.0275591 0.92519685 -0.39370079,
  -2.0275591 0.92519685 0,-2.0275591 1.2992126 0,
  -2.0275591 1.2992126 -0.33464567] }
 coordIndex [
  2,1,0,-1,4,2,0,-1,3,2,4,-1]
  normalPerVertex TRUE
  normal DEF NORM_497 Normal { vector [
  1 0 0,1 0 0,
  1 0 0,1 0 0,
  1 0 0] }
}
}
DEF SHAPE_498 Shape {
 appearance USE APP_2
 geometry DEF FACE_498 IndexedFaceSet {
  coord DEF COORD_498 Coordinate { point [
  -0.80708661 0.92519685 0,-0.80708661 0.92519685 -0.39370079,
  -2.0275591 0.92519685 0,-2.0067658 0.76725609 0,
  -1.9458029 0.62007874 0,-1.848825 0.49369468 0,
  -1.7224409 0.39671678 0,-1.5752636 0.33575392 0,
  -1.4173228 0.31496063 0,-1.2593821 0.33575392 0,
  -1.1122047 0.39671678 0,-0.98582067 0.49369468 0,
  -0.88884277 0.62007874 0,-0.82787991 0.76725609 0,
  -2.0275591 0.92519685 -0.39370079,-2.0067658 0.76725609 -0.39370079,
  -1.9458029 0.62007874 -0.39370079,-1.848825 0.49369468 -0.39370079,
  -1.7224409 0.39671678 -0.39370079,-1.5752636 0.33575392 -0.39370079,
  -1.4173228 0.31496063 -0.39370079,-1.2593821 0.33575392 -0.39370079,
  -1.1122047 0.39671678 -0.39370079,-0.98582067 0.49369468 -0.39370079,
  -0.88884277 0.62007874 -0.39370079,-0.82787991 0.76725609 -0.39370079] }
 coordIndex [
  3,14,2,-1,3,15,14,-1,4,16,15,-1,4,15,3,-1,5,17,16,-1,5,16,4,-1,6,18,17,-1,6,17,5,-1,
  7,19,18,-1,7,18,6,-1,8,20,19,-1,8,21,20,-1,8,19,7,-1,9,21,8,-1,10,22,21,-1,10,21,9,-1,
  11,23,22,-1,11,22,10,-1,12,24,23,-1,12,23,11,-1,13,25,24,-1,13,24,12,-1,0,1,25,-1,0,25,13,-1]
  normalPerVertex TRUE
  normal DEF NORM_498 Normal { vector [
  -0.99144486 0.13052619 0,-0.99144486 0.13052619 0,
  0.99144486 0.13052619 0,0.9763442 0.21622209 0,
  0.88711369 0.46155098 0,0.73742784 0.67542593 0,
  0.5374875 0.84327172 0,0.30091828 0.95364993 0,
  0 1 0,-0.25881905 0.96592583 0,
  -0.46155098 0.88711369 0,-0.67542593 0.73742784 0,
  -0.84327172 0.5374875 0,-0.95364993 0.30091828 0,
  0.99144486 0.13052619 0,0.95364993 0.30091828 0,
  0.84327172 0.5374875 0,0.67542593 0.73742784 0,
  0.46155098 0.88711369 0,0.21622209 0.9763442 0,
  0 1 0,-0.25881905 0.96592583 0,
  -0.5374875 0.84327172 0,-0.73742784 0.67542593 0,
  -0.88711369 0.46155098 0,-0.9763442 0.21622209 0] }
}
}
DEF SHAPE_499 Shape {
 appearance USE APP_2
 geometry DEF FACE_499 IndexedFaceSet {
  coord DEF COORD_499 Coordinate { point [
  -0.80708661 1.2401575 -0.39370079,-0.80708661 1.2992126 -0.33464567,
  -0.80708661 1.2992126 0,-0.80708661 0.92519685 0,
  -0.80708661 0.92519685 -0.39370079] }
 coordIndex [
  0,4,3,-1,1,3,2,-1,1,0,3,-1]
  normalPerVertex TRUE
  normal DEF NORM_499 Normal { vector [
  -1 0 0,-1 0 0,
  -1 0 0,-1 0 0,
  -1 0 0] }
}
}
DEF SHAPE_500 Shape {
 appearance USE APP_2
 geometry DEF FACE_500 IndexedFaceSet {
  coord DEF COORD_500 Coordinate { point [
  1.0971657 1.2993248 -0.21589948,1.0974788 1.2992126 -0.24466607,
  1.0974788 1.2992126 -0.41338583,-1.0974788 1.2992126 -0.41338583,
  -1.0974788 1.2992126 -0.24453738,-1.0971333 1.2993158 -0.21598028,
  -1.0968312 1.2992126 0.11811024,1.0968314 1.2992126 0.11811024,
  0.80708661 1.2992126 0,0.80708661 1.2992126 -0.33464567,
  -0.80708661 1.2992126 0,-0.80708661 1.2992126 -0.33464567] }
 coordIndex [
  11,4,3,-1,11,5,4,-1,10,6,5,-1,10,5,11,-1,1,9,2,-1,0,8,9,-1,0,9,1,-1,7,8,0,-1,
  2,11,3,-1,2,9,11,-1,6,10,7,-1,10,8,7,-1]
  normalPerVertex TRUE
  normal DEF NORM_500 Normal { vector [
  0.00020126282 -0.99999998 3.5917153e-07,-0.00017598278 -0.99999982 0.00056795126,
  0 -1 0,0 -1 0,
  0.0001621083 -0.99999985 0.00052242679,-0.00018504366 -0.99999998 3.3041902e-07,
  -3.4240719e-05 -1 -8.3998348e-05,2.4249907e-05 -1 -5.9489205e-05,
  0.00013212435 -0.99999999 -8.4554038e-05,9.7516654e-05 -0.99999999 0.00011574173,
  -7.2583715e-05 -1 -4.6450508e-05,-5.5536033e-05 -1 6.594996e-05] }
}
}
DEF SHAPE_501 Shape {
 appearance USE APP_2
 geometry DEF FACE_501 IndexedFaceSet {
  coord DEF COORD_501 Coordinate { point [
  0.80708661 1.2401575 -0.39370079,0.80708661 0.92519685 -0.39370079,
  0.80708661 0.92519685 0,0.80708661 1.2992126 0,
  0.80708661 1.2992126 -0.33464567] }
 coordIndex [
  2,1,0,-1,4,2,0,-1,3,2,4,-1]
  normalPerVertex TRUE
  normal DEF NORM_501 Normal { vector [
  1 0 0,1 0 0,
  1 0 0,1 0 0,
  1 0 0] }
}
}
DEF SHAPE_502 Shape {
 appearance USE APP_2
 geometry DEF FACE_502 IndexedFaceSet {
  coord DEF COORD_502 Coordinate { point [
  2.0275591 0.92519685 0,2.0275591 0.92519685 -0.39370079,
  0.80708661 0.92519685 0,0.82787991 0.76725609 0,
  0.88884277 0.62007874 0,0.98582067 0.49369468 0,
  1.1122047 0.39671678 0,1.2593821 0.33575392 0,
  1.4173228 0.31496063 0,1.5752636 0.33575392 0,
  1.7224409 0.39671678 0,1.848825 0.49369468 0,
  1.9458029 0.62007874 0,2.0067658 0.76725609 0,
  0.80708661 0.92519685 -0.39370079,0.82787991 0.76725609 -0.39370079,
  0.88884277 0.62007874 -0.39370079,0.98582067 0.49369468 -0.39370079,
  1.1122047 0.39671678 -0.39370079,1.2593821 0.33575392 -0.39370079,
  1.4173228 0.31496063 -0.39370079,1.5752636 0.33575392 -0.39370079,
  1.7224409 0.39671678 -0.39370079,1.848825 0.49369468 -0.39370079,
  1.9458029 0.62007874 -0.39370079,2.0067658 0.76725609 -0.39370079] }
 coordIndex [
  3,14,2,-1,3,15,14,-1,4,16,15,-1,4,15,3,-1,5,17,16,-1,5,16,4,-1,6,18,17,-1,6,17,5,-1,
  7,19,18,-1,7,20,19,-1,7,18,6,-1,8,21,20,-1,8,20,7,-1,9,21,8,-1,10,22,21,-1,10,21,9,-1,
  11,23,22,-1,11,22,10,-1,12,24,23,-1,12,25,24,-1,12,23,11,-1,13,25,12,-1,0,1,25,-1,0,25,13,-1]
  normalPerVertex TRUE
  normal DEF NORM_502 Normal { vector [
  -0.99144486 0.13052619 0,-0.99144486 0.13052619 0,
  0.99144486 0.13052619 0,0.9763442 0.21622209 0,
  0.88711369 0.46155098 0,0.73742784 0.67542593 0,
  0.5374875 0.84327172 0,0.25881905 0.96592583 0,
  -0.04384197 0.99903848 0,-0.25881905 0.96592583 0,
  -0.46155098 0.88711369 0,-0.67542593 0.73742784 0,
  -0.8660254 0.5 0,-0.96592583 0.25881905 0,
  0.99144486 0.13052619 0,0.95364993 0.30091828 0,
  0.84327172 0.5374875 0,0.67542593 0.73742784 0,
  0.46155098 0.88711369 0,0.25881905 0.96592583 0,
  0.04384197 0.99903848 0,-0.25881905 0.96592583 0,
  -0.5374875 0.84327172 0,-0.73742784 0.67542593 0,
  -0.8660254 0.5 0,-0.96592583 0.25881905 0] }
}
}
DEF SHAPE_503 Shape {
 appearance USE APP_2
 geometry DEF FACE_503 IndexedFaceSet {
  coord DEF COORD_503 Coordinate { point [
  2.0275591 1.2401575 -0.39370079,2.0275591 1.2992126 -0.33464567,
  2.0275591 1.2992126 0,2.0275591 0.92519685 0,
  2.0275591 0.92519685 -0.39370079] }
 coordIndex [
  0,4,3,-1,1,3,2,-1,1,0,3,-1]
  normalPerVertex TRUE
  normal DEF NORM_503 Normal { vector [
  -1 0 0,-1 0 0,
  -1 0 0,-1 0 0,
  -1 0 0] }
}
}
DEF SHAPE_504 Shape {
 appearance USE APP_2
 geometry DEF FACE_504 IndexedFaceSet {
  coord DEF COORD_504 Coordinate { point [
  1.7375124 1.2993158 -0.21598028,1.7378144 1.2992126 0.11811024,
  2.5171286 1.2992126 0.11811024,2.5171287 1.2992126 0,
  2.0275591 1.2992126 0,2.0275591 1.2992126 -0.33464567,
  2.5171287 1.2992126 -0.33464567,2.5171287 1.2992126 -0.41338583,
  2.1685112 1.2992126 -0.41338583,2.1685112 1.2992126 -0.6496063,
  1.7371669 1.2992126 -0.6496063,1.7371669 1.2992126 -0.24453734] }
 coordIndex [
  5,10,9,-1,5,11,10,-1,5,0,11,-1,8,5,9,-1,4,1,0,-1,4,0,5,-1,6,8,7,-1,2,4,3,-1,
  2,1,4,-1,5,8,6,-1]
  normalPerVertex TRUE
  normal DEF NORM_504 Normal { vector [
  -0.00018504333 -0.99999998 3.3051126e-07,-6.4523503e-05 -0.99999999 -0.0001582872,
  0 -1 0,0 -1 0,
  -0.00013589991 -0.99999999 -8.6970198e-05,-5.8584079e-05 -1 6.9569941e-05,
  -2.2862394e-08 -1 1.0780643e-07,-5.4968076e-08 -1 2.4995249e-07,
  -1.6113886e-08 -1 7.2222092e-08,0 -1 0,
  0 -1 0,7.3820771e-05 -0.99999997 0.00023790156] }
}
}
DEF SHAPE_505 Shape {
 appearance USE APP_2
 geometry DEF FACE_505 IndexedFaceSet {
  coord DEF COORD_505 Coordinate { point [
  2.5171287 1.2992126 0,2.5176518 1.2992126 0,
  2.5176518 1.2992126 -0.33464567,2.5171287 1.2992126 -0.33464567] }
 coordIndex [
  1,2,3,-1,1,3,0,-1]
  normalPerVertex TRUE
  normal DEF NORM_505 Normal { vector [
  0 1 0,0 1 0,
  0 1 0,0 1 0] }
}
}
DEF SHAPE_506 Shape {
 appearance USE APP_2
 geometry DEF FACE_506 IndexedFaceSet {
  coord DEF COORD_506 Coordinate { point [
  2.5176518 1.2992126 -0.33464567,2.5176518 1.2992126 0,
  2.5651504 1.2351338 0,2.6104647 1.1694922 0,
  2.6535429 1.1023619 0,2.6535429 1.1023619 -0.39370079,
  2.6239515 1.149005 -0.39370079,2.5932802 1.194945 -0.39370079,
  2.5615461 1.2401575 -0.39370079] }
 coordIndex [
  0,5,6,-1,0,6,7,-1,0,7,8,-1,4,5,0,-1,3,4,0,-1,2,3,0,-1,1,2,0,-1]
  normalPerVertex TRUE
  normal DEF NORM_506 Normal { vector [
  0.82342361 0.56742709 0.00023655554,0.80336031 0.59549325 0,
  0.81326565 0.58187875 -0.0040128715,0.83229612 0.55409898 -0.016046449,
  0.82714518 0.56196316 -0.0053156812,0.82368147 0.56702829 0.0052680998,
  0.83202447 0.54156756 0.12016599,0.82370017 0.56392709 0.059196911,
  0.81803533 0.57417066 0.033856247] }
}
}
DEF SHAPE_507 Shape {
 appearance USE APP_2
 geometry DEF FACE_507 IndexedFaceSet {
  coord DEF COORD_507 Coordinate { point [
  2.6535429 1.1023619 -0.39370079,2.6535429 1.1023619 0,
  2.7044963 1.0158957 0,2.7517418 0.92734907 0,
  2.7951413 0.8368566 0,2.7948726 0.83744668 -0.39370079,
  2.7515464 0.92773466 -0.39370079,2.7043905 1.0160842 -0.39370079] }
 coordIndex [
  7,0,1,-1,7,1,2,-1,6,2,3,-1,6,7,2,-1,5,3,4,-1,5,6,3,-1]
  normalPerVertex TRUE
  normal DEF NORM_507 Normal { vector [
  0.86151492 0.50773225 0,0.86152651 0.50771258 5.8073661e-06,
  0.8755055 0.48320815 7.7427637e-06,0.89534591 0.44537143 1.0688166e-05,
  0.90166615 0.43243283 3.2574402e-05,0.90161811 0.43253298 4.4423384e-06,
  0.88885644 0.4581858 -4.0380421e-06,0.86858603 0.49553841 1.5798849e-08] }
}
}
DEF SHAPE_508 Shape {
 appearance USE APP_2
 geometry DEF FACE_508 IndexedFaceSet {
  coord DEF COORD_508 Coordinate { point [
  2.7951413 0.8368566 0,2.9733753 0.27397223 0,
  2.7948726 0.83744668 -0.39370079,2.9733753 0.27397223 -0.39370079] }
 coordIndex [
  0,1,3,-1,2,0,3,-1]
  normalPerVertex TRUE
  normal DEF NORM_508 Normal { vector [
  0.95332849 0.30193506 -9.9141637e-05,0.95334845 0.30187204 0,
  0.95330853 0.30199801 -0.00019817531,0.95332849 0.30193506 -9.9141637e-05] }
}
}
DEF SHAPE_509 Shape {
 appearance USE APP_2
 geometry DEF FACE_509 IndexedFaceSet {
  coord DEF COORD_509 Coordinate { point [
  2.9733753 0.27397223 0,3.0511811 0.1392086 0,
  2.9733753 0.27397223 -0.39370079,3.0511811 0.1392086 -0.39370079] }
 coordIndex [
  1,2,0,-1,1,3,2,-1]
  normalPerVertex TRUE
  normal DEF NORM_509 Normal { vector [
  0.8660254 0.5 0,0.8660254 0.5 0,
  0.8660254 0.5 0,0.8660254 0.5 0] }
}
}
DEF SHAPE_510 Shape {
 appearance USE APP_2
 geometry DEF FACE_510 IndexedFaceSet {
  coord DEF COORD_510 Coordinate { point [
  3.0511811 -1.2401575 0.11811024,3.0511811 -0.96456693 0.11811024,
  3.0511811 -0.96456693 0,3.0511811 0.1392086 0,
  3.0511811 0.1392086 -0.39370079,3.0511811 0.019685039 -0.39370079,
  3.0511811 0.019685039 -2.7952756,3.0511811 -1.2401575 -2.7952756] }
 coordIndex [
  2,0,7,-1,1,0,2,-1,5,7,6,-1,5,2,7,-1,3,5,4,-1,3,2,5,-1]
  normalPerVertex TRUE
  normal DEF NORM_510 Normal { vector [
  1 0 0,1 0 0,
  1 0 0,1 0 0,
  1 0 0,1 0 0,
  1 0 0,1 0 0] }
}
}
DEF SHAPE_511 Shape {
 appearance USE APP_2
 geometry DEF FACE_511 IndexedFaceSet {
  coord DEF COORD_511 Coordinate { point [
  2.5393701 -0.96456693 0.11811024,2.5393701 -0.96456693 0,
  3.0511811 -0.96456693 0.11811024,3.0511811 -0.96456693 0] }
 coordIndex [
  2,1,0,-1,2,3,1,-1]
  normalPerVertex TRUE
  normal DEF NORM_511 Normal { vector [
  0 1 0,0 1 0,
  0 1 0,0 1 0] }
}
}
DEF SHAPE_512 Shape {
 appearance USE APP_2
 geometry DEF FACE_512 IndexedFaceSet {
  coord DEF COORD_512 Coordinate { point [
  2.5393701 -0.96456693 0.11811024,2.5393701 -0.96456693 0,
  2.4955667 -0.96950238 0,2.4539599 -0.98406125 0,
  2.4166359 -1.0075135 0,2.3854662 -1.0386831 0,
  2.362014 -1.0760071 0,2.3474551 -1.117614 0,
  2.3425197 -1.1614173 0,2.3425197 -1.1614173 0.11811024,
  2.3492272 -1.1104687 0.11811024,2.3688926 -1.0629921 0.11811024,
  2.4001758 -1.0222231 0.11811024,2.4409449 -0.99093988 0.11811024,
  2.4884214 -0.97127444 0.11811024] }
 coordIndex [
  7,8,9,-1,7,9,10,-1,6,10,11,-1,6,7,10,-1,5,11,12,-1,5,6,11,-1,4,12,13,-1,4,5,12,-1,
  3,13,14,-1,3,4,13,-1,2,14,0,-1,2,3,14,-1,1,2,0,-1]
  normalPerVertex TRUE
  normal DEF NORM_512 Normal { vector [
  -0.12196019 0.99252788 0.0037565807,-0.11196448 0.99371221 0,
  -0.18870138 0.98203424 0.00073534285,-0.41510646 0.90977271 -0.00049737193,
  -0.61806933 0.78612281 -0.0011135572,-0.78612281 0.61806933 -0.0011135572,
  -0.90977271 0.41510646 -0.00049737193,-0.98203424 0.18870138 0.00073534285,
  -0.99371221 0.11196448 0,-0.99252788 0.12196019 0.0037565807,
  -0.95982455 0.28055981 0.0047986345,-0.86030735 0.50973798 0.0062014638,
  -0.70709106 0.70709106 0.0066690084,-0.50973798 0.86030735 0.0062014638,
  -0.28055981 0.95982455 0.0047986345] }
}
}
DEF SHAPE_513 Shape {
 appearance USE APP_2
 geometry DEF FACE_513 IndexedFaceSet {
  coord DEF COORD_513 Coordinate { point [
  2.3425197 -1.7125984 0.11811024,2.3425197 -1.7125984 0,
  2.3425197 -1.1614173 0.11811024,2.3425197 -1.1614173 0] }
 coordIndex [
  2,1,0,-1,2,3,1,-1]
  normalPerVertex TRUE
  normal DEF NORM_513 Normal { vector [
  -1 0 0,-1 0 0,
  -1 0 0,-1 0 0] }
}
}
DEF SHAPE_514 Shape {
 appearance USE APP_2
 geometry DEF FACE_514 IndexedFaceSet {
  coord DEF COORD_514 Coordinate { point [
  2.3425197 -1.7125984 0.11811024,2.3425197 -1.7125984 0,
  2.3492272 -1.7635471 0,2.3688926 -1.8110236 0,
  2.4001758 -1.8517927 0,2.4409449 -1.8830759 0,
  2.4884214 -1.9027413 0,2.5393701 -1.9094488 0,
  2.5393701 -1.9094488 0.11811024,2.4884214 -1.9027413 0.11811024,
  2.4409449 -1.8830759 0.11811024,2.4001758 -1.8517927 0.11811024,
  2.3688926 -1.8110236 0.11811024,2.3492272 -1.7635471 0.11811024] }
 coordIndex [
  6,7,8,-1,6,8,9,-1,5,9,10,-1,5,6,9,-1,4,10,11,-1,4,11,12,-1,4,5,10,-1,3,4,12,-1,
  2,12,13,-1,2,13,0,-1,2,3,12,-1,1,2,0,-1]
  normalPerVertex TRUE
  normal DEF NORM_514 Normal { vector [
  -0.99144486 -0.13052619 0,-0.99144486 -0.13052619 0,
  -0.96592583 -0.25881905 0,-0.8660254 -0.5 0,
  -0.70710678 -0.70710678 0,-0.46155098 -0.88711369 0,
  -0.21622209 -0.9763442 0,-0.13052619 -0.99144486 0,
  -0.13052619 -0.99144486 0,-0.30091828 -0.95364993 0,
  -0.5374875 -0.84327172 0,-0.70710678 -0.70710678 0,
  -0.8660254 -0.5 0,-0.96592583 -0.25881905 0] }
}
}
DEF SHAPE_515 Shape {
 appearance USE APP_2
 geometry DEF FACE_515 IndexedFaceSet {
  coord DEF COORD_515 Coordinate { point [
  2.5393701 -1.9094488 0.11811024,2.5393701 -1.9094488 0,
  3.0511811 -1.9094488 0,3.0511811 -1.9094488 0.11811024] }
 coordIndex [
  2,0,1,-1,2,3,0,-1]
  normalPerVertex TRUE
  normal DEF NORM_515 Normal { vector [
  0 -1 0,0 -1 0,
  0 -1 0,0 -1 0] }
}
}
DEF SHAPE_516 Shape {
 appearance USE APP_2
 geometry DEF FACE_516 IndexedFaceSet {
  coord DEF COORD_516 Coordinate { point [
  -1.7125984 -0.78740157 0,-1.7125984 -0.78740157 -0.39370079,
  -1.7125984 -0.47244094 -0.39370079,-1.7125984 -0.47244094 0] }
 coordIndex [
  2,0,1,-1,2,3,0,-1]
  normalPerVertex TRUE
  normal DEF NORM_516 Normal { vector [
  1 0 0,1 0 0,
  1 0 0,1 0 0] }
}
}
DEF SHAPE_517 Shape {
 appearance USE APP_2
 geometry DEF FACE_517 IndexedFaceSet {
  coord DEF COORD_517 Coordinate { point [
  -1.1220472 -0.47244094 -0.39370079,-1.1220472 -0.47244094 0,
  -1.1220472 -0.78740157 -0.39370079,-1.1220472 -0.78740157 0] }
 coordIndex [
  1,0,2,-1,1,2,3,-1]
  normalPerVertex TRUE
  normal DEF NORM_517 Normal { vector [
  -1 0 0,-1 0 0,
  -1 0 0,-1 0 0] }
}
}
DEF SHAPE_518 Shape {
 appearance USE APP_2
 geometry DEF FACE_518 IndexedFaceSet {
  coord DEF COORD_518 Coordinate { point [
  -1.7125984 -0.47244094 -0.39370079,-1.7125984 -0.47244094 0,
  -1.1220472 -0.47244094 -0.39370079,-1.1220472 -0.47244094 0] }
 coordIndex [
  3,1,0,-1,2,3,0,-1]
  normalPerVertex TRUE
  normal DEF NORM_518 Normal { vector [
  0 -1 0,0 -1 0,
  0 -1 0,0 -1 0] }
}
}
DEF SHAPE_519 Shape {
 appearance USE APP_2
 geometry DEF FACE_519 IndexedFaceSet {
  coord DEF COORD_519 Coordinate { point [
  1.7125984 -0.47244094 0,1.7125984 -0.47244094 -0.39370079,
  1.1220472 -0.47244094 -0.39370079,1.1220472 -0.47244094 0] }
 coordIndex [
  0,2,1,-1,0,3,2,-1]
  normalPerVertex TRUE
  normal DEF NORM_519 Normal { vector [
  0 -1 0,0 -1 0,
  0 -1 0,0 -1 0] }
}
}
DEF SHAPE_520 Shape {
 appearance USE APP_2
 geometry DEF FACE_520 IndexedFaceSet {
  coord DEF COORD_520 Coordinate { point [
  1.1220472 -0.47244094 -0.39370079,1.1220472 -0.47244094 0,
  1.1220472 -0.78740157 -0.39370079,1.1220472 -0.78740157 0] }
 coordIndex [
  1,2,0,-1,1,3,2,-1]
  normalPerVertex TRUE
  normal DEF NORM_520 Normal { vector [
  1 0 0,1 0 0,
  1 0 0,1 0 0] }
}
}
DEF SHAPE_521 Shape {
 appearance USE APP_2
 geometry DEF FACE_521 IndexedFaceSet {
  coord DEF COORD_521 Coordinate { point [
  1.7125984 -0.78740157 0,1.7125984 -0.78740157 -0.39370079,
  1.7125984 -0.47244094 -0.39370079,1.7125984 -0.47244094 0] }
 coordIndex [
  2,1,0,-1,2,0,3,-1]
  normalPerVertex TRUE
  normal DEF NORM_521 Normal { vector [
  -1 0 0,-1 0 0,
  -1 0 0,-1 0 0] }
}
}
DEF SHAPE_522 Shape {
 appearance USE APP_2
 geometry DEF FACE_522 IndexedFaceSet {
  coord DEF COORD_522 Coordinate { point [
  -0.39370079 -0.37401575 -0.39370079,-0.43307087 -0.37401575 -0.39370079,
  -0.43307087 -0.37401575 0,0.43307087 -0.37401575 0,
  0.43307087 -0.37401575 -0.39370079,0.39370079 -0.37401575 -0.39370079,
  0.39370079 -0.37401575 -0.29527559,-0.39370079 -0.37401575 -0.29527559] }
 coordIndex [
  7,1,0,-1,2,1,7,-1,6,5,4,-1,6,2,7,-1,3,6,4,-1,3,2,6,-1]
  normalPerVertex TRUE
  normal DEF NORM_522 Normal { vector [
  0 -1 0,0 -1 0,
  0 -1 0,0 -1 0,
  0 -1 0,0 -1 0,
  0 -1 0,0 -1 0] }
}
}
DEF SHAPE_523 Shape {
 appearance USE APP_2
 geometry DEF FACE_523 IndexedFaceSet {
  coord DEF COORD_523 Coordinate { point [
  -0.43307087 -0.78740157 -0.39370079,-0.43307087 -0.78740157 0,
  -0.43307087 -0.37401575 0,-0.43307087 -0.37401575 -0.39370079] }
 coordIndex [
  2,1,0,-1,2,0,3,-1]
  normalPerVertex TRUE
  normal DEF NORM_523 Normal { vector [
  1 0 0,1 0 0,
  1 0 0,1 0 0] }
}
}
DEF SHAPE_524 Shape {
 appearance USE APP_2
 geometry DEF FACE_524 IndexedFaceSet {
  coord DEF COORD_524 Coordinate { point [
  1.7125984 -0.78740157 0,1.7125984 -0.78740157 -0.39370079,
  2.8149606 -0.78740157 -0.39370079,2.8149606 -0.78740157 -2.3622047,
  2.7948381 -0.78740157 -2.5150506,2.7358418 -0.78740157 -2.6574803,
  2.6419922 -0.78740157 -2.7797875,2.519685 -0.78740157 -2.873637,
  2.3772553 -0.78740157 -2.9326334,2.2244094 -0.78740157 -2.9527559,
  2.2047244 -0.78740157 -2.9527559,2.2047244 -0.78740157 -3.1889764,
  1.3385827 -0.78740157 -3.1889764,1.3385827 -0.78740157 -2.9527559,
  -1.3385827 -0.78740157 -2.9527559,-1.3385827 -0.78740157 -3.1889764,
  -2.2047244 -0.78740157 -3.1889764,-2.2047244 -0.78740157 -2.9527559,
  -2.2244094 -0.78740157 -2.9527559,-2.3772553 -0.78740157 -2.9326334,
  -2.519685 -0.78740157 -2.873637,-2.6419922 -0.78740157 -2.7797875,
  -2.7358418 -0.78740157 -2.6574803,-2.7948381 -0.78740157 -2.5150506,
  -2.8149606 -0.78740157 -2.3622047,-2.8149606 -0.78740157 -0.39370079,
  -1.7125984 -0.78740157 -0.39370079,-1.7125984 -0.78740157 0,
  -1.1220472 -0.78740157 0,-1.1220472 -0.78740157 -0.39370079,
  -0.43307087 -0.78740157 -0.39370079,-0.43307087 -0.78740157 0,
  0.43307087 -0.78740157 0,0.43307087 -0.78740157 -0.39370079,
  1.1220472 -0.78740157 -0.39370079,1.1220472 -0.78740157 0,
  -0.46619508 -0.78740157 -2.390319,-0.47691767 -0.78740157 -2.4069642,
  -0.48314892 -0.78740157 -2.4257581,-0.48449478 -0.78740157 -2.4455122,
  -0.48087015 -0.78740157 -2.4649776,-0.47250422 -0.78740157 -2.4829233,
  -0.45992598 -0.78740157 -2.4982146,-0.44393077 -0.78740157 -2.5098847,
  -0.42553001 -0.78740157 -2.5171956,-0.4058872 -0.78740157 -2.519685,
  0.4058872 -0.78740157 -2.519685,0.42552511 -0.78740157 -2.5171969,
  0.44392191 -0.78740157 -2.5098896,0.45991493 -0.78740157 -2.498225,
  0.47249342 -0.78740157 -2.4829404,0.48086242 -0.78740157 -2.4650017,
  0.48449301 -0.78740157 -2.4455425,0.48315574 -0.78740157 -2.4257928,
  0.47693513 -0.78740157 -2.4070008,0.46622433 -0.78740157 -2.3903539,
  0.30120013 -0.78740157 -2.1350996,0.20322189 -0.78740157 -1.8473705,
  0.17817521 -0.78740157 -1.5444507,0.22756466 -0.78740157 -1.2445367,
  0.34842339 -0.78740157 -0.96564436,0.53349137 -0.78740157 -0.72452697,
  0.54584114 -0.78740157 -0.70818108,0.55355616 -0.78740157 -0.68920257,
  0.55611415 -0.78740157 -0.66887619,0.55334197 -0.78740157 -0.64857792,
  0.54542726 -0.78740157 -0.62968182,0.53290582 -0.78740157 -0.61346706,
  0.51662526 -0.78740157 -0.60103128,0.4976877 -0.78740157 -0.59321631,
  0.47737509 -0.78740157 -0.59055118,-0.47737509 -0.78740157 -0.59055118,
  -0.4976877 -0.78740157 -0.59321631,-0.51662526 -0.78740157 -0.60103128,
  -0.53290582 -0.78740157 -0.61346706,-0.54542726 -0.78740157 -0.62968182,
  -0.55334197 -0.78740157 -0.64857792,-0.55611415 -0.78740157 -0.66887619,
  -0.55355616 -0.78740157 -0.68920257,-0.54584114 -0.78740157 -0.70818108,
  -0.53349137 -0.78740157 -0.72452697,-0.34842724 -0.78740157 -0.96563782,
  -0.22756895 -0.78740157 -1.2445221,-0.17817613 -0.78740157 -1.544428,
  -0.2032157 -0.78740157 -1.8473408,-0.30118359 -0.78740157 -2.1350654,
  0.59055118 -0.78740157 -1.5944882,0.61872274 -0.78740157 -1.8084724,
  0.70131758 -0.78740157 -2.007874,0.83270699 -0.78740157 -2.179104,
  1.003937 -0.78740157 -2.3104934,1.2033386 -0.78740157 -2.3930883,
  1.4173228 -0.78740157 -2.4212598,1.6313071 -0.78740157 -2.3930883,
  1.8307087 -0.78740157 -2.3104934,2.0019387 -0.78740157 -2.179104,
  2.1333281 -0.78740157 -2.007874,2.2159229 -0.78740157 -1.8084724,
  2.2440945 -0.78740157 -1.5944882,2.2159229 -0.78740157 -1.3805039,
  2.1333281 -0.78740157 -1.1811024,2.0019387 -0.78740157 -1.0098723,
  1.8307087 -0.78740157 -0.87848293,1.6313071 -0.78740157 -0.7958881,
  1.4173228 -0.78740157 -0.76771654,1.2033386 -0.78740157 -0.7958881,
  1.003937 -0.78740157 -0.87848293,0.83270699 -0.78740157 -1.0098723,
  0.70131758 -0.78740157 -1.1811024,0.61872274 -0.78740157 -1.3805039,
  -2.2440945 -0.78740157 -1.5944882,-2.2159229 -0.78740157 -1.8084724,
  -2.1333281 -0.78740157 -2.007874,-2.0019387 -0.78740157 -2.179104,
  -1.8307087 -0.78740157 -2.3104934,-1.6313071 -0.78740157 -2.3930883,
  -1.4173228 -0.78740157 -2.4212598,-1.2033386 -0.78740157 -2.3930883,
  -1.003937 -0.78740157 -2.3104934,-0.83270699 -0.78740157 -2.179104,
  -0.70131758 -0.78740157 -2.007874,-0.61872274 -0.78740157 -1.8084724,
  -0.59055118 -0.78740157 -1.5944882,-0.61872274 -0.78740157 -1.3805039,
  -0.70131758 -0.78740157 -1.1811024,-0.83270699 -0.78740157 -1.0098723,
  -1.003937 -0.78740157 -0.87848293,-1.2033386 -0.78740157 -0.7958881,
  -1.4173228 -0.78740157 -0.76771654,-1.6313071 -0.78740157 -0.7958881,
  -1.8307087 -0.78740157 -0.87848293,-2.0019387 -0.78740157 -1.0098723,
  -2.1333281 -0.78740157 -1.1811024,-2.2159229 -0.78740157 -1.3805039] }
 coordIndex [
  15,16,17,-1,14,15,17,-1,113,17,18,-1,113,18,19,-1,113,19,20,-1,113,20,21,-1,113,21,22,-1,113,22,23,-1,
  113,23,24,-1,114,17,113,-1,112,113,24,-1,115,14,17,-1,115,17,114,-1,111,112,24,-1,116,14,115,-1,110,111,24,-1,
  117,14,116,-1,118,14,117,-1,25,132,133,-1,25,133,110,-1,25,110,24,-1,131,132,25,-1,41,14,118,-1,41,42,14,-1,
  43,14,42,-1,40,41,118,-1,39,118,119,-1,39,40,118,-1,38,39,119,-1,37,38,119,-1,36,37,119,-1,120,36,119,-1,
  85,36,120,-1,121,85,120,-1,26,128,129,-1,26,129,130,-1,26,130,131,-1,26,131,25,-1,84,121,122,-1,84,85,121,-1,
  83,122,123,-1,83,84,122,-1,13,48,49,-1,13,49,50,-1,29,126,127,-1,29,127,128,-1,29,128,26,-1,82,123,124,-1,
  82,83,123,-1,89,52,53,-1,89,53,54,-1,89,54,55,-1,81,124,125,-1,81,82,124,-1,88,89,55,-1,88,55,56,-1,
  90,50,51,-1,90,51,52,-1,90,13,50,-1,90,52,89,-1,80,81,125,-1,79,80,125,-1,78,125,126,-1,78,79,125,-1,
  77,78,126,-1,76,77,126,-1,76,126,29,-1,91,13,90,-1,87,56,57,-1,87,88,56,-1,75,76,29,-1,74,75,29,-1,
  28,26,27,-1,28,29,26,-1,92,13,91,-1,86,57,58,-1,86,87,57,-1,30,71,72,-1,30,72,73,-1,30,73,74,-1,
  30,74,29,-1,93,13,92,-1,109,58,59,-1,109,86,58,-1,10,11,12,-1,10,12,13,-1,10,13,93,-1,94,10,93,-1,
  108,109,59,-1,108,59,60,-1,95,7,8,-1,95,8,9,-1,95,9,10,-1,95,10,94,-1,107,108,60,-1,107,60,61,-1,
  62,107,61,-1,6,7,95,-1,63,107,62,-1,33,71,30,-1,33,67,68,-1,33,68,69,-1,33,69,70,-1,33,70,71,-1,
  5,6,95,-1,106,107,63,-1,106,63,64,-1,106,64,65,-1,4,5,95,-1,32,30,31,-1,32,33,30,-1,3,4,95,-1,
  3,95,96,-1,3,96,97,-1,98,3,97,-1,34,104,105,-1,34,105,106,-1,34,67,33,-1,34,106,65,-1,34,65,66,-1,
  34,66,67,-1,1,101,102,-1,1,102,103,-1,1,103,104,-1,1,104,34,-1,0,34,35,-1,0,1,34,-1,2,100,101,-1,
  2,3,98,-1,2,101,1,-1,2,98,99,-1,2,99,100,-1,13,14,46,-1,46,14,45,-1,45,14,44,-1,44,14,43,-1,
  13,46,47,-1,13,47,48,-1]
  normalPerVertex TRUE
  normal DEF NORM_524 Normal { vector [
  0 1 0,0 1 0,
  0 1 0,0 1 0,
  0 1 0,0 1 0,
  0 1 0,0 1 0,
  0 1 0,0 1 0,
  0 1 0,0 1 0,
  0 1 0,0 1 0,
  0 1 0,0 1 0,
  0 1 0,0 1 0,
  0 1 0,0 1 0,
  0 1 0,0 1 0,
  0 1 0,0 1 0,
  0 1 0,0 1 0,
  0 1 0,0 1 0,
  0 1 0,0 1 0,
  0 1 0,0 1 0,
  0 1 0,0 1 0,
  0 1 0,0 1 0,
  0 1 0,0 1 0,
  0 1 0,0 1 0,
  0 1 0,0 1 0,
  0 1 0,0 1 0,
  0 1 0,0 1 0,
  0 1 0,0 1 0,
  0 1 0,0 1 0,
  0 1 0,0 1 0,
  0 1 0,0 1 0,
  0 1 0,0 1 0,
  0 1 0,0 1 0,
  0 1 0,0 1 0,
  0 1 0,0 1 0,
  0 1 0,0 1 0,
  0 1 0,0 1 0,
  0 1 0,0 1 0,
  0 1 0,0 1 0,
  0 1 0,0 1 0,
  0 1 0,0 1 0,
  0 1 0,0 1 0,
  0 1 0,0 1 0,
  0 1 0,0 1 0,
  0 1 0,0 1 0,
  0 1 0,0 1 0,
  0 1 0,0 1 0,
  0 1 0,0 1 0,
  0 1 0,0 1 0,
  0 1 0,0 1 0,
  0 1 0,0 1 0,
  0 1 0,0 1 0,
  0 1 0,0 1 0,
  0 1 0,0 1 0,
  0 1 0,0 1 0,
  0 1 0,0 1 0,
  0 1 0,0 1 0,
  0 1 0,0 1 0,
  0 1 0,0 1 0,
  0 1 0,0 1 0,
  0 1 0,0 1 0,
  0 1 0,0 1 0,
  0 1 0,0 1 0,
  0 1 0,0 1 0,
  0 1 0,0 1 0,
  0 1 0,0 1 0,
  0 1 0,0 1 0,
  0 1 0,0 1 0,
  0 1 0,0 1 0,
  0 1 0,0 1 0,
  0 1 0,0 1 0] }
}
}
DEF SHAPE_525 Shape {
 appearance USE APP_2
 geometry DEF FACE_525 IndexedFaceSet {
  coord DEF COORD_525 Coordinate { point [
  0.43307087 -0.37401575 0,0.43307087 -0.37401575 -0.39370079,
  0.43307087 -0.78740157 0,0.43307087 -0.78740157 -0.39370079] }
 coordIndex [
  1,2,0,-1,1,3,2,-1]
  normalPerVertex TRUE
  normal DEF NORM_525 Normal { vector [
  -1 0 0,-1 0 0,
  -1 0 0,-1 0 0] }
}
}
DEF SHAPE_526 Shape {
 appearance USE APP_2
 geometry DEF FACE_526 IndexedFaceSet {
  coord DEF COORD_526 Coordinate { point [
  0.29527559 0.59055118 0.11811024,-0.29527559 0.59055118 0.11811024,
  -0.29527559 0.59055118 0,0.29527559 0.59055118 0] }
 coordIndex [
  3,1,0,-1,3,2,1,-1]
  normalPerVertex TRUE
  normal DEF NORM_526 Normal { vector [
  0 1 0,0 1 0,
  0 1 0,0 1 0] }
}
}
DEF SHAPE_527 Shape {
 appearance USE APP_2
 geometry DEF FACE_527 IndexedFaceSet {
  coord DEF COORD_527 Coordinate { point [
  -0.29527559 0.59055118 0.11811024,-0.29527559 0.59055118 0,
  -0.34622422 0.58384367 0,-0.39370079 0.56417823 0,
  -0.43446984 0.53289504 0,-0.46575303 0.49212598 0,
  -0.48541847 0.44464942 0,-0.49212598 0.39370079 0,
  -0.49212598 0.39370079 0.11811024,-0.48541847 0.44464942 0.11811024,
  -0.46575303 0.49212598 0.11811024,-0.43446984 0.53289504 0.11811024,
  -0.39370079 0.56417823 0.11811024,-0.34622422 0.58384367 0.11811024] }
 coordIndex [
  6,7,8,-1,6,8,9,-1,6,9,10,-1,5,10,11,-1,5,6,10,-1,4,5,11,-1,3,11,12,-1,3,4,11,-1,
  2,12,13,-1,2,3,12,-1,1,13,0,-1,1,2,13,-1]
  normalPerVertex TRUE
  normal DEF NORM_527 Normal { vector [
  -0.13052619 0.99144486 0,-0.13052619 0.99144486 0,
  -0.30091828 0.95364993 0,-0.5374875 0.84327172 0,
  -0.70710678 0.70710678 0,-0.84327172 0.5374875 0,
  -0.96592583 0.25881905 0,-0.99144486 0.13052619 0,
  -0.99144486 0.13052619 0,-0.96592583 0.25881905 0,
  -0.88711369 0.46155098 0,-0.70710678 0.70710678 0,
  -0.46155098 0.88711369 0,-0.21622209 0.9763442 0] }
}
}
DEF SHAPE_528 Shape {
 appearance USE APP_2
 geometry DEF FACE_528 IndexedFaceSet {
  coord DEF COORD_528 Coordinate { point [
  -0.49212598 0.39370079 0,-0.49212598 0 0,
  -0.49212598 0.39370079 0.11811024,-0.49212598 0 0.11811024] }
 coordIndex [
  0,3,2,-1,0,1,3,-1]
  normalPerVertex TRUE
  normal DEF NORM_528 Normal { vector [
  -1 0 0,-1 0 0,
  -1 0 0,-1 0 0] }
}
}
DEF SHAPE_529 Shape {
 appearance USE APP_2
 geometry DEF FACE_529 IndexedFaceSet {
  coord DEF COORD_529 Coordinate { point [
  -0.49212598 0 0.11811024,0.49212598 0 0.11811024,
  0.49212598 0 0,-0.49212598 0 0] }
 coordIndex [
  1,3,2,-1,1,0,3,-1]
  normalPerVertex TRUE
  normal DEF NORM_529 Normal { vector [
  0 -1 0,0 -1 0,
  0 -1 0,0 -1 0] }
}
}
DEF SHAPE_530 Shape {
 appearance USE APP_2
 geometry DEF FACE_530 IndexedFaceSet {
  coord DEF COORD_530 Coordinate { point [
  0.49212598 0 0.11811024,0.49212598 0.39370079 0.11811024,
  0.49212598 0.39370079 0,0.49212598 0 0] }
 coordIndex [
  1,3,2,-1,1,0,3,-1]
  normalPerVertex TRUE
  normal DEF NORM_530 Normal { vector [
  1 0 0,1 0 0,
  1 0 0,1 0 0] }
}
}
DEF SHAPE_531 Shape {
 appearance USE APP_2
 geometry DEF FACE_531 IndexedFaceSet {
  coord DEF COORD_531 Coordinate { point [
  0.49212598 0.39370079 0.11811024,0.49212598 0.39370079 0,
  0.48541847 0.44464942 0,0.46575303 0.49212598 0,
  0.43446984 0.53289504 0,0.39370079 0.56417823 0,
  0.34622422 0.58384367 0,0.29527559 0.59055118 0,
  0.29527559 0.59055118 0.11811024,0.34622422 0.58384367 0.11811024,
  0.39370079 0.56417823 0.11811024,0.43446984 0.53289504 0.11811024,
  0.46575303 0.49212598 0.11811024,0.48541847 0.44464942 0.11811024] }
 coordIndex [
  6,7,8,-1,6,8,9,-1,5,9,10,-1,5,6,9,-1,4,10,11,-1,4,5,10,-1,3,11,12,-1,3,4,11,-1,
  2,12,13,-1,2,3,12,-1,1,13,0,-1,1,2,13,-1]
  normalPerVertex TRUE
  normal DEF NORM_531 Normal { vector [
  0.99144486 0.13052619 0,0.99144486 0.13052619 0,
  0.95364993 0.30091828 0,0.84327172 0.5374875 0,
  0.67542593 0.73742784 0,0.46155098 0.88711369 0,
  0.21622209 0.9763442 0,0.13052619 0.99144486 0,
  0.13052619 0.99144486 0,0.30091828 0.95364993 0,
  0.5374875 0.84327172 0,0.73742784 0.67542593 0,
  0.88711369 0.46155098 0,0.9763442 0.21622209 0] }
}
}
DEF SHAPE_532 Shape {
 appearance USE APP_2
 geometry DEF FACE_532 IndexedFaceSet {
  coord DEF COORD_532 Coordinate { point [
  -0.47737509 -0.78740157 -0.59055118,-0.47737509 -2.0866142 -0.59055118,
  -0.4976877 -0.78740157 -0.59321631,-0.51662526 -0.78740157 -0.60103128,
  -0.53290582 -0.78740157 -0.61346706,-0.54542726 -0.78740157 -0.62968182,
  -0.55334197 -0.78740157 -0.64857792,-0.55611415 -0.78740157 -0.66887619,
  -0.55355616 -0.78740157 -0.68920257,-0.54584114 -0.78740157 -0.70818108,
  -0.53349137 -0.78740157 -0.72452697,-0.53349137 -2.0866142 -0.72452697,
  -0.54584114 -2.0866142 -0.70818108,-0.55355616 -2.0866142 -0.68920257,
  -0.55611415 -2.0866142 -0.66887619,-0.55334197 -2.0866142 -0.64857792,
  -0.54542726 -2.0866142 -0.62968182,-0.53290582 -2.0866142 -0.61346706,
  -0.51662526 -2.0866142 -0.60103128,-0.4976877 -2.0866142 -0.59321631] }
 coordIndex [
  19,0,1,-1,19,2,0,-1,18,3,2,-1,18,2,19,-1,17,4,3,-1,17,3,18,-1,16,5,4,-1,16,4,17,-1,
  15,6,5,-1,15,5,16,-1,14,7,6,-1,14,6,15,-1,13,8,7,-1,13,9,8,-1,13,7,14,-1,12,10,9,-1,
  12,9,13,-1,11,10,12,-1]
  normalPerVertex TRUE
  normal DEF NORM_532 Normal { vector [
  0.13009057 0 -0.99150211,0.13009057 0 -0.99150211,
  0.29993831 0 -0.9539586,0.53587912 0 -0.84429472,
  0.735544 0 -0.67747696,0.88541679 0 -0.46479791,
  0.97535198 0 -0.22065473,0.99926147 0 0.038425499,
  0.96749956 0 0.25287269,0.89026865 0 0.45543576,
  0.79787812 0 0.6028188,0.79787812 0 0.6028188,
  0.84710832 0 0.53142026,0.96749956 0 0.25287269,
  0.99880073 0 -0.048960113,0.95236396 0 -0.30496374,
  0.84145765 0 -0.54032308,0.6735895 0 -0.73910567,
  0.46012323 0 -0.88785506,0.21550928 0 -0.97650179] }
}
}
DEF SHAPE_533 Shape {
 appearance USE APP_2
 geometry DEF FACE_533 IndexedFaceSet {
  coord DEF COORD_533 Coordinate { point [
  0.46600063 -2.0866141 -2.3900874,0.47680126 -2.0866141 -2.406722,
  0.48310321 -2.0866141 -2.4255274,0.48450622 -2.0866141 -2.445311,
  0.48092125 -2.0866141 -2.4648175,0.47257577 -2.0866141 -2.4828095,
  0.45999924 -2.0866141 -2.4981454,0.44398959 -2.0866141 -2.5098522,
  0.42556255 -2.0866141 -2.5171872,0.4058872 -2.0866142 -2.519685,
  -0.4058872 -2.0866142 -2.519685,-0.42553233 -2.0866142 -2.517195,
  -0.44393496 -2.0866142 -2.5098824,-0.4599312 -2.0866142 -2.4982097,
  -0.47250932 -2.0866142 -2.4829152,-0.4808738 -2.0866142 -2.4649662,
  -0.48449561 -2.0866142 -2.4454979,-0.48314569 -2.0866142 -2.4257417,
  -0.47690941 -2.0866142 -2.406947,-0.46618125 -2.0866142 -2.3903025,
  -0.53349137 -2.0866142 -0.72452697,-0.34842906 -2.0866142 -0.96563472,
  -0.22757097 -2.0866142 -1.2445152,-0.17817657 -2.0866142 -1.5444172,
  -0.20321277 -2.0866142 -1.8473267,-0.30117577 -2.0866142 -2.1350493,
  -0.54584114 -2.0866142 -0.70818108,-0.55355616 -2.0866142 -0.68920257,
  -0.55611415 -2.0866142 -0.66887619,-0.55334197 -2.0866142 -0.64857792,
  -0.54542726 -2.0866142 -0.62968182,-0.53290582 -2.0866142 -0.61346706,
  -0.51662526 -2.0866142 -0.60103128,-0.4976877 -2.0866142 -0.59321631,
  -0.47737509 -2.0866142 -0.59055118,-0.29527559 -2.0866142 -0.59055118,
  -0.29527559 -2.0866142 -0.27559055,-1.8452698 -2.0866142 -0.27559055,
  -2.7755906 -2.0866142 -1.0896212,-2.7755906 -2.0866142 -2.0993552,
  -1.8452698 -2.0866142 -2.9133858,2.7755906 -2.0866142 -2.9133858,
  2.7755906 -2.0866142 -0.27559055,0.29527559 -2.0866142 -0.27559055,
  0.29527559 -2.0866142 -0.59055118,0.47737509 -2.0866142 -0.59055118,
  0.4976877 -2.0866142 -0.59321631,0.51662526 -2.0866142 -0.60103128,
  0.53290582 -2.0866142 -0.61346706,0.54542726 -2.0866142 -0.62968182,
  0.55334197 -2.0866142 -0.64857792,0.55611415 -2.0866142 -0.66887619,
  0.55355616 -2.0866142 -0.68920257,0.54584114 -2.0866142 -0.70818108,
  0.53349137 -2.0866141 -0.72452697,0.30107377 -2.0866141 -2.1348386,
  0.20317461 -2.0866141 -1.8471434,0.17818224 -2.0866141 -1.5442769,
  0.22759739 -2.0866141 -1.2444254,0.3484528 -2.0866141 -0.96559438,
  0.59055118 -2.0866142 -1.5944882,0.61872274 -2.0866142 -1.3805039,
  0.70131758 -2.0866142 -1.1811024,0.83270699 -2.0866142 -1.0098723,
  1.003937 -2.0866142 -0.87848293,1.2033386 -2.0866142 -0.7958881,
  1.4173228 -2.0866142 -0.76771654,1.6313071 -2.0866142 -0.7958881,
  1.8307087 -2.0866142 -0.87848293,2.0019387 -2.0866142 -1.0098723,
  2.1333281 -2.0866142 -1.1811024,2.2159229 -2.0866142 -1.3805039,
  2.2440945 -2.0866142 -1.5944882,2.2159229 -2.0866142 -1.8084724,
  2.1333281 -2.0866142 -2.007874,2.0019387 -2.0866142 -2.179104,
  1.8307087 -2.0866142 -2.3104934,1.6313071 -2.0866142 -2.3930883,
  1.4173228 -2.0866142 -2.4212598,1.2033386 -2.0866142 -2.3930883,
  1.003937 -2.0866142 -2.3104934,0.83270699 -2.0866142 -2.179104,
  0.70131758 -2.0866142 -2.007874,0.61872274 -2.0866142 -1.8084724,
  -2.2440945 -2.0866142 -1.5944882,-2.2159229 -2.0866142 -1.3805039,
  -2.1333281 -2.0866142 -1.1811024,-2.0019387 -2.0866142 -1.0098723,
  -1.8307087 -2.0866142 -0.87848293,-1.6313071 -2.0866142 -0.7958881,
  -1.4173228 -2.0866142 -0.76771654,-1.2033386 -2.0866142 -0.7958881,
  -1.003937 -2.0866142 -0.87848293,-0.83270699 -2.0866142 -1.0098723,
  -0.70131758 -2.0866142 -1.1811024,-0.61872274 -2.0866142 -1.3805039,
  -0.59055118 -2.0866142 -1.5944882,-0.61872274 -2.0866142 -1.8084724,
  -0.70131758 -2.0866142 -2.007874,-0.83270699 -2.0866142 -2.179104,
  -1.003937 -2.0866142 -2.3104934,-1.2033386 -2.0866142 -2.3930883,
  -1.4173228 -2.0866142 -2.4212598,-1.6313071 -2.0866142 -2.3930883,
  -1.8307087 -2.0866142 -2.3104934,-2.0019387 -2.0866142 -2.179104,
  -2.1333281 -2.0866142 -2.007874,-2.2159229 -2.0866142 -1.8084724] }
 coordIndex [
  87,37,38,-1,88,37,87,-1,86,87,38,-1,85,86,38,-1,89,37,88,-1,84,85,38,-1,84,38,39,-1,90,37,89,-1,
  91,37,90,-1,107,84,39,-1,106,107,39,-1,36,37,91,-1,31,36,91,-1,30,31,91,-1,30,91,92,-1,32,36,31,-1,
  29,30,92,-1,33,36,32,-1,28,29,92,-1,34,36,33,-1,27,28,92,-1,93,26,27,-1,93,27,92,-1,105,106,39,-1,
  20,26,93,-1,35,36,34,-1,21,20,93,-1,21,93,94,-1,22,21,94,-1,22,94,95,-1,45,43,44,-1,40,102,103,-1,
  40,103,104,-1,40,104,105,-1,40,105,39,-1,46,43,45,-1,47,43,46,-1,48,43,47,-1,101,102,40,-1,23,22,95,-1,
  23,95,96,-1,24,23,96,-1,24,96,97,-1,25,24,97,-1,25,97,98,-1,63,52,53,-1,63,53,54,-1,63,54,59,-1,
  64,52,63,-1,64,49,50,-1,64,50,51,-1,64,51,52,-1,62,63,59,-1,62,59,58,-1,19,25,98,-1,19,98,99,-1,
  18,19,99,-1,17,18,99,-1,16,17,99,-1,16,99,100,-1,15,16,100,-1,65,48,49,-1,65,43,48,-1,65,49,64,-1,
  61,62,58,-1,61,58,57,-1,14,15,100,-1,13,100,101,-1,13,14,100,-1,12,101,40,-1,12,13,101,-1,11,12,40,-1,
  10,11,40,-1,66,43,65,-1,60,61,57,-1,60,57,56,-1,83,60,56,-1,55,83,56,-1,82,83,55,-1,0,82,55,-1,
  9,10,40,-1,81,0,1,-1,81,1,2,-1,81,2,3,-1,81,82,0,-1,42,43,66,-1,42,66,67,-1,42,67,68,-1,
  42,68,69,-1,70,42,69,-1,80,3,4,-1,80,4,5,-1,80,5,6,-1,80,81,3,-1,71,42,70,-1,79,6,7,-1,
  79,80,6,-1,78,7,8,-1,78,79,7,-1,72,42,71,-1,41,42,72,-1,41,8,9,-1,41,78,8,-1,41,72,73,-1,
  41,73,74,-1,41,74,75,-1,41,75,76,-1,41,76,77,-1,41,77,78,-1,40,41,9,-1]
  normalPerVertex TRUE
  normal DEF NORM_533 Normal { vector [
  -1.1260355e-07 -1 -7.8044242e-08,-1.2112206e-07 -1 -5.8450961e-08,
  -1.4145339e-07 -1 -2.8243602e-08,-8.8951791e-08 -1 -8.8101461e-08,
  -1.1903477e-07 -1 3.7871808e-08,-1.3330385e-07 -1 8.3683244e-08,
  -6.4867947e-08 -1 -1.0106426e-07,-4.5215794e-08 -1 -1.7195079e-07,
  0 -1 9.1127116e-08,1.031808e-08 -1 6.2105004e-08,
  0 -1 0,0 -1 0,
  0 -1 0,0 -1 0,
  0 -1 0,0 -1 0,
  0 -1 0,0 -1 0,
  0 -1 0,0 -1 0,
  0 -1 0,0 -1 0,
  0 -1 0,0 -1 0,
  0 -1 0,0 -1 0,
  0 -1 0,0 -1 0,
  0 -1 0,0 -1 0,
  0 -1 0,0 -1 0,
  0 -1 0,0 -1 0,
  0 -1 0,0 -1 0,
  0 -1 0,0 -1 0,
  0 -1 0,0 -1 0,
  0 -1 0,0 -1 1.1399741e-08,
  0 -1 0,0 -1 0,
  0 -1 0,0 -1 0,
  0 -1 0,0 -1 0,
  0 -1 0,0 -1 0,
  0 -1 0,0 -1 0,
  0 -1 0,-5.2571319e-07 -1 -4.9987911e-07,
  -1.7516627e-07 -1 -8.4831358e-08,-1.2436377e-07 -1 -5.7867707e-08,
  -1.3468387e-07 -1 -2.5288494e-08,-1.3659256e-07 -1 0,
  -1.2999014e-07 -1 4.2244804e-08,-1.1900888e-07 -1 3.2561882e-08,
  -1.3593085e-07 -1 0,-1.3283899e-07 -1 2.9833492e-08,
  -1.2115603e-07 -1 6.246371e-08,-1.0271659e-07 -1 -1.2132629e-08,
  0 -1 0,0 -1 0,
  0 -1 0,0 -1 0,
  0 -1 0,0 -1 0,
  0 -1 0,0 -1 0,
  0 -1 0,0 -1 0,
  0 -1 0,0 -1 0,
  0 -1 0,0 -1 0,
  -3.6574434e-08 -1 -1.0770811e-07,-5.0898056e-08 -1 -1.6514354e-07,
  -7.6239277e-08 -1 -9.889965e-08,-9.8178795e-08 -1 -8.8104711e-08,
  -1.161776e-07 -1 -7.0334481e-08,-1.3025075e-07 -1 -3.8767037e-08,
  0 -1 0,0 -1 0,
  0 -1 0,0 -1 0,
  0 -1 0,0 -1 0,
  0 -1 0,0 -1 0,
  0 -1 0,0 -1 0,
  0 -1 0,0 -1 0,
  0 -1 0,0 -1 0,
  0 -1 0,0 -1 0,
  0 -1 0,0 -1 0,
  0 -1 0,0 -1 0,
  0 -1 0,0 -1 0,
  0 -1 0,0 -1 0] }
}
}
DEF SHAPE_534 Shape {
 appearance USE APP_2
 geometry DEF FACE_534 IndexedFaceSet {
  coord DEF COORD_534 Coordinate { point [
  -2.2047244 -0.37401575 -2.9527559,-2.2047244 -0.37401575 -3.1889764,
  -2.2047244 -0.78740157 -3.1889764,-2.2047244 -0.78740157 -2.9527559] }
 coordIndex [
  0,2,1,-1,0,3,2,-1]
  normalPerVertex TRUE
  normal DEF NORM_534 Normal { vector [
  1 0 0,1 0 0,
  1 0 0,1 0 0] }
}
}
DEF SHAPE_535 Shape {
 appearance USE APP_2
 geometry DEF FACE_535 IndexedFaceSet {
  coord DEF COORD_535 Coordinate { point [
  -2.1653543 -0.37401575 -3.0511811,-1.3779528 -0.37401575 -3.0511811,
  -1.3779528 -0.37401575 -2.9527559,-1.3385827 -0.37401575 -2.9527559,
  -1.3385827 -0.37401575 -3.1889764,-2.2047244 -0.37401575 -3.1889764,
  -2.2047244 -0.37401575 -2.9527559,-2.1653543 -0.37401575 -2.9527559] }
 coordIndex [
  6,5,0,-1,7,6,0,-1,1,5,4,-1,1,0,5,-1,3,2,1,-1,3,1,4,-1]
  normalPerVertex TRUE
  normal DEF NORM_535 Normal { vector [
  0 -1 0,0 -1 0,
  0 -1 0,0 -1 0,
  0 -1 0,0 -1 0,
  0 -1 0,0 -1 0] }
}
}
DEF SHAPE_536 Shape {
 appearance USE APP_2
 geometry DEF FACE_536 IndexedFaceSet {
  coord DEF COORD_536 Coordinate { point [
  -1.3385827 -0.78740157 -2.9527559,-1.3385827 -0.78740157 -3.1889764,
  -1.3385827 -0.37401575 -3.1889764,-1.3385827 -0.37401575 -2.9527559] }
 coordIndex [
  2,1,0,-1,2,0,3,-1]
  normalPerVertex TRUE
  normal DEF NORM_536 Normal { vector [
  -1 0 0,-1 0 0,
  -1 0 0,-1 0 0] }
}
}
DEF SHAPE_537 Shape {
 appearance USE APP_2
 geometry DEF FACE_537 IndexedFaceSet {
  coord DEF COORD_537 Coordinate { point [
  1.8700787 -1.1811024 -3.1496063,1.8700787 -1.6929134 -3.1496063,
  1.8700787 -1.6929134 -3.1889764,1.8700787 -1.1811024 -3.1889764] }
 coordIndex [
  3,1,0,-1,3,2,1,-1]
  normalPerVertex TRUE
  normal DEF NORM_537 Normal { vector [
  -1 0 0,-1 0 0,
  -1 0 0,-1 0 0] }
}
}
DEF SHAPE_538 Shape {
 appearance USE APP_2
 geometry DEF FACE_538 IndexedFaceSet {
  coord DEF COORD_538 Coordinate { point [
  1.8700787 -1.6929134 -3.1889764,1.8633712 -1.743862 -3.1889764,
  1.8437058 -1.7913386 -3.1889764,1.8124226 -1.8321076 -3.1889764,
  1.7716535 -1.8633908 -3.1889764,1.724177 -1.8830563 -3.1889764,
  1.6732283 -1.8897638 -3.1889764,1.8700787 -1.6929134 -3.1496063,
  1.8633712 -1.743862 -3.1496063,1.8437058 -1.7913386 -3.1496063,
  1.8124226 -1.8321076 -3.1496063,1.7716535 -1.8633908 -3.1496063,
  1.724177 -1.8830563 -3.1496063,1.6732283 -1.8897638 -3.1496063] }
 coordIndex [
  13,5,6,-1,12,5,13,-1,11,4,5,-1,11,5,12,-1,10,3,4,-1,10,4,11,-1,9,2,3,-1,9,3,10,-1,
  8,0,1,-1,8,1,2,-1,8,2,9,-1,7,0,8,-1]
  normalPerVertex TRUE
  normal DEF NORM_538 Normal { vector [
  -0.99144486 0.13052619 0,-0.96592583 0.25881905 0,
  -0.88711369 0.46155098 0,-0.73742784 0.67542593 0,
  -0.5374875 0.84327172 0,-0.25881905 0.96592583 0,
  -0.13052619 0.99144486 0,-0.99144486 0.13052619 0,
  -0.96592583 0.25881905 0,-0.84327172 0.5374875 0,
  -0.67542593 0.73742784 0,-0.46155098 0.88711369 0,
  -0.25881905 0.96592583 0,-0.13052619 0.99144486 0] }
}
}
DEF SHAPE_539 Shape {
 appearance USE APP_2
 geometry DEF FACE_539 IndexedFaceSet {
  coord DEF COORD_539 Coordinate { point [
  1.6732283 -1.8897638 -3.1496063,-1.6732283 -1.8897638 -3.1496063,
  -1.6732283 -1.8897638 -3.1889764,1.6732283 -1.8897638 -3.1889764] }
 coordIndex [
  3,1,0,-1,3,2,1,-1]
  normalPerVertex TRUE
  normal DEF NORM_539 Normal { vector [
  0 1 0,0 1 0,
  0 1 0,0 1 0] }
}
}
DEF SHAPE_540 Shape {
 appearance USE APP_2
 geometry DEF FACE_540 IndexedFaceSet {
  coord DEF COORD_540 Coordinate { point [
  -1.6732283 -1.8897638 -3.1889764,-1.724177 -1.8830563 -3.1889764,
  -1.7716535 -1.8633908 -3.1889764,-1.8124226 -1.8321076 -3.1889764,
  -1.8437058 -1.7913386 -3.1889764,-1.8633712 -1.743862 -3.1889764,
  -1.8700787 -1.6929134 -3.1889764,-1.6732283 -1.8897638 -3.1496063,
  -1.724177 -1.8830563 -3.1496063,-1.7716535 -1.8633908 -3.1496063,
  -1.8124226 -1.8321076 -3.1496063,-1.8437058 -1.7913386 -3.1496063,
  -1.8633712 -1.743862 -3.1496063,-1.8700787 -1.6929134 -3.1496063] }
 coordIndex [
  12,5,6,-1,12,6,13,-1,11,4,5,-1,11,5,12,-1,10,3,4,-1,10,4,11,-1,9,2,3,-1,9,3,10,-1,
  8,1,2,-1,8,2,9,-1,7,0,1,-1,7,1,8,-1]
  normalPerVertex TRUE
  normal DEF NORM_540 Normal { vector [
  0.13052619 0.99144486 0,0.21622209 0.9763442 0,
  0.46155098 0.88711369 0,0.67542593 0.73742784 0,
  0.84327172 0.5374875 0,0.95364993 0.30091828 0,
  0.99144486 0.13052619 0,0.13052619 0.99144486 0,
  0.30091828 0.95364993 0,0.5374875 0.84327172 0,
  0.73742784 0.67542593 0,0.88711369 0.46155098 0,
  0.9763442 0.21622209 0,0.99144486 0.13052619 0] }
}
}
DEF SHAPE_541 Shape {
 appearance USE APP_2
 geometry DEF FACE_541 IndexedFaceSet {
  coord DEF COORD_541 Coordinate { point [
  -1.8700787 -1.6929134 -3.1496063,-1.8700787 -1.1811024 -3.1496063,
  -1.8700787 -1.1811024 -3.1889764,-1.8700787 -1.6929134 -3.1889764] }
 coordIndex [
  1,3,2,-1,1,0,3,-1]
  normalPerVertex TRUE
  normal DEF NORM_541 Normal { vector [
  1 0 0,1 0 0,
  1 0 0,1 0 0] }
}
}
DEF SHAPE_542 Shape {
 appearance USE APP_2
 geometry DEF FACE_542 IndexedFaceSet {
  coord DEF COORD_542 Coordinate { point [
  -1.8700787 -1.1811024 -3.1889764,-1.8633712 -1.1301537 -3.1889764,
  -1.8437058 -1.0826772 -3.1889764,-1.8124226 -1.0419081 -3.1889764,
  -1.7716535 -1.0106249 -3.1889764,-1.724177 -0.99095948 -3.1889764,
  -1.6732283 -0.98425197 -3.1889764,-1.8700787 -1.1811024 -3.1496063,
  -1.8633712 -1.1301537 -3.1496063,-1.8437058 -1.0826772 -3.1496063,
  -1.8124226 -1.0419081 -3.1496063,-1.7716535 -1.0106249 -3.1496063,
  -1.724177 -0.99095948 -3.1496063,-1.6732283 -0.98425197 -3.1496063] }
 coordIndex [
  12,5,6,-1,12,6,13,-1,11,4,5,-1,11,5,12,-1,10,3,4,-1,10,4,11,-1,9,2,3,-1,9,3,10,-1,
  8,1,2,-1,8,2,9,-1,7,0,1,-1,7,1,8,-1]
  normalPerVertex TRUE
  normal DEF NORM_542 Normal { vector [
  0.99144486 -0.13052619 0,0.9763442 -0.21622209 0,
  0.88711369 -0.46155098 0,0.73742784 -0.67542593 0,
  0.5374875 -0.84327172 0,0.30091828 -0.95364993 0,
  0.13052619 -0.99144486 0,0.99144486 -0.13052619 0,
  0.95364993 -0.30091828 0,0.84327172 -0.5374875 0,
  0.67542593 -0.73742784 0,0.46155098 -0.88711369 0,
  0.21622209 -0.9763442 0,0.13052619 -0.99144486 0] }
}
}
DEF SHAPE_543 Shape {
 appearance USE APP_2
 geometry DEF FACE_543 IndexedFaceSet {
  coord DEF COORD_543 Coordinate { point [
  -1.6732283 -0.98425197 -3.1889764,1.6732283 -0.98425197 -3.1889764,
  -1.6732283 -0.98425197 -3.1496063,1.6732283 -0.98425197 -3.1496063] }
 coordIndex [
  3,0,1,-1,3,2,0,-1]
  normalPerVertex TRUE
  normal DEF NORM_543 Normal { vector [
  0 -1 0,0 -1 0,
  0 -1 0,0 -1 0] }
}
}
DEF SHAPE_544 Shape {
 appearance USE APP_2
 geometry DEF FACE_544 IndexedFaceSet {
  coord DEF COORD_544 Coordinate { point [
  1.6732283 -0.98425197 -3.1889764,1.724177 -0.99095948 -3.1889764,
  1.7716535 -1.0106249 -3.1889764,1.8124226 -1.0419081 -3.1889764,
  1.8437058 -1.0826772 -3.1889764,1.8633712 -1.1301537 -3.1889764,
  1.8700787 -1.1811024 -3.1889764,1.6732283 -0.98425197 -3.1496063,
  1.724177 -0.99095948 -3.1496063,1.7716535 -1.0106249 -3.1496063,
  1.8124226 -1.0419081 -3.1496063,1.8437058 -1.0826772 -3.1496063,
  1.8633712 -1.1301537 -3.1496063,1.8700787 -1.1811024 -3.1496063] }
 coordIndex [
  13,5,6,-1,12,5,13,-1,11,4,5,-1,11,5,12,-1,10,3,4,-1,10,4,11,-1,9,2,3,-1,9,3,10,-1,
  8,1,2,-1,8,2,9,-1,7,0,1,-1,7,1,8,-1]
  normalPerVertex TRUE
  normal DEF NORM_544 Normal { vector [
  -0.13052619 -0.99144486 0,-0.21622209 -0.9763442 0,
  -0.46155098 -0.88711369 0,-0.67542593 -0.73742784 0,
  -0.84327172 -0.5374875 0,-0.96592583 -0.25881905 0,
  -0.99144486 -0.13052619 0,-0.13052619 -0.99144486 0,
  -0.30091828 -0.95364993 0,-0.5374875 -0.84327172 0,
  -0.73742784 -0.67542593 0,-0.88711369 -0.46155098 0,
  -0.96592583 -0.25881905 0,-0.99144486 -0.13052619 0] }
}
}
DEF SHAPE_545 Shape {
 appearance USE APP_2
 geometry DEF FACE_545 IndexedFaceSet {
  coord DEF COORD_545 Coordinate { point [
  2.2440945 -2.2834646 -1.5944882,2.2440945 -2.0866142 -1.5944882,
  2.2159229 -2.2834646 -1.8084724,2.1333281 -2.2834646 -2.007874,
  2.0019387 -2.2834646 -2.179104,1.8307087 -2.2834646 -2.3104934,
  1.6313071 -2.2834646 -2.3930883,1.4173228 -2.2834646 -2.4212598,
  1.2033386 -2.2834646 -2.3930883,1.003937 -2.2834646 -2.3104934,
  0.83270699 -2.2834646 -2.179104,0.70131758 -2.2834646 -2.007874,
  0.61872274 -2.2834646 -1.8084724,0.59055118 -2.2834646 -1.5944882,
  0.59055118 -2.0866142 -1.5944882,2.2159229 -2.0866142 -1.8084724,
  2.1333281 -2.0866142 -2.007874,2.0019387 -2.0866142 -2.179104,
  1.8307087 -2.0866142 -2.3104934,1.6313071 -2.0866142 -2.3930883,
  1.4173228 -2.0866142 -2.4212598,1.2033386 -2.0866142 -2.3930883,
  1.003937 -2.0866142 -2.3104934,0.83270699 -2.0866142 -2.179104,
  0.70131758 -2.0866142 -2.007874,0.61872274 -2.0866142 -1.8084724] }
 coordIndex [
  15,1,0,-1,15,0,2,-1,16,2,3,-1,16,3,4,-1,16,15,2,-1,17,16,4,-1,18,4,5,-1,18,17,4,-1,
  19,5,6,-1,19,18,5,-1,20,6,7,-1,20,19,6,-1,21,7,8,-1,21,20,7,-1,22,8,9,-1,22,21,8,-1,
  23,9,10,-1,23,10,11,-1,23,22,9,-1,24,23,11,-1,25,11,12,-1,25,24,11,-1,14,12,13,-1,14,25,12,-1]
  normalPerVertex TRUE
  normal DEF NORM_545 Normal { vector [
  0.99144486 0 -0.13052619,0.99144486 0 -0.13052619,
  0.95364993 0 -0.30091828,0.8660254 0 -0.5,
  0.70710678 0 -0.70710678,0.46155098 0 -0.88711369,
  0.21622209 0 -0.9763442,-0.04384197 0 -0.99903848,
  -0.30091828 0 -0.95364993,-0.5374875 0 -0.84327172,
  -0.70710678 0 -0.70710678,-0.8660254 0 -0.5,
  -0.9763442 0 -0.21622209,-0.99144486 0 -0.13052619,
  -0.99144486 0 -0.13052619,0.9763442 0 -0.21622209,
  0.8660254 0 -0.5,0.70710678 0 -0.70710678,
  0.5374875 0 -0.84327172,0.30091828 0 -0.95364993,
  0.04384197 0 -0.99903848,-0.21622209 0 -0.9763442,
  -0.46155098 0 -0.88711369,-0.70710678 0 -0.70710678,
  -0.8660254 0 -0.5,-0.95364993 0 -0.30091828] }
}
}
DEF SHAPE_546 Shape {
 appearance USE APP_2
 geometry DEF FACE_546 IndexedFaceSet {
  coord DEF COORD_546 Coordinate { point [
  -0.59055118 -2.2834646 -1.5944882,-0.59055118 -2.0866142 -1.5944882,
  -0.61872274 -2.2834646 -1.8084724,-0.70131758 -2.2834646 -2.007874,
  -0.83270699 -2.2834646 -2.179104,-1.003937 -2.2834646 -2.3104934,
  -1.2033386 -2.2834646 -2.3930883,-1.4173228 -2.2834646 -2.4212598,
  -1.6313071 -2.2834646 -2.3930883,-1.8307087 -2.2834646 -2.3104934,
  -2.0019387 -2.2834646 -2.179104,-2.1333281 -2.2834646 -2.007874,
  -2.2159229 -2.2834646 -1.8084724,-2.2440945 -2.2834646 -1.5944882,
  -2.2440945 -2.0866142 -1.5944882,-0.61872274 -2.0866142 -1.8084724,
  -0.70131758 -2.0866142 -2.007874,-0.83270699 -2.0866142 -2.179104,
  -1.003937 -2.0866142 -2.3104934,-1.2033386 -2.0866142 -2.3930883,
  -1.4173228 -2.0866142 -2.4212598,-1.6313071 -2.0866142 -2.3930883,
  -1.8307087 -2.0866142 -2.3104934,-2.0019387 -2.0866142 -2.179104,
  -2.1333281 -2.0866142 -2.007874,-2.2159229 -2.0866142 -1.8084724] }
 coordIndex [
  15,1,0,-1,15,0,2,-1,16,2,3,-1,16,3,4,-1,16,15,2,-1,17,16,4,-1,18,4,5,-1,18,17,4,-1,
  19,5,6,-1,19,18,5,-1,20,6,7,-1,20,19,6,-1,21,7,8,-1,21,20,7,-1,22,8,9,-1,22,21,8,-1,
  23,9,10,-1,23,10,11,-1,23,22,9,-1,24,23,11,-1,25,11,12,-1,25,24,11,-1,14,12,13,-1,14,25,12,-1]
  normalPerVertex TRUE
  normal DEF NORM_546 Normal { vector [
  0.99144486 0 -0.13052619,0.99144486 0 -0.13052619,
  0.95364993 0 -0.30091828,0.8660254 0 -0.5,
  0.70710678 0 -0.70710678,0.46155098 0 -0.88711369,
  0.21622209 0 -0.9763442,-0.04384197 0 -0.99903848,
  -0.30091828 0 -0.95364993,-0.5374875 0 -0.84327172,
  -0.70710678 0 -0.70710678,-0.8660254 0 -0.5,
  -0.9763442 0 -0.21622209,-0.99144486 0 -0.13052619,
  -0.99144486 0 -0.13052619,0.9763442 0 -0.21622209,
  0.8660254 0 -0.5,0.70710678 0 -0.70710678,
  0.5374875 0 -0.84327172,0.30091828 0 -0.95364993,
  0.04384197 0 -0.99903848,-0.21622209 0 -0.9763442,
  -0.46155098 0 -0.88711369,-0.70710678 0 -0.70710678,
  -0.8660254 0 -0.5,-0.95364993 0 -0.30091828] }
}
}
DEF SHAPE_547 Shape {
 appearance USE APP_2
 geometry DEF FACE_547 IndexedFaceSet {
  coord DEF COORD_547 Coordinate { point [
  1.7125984 -2.2834646 -1.5944882,1.7025372 -2.2834646 -1.5180652,
  1.673039 -2.2834646 -1.4468504,1.6261142 -2.2834646 -1.3856968,
  1.5649606 -2.2834646 -1.338772,1.4937458 -2.2834646 -1.3092739,
  1.4173228 -2.2834646 -1.2992126,1.3408999 -2.2834646 -1.3092739,
  1.269685 -2.2834646 -1.338772,1.2085315 -2.2834646 -1.3856968,
  1.1616067 -2.2834646 -1.4468504,1.1321085 -2.2834646 -1.5180652,
  1.1220472 -2.2834646 -1.5944882,1.4173228 -2.1060451 -1.5944882,
  1.4173228 -2.1060451 -1.5944882,1.4786899 -2.1651849 -1.5175363,
  1.5060009 -2.1651849 -1.5517831,1.5946789 -2.2243247 -1.509078,
  1.4392245 -2.1651849 -1.4985307,1.540057 -2.2243247 -1.4405844,
  1.3954212 -2.1651849 -1.4985307,1.4611262 -2.2243247 -1.4025732,
  1.3559557 -2.1651849 -1.5175363,1.3735195 -2.2243247 -1.4025732,
  1.3286448 -2.1651849 -1.5517831,1.2945886 -2.2243247 -1.4405844,
  1.2399668 -2.2243247 -1.509078] }
 coordIndex [
  15,13,16,-1,17,0,1,-1,17,1,2,-1,17,2,3,-1,17,13,0,-1,17,16,13,-1,18,13,15,-1,19,3,4,-1,
  19,15,16,-1,19,17,3,-1,19,16,17,-1,20,14,13,-1,20,13,18,-1,21,4,5,-1,21,5,6,-1,21,15,19,-1,
  21,18,15,-1,21,19,4,-1,22,14,20,-1,23,6,7,-1,23,7,8,-1,23,18,21,-1,23,20,18,-1,23,21,6,-1,
  24,14,22,-1,25,8,9,-1,25,23,8,-1,25,22,20,-1,25,20,23,-1,26,9,10,-1,26,10,11,-1,26,11,12,-1,
  26,12,14,-1,26,14,24,-1,26,25,9,-1,26,24,22,-1,26,22,25,-1]
  normalPerVertex TRUE
  normal DEF NORM_547 Normal { vector [
  -0.50507731 -0.8567764 -0.10407265,-0.4850076 -0.86479981 -0.12995739,
  -0.44420948 -0.85843108 -0.25646446,-0.37447785 -0.86063996 -0.34505825,
  -0.24275691 -0.86031767 -0.4482439,-0.1331648 -0.85748482 -0.49697779,
  0 -0.8600593 -0.51019408,0.1331648 -0.85748482 -0.49697779,
  0.24275691 -0.86031767 -0.4482439,0.37447785 -0.86063996 -0.34505825,
  0.44420948 -0.85843108 -0.25646446,0.4850076 -0.86479981 -0.12995739,
  0.50507731 -0.8567764 -0.10407265,-0.42370069 -0.87573136 -0.23145691,
  0.46936672 -0.86232603 -0.18997027,-0.29026241 -0.85650999 -0.42677672,
  -0.4102039 -0.8513054 -0.32712669,-0.46655953 -0.86226882 -0.19701445,
  -0.076345913 -0.85650999 -0.51045268,-0.3237796 -0.86140343 -0.39134498,
  0.15269183 -0.85650999 -0.49302722,-0.1268273 -0.86234108 -0.49018639,
  0.35148707 -0.85650999 -0.37795168,0.10892833 -0.86242641 -0.49432308,
  0.4102039 -0.8513054 -0.32712669,0.30699441 -0.86137412 -0.40470862,
  0.4634023 -0.86210032 -0.20503988] }
}
}
DEF SHAPE_548 Shape {
 appearance USE APP_2
 geometry DEF FACE_548 IndexedFaceSet {
  coord DEF COORD_548 Coordinate { point [
  -1.1220472 -2.2834646 -1.5944882,-1.1321085 -2.2834646 -1.5180652,
  -1.1616067 -2.2834646 -1.4468504,-1.2085315 -2.2834646 -1.3856968,
  -1.269685 -2.2834646 -1.338772,-1.3408999 -2.2834646 -1.3092739,
  -1.4173228 -2.2834646 -1.2992126,-1.4937458 -2.2834646 -1.3092739,
  -1.5649606 -2.2834646 -1.338772,-1.6261142 -2.2834646 -1.3856968,
  -1.673039 -2.2834646 -1.4468504,-1.7025372 -2.2834646 -1.5180652,
  -1.7125984 -2.2834646 -1.5944882,-1.4173228 -2.1060451 -1.5944882,
  -1.4173228 -2.1060451 -1.5944882,-1.3559557 -2.1651849 -1.5175363,
  -1.3286448 -2.1651849 -1.5517831,-1.2399668 -2.2243247 -1.509078,
  -1.3954212 -2.1651849 -1.4985307,-1.2945886 -2.2243247 -1.4405844,
  -1.4392245 -2.1651849 -1.4985307,-1.3735195 -2.2243247 -1.4025732,
  -1.4786899 -2.1651849 -1.5175363,-1.4611262 -2.2243247 -1.4025732,
  -1.5060009 -2.1651849 -1.5517831,-1.540057 -2.2243247 -1.4405844,
  -1.5946789 -2.2243247 -1.509078] }
 coordIndex [
  15,13,16,-1,17,0,1,-1,17,1,2,-1,17,2,3,-1,17,13,0,-1,17,16,13,-1,18,13,15,-1,19,3,4,-1,
  19,15,16,-1,19,17,3,-1,19,16,17,-1,20,14,13,-1,20,13,18,-1,21,4,5,-1,21,5,6,-1,21,15,19,-1,
  21,18,15,-1,21,19,4,-1,22,14,20,-1,23,6,7,-1,23,7,8,-1,23,18,21,-1,23,20,18,-1,23,21,6,-1,
  24,14,22,-1,25,8,9,-1,25,23,8,-1,25,22,20,-1,25,20,23,-1,26,9,10,-1,26,10,11,-1,26,11,12,-1,
  26,12,14,-1,26,14,24,-1,26,25,9,-1,26,24,22,-1,26,22,25,-1]
  normalPerVertex TRUE
  normal DEF NORM_548 Normal { vector [
  -0.50507731 -0.8567764 -0.10407265,-0.4850076 -0.86479981 -0.12995739,
  -0.44420948 -0.85843108 -0.25646446,-0.37447785 -0.86063996 -0.34505825,
  -0.24275691 -0.86031767 -0.4482439,-0.1331648 -0.85748482 -0.49697779,
  0 -0.8600593 -0.51019408,0.1331648 -0.85748482 -0.49697779,
  0.24275691 -0.86031767 -0.4482439,0.37447785 -0.86063996 -0.34505825,
  0.44420948 -0.85843108 -0.25646446,0.4850076 -0.86479981 -0.12995739,
  0.50507731 -0.8567764 -0.10407265,-0.42370069 -0.87573136 -0.23145691,
  0.46936672 -0.86232603 -0.18997027,-0.29026241 -0.85650999 -0.42677672,
  -0.4102039 -0.8513054 -0.32712669,-0.46655953 -0.86226882 -0.19701445,
  -0.076345913 -0.85650999 -0.51045268,-0.3237796 -0.86140343 -0.39134498,
  0.15269183 -0.85650999 -0.49302722,-0.1268273 -0.86234108 -0.49018639,
  0.35148707 -0.85650999 -0.37795168,0.10892833 -0.86242641 -0.49432308,
  0.4102039 -0.8513054 -0.32712669,0.30699441 -0.86137412 -0.40470862,
  0.4634023 -0.86210032 -0.20503988] }
}
}
DEF SHAPE_549 Shape {
 appearance USE APP_2
 geometry DEF FACE_549 IndexedFaceSet {
  coord DEF COORD_549 Coordinate { point [
  1.9458086 1.6535433 -1.8754909,-1.9458086 1.6535433 -1.8754909,
  -1.9458086 1.6535433 0.11811024,1.9458086 1.6535433 0.11811024,
  -1.2598425 1.6535433 -1.5171875,-1.2598425 1.6535433 -1.3203371,
  -1.5748031 1.6535433 -1.3203371,-1.5748031 1.6535433 -1.5171875,
  1.2598425 1.6535433 -1.5171875,1.5748031 1.6535433 -1.5171875,
  1.5748031 1.6535433 -1.3203371,1.2598425 1.6535433 -1.3203371] }
 coordIndex [
  6,7,1,-1,4,1,7,-1,2,5,6,-1,2,6,1,-1,11,4,5,-1,11,8,4,-1,0,8,9,-1,0,4,8,-1,
  0,1,4,-1,10,0,9,-1,3,10,11,-1,3,5,2,-1,3,0,10,-1,3,11,5,-1]
  normalPerVertex TRUE
  normal DEF NORM_549 Normal { vector [
  0 1 0,0 1 0,
  0 1 0,0 1 0,
  0 1 0,0 1 0,
  0 1 0,0 1 0,
  0 1 0,0 1 0,
  0 1 0,0 1 0] }
}
}
DEF SHAPE_550 Shape {
 appearance USE APP_2
 geometry DEF FACE_550 IndexedFaceSet {
  coord DEF COORD_550 Coordinate { point [
  -2.5562283 0.35999342 -2.8608351,-2.0802108 0.57566874 -2.8015217,
  -1.3545441 0.69639833 -2.7498473,-0.83631999 0.85557869 -2.6584824,
  -0.59369306 0.97394184 -2.5710301,-0.4034222 1.1065344 -2.4475478,
  -0.27712077 1.2288121 -2.3004648,-0.2251847 1.2922619 -2.2052466,
  -0.18971211 1.3459167 -2.108782,-0.18527511 1.3611892 -2.0775064,
  -0.18725445 1.3693954 -2.0597979,-0.1914276 1.3737664 -2.0500855,
  -0.1973008 1.3769635 -2.0428785,-0.205242 1.3794234 -2.0372559,
  -0.2158878 1.3811993 -2.0331316,-0.2338867 1.382258 -2.0306065,
  -0.25603264 1.3818175 -2.0316031,-2.0256158 1.4044664 -1.9747697,
  -2.0341426 1.4038192 -1.9765136,-2.1465769 1.2625154 -2.2519578,
  -2.2781672 1.0674481 -2.4872168,-2.4068956 0.81805701 -2.6824702,
  -2.4892917 0.60339043 -2.7907827,-1.6900799 1.1246943 -2.4280499] }
 coordIndex [
  13,10,11,-1,13,11,12,-1,14,9,10,-1,14,10,13,-1,15,9,14,-1,16,4,5,-1,16,5,6,-1,16,6,7,-1,
  16,7,8,-1,16,8,9,-1,16,9,15,-1,22,0,1,-1,21,22,1,-1,20,21,1,-1,18,19,17,-1,23,1,2,-1,
  23,2,3,-1,23,3,4,-1,23,16,17,-1,23,19,20,-1,23,4,16,-1,23,20,1,-1,23,17,19,-1]
  normalPerVertex TRUE
  normal DEF NORM_550 Normal { vector [
  0.0063626225 -0.27819355 0.96050396,-0.010667819 -0.53223177 0.84653147,
  0.037366643 -0.5813919 0.81276515,0.028765542 -0.59591619 0.80253127,
  0.0017482066 -0.76613161 0.64268134,0.28928507 -0.8422418 0.45490976,
  0.25501342 -0.84884608 0.46306424,0.13090373 -0.87144696 0.47269907,
  0.05627085 -0.88590344 0.460444,0.013324765 -0.90492808 0.42535588,
  0.015884699 -0.9079455 0.4187871,0.01200059 -0.91009964 0.41421567,
  0.0093132009 -0.91121952 0.41181579,0.0091132462 -0.91094541 0.41242625,
  0.0099454922 -0.90919063 0.41626132,0.0016184249 -0.91155511 0.41117472,
  0.009335819 -0.82648066 0.5628877,-0.0069870503 -0.85330369 0.52136743,
  -0.028007414 -0.88471337 0.46529329,-0.033483513 -0.82781993 0.55999377,
  -0.040584008 -0.61482451 0.78761905,-0.076856818 -0.52108886 0.85003496,
  -0.00012379576 -0.36281584 0.93186085,-0.0021443138 -0.73750522 0.67533803] }
}
}
DEF SHAPE_551 Shape {
 appearance USE APP_2
 geometry DEF FACE_551 IndexedFaceSet {
  coord DEF COORD_551 Coordinate { point [
  -2.0802108 0.57566874 -2.8015217,-1.3545441 0.69639833 -2.7498473,
  -0.83631999 0.85557869 -2.6584824,-1.5911559 0.84508532 -2.6411541] }
 coordIndex [
  1,0,3,-1,2,1,3,-1]
  normalPerVertex TRUE
  normal DEF NORM_551 Normal { vector [
  -0.033131634 0.55492811 -0.83123829,-0.030227863 0.55808373 -0.82923388,
  -0.026791055 0.56180153 -0.82683812,-0.030227863 0.55808373 -0.82923388] }
}
}
DEF SHAPE_552 Shape {
 appearance USE APP_2
 geometry DEF FACE_552 IndexedFaceSet {
  coord DEF COORD_552 Coordinate { point [
  -2.5562283 0.35999342 -2.8608351,-2.0802108 0.57566874 -2.8015217,
  -1.5911559 0.84508532 -2.6411541,-2.0368115 0.83359796 -2.5862128,
  -2.5077322 0.8200862 -2.4679576,-2.6645061 0.52195675 -2.6169185,
  -2.7039847 0.38952892 -2.7026474,-2.7093902 0.36210376 -2.7306012,
  -2.7091224 0.34935298 -2.7490731,-2.7054331 0.33970177 -2.7685128,
  -2.6984275 0.3334332 -2.7869369,-2.6874007 0.32949037 -2.8055166,
  -2.672923 0.32781953 -2.8224159,-2.6566599 0.32802906 -2.8359613,
  -2.638675 0.33004309 -2.846726,-2.6195487 0.3339697 -2.8545767,
  -2.5998204 0.33988797 -2.8594712,-2.5779218 0.34871067 -2.8616695,
  -2.5849601 0.50053765 -2.6996371,-2.4699184 0.50364041 -2.7638616,
  -2.4451353 0.66742068 -2.6191889,-2.3357005 0.50674318 -2.8092439,
  -2.2746573 0.67238277 -2.6785345,-2.0878427 0.67734486 -2.721828] }
 coordIndex [
  0,15,14,-1,0,16,15,-1,0,17,16,-1,18,6,5,-1,18,7,6,-1,18,8,7,-1,18,9,8,-1,18,10,9,-1,
  19,11,10,-1,19,12,11,-1,19,13,12,-1,19,14,13,-1,19,10,18,-1,19,0,14,-1,20,4,3,-1,20,5,4,-1,
  20,18,5,-1,21,1,0,-1,21,0,19,-1,22,19,18,-1,22,18,20,-1,22,20,3,-1,23,2,1,-1,23,3,2,-1,
  23,21,19,-1,23,1,21,-1,23,19,22,-1,23,22,3,-1]
  normalPerVertex TRUE
  normal DEF NORM_552 Normal { vector [
  -0.22141234 0.58508974 -0.78015804,-0.098873535 0.57974821 -0.80877441,
  -0.095797567 0.64733325 -0.75616301,-0.17404705 0.67299882 -0.71887427,
  -0.27124577 0.61895767 -0.73710049,-0.42370561 0.59437245 -0.68351661,
  -0.53026201 0.58518849 -0.61349542,-0.59138878 0.64100025 -0.48926269,
  -0.61333223 0.65028831 -0.44827301,-0.6135277 0.65098016 -0.44699955,
  -0.43892611 0.64844351 -0.62198464,-0.49460347 0.73035677 -0.47111188,
  -0.47313074 0.71684129 -0.51213852,-0.44273195 0.70056196 -0.55964397,
  -0.37231027 0.67190938 -0.64025218,-0.36709248 0.76644838 -0.52706735,
  -0.35891732 0.7395707 -0.56939752,-0.3491612 0.71603915 -0.60446206,
  -0.40829076 0.64438259 -0.64658312,-0.3113265 0.66962886 -0.67429445,
  -0.28734684 0.63986768 -0.71274199,-0.18745896 0.61290116 -0.76760101,
  -0.24694157 0.66859214 -0.70143026,-0.14103976 0.6490403 -0.7475657] }
}
}
DEF SHAPE_553 Shape {
 appearance USE APP_2
 geometry DEF FACE_553 IndexedFaceSet {
  coord DEF COORD_553 Coordinate { point [
  -2.2162726 1.292163 -2.0730669,-2.1644723 1.3435764 -2.0276373,
  -2.1144952 1.3788149 -1.9998683,-2.0754645 1.3957961 -1.9861468,
  -2.0546443 1.4011716 -1.980673,-2.0341426 1.4038192 -1.9765136,
  -2.1465769 1.2625154 -2.2519578,-2.2781672 1.0674481 -2.4872168,
  -2.4068956 0.81805701 -2.6824702,-2.4892917 0.60339043 -2.7907827,
  -2.5562283 0.35999342 -2.8608351,-2.7039847 0.38952892 -2.7026474,
  -2.7093902 0.36210376 -2.7306012,-2.7091224 0.34935298 -2.7490731,
  -2.7054331 0.33970177 -2.7685128,-2.6984275 0.3334332 -2.7869369,
  -2.6874007 0.32949037 -2.8055166,-2.672923 0.32781953 -2.8224159,
  -2.6566599 0.32802906 -2.8359613,-2.638675 0.33004309 -2.846726,
  -2.6195487 0.3339697 -2.8545767,-2.5998204 0.33988797 -2.8594712,
  -2.5779218 0.34871067 -2.8616695,-2.599944 0.69315438 -2.6100056,
  -2.4630115 0.96054367 -2.4510306,-2.3371433 1.1460172 -2.2772443,
  -2.2054195 1.2379092 -2.2794939,-2.2400701 1.2348277 -2.2570808,
  -2.2698484 1.2227363 -2.2310187,-2.519755 0.84338274 -2.5800311,
  -2.4867538 0.85282616 -2.6208683,-2.5752995 0.50690021 -2.8147364,
  -2.6243736 0.51230227 -2.7802493,-2.6585469 0.50847589 -2.7308163,
  -2.3211329 1.1274375 -2.3889622,-2.384304 1.0332473 -2.4823767,
  -2.443531 0.85087826 -2.6520905,-2.5206975 0.7823435 -2.663639,
  -2.5677365 0.67247418 -2.7196799,-2.5828856 0.56786982 -2.7808207] }
 coordIndex [
  6,2,1,-1,6,3,2,-1,6,4,3,-1,6,5,4,-1,0,6,1,-1,14,15,16,-1,12,17,18,-1,13,16,17,-1,
  13,14,16,-1,13,17,12,-1,26,7,6,-1,27,26,6,-1,27,6,0,-1,28,0,25,-1,28,25,27,-1,28,27,0,-1,
  29,24,23,-1,29,30,24,-1,31,10,9,-1,31,22,10,-1,32,11,12,-1,32,18,19,-1,32,19,20,-1,32,20,21,-1,
  32,21,22,-1,32,22,31,-1,32,12,18,-1,33,23,11,-1,33,11,32,-1,34,25,24,-1,34,27,25,-1,34,7,26,-1,
  34,26,27,-1,35,8,7,-1,35,34,24,-1,35,30,36,-1,35,24,30,-1,35,36,8,-1,35,7,34,-1,37,9,8,-1,
  37,36,30,-1,37,30,29,-1,37,29,23,-1,37,8,36,-1,38,23,33,-1,38,37,23,-1,38,9,37,-1,39,33,32,-1,
  39,38,33,-1,39,31,9,-1,39,32,31,-1,39,9,38,-1]
  normalPerVertex TRUE
  normal DEF NORM_553 Normal { vector [
  0.48705226 -0.8432534 0.2273847,0.46017136 -0.82261968 0.33397482,
  0.34320857 -0.86872649 0.35710245,0.20837673 -0.89549991 0.39326716,
  0.073122904 -0.89787604 0.43413324,0.024411159 -0.89349809 0.448403,
  0.27417896 -0.87985282 0.38818155,0.20802776 -0.74113802 0.63830939,
  0.23145219 -0.60959462 0.75817167,0.23967835 -0.47127902 0.84879348,
  0.070818019 -0.29026795 0.9543214,0.92169412 -0.33010714 0.20373812,
  0.81597106 -0.36002536 0.45229744,0.51489291 -0.72128607 0.46328361,
  0.51421752 -0.72903235 0.45176563,0.46268768 -0.77067964 0.43814724,
  0.46158589 -0.76663779 0.44632384,0.45745675 -0.76037977 0.46103788,
  0.76316228 -0.32993761 0.55562983,0.46474239 -0.33536162 0.81947977,
  0.37072086 -0.34873673 0.86078379,0.28114452 -0.36733366 0.8865798,
  0.38508956 -0.29356712 0.8749425,0.86234667 -0.45806609 0.21571667,
  0.74131659 -0.63469705 0.21819571,0.6873384 -0.70142176 0.1886092,
  0.18869537 -0.8087907 0.55700239,0.44460395 -0.85205815 0.27626842,
  0.65068243 -0.74480373 0.14791814,0.79890498 -0.54973792 0.24400627,
  0.60758218 -0.66531072 0.43382663,0.26914369 -0.32351194 0.90713929,
  0.68154131 -0.33326565 0.65148711,0.85151969 -0.40713076 0.33039183,
  0.52041704 -0.76663891 0.37607297,0.4201464 -0.71662216 0.55671329,
  0.26194805 -0.65466465 0.7090821,0.50939653 -0.54902838 0.6626334,
  0.63833521 -0.51851419 0.56892108,0.49830698 -0.47782778 0.72344369] }
}
}
DEF SHAPE_554 Shape {
 appearance USE APP_2
 geometry DEF FACE_554 IndexedFaceSet {
  coord DEF COORD_554 Coordinate { point [
  -1.5911559 0.84508532 -2.6411541,-2.0368115 0.83359796 -2.5862128,
  -2.5077322 0.8200862 -2.4679576,-0.62950631 1.2650513 -2.2218531,
  -0.25603264 1.3818175 -2.0316031,-2.0256158 1.4044664 -1.9747697,
  -2.278993 1.1445081 -2.2393236,-1.9453528 1.1470705 -2.2765231,
  -1.5997503 1.1535363 -2.3074172,-1.2471189 1.1600022 -2.3314049] }
 coordIndex [
  7,1,2,-1,7,6,5,-1,7,2,6,-1,8,5,4,-1,8,1,7,-1,8,7,5,-1,9,0,1,-1,9,3,0,-1,
  9,4,3,-1,9,1,8,-1,9,8,4,-1]
  normalPerVertex TRUE
  normal DEF NORM_554 Normal { vector [
  -0.044097606 0.72462305 -0.68773312,-0.11324979 0.72380237 -0.68065014,
  -0.15202797 0.68090384 -0.71641989,-0.017482359 0.76908112 -0.63891204,
  -0.022517049 0.81916215 -0.57311984,-0.027586777 0.78116927 -0.6237095,
  -0.086106659 0.68309859 -0.72523235,-0.11087481 0.71138234 -0.69400428,
  -0.034629116 0.77968535 -0.62521323,-0.053020468 0.77425147 -0.63065323] }
}
}
DEF SHAPE_555 Shape {
 appearance USE APP_2
 geometry DEF FACE_555 IndexedFaceSet {
  coord DEF COORD_555 Coordinate { point [
  -1.5911559 0.84508532 -2.6411541,-0.83631999 0.85557869 -2.6584824,
  -0.62950631 1.2650513 -2.2218531,-0.25603264 1.3818175 -2.0316031,
  -0.59369306 0.97394184 -2.5710301,-0.4034222 1.1065344 -2.4475478,
  -0.27712077 1.2288121 -2.3004648,-0.2251847 1.2922619 -2.2052466,
  -0.18971211 1.3459167 -2.108782,-0.18527511 1.3611892 -2.0775064,
  -0.18725445 1.3693954 -2.0597979,-0.1914276 1.3737664 -2.0500855,
  -0.1973008 1.3769635 -2.0428785,-0.205242 1.3794234 -2.0372559,
  -0.2158878 1.3811993 -2.0331316,-0.2338867 1.382258 -2.0306065,
  -0.69244279 1.1719197 -2.3520717,-0.49377403 1.1773714 -2.357172] }
 coordIndex [
  4,1,0,-1,15,2,3,-1,14,2,15,-1,12,7,13,-1,11,7,12,-1,8,7,11,-1,10,8,11,-1,9,8,10,-1,
  16,0,2,-1,16,14,13,-1,16,4,0,-1,16,2,14,-1,17,5,4,-1,17,6,5,-1,17,7,6,-1,17,4,16,-1,
  17,13,7,-1,17,16,13,-1]
  normalPerVertex TRUE
  normal DEF NORM_555 Normal { vector [
  -0.061555408 0.73704584 -0.6730337,-0.026581345 0.62870934 -0.77718595,
  -0.073747471 0.83006994 -0.55276143,0.0071728402 0.84591824 -0.53326436,
  -0.044055941 0.71082935 -0.70198341,-0.055281585 0.7582653 -0.64959809,
  -0.03673812 0.80599451 -0.59078183,-0.10835033 0.87638889 -0.46925763,
  -0.16668445 0.88898375 -0.42652572,-0.0883993 0.89995606 -0.42692465,
  -0.067737824 0.9010141 -0.42846842,-0.13920749 0.88959946 -0.43501043,
  -0.057494961 0.88916036 -0.45396937,-0.070411486 0.87130229 -0.48566917,
  0.032421997 0.81461216 -0.57909917,-0.0063143873 0.85836866 -0.51299451,
  -0.053190977 0.77783938 -0.62620812,-0.059811113 0.81517959 -0.57611186] }
}
}
DEF SHAPE_556 Shape {
 appearance USE APP_2
 geometry DEF FACE_556 IndexedFaceSet {
  coord DEF COORD_556 Coordinate { point [
  -2.2162726 1.292163 -2.0730669,-2.3739727 1.0957447 -2.2182702,
  -2.4683576 0.95164379 -2.3022463,-2.5415822 0.8184415 -2.4028995,
  -2.6135211 0.66054123 -2.5045751,-2.6645061 0.52195675 -2.6169185,
  -2.7039847 0.38952892 -2.7026474,-2.599944 0.69315438 -2.6100056,
  -2.4630115 0.96054367 -2.4510306,-2.3371433 1.1460172 -2.2772443] }
 coordIndex [
  7,5,6,-1,4,5,7,-1,3,4,7,-1,8,3,7,-1,2,3,8,-1,9,1,2,-1,9,2,8,-1,0,1,9,-1]
  normalPerVertex TRUE
  normal DEF NORM_556 Normal { vector [
  0.78981065 -0.61266349 -0.029027329,0.80480273 -0.5935329 -0.0033568488,
  0.84408964 -0.53616068 0.00666283,0.88763363 -0.46025736 0.016422452,
  0.92365006 -0.38323675 0.0003980919,0.93328683 -0.35432604 0.058555525,
  0.92721704 -0.35454592 0.12068865,0.90802662 -0.41745903 0.034865722,
  0.86190754 -0.5068443 0.014975047,0.81642951 -0.57743449 -0.0035008481] }
}
}
DEF SHAPE_557 Shape {
 appearance USE APP_2
 geometry DEF FACE_557 IndexedFaceSet {
  coord DEF COORD_557 Coordinate { point [
  -2.5077322 0.8200862 -2.4679576,-2.5220931 0.81951743 -2.4488595,
  -2.5332242 0.81896406 -2.4270629,-2.5415822 0.8184415 -2.4028995,
  -2.6135211 0.66054123 -2.5045751,-2.6645061 0.52195675 -2.6169185] }
 coordIndex [
  2,4,3,-1,1,4,2,-1,0,4,1,-1,5,4,0,-1]
  normalPerVertex TRUE
  normal DEF NORM_557 Normal { vector [
  -0.72060705 0.56880442 -0.39646818,-0.71067648 0.55859874 -0.42767556,
  -0.77502256 0.54734944 -0.31583006,-0.80130301 0.53608137 -0.26557531,
  -0.73774527 0.56293864 -0.37260166,-0.73209237 0.57076754 -0.37184025] }
}
}
DEF SHAPE_558 Shape {
 appearance USE APP_2
 geometry DEF FACE_558 IndexedFaceSet {
  coord DEF COORD_558 Coordinate { point [
  -2.0256158 1.4044664 -1.9747697,-2.278993 1.1445081 -2.2393236,
  -2.5077322 0.8200862 -2.4679576,-2.0341426 1.4038192 -1.9765136,
  -2.2162726 1.292163 -2.0730669,-2.1644723 1.3435764 -2.0276373,
  -2.1144952 1.3788149 -1.9998683,-2.0754645 1.3957961 -1.9861468,
  -2.0546443 1.4011716 -1.980673,-2.3739727 1.0957447 -2.2182702,
  -2.4683576 0.95164379 -2.3022463,-2.5415822 0.8184415 -2.4028995,
  -2.5220931 0.81951743 -2.4488595,-2.5332242 0.81896406 -2.4270629] }
 coordIndex [
  10,2,12,-1,10,12,13,-1,10,13,11,-1,1,10,9,-1,1,2,10,-1,4,1,9,-1,3,7,8,-1,0,4,5,-1,
  0,5,6,-1,0,6,7,-1,0,1,4,-1,0,7,3,-1]
  normalPerVertex TRUE
  normal DEF NORM_558 Normal { vector [
  -0.095667449 0.74009081 -0.66566758,-0.41819222 0.73806906 -0.52949913,
  -0.57567634 0.70149207 -0.42012572,0.14978256 0.34230054 -0.92757508,
  -0.25442596 0.76246156 -0.59491159,0.016435625 0.63389105 -0.7732477,
  0.088580583 0.52270383 -0.84789987,0.13396104 0.41096109 -0.90175685,
  0.12842191 0.41825372 -0.89920612,-0.47821251 0.70578695 -0.52266393,
  -0.57423209 0.68663754 -0.44585468,-0.75703302 0.60415596 -0.24879024,
  -0.63382661 0.67562313 -0.37655972,-0.72214273 0.62730959 -0.29153482] }
}
}
DEF SHAPE_559 Shape {
 appearance USE APP_2
 geometry DEF FACE_559 IndexedFaceSet {
  coord DEF COORD_559 Coordinate { point [
  2.0802108 0.57566874 -2.8015217,2.5562263 0.35999467 -2.8608348,
  2.472507 0.65410544 -2.76937,2.3547764 0.93030656 -2.6054441,
  2.2214938 1.1561102 -2.392565,2.1156143 1.3041665 -2.1854233,
  2.0341414 1.4038193 -1.9765132,2.025616 1.4044663 -1.9747697,
  0.25601605 1.3818954 -2.0314366,0.2263063 1.382078 -2.0310231,
  0.20976931 1.3806841 -2.0342849,0.20020478 1.3787755 -2.0386901,
  0.19477239 1.3769129 -2.0429491,0.1907133 1.3747039 -2.0479615,
  0.18669151 1.3705525 -2.0572481,0.18472464 1.3622763 -2.075199,
  0.19504191 1.3362412 -2.1275904,0.27296335 1.2334732 -2.2940049,
  0.39664603 1.1122342 -2.4415386,0.58927183 0.97652334 -2.5689081,
  0.83631999 0.85557868 -2.6584824,1.3543798 0.69642303 -2.7498347] }
 coordIndex [
  0,1,2,-1,3,0,2,-1,4,0,3,-1,21,0,4,-1,5,21,4,-1,7,5,6,-1,7,21,5,-1,20,21,7,-1,
  19,20,7,-1,8,16,17,-1,8,17,18,-1,8,18,19,-1,8,19,7,-1,15,16,8,-1,9,15,8,-1,14,15,9,-1,
  10,14,9,-1,11,13,14,-1,11,14,10,-1,12,13,11,-1]
  normalPerVertex TRUE
  normal DEF NORM_559 Normal { vector [
  0.014549527 -0.53257619 0.846257,-0.017838729 -0.30153833 0.95328716,
  0.0064662833 -0.40678903 0.91349925,0.12766567 -0.55377462 0.82282146,
  0.057234425 -0.640544 0.76578561,0.21002556 -0.79419591 0.57021235,
  0.021156441 -0.89913896 0.43715162,-0.012602089 -0.76641174 0.642226,
  -0.033189736 -0.80900261 0.5868673,-0.0043972589 -0.91126933 0.41178741,
  -0.0039838794 -0.91341463 0.40701087,-0.0079210817 -0.91212595 0.4098335,
  0 0 1,-0.011233644 -0.91125765 0.4116835,
  -0.010178197 -0.90985556 0.41480027,-0.017740594 -0.90165329 0.43209561,
  -0.095950381 -0.87423129 0.47593401,-0.21951613 -0.85531104 0.46931406,
  -0.28904655 -0.84238778 0.45479107,-0.039338886 -0.78261019 0.62126785,
  -0.087093292 -0.69739923 0.71137126,0.020882926 -0.69973993 0.71409239] }
}
}
DEF SHAPE_560 Shape {
 appearance USE APP_2
 geometry DEF FACE_560 IndexedFaceSet {
  coord DEF COORD_560 Coordinate { point [
  2.0341414 1.4038193 -1.9765132,2.0716497 1.3969756 -1.9850491,
  2.1079114 1.3823088 -1.9971913,2.1401354 1.3626721 -2.0122432,
  2.1770032 1.3324509 -2.0371203,2.2162726 1.292163 -2.0730669,
  2.3935986 1.0677876 -2.359122,2.5543456 0.79303577 -2.5605299,
  2.6372097 0.59972218 -2.647066,2.7039847 0.38952892 -2.7026474,
  2.7093412 0.36199912 -2.7308146,2.709088 0.34926668 -2.7492346,
  2.7055418 0.33982841 -2.7681935,2.698765 0.33358817 -2.7863445,
  2.6877348 0.32955608 -2.8050876,2.6727457 0.32781029 -2.8226221,
  2.6563544 0.3281007 -2.8363124,2.6381403 0.33031311 -2.8469982,
  2.6187195 0.3343365 -2.8547971,2.5991074 0.34018235 -2.8595939,
  2.5775222 0.34889503 -2.8616921,2.5562263 0.35999467 -2.8608348,
  2.472507 0.65410544 -2.76937,2.3547764 0.93030656 -2.6054441,
  2.2214938 1.1561102 -2.392565,2.1156143 1.3041665 -2.1854233,
  2.2400689 1.2348292 -2.2570787,2.2054184 1.2379108 -2.2794918,
  2.5197521 0.84338851 -2.5800275,2.4867508 0.85283199 -2.6208645,
  2.4435282 0.85088415 -2.6520867,2.6585438 0.50848565 -2.7308134,
  2.6243705 0.51231226 -2.7802463,2.5752965 0.50691031 -2.8147333,
  2.3195215 1.1296929 -2.3865155,2.3896126 1.0248534 -2.4898865,
  2.5326728 0.75591259 -2.6782386,2.574839 0.6542893 -2.7278054] }
 coordIndex [
  25,1,0,-1,25,2,1,-1,25,3,2,-1,25,4,3,-1,25,5,4,-1,14,12,11,-1,14,13,12,-1,15,11,10,-1,
  15,14,11,-1,16,15,10,-1,26,6,5,-1,26,5,25,-1,27,25,24,-1,27,24,26,-1,27,26,25,-1,28,7,6,-1,
  29,28,23,-1,30,23,22,-1,30,29,23,-1,31,9,8,-1,32,10,9,-1,32,17,16,-1,32,18,17,-1,32,19,18,-1,
  32,20,19,-1,32,9,31,-1,32,16,10,-1,33,21,20,-1,33,22,21,-1,33,20,32,-1,34,6,26,-1,34,26,24,-1,
  35,24,23,-1,35,34,24,-1,35,6,34,-1,35,28,6,-1,35,23,28,-1,36,8,7,-1,36,7,28,-1,36,28,29,-1,
  36,30,22,-1,36,29,30,-1,37,8,36,-1,37,33,32,-1,37,36,22,-1,37,22,33,-1,37,31,8,-1,37,32,31,-1]
  normalPerVertex TRUE
  normal DEF NORM_560 Normal { vector [
  -0.073881097 -0.9109959 0.40574383,-0.15664658 -0.90885074 0.38659045,
  -0.30221134 -0.88470777 0.3549091,-0.41090524 -0.84449914 0.34347937,
  -0.47096463 -0.80999251 0.34943448,-0.56119059 -0.80251034 0.20258894,
  -0.72231184 -0.67052677 0.16929105,-0.83308268 -0.50715167 0.22084028,
  -0.84852603 -0.45543372 0.26941363,-0.90960748 -0.31773763 0.2676883,
  -0.81582291 -0.35985923 0.45269672,-0.51429392 -0.72183269 0.46309755,
  -0.51399086 -0.72954101 0.45120208,-0.46153722 -0.771671 0.43761542,
  -0.46031876 -0.76769679 0.44581194,-0.45955503 -0.75903711 0.46116358,
  -0.76220949 -0.33002143 0.55688649,-0.4594848 -0.33627376 0.82206671,
  -0.3666122 -0.34952855 0.86222114,-0.27853531 -0.36805368 0.8871046,
  -0.38580768 -0.29304965 0.8747996,-0.022784165 -0.29662977 0.95472072,
  -0.19449279 -0.47051384 0.86069116,-0.27493579 -0.68868141 0.67091596,
  -0.19998216 -0.77393588 0.60085805,-0.30125458 -0.88292089 0.36013383,
  -0.52236302 -0.81182739 0.26090835,-0.17352093 -0.84101562 0.51242875,
  -0.6781324 -0.64229236 0.3572072,-0.51338524 -0.7191503 0.4682504,
  -0.23754797 -0.57049031 0.78620085,-0.85853098 -0.38679021 0.33662724,
  -0.6744079 -0.35050112 0.64986379,-0.28183683 -0.38055833 0.88076294,
  -0.47888986 -0.78242961 0.39808091,-0.46408093 -0.71567773 0.52195238,
  -0.6441527 -0.54121972 0.54050764,-0.60363168 -0.50572681 0.61633529] }
}
}
DEF SHAPE_561 Shape {
 appearance USE APP_2
 geometry DEF FACE_561 IndexedFaceSet {
  coord DEF COORD_561 Coordinate { point [
  2.7039847 0.38952892 -2.7026474,2.7093412 0.36199912 -2.7308146,
  2.709088 0.34926668 -2.7492346,2.7055418 0.33982841 -2.7681935,
  2.698765 0.33358817 -2.7863445,2.6877348 0.32955608 -2.8050876,
  2.6727457 0.32781029 -2.8226221,2.6563544 0.3281007 -2.8363124,
  2.6381403 0.33031311 -2.8469982,2.6187195 0.3343365 -2.8547971,
  2.5991074 0.34018235 -2.8595939,2.5775222 0.34889503 -2.8616921,
  2.5562263 0.35999467 -2.8608348,2.0802108 0.57566874 -2.8015217,
  1.5911559 0.84508532 -2.6411541,2.0368115 0.83359796 -2.5862128,
  2.5077322 0.8200862 -2.4679576,2.6645061 0.52195675 -2.6169185,
  2.5849714 0.50052358 -2.6996432,2.4699343 0.50362617 -2.763868,
  2.4451412 0.66741395 -2.6191925,2.3357209 0.50672877 -2.8092504,
  2.2746655 0.67237597 -2.6785383,2.087853 0.67733799 -2.7218319] }
 coordIndex [
  12,8,9,-1,12,9,10,-1,12,10,11,-1,18,0,1,-1,18,1,2,-1,18,2,3,-1,18,3,4,-1,18,17,0,-1,
  19,4,5,-1,19,5,6,-1,19,6,7,-1,19,7,8,-1,19,18,4,-1,19,8,12,-1,20,15,16,-1,20,16,17,-1,
  20,17,18,-1,21,12,13,-1,21,19,12,-1,22,20,18,-1,22,18,19,-1,22,15,20,-1,23,13,14,-1,23,14,15,-1,
  23,19,21,-1,23,22,19,-1,23,15,22,-1,23,21,13,-1]
  normalPerVertex TRUE
  normal DEF NORM_561 Normal { vector [
  0.53040609 0.58532261 -0.61324287,0.59137825 0.64103836 -0.4892255,
  0.61346815 0.65029848 -0.44807222,0.61421004 0.65107155 -0.44592809,
  0.43903636 0.64818388 -0.62217741,0.49459312 0.73039398 -0.47106505,
  0.47427225 0.7175529 -0.51008202,0.44366108 0.70142722 -0.55782139,
  0.37088937 0.67177251 -0.64121975,0.36496509 0.7635582 -0.53270945,
  0.35629709 0.73502729 -0.57687717,0.34694897 0.71274452 -0.6096078,
  0.22068103 0.58472638 -0.78063753,0.0988736 0.5797484 -0.80877426,
  0.095798537 0.64733328 -0.75616285,0.17404797 0.67299752 -0.71887526,
  0.27124589 0.61895787 -0.73710028,0.42370999 0.59437274 -0.68351363,
  0.40816231 0.64426252 -0.64678384,0.31153859 0.66972634 -0.67409965,
  0.28734813 0.6398673 -0.71274181,0.18746112 0.61290205 -0.76759977,
  0.24694576 0.66859187 -0.70142904,0.141042 0.64903981 -0.7475657] }
}
}
DEF SHAPE_562 Shape {
 appearance USE APP_2
 geometry DEF FACE_562 IndexedFaceSet {
  coord DEF COORD_562 Coordinate { point [
  0.83631999 0.85557868 -2.6584824,1.3543798 0.69642303 -2.7498347,
  2.0802108 0.57566874 -2.8015217,1.5911559 0.84508532 -2.6411541] }
 coordIndex [
  1,3,2,-1,0,3,1,-1]
  normalPerVertex TRUE
  normal DEF NORM_562 Normal { vector [
  0.026791062 0.56179729 -0.826841,0.030226188 0.55807822 -0.82923765,
  0.033127428 0.55492272 -0.83124205,0.030226188 0.55807822 -0.82923765] }
}
}
DEF SHAPE_563 Shape {
 appearance USE APP_2
 geometry DEF FACE_563 IndexedFaceSet {
  coord DEF COORD_563 Coordinate { point [
  1.5911559 0.84508532 -2.6411541,0.83631999 0.85557868 -2.6584824,
  0.91355178 1.1568809 -2.3580425,0.25601605 1.3818954 -2.0314366,
  0.2263063 1.382078 -2.0310231,0.20976931 1.3806841 -2.0342849,
  0.20020478 1.3787755 -2.0386901,0.19477239 1.3769129 -2.0429491,
  0.1907133 1.3747039 -2.0479615,0.18669151 1.3705525 -2.0572481,
  0.18472464 1.3622763 -2.075199,0.19504191 1.3362412 -2.1275904,
  0.27296335 1.2334732 -2.2940049,0.39664603 1.1122342 -2.4415386,
  0.58927183 0.97652334 -2.5689081,0.69456392 1.1718615 -2.3520173,
  0.49801627 1.1772549 -2.3570631] }
 coordIndex [
  14,0,1,-1,11,7,6,-1,11,8,7,-1,9,8,11,-1,10,9,11,-1,15,2,0,-1,15,3,2,-1,15,4,3,-1,
  15,5,4,-1,15,0,14,-1,16,6,5,-1,16,12,11,-1,16,13,12,-1,16,14,13,-1,16,5,15,-1,16,11,6,-1,
  16,15,14,-1]
  normalPerVertex TRUE
  normal DEF NORM_563 Normal { vector [
  0.039334631 0.70490951 -0.70820574,0.026577886 0.62944765 -0.77658822,
  0.037092871 0.7889273 -0.61336599,0.039216676 0.85956854 -0.50951347,
  0.010948572 0.84376399 -0.5366027,0.037131537 0.85987478 -0.50915283,
  0.12585079 0.88778611 -0.44271594,0.036282701 0.9007925 -0.43273136,
  0.055535256 0.9002473 -0.43182245,0.083709771 0.89950341 -0.42881965,
  0.10521709 0.89865413 -0.42585224,0.10371135 0.87744764 -0.46832637,
  0.050360604 0.82800471 -0.55845502,0.053301997 0.75938201 -0.64845806,
  0.043971666 0.71084442 -0.70197343,0.041208159 0.76744985 -0.63978325,
  0.058726748 0.8172454 -0.57328974] }
}
}
DEF SHAPE_564 Shape {
 appearance USE APP_2
 geometry DEF FACE_564 IndexedFaceSet {
  coord DEF COORD_564 Coordinate { point [
  2.025616 1.4044663 -1.9747697,2.2789928 1.144508 -2.2393238,
  2.5077322 0.8200862 -2.4679576,1.5911559 0.84508532 -2.6411541,
  2.0368115 0.83359796 -2.5862128,0.91355178 1.1568809 -2.3580425,
  0.25601605 1.3818954 -2.0314366,1.9453528 1.1470705 -2.2765231,
  1.5997503 1.1535363 -2.3074172,1.2471189 1.1600022 -2.3314049] }
 coordIndex [
  7,0,1,-1,7,1,2,-1,7,2,4,-1,8,6,0,-1,8,0,7,-1,8,7,4,-1,9,4,3,-1,9,3,5,-1,
  9,5,6,-1,9,8,4,-1,9,6,8,-1]
  normalPerVertex TRUE
  normal DEF NORM_564 Normal { vector [
  0.02756824 0.78118146 -0.62369505,0.086106664 0.68309857 -0.72523237,
  0.15202799 0.68090385 -0.71641987,0.077783417 0.74100761 -0.66697636,
  0.11324979 0.72380237 -0.68065014,0.041133468 0.79287537 -0.60799399,
  0.018816999 0.81486203 -0.57934946,0.11087482 0.71138234 -0.69400428,
  0.034615315 0.7797022 -0.62519297,0.061717956 0.7829422 -0.61902537] }
}
}
DEF SHAPE_565 Shape {
 appearance USE APP_2
 geometry DEF FACE_565 IndexedFaceSet {
  coord DEF COORD_565 Coordinate { point [
  2.5415822 0.8184415 -2.4028995,2.5298445 0.81914585 -2.4346078,
  2.5199363 0.81961157 -2.4522389,2.5077322 0.8200862 -2.4679576,
  2.025616 1.4044663 -1.9747697,2.2789928 1.144508 -2.2393238,
  2.0341414 1.4038193 -1.9765132,2.0716497 1.3969756 -1.9850491,
  2.1079114 1.3823088 -1.9971913,2.1401354 1.3626721 -2.0122432,
  2.1770032 1.3324509 -2.0371203,2.2162726 1.292163 -2.0730669,
  2.3764585 1.0923959 -2.2203526,2.4693208 0.94992629 -2.3033325] }
 coordIndex [
  13,0,1,-1,13,1,2,-1,13,2,3,-1,5,12,13,-1,5,13,3,-1,11,12,5,-1,4,6,7,-1,4,7,8,-1,
  4,8,9,-1,4,9,10,-1,4,10,11,-1,4,11,5,-1]
  normalPerVertex TRUE
  normal DEF NORM_565 Normal { vector [
  0.74742061 0.61002132 -0.26312813,0.71560784 0.63128305 -0.29897681,
  0.61641689 0.68438965 -0.38941114,0.57598618 0.70182756 -0.4191396,
  0.095614777 0.73982229 -0.66597356,0.41912165 0.73798511 -0.52888091,
  -0.1807762 0.20815466 -0.96124482,-0.13707922 0.40072361 -0.90588624,
  -0.11166716 0.47082097 -0.87513316,-0.057753953 0.57407467 -0.81676359,
  -0.0023430483 0.65173242 -0.75844536,0.26108905 0.76369664 -0.59042354,
  0.47890896 0.70555039 -0.52234553,0.57458986 0.68652025 -0.44557428] }
}
}
DEF SHAPE_566 Shape {
 appearance USE APP_2
 geometry DEF FACE_566 IndexedFaceSet {
  coord DEF COORD_566 Coordinate { point [
  2.2162726 1.292163 -2.0730669,2.3764585 1.0923959 -2.2203526,
  2.4693208 0.94992629 -2.3033325,2.5415822 0.8184415 -2.4028995,
  2.6135787 0.66040003 -2.5046756,2.6645061 0.52195675 -2.6169185,
  2.7039847 0.38952892 -2.7026474,2.3935986 1.0677876 -2.359122,
  2.5543456 0.79303577 -2.5605299,2.6372097 0.59972218 -2.647066] }
 coordIndex [
  9,6,5,-1,4,9,5,-1,8,9,4,-1,3,8,4,-1,7,3,2,-1,7,8,3,-1,1,7,2,-1,0,7,1,-1]
  normalPerVertex TRUE
  normal DEF NORM_566 Normal { vector [
  -0.77402976 -0.63293065 0.016634974,-0.80182274 -0.59752186 0.0069229873,
  -0.8472592 -0.53035799 0.029533897,-0.87317734 -0.48698957 0.020061946,
  -0.92053764 -0.3906512 0.0014476929,-0.94521313 -0.3261283 0.014576713,
  -0.94817453 -0.31403343 0.048456783,-0.83402004 -0.55137105 0.020013495,
  -0.88928498 -0.45726259 0.0091186107,-0.9314741 -0.36342284 0.016728467] }
}
}
DEF SHAPE_567 Shape {
 appearance USE APP_2
 geometry DEF FACE_567 IndexedFaceSet {
  coord DEF COORD_567 Coordinate { point [
  2.5415822 0.8184415 -2.4028995,2.6135787 0.66040003 -2.5046756,
  2.6645061 0.52195675 -2.6169185,2.5077322 0.8200862 -2.4679576,
  2.5298445 0.81914585 -2.4346078,2.5199363 0.81961157 -2.4522389] }
 coordIndex [
  4,0,1,-1,5,4,1,-1,3,5,1,-1,2,3,1,-1]
  normalPerVertex TRUE
  normal DEF NORM_567 Normal { vector [
  0.79203576 0.54187623 -0.28115743,0.73768516 0.56305083 -0.37255115,
  0.73210418 0.57076447 -0.37182172,0.72123172 0.56892385 -0.39515878,
  0.76986958 0.54941362 -0.32472373,0.69862875 0.55828543 -0.44747654] }
}
}
] }
] }
] }
