  0
SECTION
  2
HEADER
  9
$ANGBASE
  50
0.0
  9
$ANGDIR
  70
1
  9
$MEASUREMENT
  70
1
  0
ENDSEC
  0
SECTION
  2
TABLES
  0
TABLE
  2
LTYPE
  70
4
  0
LTYPE
  5
40F
  2
CONTINUOUS
  70
0
  3
Solid line
  72
65
  73
0
  40
0.0
  0
LTYPE
  5
410
  2
DASHDOT
 70
0
  3
Dash Dot ____ _ ____ _
 72
65
 73
4
 40
2.0
 49
1.25
 49
-0.25
 49
0.25
 49
-0.25
  0
LTYPE
  5
411
  2
DASHED
 70
0
  3
Dashed __ __ __ __ __
 72
65
 73
2
 40
0.75
 49
0.5
 49
-0.25
  0
LTYPE
  5
43B
  2
DOTTED
 70
0
  3
Dotted .  .  .  .
 72
65
 73
2
 40
0.2
 49
0.0
 49
-0.2
  0
ENDTAB
  0
TABLE
  2
STYLE
  70
4
  0
STYLE
  2
KICAD
  70
0
  40
0
  41
1
  42
1
  50
0
  71
0
  3
isocp.shx
  0
STYLE
  2
KICADB
  70
0
  40
0
  41
1
  42
1
  50
0
  71
0
  3
isocp.shx
  0
STYLE
  2
KICADI
  70
0
  40
0
  41
1
  42
1
  50
15
  71
0
  3
isocp.shx
  0
STYLE
  2
KICADBI
  70
0
  40
0
  41
1
  42
1
  50
15
  71
0
  3
isocp.shx
  0
ENDTAB
  0
TABLE
  2
LAYER
  70
35
  0
LAYER
  2
BLACK
  70
0
  62
7
  6
CONTINUOUS
  0
LAYER
  2
GRAY1
  70
0
  62
251
  6
CONTINUOUS
  0
LAYER
  2
GRAY2
  70
0
  62
8
  6
CONTINUOUS
  0
LAYER
  2
GRAY3
  70
0
  62
9
  6
CONTINUOUS
  0
LAYER
  2
WHITE
  70
0
  62
7
  6
CONTINUOUS
  0
LAYER
  2
LYELLOW
  70
0
  62
51
  6
CONTINUOUS
  0
LAYER
  2
LORANGE
  70
0
  62
41
  6
CONTINUOUS
  0
LAYER
  2
BLUE1
  70
0
  62
178
  6
CONTINUOUS
  0
LAYER
  2
GREEN1
  70
0
  62
98
  6
CONTINUOUS
  0
LAYER
  2
CYAN1
  70
0
  62
138
  6
CONTINUOUS
  0
LAYER
  2
RED1
  70
0
  62
18
  6
CONTINUOUS
  0
LAYER
  2
MAGENTA1
  70
0
  62
228
  6
CONTINUOUS
  0
LAYER
  2
BROWN1
  70
0
  62
58
  6
CONTINUOUS
  0
LAYER
  2
ORANGE1
  70
0
  62
34
  6
CONTINUOUS
  0
LAYER
  2
BLUE2
  70
0
  62
5
  6
CONTINUOUS
  0
LAYER
  2
GREEN2
  70
0
  62
3
  6
CONTINUOUS
  0
LAYER
  2
CYAN2
  70
0
  62
4
  6
CONTINUOUS
  0
LAYER
  2
RED2
  70
0
  62
1
  6
CONTINUOUS
  0
LAYER
  2
MAGENTA2
  70
0
  62
6
  6
CONTINUOUS
  0
LAYER
  2
BROWN2
  70
0
  62
54
  6
CONTINUOUS
  0
LAYER
  2
ORANGE2
  70
0
  62
42
  6
CONTINUOUS
  0
LAYER
  2
BLUE3
  70
0
  62
171
  6
CONTINUOUS
  0
LAYER
  2
GREEN3
  70
0
  62
91
  6
CONTINUOUS
  0
LAYER
  2
CYAN3
  70
0
  62
131
  6
CONTINUOUS
  0
LAYER
  2
RED3
  70
0
  62
11
  6
CONTINUOUS
  0
LAYER
  2
MAGENTA3
  70
0
  62
221
  6
CONTINUOUS
  0
LAYER
  2
YELLOW3
  70
0
  62
2
  6
CONTINUOUS
  0
LAYER
  2
ORANGE3
  70
0
  62
32
  6
CONTINUOUS
  0
LAYER
  2
BLUE4
  70
0
  62
5
  6
CONTINUOUS
  0
LAYER
  2
GREEN4
  70
0
  62
3
  6
CONTINUOUS
  0
LAYER
  2
CYAN4
  70
0
  62
4
  6
CONTINUOUS
  0
LAYER
  2
RED4
  70
0
  62
1
  6
CONTINUOUS
  0
LAYER
  2
MAGENTA4
  70
0
  62
6
  6
CONTINUOUS
  0
LAYER
  2
YELLOW4
  70
0
  62
2
  6
CONTINUOUS
  0
LAYER
  2
ORANGE4
  70
0
  62
40
  6
CONTINUOUS
  0
ENDTAB
  0
ENDSEC
  0
SECTION
  2
ENTITIES
0
LINE
8
BLACK
6
CONTINUOUS
10
134.6151509999999973
20
-94.9873010000000022
11
134.8166229999999928
21
-95.0527629999999988
0
LINE
8
BLACK
6
CONTINUOUS
10
134.8166229999999928
20
-95.0527629999999988
11
135.0053729999999916
21
-95.148935999999992
0
LINE
8
BLACK
6
CONTINUOUS
10
135.0053729999999916
20
-95.148935999999992
11
135.1767549999999858
21
-95.2734519999999918
0
LINE
8
BLACK
6
CONTINUOUS
10
135.1767549999999858
20
-95.2734519999999918
11
135.3265480000000025
21
-95.4232449999999943
0
LINE
8
BLACK
6
CONTINUOUS
10
135.3265480000000025
20
-95.4232449999999943
11
135.4510640000000024
21
-95.5946270000000027
0
LINE
8
BLACK
6
CONTINUOUS
10
135.4510640000000024
20
-95.5946270000000027
11
135.5472369999999955
21
-95.7833770000000015
0
LINE
8
BLACK
6
CONTINUOUS
10
135.5472369999999955
20
-95.7833770000000015
11
135.6126989999999921
21
-95.984848999999997
0
LINE
8
BLACK
6
CONTINUOUS
10
135.6126989999999921
20
-95.984848999999997
11
135.6458379999999977
21
-96.1940799999999996
0
LINE
8
BLACK
6
CONTINUOUS
10
135.6458379999999977
20
-96.1940799999999996
11
135.6458379999999977
21
-96.4059199999999947
0
LINE
8
BLACK
6
CONTINUOUS
10
135.6458379999999977
20
-96.4059199999999947
11
135.6126989999999921
21
-96.6151509999999973
0
LINE
8
BLACK
6
CONTINUOUS
10
135.6126989999999921
20
-96.6151509999999973
11
135.5472369999999955
21
-96.8166229999999928
0
LINE
8
BLACK
6
CONTINUOUS
10
135.5472369999999955
20
-96.8166229999999928
11
135.4510640000000024
21
-97.0053729999999916
0
LINE
8
BLACK
6
CONTINUOUS
10
135.4510640000000024
20
-97.0053729999999916
11
135.3265480000000025
21
-97.176755
0
LINE
8
BLACK
6
CONTINUOUS
10
135.3265480000000025
20
-97.176755
11
135.1767549999999858
21
-97.3265480000000025
0
LINE
8
BLACK
6
CONTINUOUS
10
135.1767549999999858
20
-97.3265480000000025
11
135.0053729999999916
21
-97.4510640000000024
0
LINE
8
BLACK
6
CONTINUOUS
10
135.0053729999999916
20
-97.4510640000000024
11
134.8166229999999928
21
-97.5472369999999955
0
LINE
8
BLACK
6
CONTINUOUS
10
134.8166229999999928
20
-97.5472369999999955
11
134.6151509999999973
21
-97.6126989999999921
0
LINE
8
BLACK
6
CONTINUOUS
10
134.6151509999999973
20
-97.6126989999999921
11
134.4059199999999805
21
-97.6458379999999977
0
LINE
8
BLACK
6
CONTINUOUS
10
134.4059199999999805
20
-97.6458379999999977
11
134.1940799999999854
21
-97.6458379999999977
0
LINE
8
BLACK
6
CONTINUOUS
10
134.1940799999999854
20
-97.6458379999999977
11
133.984848999999997
21
-97.6126989999999921
0
LINE
8
BLACK
6
CONTINUOUS
10
133.984848999999997
20
-97.6126989999999921
11
133.7833770000000015
21
-97.5472369999999955
0
LINE
8
BLACK
6
CONTINUOUS
10
133.7833770000000015
20
-97.5472369999999955
11
133.5946270000000027
21
-97.4510640000000024
0
LINE
8
BLACK
6
CONTINUOUS
10
133.5946270000000027
20
-97.4510640000000024
11
133.4232449999999801
21
-97.3265480000000025
0
LINE
8
BLACK
6
CONTINUOUS
10
133.4232449999999801
20
-97.3265480000000025
11
133.2734519999999918
21
-97.176755
0
LINE
8
BLACK
6
CONTINUOUS
10
133.2734519999999918
20
-97.176755
11
133.148935999999992
21
-97.0053729999999916
0
LINE
8
BLACK
6
CONTINUOUS
10
133.148935999999992
20
-97.0053729999999916
11
133.0527629999999988
21
-96.8166229999999928
0
LINE
8
BLACK
6
CONTINUOUS
10
133.0527629999999988
20
-96.8166229999999928
11
132.9873010000000022
21
-96.6151509999999973
0
LINE
8
BLACK
6
CONTINUOUS
10
132.9873010000000022
20
-96.6151509999999973
11
132.9541619999999966
21
-96.4059199999999947
0
LINE
8
BLACK
6
CONTINUOUS
10
132.9541619999999966
20
-96.4059199999999947
11
132.9541619999999966
21
-96.1940799999999996
0
LINE
8
BLACK
6
CONTINUOUS
10
132.9541619999999966
20
-96.1940799999999996
11
132.9873010000000022
21
-95.984848999999997
0
LINE
8
BLACK
6
CONTINUOUS
10
132.9873010000000022
20
-95.984848999999997
11
133.0527629999999988
21
-95.7833770000000015
0
LINE
8
BLACK
6
CONTINUOUS
10
133.0527629999999988
20
-95.7833770000000015
11
133.148935999999992
21
-95.5946270000000027
0
LINE
8
BLACK
6
CONTINUOUS
10
133.148935999999992
20
-95.5946270000000027
11
133.2734519999999918
21
-95.4232449999999943
0
LINE
8
BLACK
6
CONTINUOUS
10
133.2734519999999918
20
-95.4232449999999943
11
133.4232449999999801
21
-95.2734519999999918
0
LINE
8
BLACK
6
CONTINUOUS
10
133.4232449999999801
20
-95.2734519999999918
11
133.5946270000000027
21
-95.148935999999992
0
LINE
8
BLACK
6
CONTINUOUS
10
133.5946270000000027
20
-95.148935999999992
11
133.7833770000000015
21
-95.0527629999999988
0
LINE
8
BLACK
6
CONTINUOUS
10
133.7833770000000015
20
-95.0527629999999988
11
133.984848999999997
21
-94.9873010000000022
0
LINE
8
BLACK
6
CONTINUOUS
10
133.984848999999997
20
-94.9873010000000022
11
134.1940799999999854
21
-94.9541619999999966
0
LINE
8
BLACK
6
CONTINUOUS
10
134.1940799999999854
20
-94.9541619999999966
11
134.4059199999999805
21
-94.9541619999999966
0
LINE
8
BLACK
6
CONTINUOUS
10
134.4059199999999805
20
-94.9541619999999966
11
134.6151509999999973
21
-94.9873010000000022
0
LINE
8
BLACK
6
CONTINUOUS
10
121.1151499999999999
20
-94.9872979999999956
11
121.3166219999999953
21
-95.0527599999999921
0
LINE
8
BLACK
6
CONTINUOUS
10
121.3166219999999953
20
-95.0527599999999921
11
121.5053719999999942
21
-95.1489329999999995
0
LINE
8
BLACK
6
CONTINUOUS
10
121.5053719999999942
20
-95.1489329999999995
11
121.6767539999999883
21
-95.2734489999999994
0
LINE
8
BLACK
6
CONTINUOUS
10
121.6767539999999883
20
-95.2734489999999994
11
121.8265469999999908
21
-95.4232420000000019
0
LINE
8
BLACK
6
CONTINUOUS
10
121.8265469999999908
20
-95.4232420000000019
11
121.9510629999999907
21
-95.594623999999996
0
LINE
8
BLACK
6
CONTINUOUS
10
121.9510629999999907
20
-95.594623999999996
11
122.0472359999999981
21
-95.7833739999999949
0
LINE
8
BLACK
6
CONTINUOUS
10
122.0472359999999981
20
-95.7833739999999949
11
122.1126979999999946
21
-95.9848459999999903
0
LINE
8
BLACK
6
CONTINUOUS
10
122.1126979999999946
20
-95.9848459999999903
11
122.1458370000000002
21
-96.1940769999999929
0
LINE
8
BLACK
6
CONTINUOUS
10
122.1458370000000002
20
-96.1940769999999929
11
122.1458370000000002
21
-96.4059170000000023
0
LINE
8
BLACK
6
CONTINUOUS
10
122.1458370000000002
20
-96.4059170000000023
11
122.1126979999999946
21
-96.6151479999999907
0
LINE
8
BLACK
6
CONTINUOUS
10
122.1126979999999946
20
-96.6151479999999907
11
122.0472359999999981
21
-96.8166200000000003
0
LINE
8
BLACK
6
CONTINUOUS
10
122.0472359999999981
20
-96.8166200000000003
11
121.9510629999999907
21
-97.0053699999999992
0
LINE
8
BLACK
6
CONTINUOUS
10
121.9510629999999907
20
-97.0053699999999992
11
121.8265469999999908
21
-97.1767519999999934
0
LINE
8
BLACK
6
CONTINUOUS
10
121.8265469999999908
20
-97.1767519999999934
11
121.6767539999999883
21
-97.3265449999999959
0
LINE
8
BLACK
6
CONTINUOUS
10
121.6767539999999883
20
-97.3265449999999959
11
121.5053719999999942
21
-97.4510609999999957
0
LINE
8
BLACK
6
CONTINUOUS
10
121.5053719999999942
20
-97.4510609999999957
11
121.3166219999999953
21
-97.5472339999999889
0
LINE
8
BLACK
6
CONTINUOUS
10
121.3166219999999953
20
-97.5472339999999889
11
121.1151499999999999
21
-97.6126959999999997
0
LINE
8
BLACK
6
CONTINUOUS
10
121.1151499999999999
20
-97.6126959999999997
11
120.9059189999999973
21
-97.6458349999999911
0
LINE
8
BLACK
6
CONTINUOUS
10
120.9059189999999973
20
-97.6458349999999911
11
120.6940789999999879
21
-97.6458349999999911
0
LINE
8
BLACK
6
CONTINUOUS
10
120.6940789999999879
20
-97.6458349999999911
11
120.4848479999999995
21
-97.6126959999999997
0
LINE
8
BLACK
6
CONTINUOUS
10
120.4848479999999995
20
-97.6126959999999997
11
120.2833759999999899
21
-97.5472339999999889
0
LINE
8
BLACK
6
CONTINUOUS
10
120.2833759999999899
20
-97.5472339999999889
11
120.094625999999991
21
-97.4510609999999957
0
LINE
8
BLACK
6
CONTINUOUS
10
120.094625999999991
20
-97.4510609999999957
11
119.9232439999999968
21
-97.3265449999999959
0
LINE
8
BLACK
6
CONTINUOUS
10
119.9232439999999968
20
-97.3265449999999959
11
119.7734509999999943
21
-97.1767519999999934
0
LINE
8
BLACK
6
CONTINUOUS
10
119.7734509999999943
20
-97.1767519999999934
11
119.6489349999999945
21
-97.0053699999999992
0
LINE
8
BLACK
6
CONTINUOUS
10
119.6489349999999945
20
-97.0053699999999992
11
119.5527620000000013
21
-96.8166200000000003
0
LINE
8
BLACK
6
CONTINUOUS
10
119.5527620000000013
20
-96.8166200000000003
11
119.4872999999999905
21
-96.6151479999999907
0
LINE
8
BLACK
6
CONTINUOUS
10
119.4872999999999905
20
-96.6151479999999907
11
119.4541609999999991
21
-96.4059170000000023
0
LINE
8
BLACK
6
CONTINUOUS
10
119.4541609999999991
20
-96.4059170000000023
11
119.4541609999999991
21
-96.1940769999999929
0
LINE
8
BLACK
6
CONTINUOUS
10
119.4541609999999991
20
-96.1940769999999929
11
119.4872999999999905
21
-95.9848459999999903
0
LINE
8
BLACK
6
CONTINUOUS
10
119.4872999999999905
20
-95.9848459999999903
11
119.5527620000000013
21
-95.7833739999999949
0
LINE
8
BLACK
6
CONTINUOUS
10
119.5527620000000013
20
-95.7833739999999949
11
119.6489349999999945
21
-95.594623999999996
0
LINE
8
BLACK
6
CONTINUOUS
10
119.6489349999999945
20
-95.594623999999996
11
119.7734509999999943
21
-95.4232420000000019
0
LINE
8
BLACK
6
CONTINUOUS
10
119.7734509999999943
20
-95.4232420000000019
11
119.9232439999999968
21
-95.2734489999999994
0
LINE
8
BLACK
6
CONTINUOUS
10
119.9232439999999968
20
-95.2734489999999994
11
120.094625999999991
21
-95.1489329999999995
0
LINE
8
BLACK
6
CONTINUOUS
10
120.094625999999991
20
-95.1489329999999995
11
120.2833759999999899
21
-95.0527599999999921
0
LINE
8
BLACK
6
CONTINUOUS
10
120.2833759999999899
20
-95.0527599999999921
11
120.4848479999999995
21
-94.9872979999999956
0
LINE
8
BLACK
6
CONTINUOUS
10
120.4848479999999995
20
-94.9872979999999956
11
120.6940789999999879
21
-94.95415899999999
0
LINE
8
BLACK
6
CONTINUOUS
10
120.6940789999999879
20
-94.95415899999999
11
120.9059189999999973
21
-94.95415899999999
0
LINE
8
BLACK
6
CONTINUOUS
10
120.9059189999999973
20
-94.95415899999999
11
121.1151499999999999
21
-94.9872979999999956
0
LINE
8
BLACK
6
CONTINUOUS
10
111.1405989999999946
20
-74.9201839999999919
11
111.1863539999999944
21
-74.9729880000000009
0
LINE
8
BLACK
6
CONTINUOUS
10
111.1863539999999944
20
-74.9729880000000009
11
111.1897419999999954
21
-74.9811660000000018
0
LINE
8
BLACK
6
CONTINUOUS
10
111.1897419999999954
20
-74.9811660000000018
11
111.2312019999999961
21
-75.0923269999999974
0
LINE
8
BLACK
6
CONTINUOUS
10
111.2312019999999961
20
-75.0923269999999974
11
111.2312060000000002
21
-75.0923339999999939
0
LINE
8
BLACK
6
CONTINUOUS
10
111.2312060000000002
20
-75.0923339999999939
11
111.3174519999999887
21
-75.2075430000000011
0
LINE
8
BLACK
6
CONTINUOUS
10
111.3174519999999887
20
-75.2075430000000011
11
111.323724999999996
21
-75.2138159999999942
0
LINE
8
BLACK
6
CONTINUOUS
10
111.323724999999996
20
-75.2138159999999942
11
111.3224719999999905
21
-75.2150680000000023
0
LINE
8
BLACK
6
CONTINUOUS
10
111.3224719999999905
20
-75.2150680000000023
11
111.3579299999999961
21
-75.2624279999999999
0
LINE
8
BLACK
6
CONTINUOUS
10
111.3579299999999961
20
-75.2624279999999999
11
111.3629179999999934
21
-75.3321200000000033
0
LINE
8
BLACK
6
CONTINUOUS
10
111.3629179999999934
20
-75.3321200000000033
11
111.3522349999999932
21
-75.3620619999999946
0
LINE
8
BLACK
6
CONTINUOUS
10
111.3522349999999932
20
-75.3620619999999946
11
111.2665839999999946
21
-75.5301630000000017
0
LINE
8
BLACK
6
CONTINUOUS
10
111.2665839999999946
20
-75.5301630000000017
11
111.2081499999999892
21
-75.7100020000000029
0
LINE
8
BLACK
6
CONTINUOUS
10
111.2081499999999892
20
-75.7100020000000029
11
111.7413809999999899
21
-75.7100020000000029
0
LINE
8
BLACK
6
CONTINUOUS
10
111.7413809999999899
20
-75.7100020000000029
11
111.7635609999999957
21
-75.6564539999999965
0
LINE
8
BLACK
6
CONTINUOUS
10
111.7635609999999957
20
-75.6564539999999965
11
111.8452439999999939
21
-75.534206999999995
0
LINE
8
BLACK
6
CONTINUOUS
10
111.8452439999999939
20
-75.534206999999995
11
111.9492070000000012
21
-75.4302440000000018
0
LINE
8
BLACK
6
CONTINUOUS
10
111.9492070000000012
20
-75.4302440000000018
11
112.0714539999999886
21
-75.3485610000000037
0
LINE
8
BLACK
6
CONTINUOUS
10
112.0714539999999886
20
-75.3485610000000037
11
112.2072879999999913
21
-75.2922969999999907
0
LINE
8
BLACK
6
CONTINUOUS
10
112.2072879999999913
20
-75.2922969999999907
11
112.3514890000000008
21
-75.2636129999999923
0
LINE
8
BLACK
6
CONTINUOUS
10
112.3514890000000008
20
-75.2636129999999923
11
112.4985149999999976
21
-75.2636129999999923
0
LINE
8
BLACK
6
CONTINUOUS
10
112.4985149999999976
20
-75.2636129999999923
11
112.642715999999993
21
-75.2922969999999907
0
LINE
8
BLACK
6
CONTINUOUS
10
112.642715999999993
20
-75.2922969999999907
11
112.7785499999999956
21
-75.3485610000000037
0
LINE
8
BLACK
6
CONTINUOUS
10
112.7785499999999956
20
-75.3485610000000037
11
112.9007969999999972
21
-75.4302440000000018
0
LINE
8
BLACK
6
CONTINUOUS
10
112.9007969999999972
20
-75.4302440000000018
11
113.0047599999999903
21
-75.534206999999995
0
LINE
8
BLACK
6
CONTINUOUS
10
113.0047599999999903
20
-75.534206999999995
11
113.0864429999999885
21
-75.6564539999999965
0
LINE
8
BLACK
6
CONTINUOUS
10
113.0864429999999885
20
-75.6564539999999965
11
113.1427070000000015
21
-75.7922879999999992
0
LINE
8
BLACK
6
CONTINUOUS
10
113.1427070000000015
20
-75.7922879999999992
11
113.1713909999999998
21
-75.9364889999999946
0
LINE
8
BLACK
6
CONTINUOUS
10
113.1713909999999998
20
-75.9364889999999946
11
113.1713909999999998
21
-76.0835149999999913
0
LINE
8
BLACK
6
CONTINUOUS
10
113.1713909999999998
20
-76.0835149999999913
11
113.1427070000000015
21
-76.2277160000000009
0
LINE
8
BLACK
6
CONTINUOUS
10
113.1427070000000015
20
-76.2277160000000009
11
113.0998159999999899
21
-76.3312629999999928
0
LINE
8
BLACK
6
CONTINUOUS
10
113.0998159999999899
20
-76.3312629999999928
11
113.468679999999992
21
-76.7001279999999923
0
LINE
8
BLACK
6
CONTINUOUS
10
113.468679999999992
20
-76.7001279999999923
11
113.468679999999992
21
-76.7001269999999948
0
LINE
8
BLACK
6
CONTINUOUS
10
113.468679999999992
20
-76.7001269999999948
11
113.4940969999999965
21
-76.6651449999999954
0
LINE
8
BLACK
6
CONTINUOUS
10
113.4940969999999965
20
-76.6651449999999954
11
113.5834199999999896
21
-76.4898369999999943
0
LINE
8
BLACK
6
CONTINUOUS
10
113.5834199999999896
20
-76.4898369999999943
11
113.6442229999999967
21
-76.3027069999999981
0
LINE
8
BLACK
6
CONTINUOUS
10
113.6442229999999967
20
-76.3027069999999981
11
113.6750019999999921
21
-76.1083840000000009
0
LINE
8
BLACK
6
CONTINUOUS
10
113.6750019999999921
20
-76.1083840000000009
11
113.6750019999999921
21
-75.9116190000000017
0
LINE
8
BLACK
6
CONTINUOUS
10
113.6750019999999921
20
-75.9116190000000017
11
113.6442229999999967
21
-75.7172959999999904
0
LINE
8
BLACK
6
CONTINUOUS
10
113.6442229999999967
20
-75.7172959999999904
11
113.5834199999999896
21
-75.5301659999999941
0
LINE
8
BLACK
6
CONTINUOUS
10
113.5834199999999896
20
-75.5301659999999941
11
113.4977669999999961
21
-75.3620609999999971
0
LINE
8
BLACK
6
CONTINUOUS
10
113.4977669999999961
20
-75.3620609999999971
11
113.4848709999999983
21
-75.2933919999999972
0
LINE
8
BLACK
6
CONTINUOUS
10
113.4848709999999983
20
-75.2933919999999972
11
113.511146999999994
21
-75.2286509999999993
0
LINE
8
BLACK
6
CONTINUOUS
10
113.511146999999994
20
-75.2286509999999993
11
113.5263459999999895
21
-75.2138800000000032
0
LINE
8
BLACK
6
CONTINUOUS
10
113.5263459999999895
20
-75.2138800000000032
11
113.5262779999999907
21
-75.2138119999999901
0
LINE
8
BLACK
6
CONTINUOUS
10
113.5262779999999907
20
-75.2138119999999901
11
113.5325379999999882
21
-75.2075499999999977
0
LINE
8
BLACK
6
CONTINUOUS
10
113.5325379999999882
20
-75.2075499999999977
11
113.5325459999999964
21
-75.2075449999999961
0
LINE
8
BLACK
6
CONTINUOUS
10
113.5325459999999964
20
-75.2075449999999961
11
113.618795999999989
21
-75.0923299999999898
0
LINE
8
BLACK
6
CONTINUOUS
10
113.618795999999989
20
-75.0923299999999898
11
113.6261489999999981
21
-75.0726140000000015
0
LINE
8
BLACK
6
CONTINUOUS
10
113.6261489999999981
20
-75.0726140000000015
11
113.6602579999999989
21
-74.9811660000000018
0
LINE
8
BLACK
6
CONTINUOUS
10
113.6602579999999989
20
-74.9811660000000018
11
113.7021289999999993
21
-74.9252319999999941
0
LINE
8
BLACK
6
CONTINUOUS
10
113.7021289999999993
20
-74.9252319999999941
11
113.7675929999999909
21
-74.9008149999999944
0
LINE
8
BLACK
6
CONTINUOUS
10
113.7675929999999909
20
-74.9008149999999944
11
113.7764399999999938
21
-74.9004989999999964
0
LINE
8
BLACK
6
CONTINUOUS
10
113.7764399999999938
20
-74.9004989999999964
11
114.7170589999999919
21
-74.9004989999999964
0
LINE
8
BLACK
6
CONTINUOUS
10
114.7170589999999919
20
-74.9004989999999964
11
114.7840980000000002
21
-74.9201839999999919
0
LINE
8
BLACK
6
CONTINUOUS
10
114.7840980000000002
20
-74.9201839999999919
11
114.8047399999999953
21
-74.9368180000000024
0
LINE
8
BLACK
6
CONTINUOUS
10
114.8047399999999953
20
-74.9368180000000024
11
118.1631809999999945
21
-78.2952579999999898
0
LINE
8
BLACK
6
CONTINUOUS
10
118.1631809999999945
20
-78.2952579999999898
11
118.1966659999999933
21
-78.3565809999999914
0
LINE
8
BLACK
6
CONTINUOUS
10
118.1966659999999933
20
-78.3565809999999914
11
118.1995000000000005
21
-78.3829389999999933
0
LINE
8
BLACK
6
CONTINUOUS
10
118.1995000000000005
20
-78.3829389999999933
11
118.1995000000000005
21
-82.2680589999999938
0
LINE
8
BLACK
6
CONTINUOUS
10
118.1995000000000005
20
-82.2680589999999938
11
118.1798149999999907
21
-82.3350980000000021
0
LINE
8
BLACK
6
CONTINUOUS
10
118.1798149999999907
20
-82.3350980000000021
11
118.127010999999996
21
-82.3808530000000019
0
LINE
8
BLACK
6
CONTINUOUS
10
118.127010999999996
20
-82.3808530000000019
11
118.0578529999999944
21
-82.3907969999999921
0
LINE
8
BLACK
6
CONTINUOUS
10
118.0578529999999944
20
-82.3907969999999921
11
117.9942969999999889
21
-82.361772000000002
0
LINE
8
BLACK
6
CONTINUOUS
10
117.9942969999999889
20
-82.361772000000002
11
117.9878189999999876
21
-82.3557399999999973
0
LINE
8
BLACK
6
CONTINUOUS
10
117.9878189999999876
20
-82.3557399999999973
11
115.6477900000000005
21
-80.015710999999996
0
LINE
8
BLACK
6
CONTINUOUS
10
115.6477900000000005
20
-80.015710999999996
11
115.6477859999999964
21
-80.0157079999999894
0
LINE
8
BLACK
6
CONTINUOUS
10
115.6477859999999964
20
-80.0157079999999894
11
115.5166830000000004
21
-79.9281069999999971
0
LINE
8
BLACK
6
CONTINUOUS
10
115.5166830000000004
20
-79.9281069999999971
11
115.5166699999999906
21
-79.9281000000000006
0
LINE
8
BLACK
6
CONTINUOUS
10
115.5166699999999906
20
-79.9281000000000006
11
115.3709989999999976
21
-79.867761999999999
0
LINE
8
BLACK
6
CONTINUOUS
10
115.3709989999999976
20
-79.867761999999999
11
115.3709869999999995
21
-79.8677589999999924
0
LINE
8
BLACK
6
CONTINUOUS
10
115.3709869999999995
20
-79.8677589999999924
11
115.2163429999999948
21
-79.8369979999999941
0
LINE
8
BLACK
6
CONTINUOUS
10
115.2163429999999948
20
-79.8369979999999941
11
115.2163399999999882
21
-79.8369979999999941
0
LINE
8
BLACK
6
CONTINUOUS
10
115.2163399999999882
20
-79.8369979999999941
11
113.3320499999999953
21
-79.8369979999999941
0
LINE
8
BLACK
6
CONTINUOUS
10
113.3320499999999953
20
-79.8369979999999941
11
113.2650110000000012
21
-79.8173129999999986
0
LINE
8
BLACK
6
CONTINUOUS
10
113.2650110000000012
20
-79.8173129999999986
11
113.2443689999999918
21
-79.8006790000000024
0
LINE
8
BLACK
6
CONTINUOUS
10
113.2443689999999918
20
-79.8006790000000024
11
113.1983489999999932
21
-79.7546589999999895
0
LINE
8
BLACK
6
CONTINUOUS
10
113.1983489999999932
20
-79.7546589999999895
11
113.1983479999999957
21
-79.7546579999999921
0
LINE
8
BLACK
6
CONTINUOUS
10
113.1983479999999957
20
-79.7546579999999921
11
113.0515139999999974
21
-79.6640900000000016
0
LINE
8
BLACK
6
CONTINUOUS
10
113.0515139999999974
20
-79.6640900000000016
11
112.8877509999999944
21
-79.6098240000000033
0
LINE
8
BLACK
6
CONTINUOUS
10
112.8877509999999944
20
-79.6098240000000033
11
112.8877489999999995
21
-79.6098229999999916
0
LINE
8
BLACK
6
CONTINUOUS
10
112.8877489999999995
20
-79.6098229999999916
11
112.7866759999999999
21
-79.599497999999997
0
LINE
8
BLACK
6
CONTINUOUS
10
112.7866759999999999
20
-79.599497999999997
11
112.21332799999999
21
-79.599497999999997
0
LINE
8
BLACK
6
CONTINUOUS
10
112.21332799999999
20
-79.599497999999997
11
112.2133099999999928
21
-79.5994989999999945
0
LINE
8
BLACK
6
CONTINUOUS
10
112.2133099999999928
20
-79.5994989999999945
11
112.1122450000000015
21
-79.6098229999999916
0
LINE
8
BLACK
6
CONTINUOUS
10
112.1122450000000015
20
-79.6098229999999916
11
111.9484819999999985
21
-79.6640900000000016
0
LINE
8
BLACK
6
CONTINUOUS
10
111.9484819999999985
20
-79.6640900000000016
11
111.9484789999999919
21
-79.6640909999999991
0
LINE
8
BLACK
6
CONTINUOUS
10
111.9484789999999919
20
-79.6640909999999991
11
111.801645999999991
21
-79.7546589999999895
0
LINE
8
BLACK
6
CONTINUOUS
10
111.801645999999991
20
-79.7546589999999895
11
111.7556269999999898
21
-79.8006790000000024
0
LINE
8
BLACK
6
CONTINUOUS
10
111.7556269999999898
20
-79.8006790000000024
11
111.7286989999999918
21
-79.8153819999999996
0
LINE
8
BLACK
6
CONTINUOUS
10
111.7286989999999918
20
-79.8153819999999996
11
111.7028809999999908
21
-79.8319749999999999
0
LINE
8
BLACK
6
CONTINUOUS
10
111.7028809999999908
20
-79.8319749999999999
11
111.6966800000000006
21
-79.8328659999999957
0
LINE
8
BLACK
6
CONTINUOUS
10
111.6966800000000006
20
-79.8328659999999957
11
111.6943039999999883
21
-79.8341640000000012
0
LINE
8
BLACK
6
CONTINUOUS
10
111.6943039999999883
20
-79.8341640000000012
11
111.6679460000000006
21
-79.8369979999999941
0
LINE
8
BLACK
6
CONTINUOUS
10
111.6679460000000006
20
-79.8369979999999941
11
111.5820489999999978
21
-79.8369979999999941
0
LINE
8
BLACK
6
CONTINUOUS
10
111.5820489999999978
20
-79.8369979999999941
11
111.5150099999999895
21
-79.8173129999999986
0
LINE
8
BLACK
6
CONTINUOUS
10
111.5150099999999895
20
-79.8173129999999986
11
111.4943679999999944
21
-79.8006790000000024
0
LINE
8
BLACK
6
CONTINUOUS
10
111.4943679999999944
20
-79.8006790000000024
11
111.3733499999999879
21
-79.6796609999999959
0
LINE
8
BLACK
6
CONTINUOUS
10
111.3733499999999879
20
-79.6796609999999959
11
111.3733489999999904
21
-79.6796599999999984
0
LINE
8
BLACK
6
CONTINUOUS
10
111.3733489999999904
20
-79.6796599999999984
11
111.2601249999999879
21
-79.6098229999999916
0
LINE
8
BLACK
6
CONTINUOUS
10
111.2601249999999879
20
-79.6098229999999916
11
111.2265170000000012
21
-79.5890929999999912
0
LINE
8
BLACK
6
CONTINUOUS
10
111.2265170000000012
20
-79.5890929999999912
11
111.2265119999999996
21
-79.5890909999999963
0
LINE
8
BLACK
6
CONTINUOUS
10
111.2265119999999996
20
-79.5890909999999963
11
111.2250679999999932
21
-79.5886119999999977
0
LINE
8
BLACK
6
CONTINUOUS
10
111.2250679999999932
20
-79.5886119999999977
11
111.062751999999989
21
-79.5348259999999954
0
LINE
8
BLACK
6
CONTINUOUS
10
111.062751999999989
20
-79.5348259999999954
11
111.0627499999999941
21
-79.5348249999999979
0
LINE
8
BLACK
6
CONTINUOUS
10
111.0627499999999941
20
-79.5348249999999979
11
110.9616769999999946
21
-79.5245000000000033
0
LINE
8
BLACK
6
CONTINUOUS
10
110.9616769999999946
20
-79.5245000000000033
11
110.3633289999999931
21
-79.5245000000000033
0
LINE
8
BLACK
6
CONTINUOUS
10
110.3633289999999931
20
-79.5245000000000033
11
110.3633109999999959
21
-79.5245010000000008
0
LINE
8
BLACK
6
CONTINUOUS
10
110.3633109999999959
20
-79.5245010000000008
11
110.2622459999999904
21
-79.5348249999999979
0
LINE
8
BLACK
6
CONTINUOUS
10
110.2622459999999904
20
-79.5348249999999979
11
110.0984830000000017
21
-79.5890919999999937
0
LINE
8
BLACK
6
CONTINUOUS
10
110.0984830000000017
20
-79.5890919999999937
11
110.098479999999995
21
-79.5890929999999912
0
LINE
8
BLACK
6
CONTINUOUS
10
110.098479999999995
20
-79.5890929999999912
11
109.9516469999999941
21
-79.6796609999999959
0
LINE
8
BLACK
6
CONTINUOUS
10
109.9516469999999941
20
-79.6796609999999959
11
109.8496820000000014
21
-79.7816270000000003
0
LINE
8
BLACK
6
CONTINUOUS
10
109.8496820000000014
20
-79.7816270000000003
11
109.8302449999999908
21
-79.792238999999995
0
LINE
8
BLACK
6
CONTINUOUS
10
109.8302449999999908
20
-79.792238999999995
11
109.8135119999999887
21
-79.8067399999999907
0
LINE
8
BLACK
6
CONTINUOUS
10
109.8135119999999887
20
-79.8067399999999907
11
109.8001799999999974
21
-79.8086559999999992
0
LINE
8
BLACK
6
CONTINUOUS
10
109.8001799999999974
20
-79.8086559999999992
11
109.7883589999999998
21
-79.8151119999999992
0
LINE
8
BLACK
6
CONTINUOUS
10
109.7883589999999998
20
-79.8151119999999992
11
109.7662720000000007
21
-79.813531999999995
0
LINE
8
BLACK
6
CONTINUOUS
10
109.7662720000000007
20
-79.813531999999995
11
109.7443540000000013
21
-79.8166839999999951
0
LINE
8
BLACK
6
CONTINUOUS
10
109.7443540000000013
20
-79.8166839999999951
11
109.7321019999999976
21
-79.811087999999998
0
LINE
8
BLACK
6
CONTINUOUS
10
109.7321019999999976
20
-79.811087999999998
11
109.7186669999999964
21
-79.8101279999999917
0
LINE
8
BLACK
6
CONTINUOUS
10
109.7186669999999964
20
-79.8101279999999917
11
109.7009399999999886
21
-79.7968570000000028
0
LINE
8
BLACK
6
CONTINUOUS
10
109.7009399999999886
20
-79.7968570000000028
11
109.6807979999999958
21
-79.7876589999999908
0
LINE
8
BLACK
6
CONTINUOUS
10
109.6807979999999958
20
-79.7876589999999908
11
109.6735149999999948
21
-79.7763269999999949
0
LINE
8
BLACK
6
CONTINUOUS
10
109.6735149999999948
20
-79.7763269999999949
11
109.6627340000000004
21
-79.7682559999999938
0
LINE
8
BLACK
6
CONTINUOUS
10
109.6627340000000004
20
-79.7682559999999938
11
109.654995999999997
21
-79.7475099999999912
0
LINE
8
BLACK
6
CONTINUOUS
10
109.654995999999997
20
-79.7475099999999912
11
109.6430239999999969
21
-79.7288810000000012
0
LINE
8
BLACK
6
CONTINUOUS
10
109.6430239999999969
20
-79.7288810000000012
11
109.6398719999999969
21
-79.7069619999999901
0
LINE
8
BLACK
6
CONTINUOUS
10
109.6398719999999969
20
-79.7069619999999901
11
109.6383170000000007
21
-79.7027920000000023
0
LINE
8
BLACK
6
CONTINUOUS
10
109.6383170000000007
20
-79.7027920000000023
11
109.6380009999999885
21
-79.6939459999999968
0
LINE
8
BLACK
6
CONTINUOUS
10
109.6380009999999885
20
-79.6939459999999968
11
109.6380009999999885
21
-79.5454390000000018
0
LINE
8
BLACK
6
CONTINUOUS
10
109.6380009999999885
20
-79.5454390000000018
11
109.6576859999999982
21
-79.4783999999999935
0
LINE
8
BLACK
6
CONTINUOUS
10
109.6576859999999982
20
-79.4783999999999935
11
109.6743199999999945
21
-79.4577579999999983
0
LINE
8
BLACK
6
CONTINUOUS
10
109.6743199999999945
20
-79.4577579999999983
11
110.3752599999999973
21
-78.7568179999999955
0
LINE
8
BLACK
6
CONTINUOUS
10
110.3752599999999973
20
-78.7568179999999955
11
110.4365829999999988
21
-78.7233329999999967
0
LINE
8
BLACK
6
CONTINUOUS
10
110.4365829999999988
20
-78.7233329999999967
11
110.4629410000000007
21
-78.7204989999999896
0
LINE
8
BLACK
6
CONTINUOUS
10
110.4629410000000007
20
-78.7204989999999896
11
111.4056629999999899
21
-78.7204989999999896
0
LINE
8
BLACK
6
CONTINUOUS
10
111.4056629999999899
20
-78.7204989999999896
11
111.4727019999999982
21
-78.7401839999999993
0
LINE
8
BLACK
6
CONTINUOUS
10
111.4727019999999982
20
-78.7401839999999993
11
111.4933439999999933
21
-78.7568169999999981
0
LINE
8
BLACK
6
CONTINUOUS
10
111.4933439999999933
20
-78.7568169999999981
11
111.610354000000001
21
-78.8738269999999915
0
LINE
8
BLACK
6
CONTINUOUS
10
111.610354000000001
20
-78.8738269999999915
11
111.7695949999999954
21
-78.9895229999999913
0
LINE
8
BLACK
6
CONTINUOUS
10
111.7695949999999954
20
-78.9895229999999913
11
111.852454999999992
21
-79.0317419999999942
0
LINE
8
BLACK
6
CONTINUOUS
10
111.852454999999992
20
-79.0317419999999942
11
111.9449699999999979
21
-79.0788809999999955
0
LINE
8
BLACK
6
CONTINUOUS
10
111.9449699999999979
20
-79.0788809999999955
11
111.9449719999999928
21
-79.0788809999999955
0
LINE
8
BLACK
6
CONTINUOUS
10
111.9449719999999928
20
-79.0788809999999955
11
111.9449749999999995
21
-79.0788829999999905
0
LINE
8
BLACK
6
CONTINUOUS
10
111.9449749999999995
20
-79.0788829999999905
11
112.0453169999999972
21
-79.1114859999999993
0
LINE
8
BLACK
6
CONTINUOUS
10
112.0453169999999972
20
-79.1114859999999993
11
112.1321729999999945
21
-79.1397079999999988
0
LINE
8
BLACK
6
CONTINUOUS
10
112.1321729999999945
20
-79.1397079999999988
11
112.3265779999999978
21
-79.1704989999999924
0
LINE
8
BLACK
6
CONTINUOUS
10
112.3265779999999978
20
-79.1704989999999924
11
112.3265829999999994
21
-79.1704989999999924
0
LINE
8
BLACK
6
CONTINUOUS
10
112.3265829999999994
20
-79.1704989999999924
11
112.5234219999999965
21
-79.1704989999999924
0
LINE
8
BLACK
6
CONTINUOUS
10
112.5234219999999965
20
-79.1704989999999924
11
112.7178259999999881
21
-79.1397079999999988
0
LINE
8
BLACK
6
CONTINUOUS
10
112.7178259999999881
20
-79.1397079999999988
11
112.9050249999999949
21
-79.0788829999999905
0
LINE
8
BLACK
6
CONTINUOUS
10
112.9050249999999949
20
-79.0788829999999905
11
113.0804049999999989
21
-78.9895229999999913
0
LINE
8
BLACK
6
CONTINUOUS
10
113.0804049999999989
20
-78.9895229999999913
11
113.2396459999999934
21
-78.8738269999999915
0
LINE
8
BLACK
6
CONTINUOUS
10
113.2396459999999934
20
-78.8738269999999915
11
113.3788279999999986
21
-78.7346450000000004
0
LINE
8
BLACK
6
CONTINUOUS
10
113.3788279999999986
20
-78.7346450000000004
11
113.4945239999999984
21
-78.5754039999999918
0
LINE
8
BLACK
6
CONTINUOUS
10
113.4945239999999984
20
-78.5754039999999918
11
113.5838839999999976
21
-78.4000240000000019
0
LINE
8
BLACK
6
CONTINUOUS
10
113.5838839999999976
20
-78.4000240000000019
11
113.6447089999999918
21
-78.2128249999999952
0
LINE
8
BLACK
6
CONTINUOUS
10
113.6447089999999918
20
-78.2128249999999952
11
113.6754999999999995
21
-78.0184210000000036
0
LINE
8
BLACK
6
CONTINUOUS
10
113.6754999999999995
20
-78.0184210000000036
11
113.6754999999999995
21
-77.8215759999999932
0
LINE
8
BLACK
6
CONTINUOUS
10
113.6754999999999995
20
-77.8215759999999932
11
113.6447089999999918
21
-77.6271720000000016
0
LINE
8
BLACK
6
CONTINUOUS
10
113.6447089999999918
20
-77.6271720000000016
11
113.6164869999999922
21
-77.54031599999999
0
LINE
8
BLACK
6
CONTINUOUS
10
113.6164869999999922
20
-77.54031599999999
11
113.5838839999999976
21
-77.4399739999999923
0
LINE
8
BLACK
6
CONTINUOUS
10
113.5838839999999976
20
-77.4399739999999923
11
113.5838819999999885
21
-77.4399709999999999
0
LINE
8
BLACK
6
CONTINUOUS
10
113.5838819999999885
20
-77.4399709999999999
11
113.5838819999999885
21
-77.4399689999999907
0
LINE
8
BLACK
6
CONTINUOUS
10
113.5838819999999885
20
-77.4399689999999907
11
113.5367430000000013
21
-77.347453999999999
0
LINE
8
BLACK
6
CONTINUOUS
10
113.5367430000000013
20
-77.347453999999999
11
113.4945239999999984
21
-77.2645940000000024
0
LINE
8
BLACK
6
CONTINUOUS
10
113.4945239999999984
20
-77.2645940000000024
11
113.3788279999999986
21
-77.1053529999999938
0
LINE
8
BLACK
6
CONTINUOUS
10
113.3788279999999986
20
-77.1053529999999938
11
113.2396459999999934
21
-76.9661710000000028
0
LINE
8
BLACK
6
CONTINUOUS
10
113.2396459999999934
20
-76.9661710000000028
11
113.0804049999999989
21
-76.850475000000003
0
LINE
8
BLACK
6
CONTINUOUS
10
113.0804049999999989
20
-76.850475000000003
11
112.905028999999999
21
-76.7611160000000012
0
LINE
8
BLACK
6
CONTINUOUS
10
112.905028999999999
20
-76.7611160000000012
11
112.8111819999999881
21
-76.7306229999999942
0
LINE
8
BLACK
6
CONTINUOUS
10
112.8111819999999881
20
-76.7306229999999942
11
112.7618200000000002
21
-76.700372999999999
0
LINE
8
BLACK
6
CONTINUOUS
10
112.7618200000000002
20
-76.700372999999999
11
112.746262999999999
21
-76.6848159999999979
0
LINE
8
BLACK
6
CONTINUOUS
10
112.746262999999999
20
-76.6848159999999979
11
112.642715999999993
21
-76.7277069999999952
0
LINE
8
BLACK
6
CONTINUOUS
10
112.642715999999993
20
-76.7277069999999952
11
112.4985149999999976
21
-76.7563909999999936
0
LINE
8
BLACK
6
CONTINUOUS
10
112.4985149999999976
20
-76.7563909999999936
11
112.3514890000000008
21
-76.7563909999999936
0
LINE
8
BLACK
6
CONTINUOUS
10
112.3514890000000008
20
-76.7563909999999936
11
112.2072879999999913
21
-76.7277069999999952
0
LINE
8
BLACK
6
CONTINUOUS
10
112.2072879999999913
20
-76.7277069999999952
11
112.1037389999999903
21
-76.6848150000000004
0
LINE
8
BLACK
6
CONTINUOUS
10
112.1037389999999903
20
-76.6848150000000004
11
112.0881839999999983
21
-76.7003709999999899
0
LINE
8
BLACK
6
CONTINUOUS
10
112.0881839999999983
20
-76.7003709999999899
11
112.0388229999999936
21
-76.7306200000000018
0
LINE
8
BLACK
6
CONTINUOUS
10
112.0388229999999936
20
-76.7306200000000018
11
111.944974000000002
21
-76.7611139999999921
0
LINE
8
BLACK
6
CONTINUOUS
10
111.944974000000002
20
-76.7611139999999921
11
111.7695939999999979
21
-76.850475000000003
0
LINE
8
BLACK
6
CONTINUOUS
10
111.7695939999999979
20
-76.850475000000003
11
111.6103549999999984
21
-76.9661699999999911
0
LINE
8
BLACK
6
CONTINUOUS
10
111.6103549999999984
20
-76.9661699999999911
11
111.4933439999999933
21
-77.0831809999999962
0
LINE
8
BLACK
6
CONTINUOUS
10
111.4933439999999933
20
-77.0831809999999962
11
111.4320209999999918
21
-77.1166649999999976
0
LINE
8
BLACK
6
CONTINUOUS
10
111.4320209999999918
20
-77.1166649999999976
11
111.4056629999999899
21
-77.1194989999999905
0
LINE
8
BLACK
6
CONTINUOUS
10
111.4056629999999899
20
-77.1194989999999905
11
110.0011549999999971
21
-77.1194989999999905
0
LINE
8
BLACK
6
CONTINUOUS
10
110.0011549999999971
20
-77.1194989999999905
11
109.846509999999995
21
-77.1502600000000029
0
LINE
8
BLACK
6
CONTINUOUS
10
109.846509999999995
20
-77.1502600000000029
11
109.8464979999999969
21
-77.1502629999999954
0
LINE
8
BLACK
6
CONTINUOUS
10
109.8464979999999969
20
-77.1502629999999954
11
109.8038329999999974
21
-77.1679349999999999
0
LINE
8
BLACK
6
CONTINUOUS
10
109.8038329999999974
20
-77.1679349999999999
11
109.8038339999999948
21
-77.1679359999999974
0
LINE
8
BLACK
6
CONTINUOUS
10
109.8038339999999948
20
-77.1679359999999974
11
109.7008239999999972
21
-77.2106029999999919
0
LINE
8
BLACK
6
CONTINUOUS
10
109.7008239999999972
20
-77.2106029999999919
11
109.7008149999999915
21
-77.2106079999999935
0
LINE
8
BLACK
6
CONTINUOUS
10
109.7008149999999915
20
-77.2106079999999935
11
109.569712999999993
21
-77.2982080000000025
0
LINE
8
BLACK
6
CONTINUOUS
10
109.569712999999993
20
-77.2982080000000025
11
109.5697119999999956
21
-77.2982099999999974
0
LINE
8
BLACK
6
CONTINUOUS
10
109.5697119999999956
20
-77.2982099999999974
11
109.5697109999999981
21
-77.2982109999999949
0
LINE
8
BLACK
6
CONTINUOUS
10
109.5697109999999981
20
-77.2982109999999949
11
108.3272119999999887
21
-78.54070999999999
0
LINE
8
BLACK
6
CONTINUOUS
10
108.3272119999999887
20
-78.54070999999999
11
108.2925180000000012
21
-78.5754039999999918
0
LINE
8
BLACK
6
CONTINUOUS
10
108.2925180000000012
20
-78.5754039999999918
11
108.2157100000000014
21
-78.6522109999999941
0
LINE
8
BLACK
6
CONTINUOUS
10
108.2157100000000014
20
-78.6522109999999941
11
108.1281099999999924
21
-78.7833129999999926
0
LINE
8
BLACK
6
CONTINUOUS
10
108.1281099999999924
20
-78.7833129999999926
11
108.1281029999999959
21
-78.7833260000000024
0
LINE
8
BLACK
6
CONTINUOUS
10
108.1281029999999959
20
-78.7833260000000024
11
108.0677649999999943
21
-78.9289969999999954
0
LINE
8
BLACK
6
CONTINUOUS
10
108.0677649999999943
20
-78.9289969999999954
11
108.0677620000000019
21
-78.9290089999999935
0
LINE
8
BLACK
6
CONTINUOUS
10
108.0677620000000019
20
-78.9290089999999935
11
108.0370009999999894
21
-79.0836520000000007
0
LINE
8
BLACK
6
CONTINUOUS
10
108.0370009999999894
20
-79.0836520000000007
11
108.0370009999999894
21
-79.7179479999999927
0
LINE
8
BLACK
6
CONTINUOUS
10
108.0370009999999894
20
-79.7179479999999927
11
108.0173159999999939
21
-79.784987000000001
0
LINE
8
BLACK
6
CONTINUOUS
10
108.0173159999999939
20
-79.784987000000001
11
108.0087189999999993
21
-79.7956549999999964
0
LINE
8
BLACK
6
CONTINUOUS
10
108.0087189999999993
20
-79.7956549999999964
11
108.0091389999999905
21
-79.7959869999999967
0
LINE
8
BLACK
6
CONTINUOUS
10
108.0091389999999905
20
-79.7959869999999967
11
108.0046619999999962
21
-79.8016470000000027
0
LINE
8
BLACK
6
CONTINUOUS
10
108.0046619999999962
20
-79.8016470000000027
11
107.9140939999999915
21
-79.948481000000001
0
LINE
8
BLACK
6
CONTINUOUS
10
107.9140939999999915
20
-79.948481000000001
11
107.914092999999994
21
-79.9484839999999934
0
LINE
8
BLACK
6
CONTINUOUS
10
107.914092999999994
20
-79.9484839999999934
11
107.8598269999999957
21
-80.1122469999999964
0
LINE
8
BLACK
6
CONTINUOUS
10
107.8598269999999957
20
-80.1122469999999964
11
107.8598269999999957
21
-80.1122479999999939
0
LINE
8
BLACK
6
CONTINUOUS
10
107.8598269999999957
20
-80.1122479999999939
11
107.8598259999999982
21
-80.1122479999999939
0
LINE
8
BLACK
6
CONTINUOUS
10
107.8598259999999982
20
-80.1122479999999939
11
107.8495009999999894
21
-80.2133149999999944
0
LINE
8
BLACK
6
CONTINUOUS
10
107.8495009999999894
20
-80.2133149999999944
11
107.8495009999999894
21
-80.7866690000000034
0
LINE
8
BLACK
6
CONTINUOUS
10
107.8495009999999894
20
-80.7866690000000034
11
107.8495020000000011
21
-80.7866870000000006
0
LINE
8
BLACK
6
CONTINUOUS
10
107.8495020000000011
20
-80.7866870000000006
11
107.8598259999999982
21
-80.8877519999999919
0
LINE
8
BLACK
6
CONTINUOUS
10
107.8598259999999982
20
-80.8877519999999919
11
107.8961099999999931
21
-80.9972489999999965
0
LINE
8
BLACK
6
CONTINUOUS
10
107.8961099999999931
20
-80.9972489999999965
11
107.914092999999994
21
-81.0515159999999923
0
LINE
8
BLACK
6
CONTINUOUS
10
107.914092999999994
20
-81.0515159999999923
11
108.0046609999999987
21
-81.1983499999999907
0
LINE
8
BLACK
6
CONTINUOUS
10
108.0046609999999987
20
-81.1983499999999907
11
108.1266509999999954
21
-81.3203400000000016
0
LINE
8
BLACK
6
CONTINUOUS
10
108.1266509999999954
20
-81.3203400000000016
11
108.2734849999999938
21
-81.4109079999999921
0
LINE
8
BLACK
6
CONTINUOUS
10
108.2734849999999938
20
-81.4109079999999921
11
108.4372479999999968
21
-81.4651739999999904
0
LINE
8
BLACK
6
CONTINUOUS
10
108.4372479999999968
20
-81.4651739999999904
11
108.5383239999999887
21
-81.4754999999999967
0
LINE
8
BLACK
6
CONTINUOUS
10
108.5383239999999887
20
-81.4754999999999967
11
109.1366769999999917
21
-81.4754989999999992
0
LINE
8
BLACK
6
CONTINUOUS
10
109.1366769999999917
20
-81.4754989999999992
11
109.1366849999999999
21
-81.4754980000000018
0
LINE
8
BLACK
6
CONTINUOUS
10
109.1366849999999999
20
-81.4754980000000018
11
109.1366879999999924
21
-81.4754980000000018
0
LINE
8
BLACK
6
CONTINUOUS
10
109.1366879999999924
20
-81.4754980000000018
11
109.1920310000000001
21
-81.4698439999999948
0
LINE
8
BLACK
6
CONTINUOUS
10
109.1920310000000001
20
-81.4698439999999948
11
109.2377539999999954
21
-81.4651739999999904
0
LINE
8
BLACK
6
CONTINUOUS
10
109.2377539999999954
20
-81.4651739999999904
11
109.4015169999999983
21
-81.4109079999999921
0
LINE
8
BLACK
6
CONTINUOUS
10
109.4015169999999983
20
-81.4109079999999921
11
109.5483509999999967
21
-81.3203400000000016
0
LINE
8
BLACK
6
CONTINUOUS
10
109.5483509999999967
20
-81.3203400000000016
11
109.6623189999999965
21
-81.2063720000000018
0
LINE
8
BLACK
6
CONTINUOUS
10
109.6623189999999965
20
-81.2063720000000018
11
109.7236419999999981
21
-81.1728870000000029
0
LINE
8
BLACK
6
CONTINUOUS
10
109.7236419999999981
20
-81.1728870000000029
11
109.7933340000000015
21
-81.1778709999999961
0
LINE
8
BLACK
6
CONTINUOUS
10
109.7933340000000015
20
-81.1778709999999961
11
109.8376809999999892
21
-81.2063720000000018
0
LINE
8
BLACK
6
CONTINUOUS
10
109.8376809999999892
20
-81.2063720000000018
11
109.9516489999999891
21
-81.3203400000000016
0
LINE
8
BLACK
6
CONTINUOUS
10
109.9516489999999891
20
-81.3203400000000016
11
110.0984830000000017
21
-81.4109079999999921
0
LINE
8
BLACK
6
CONTINUOUS
10
110.0984830000000017
20
-81.4109079999999921
11
110.2622459999999904
21
-81.4651739999999904
0
LINE
8
BLACK
6
CONTINUOUS
10
110.2622459999999904
20
-81.4651739999999904
11
110.3633219999999966
21
-81.4754999999999967
0
LINE
8
BLACK
6
CONTINUOUS
10
110.3633219999999966
20
-81.4754999999999967
11
110.9616749999999996
21
-81.4754989999999992
0
LINE
8
BLACK
6
CONTINUOUS
10
110.9616749999999996
20
-81.4754989999999992
11
110.9616829999999936
21
-81.4754980000000018
0
LINE
8
BLACK
6
CONTINUOUS
10
110.9616829999999936
20
-81.4754980000000018
11
110.9616860000000003
21
-81.4754980000000018
0
LINE
8
BLACK
6
CONTINUOUS
10
110.9616860000000003
20
-81.4754980000000018
11
111.0170289999999937
21
-81.4698439999999948
0
LINE
8
BLACK
6
CONTINUOUS
10
111.0170289999999937
20
-81.4698439999999948
11
111.062751999999989
21
-81.4651739999999904
0
LINE
8
BLACK
6
CONTINUOUS
10
111.062751999999989
20
-81.4651739999999904
11
111.1257699999999886
21
-81.4442909999999927
0
LINE
8
BLACK
6
CONTINUOUS
10
111.1257699999999886
20
-81.4442909999999927
11
111.1647729999999967
21
-81.4379979999999932
0
LINE
8
BLACK
6
CONTINUOUS
10
111.1647729999999967
20
-81.4379979999999932
11
111.5590169999999972
21
-81.4379979999999932
0
LINE
8
BLACK
6
CONTINUOUS
10
111.5590169999999972
20
-81.4379979999999932
11
111.6260559999999913
21
-81.4576830000000029
0
LINE
8
BLACK
6
CONTINUOUS
10
111.6260559999999913
20
-81.4576830000000029
11
111.6718109999999911
21
-81.5104869999999977
0
LINE
8
BLACK
6
CONTINUOUS
10
111.6718109999999911
20
-81.5104869999999977
11
111.6817549999999954
21
-81.5796449999999993
0
LINE
8
BLACK
6
CONTINUOUS
10
111.6817549999999954
20
-81.5796449999999993
11
111.6645549999999929
21
-81.6270949999999971
0
LINE
8
BLACK
6
CONTINUOUS
10
111.6645549999999929
20
-81.6270949999999971
11
111.5895529999999951
21
-81.7486899999999963
0
LINE
8
BLACK
6
CONTINUOUS
10
111.5895529999999951
20
-81.7486899999999963
11
111.5895479999999935
21
-81.748700999999997
0
LINE
8
BLACK
6
CONTINUOUS
10
111.5895479999999935
20
-81.748700999999997
11
111.5353209999999962
21
-81.9123489999999919
0
LINE
8
BLACK
6
CONTINUOUS
10
111.5353209999999962
20
-81.9123489999999919
11
111.5250020000000006
21
-82.013346999999996
0
LINE
8
BLACK
6
CONTINUOUS
10
111.5250020000000006
20
-82.013346999999996
11
111.5250020000000006
21
-82.1125019999999921
0
LINE
8
BLACK
6
CONTINUOUS
10
111.5250020000000006
20
-82.1125019999999921
11
112.0250020000000006
21
-82.1125019999999921
0
LINE
8
BLACK
6
CONTINUOUS
10
112.0250020000000006
20
-82.1125019999999921
11
112.0250020000000006
21
-82.062501999999995
0
LINE
8
BLACK
6
CONTINUOUS
10
112.0250020000000006
20
-82.062501999999995
11
112.0430810000000008
21
-81.9716149999999999
0
LINE
8
BLACK
6
CONTINUOUS
10
112.0430810000000008
20
-81.9716149999999999
11
112.0945639999999912
21
-81.8945640000000026
0
LINE
8
BLACK
6
CONTINUOUS
10
112.0945639999999912
20
-81.8945640000000026
11
112.1716149999999885
21
-81.843080999999998
0
LINE
8
BLACK
6
CONTINUOUS
10
112.1716149999999885
20
-81.843080999999998
11
112.2625019999999978
21
-81.8250019999999978
0
LINE
8
BLACK
6
CONTINUOUS
10
112.2625019999999978
20
-81.8250019999999978
11
112.7375019999999921
21
-81.8250019999999978
0
LINE
8
BLACK
6
CONTINUOUS
10
112.7375019999999921
20
-81.8250019999999978
11
112.8283890000000014
21
-81.843080999999998
0
LINE
8
BLACK
6
CONTINUOUS
10
112.8283890000000014
20
-81.843080999999998
11
112.9054399999999987
21
-81.8945640000000026
0
LINE
8
BLACK
6
CONTINUOUS
10
112.9054399999999987
20
-81.8945640000000026
11
112.9569229999999891
21
-81.9716149999999999
0
LINE
8
BLACK
6
CONTINUOUS
10
112.9569229999999891
20
-81.9716149999999999
11
112.9750019999999893
21
-82.062501999999995
0
LINE
8
BLACK
6
CONTINUOUS
10
112.9750019999999893
20
-82.062501999999995
11
112.9750019999999893
21
-82.1125019999999921
0
LINE
8
BLACK
6
CONTINUOUS
10
112.9750019999999893
20
-82.1125019999999921
11
113.4750009999999918
21
-82.1125019999999921
0
LINE
8
BLACK
6
CONTINUOUS
10
113.4750009999999918
20
-82.1125019999999921
11
113.4750009999999918
21
-82.0133620000000008
0
LINE
8
BLACK
6
CONTINUOUS
10
113.4750009999999918
20
-82.0133620000000008
11
113.4749999999999943
21
-82.013346999999996
0
LINE
8
BLACK
6
CONTINUOUS
10
113.4749999999999943
20
-82.013346999999996
11
113.4646819999999963
21
-81.9123489999999919
0
LINE
8
BLACK
6
CONTINUOUS
10
113.4646819999999963
20
-81.9123489999999919
11
113.4104549999999989
21
-81.748700999999997
0
LINE
8
BLACK
6
CONTINUOUS
10
113.4104549999999989
20
-81.748700999999997
11
113.4104499999999973
21
-81.7486899999999963
0
LINE
8
BLACK
6
CONTINUOUS
10
113.4104499999999973
20
-81.7486899999999963
11
113.335448999999997
21
-81.6270949999999971
0
LINE
8
BLACK
6
CONTINUOUS
10
113.335448999999997
20
-81.6270949999999971
11
113.3170080000000013
21
-81.559702999999999
0
LINE
8
BLACK
6
CONTINUOUS
10
113.3170080000000013
20
-81.559702999999999
11
113.3379300000000001
21
-81.493038999999996
0
LINE
8
BLACK
6
CONTINUOUS
10
113.3379300000000001
20
-81.493038999999996
11
113.3915719999999965
21
-81.4482689999999963
0
LINE
8
BLACK
6
CONTINUOUS
10
113.3915719999999965
20
-81.4482689999999963
11
113.4409869999999927
21
-81.4379979999999932
0
LINE
8
BLACK
6
CONTINUOUS
10
113.4409869999999927
20
-81.4379979999999932
11
114.7545579999999887
21
-81.4379979999999932
0
LINE
8
BLACK
6
CONTINUOUS
10
114.7545579999999887
20
-81.4379979999999932
11
114.821596999999997
21
-81.4576830000000029
0
LINE
8
BLACK
6
CONTINUOUS
10
114.821596999999997
20
-81.4576830000000029
11
114.8422389999999922
21
-81.4743169999999992
0
LINE
8
BLACK
6
CONTINUOUS
10
114.8422389999999922
20
-81.4743169999999992
11
116.4956099999999992
21
-83.127687999999992
0
LINE
8
BLACK
6
CONTINUOUS
10
116.4956099999999992
20
-83.127687999999992
11
116.5290949999999981
21
-83.1890109999999936
0
LINE
8
BLACK
6
CONTINUOUS
10
116.5290949999999981
20
-83.1890109999999936
11
116.5241109999999907
21
-83.258702999999997
0
LINE
8
BLACK
6
CONTINUOUS
10
116.5241109999999907
20
-83.258702999999997
11
116.4822389999999928
21
-83.314635999999993
0
LINE
8
BLACK
6
CONTINUOUS
10
116.4822389999999928
20
-83.314635999999993
11
116.4167750000000012
21
-83.3390529999999927
0
LINE
8
BLACK
6
CONTINUOUS
10
116.4167750000000012
20
-83.3390529999999927
11
116.3485019999999963
21
-83.3242010000000022
0
LINE
8
BLACK
6
CONTINUOUS
10
116.3485019999999963
20
-83.3242010000000022
11
116.3459289999999982
21
-83.3227559999999983
0
LINE
8
BLACK
6
CONTINUOUS
10
116.3459289999999982
20
-83.3227559999999983
11
116.1366999999999905
21
-83.2019579999999905
0
LINE
8
BLACK
6
CONTINUOUS
10
116.1366999999999905
20
-83.2019579999999905
11
116.1366900000000015
21
-83.2019530000000032
0
LINE
8
BLACK
6
CONTINUOUS
10
116.1366900000000015
20
-83.2019530000000032
11
115.8944279999999907
21
-83.1016049999999922
0
LINE
8
BLACK
6
CONTINUOUS
10
115.8944279999999907
20
-83.1016049999999922
11
115.8944209999999941
21
-83.1016029999999972
0
LINE
8
BLACK
6
CONTINUOUS
10
115.8944209999999941
20
-83.1016029999999972
11
115.8944189999999992
21
-83.1016019999999997
0
LINE
8
BLACK
6
CONTINUOUS
10
115.8944189999999992
20
-83.1016019999999997
11
115.6411159999999967
21
-83.0337299999999914
0
LINE
8
BLACK
6
CONTINUOUS
10
115.6411159999999967
20
-83.0337299999999914
11
115.5833389999999952
21
-83.0261229999999983
0
LINE
8
BLACK
6
CONTINUOUS
10
115.5833389999999952
20
-83.0261229999999983
11
115.3811269999999922
21
-82.9994999999999976
0
LINE
8
BLACK
6
CONTINUOUS
10
115.3811269999999922
20
-82.9994999999999976
11
115.3811199999999957
21
-82.9994999999999976
0
LINE
8
BLACK
6
CONTINUOUS
10
115.3811199999999957
20
-82.9994999999999976
11
115.1188799999999901
21
-82.9994999999999976
0
LINE
8
BLACK
6
CONTINUOUS
10
115.1188799999999901
20
-82.9994999999999976
11
115.1188719999999961
21
-82.9994999999999976
0
LINE
8
BLACK
6
CONTINUOUS
10
115.1188719999999961
20
-82.9994999999999976
11
114.8994819999999919
21
-83.0283850000000001
0
LINE
8
BLACK
6
CONTINUOUS
10
114.8994819999999919
20
-83.0283850000000001
11
114.8588839999999891
21
-83.0337299999999914
0
LINE
8
BLACK
6
CONTINUOUS
10
114.8588839999999891
20
-83.0337299999999914
11
114.6547549999999944
21
-83.0884259999999983
0
LINE
8
BLACK
6
CONTINUOUS
10
114.6547549999999944
20
-83.0884259999999983
11
114.6055810000000008
21
-83.1016019999999997
0
LINE
8
BLACK
6
CONTINUOUS
10
114.6055810000000008
20
-83.1016019999999997
11
114.6055709999999976
21
-83.1016049999999922
0
LINE
8
BLACK
6
CONTINUOUS
10
114.6055709999999976
20
-83.1016049999999922
11
114.363309000000001
21
-83.2019530000000032
0
LINE
8
BLACK
6
CONTINUOUS
10
114.363309000000001
20
-83.2019530000000032
11
114.3632989999999978
21
-83.2019579999999905
0
LINE
8
BLACK
6
CONTINUOUS
10
114.3632989999999978
20
-83.2019579999999905
11
114.1361959999999982
21
-83.3330749999999938
0
LINE
8
BLACK
6
CONTINUOUS
10
114.1361959999999982
20
-83.3330749999999938
11
113.9281479999999931
21
-83.4927179999999964
0
LINE
8
BLACK
6
CONTINUOUS
10
113.9281479999999931
20
-83.4927179999999964
11
113.7427179999999964
21
-83.6781479999999931
0
LINE
8
BLACK
6
CONTINUOUS
10
113.7427179999999964
20
-83.6781479999999931
11
113.5830749999999938
21
-83.8861959999999982
0
LINE
8
BLACK
6
CONTINUOUS
10
113.5830749999999938
20
-83.8861959999999982
11
113.4519579999999905
21
-84.1132989999999978
0
LINE
8
BLACK
6
CONTINUOUS
10
113.4519579999999905
20
-84.1132989999999978
11
113.4519529999999889
21
-84.113309000000001
0
LINE
8
BLACK
6
CONTINUOUS
10
113.4519529999999889
20
-84.113309000000001
11
113.3516049999999922
21
-84.3555709999999976
0
LINE
8
BLACK
6
CONTINUOUS
10
113.3516049999999922
20
-84.3555709999999976
11
113.3516019999999997
21
-84.3555810000000008
0
LINE
8
BLACK
6
CONTINUOUS
10
113.3516019999999997
20
-84.3555810000000008
11
113.2837299999999914
21
-84.6088839999999891
0
LINE
8
BLACK
6
CONTINUOUS
10
113.2837299999999914
20
-84.6088839999999891
11
113.2837159999999983
21
-84.6089899999999915
0
LINE
8
BLACK
6
CONTINUOUS
10
113.2837159999999983
20
-84.6089899999999915
11
113.2494999999999976
21
-84.8688719999999961
0
LINE
8
BLACK
6
CONTINUOUS
10
113.2494999999999976
20
-84.8688719999999961
11
113.2494999999999976
21
-85.1311269999999922
0
LINE
8
BLACK
6
CONTINUOUS
10
113.2494999999999976
20
-85.1311269999999922
11
113.2610389999999967
21
-85.2187669999999997
0
LINE
8
BLACK
6
CONTINUOUS
10
113.2610389999999967
20
-85.2187669999999997
11
113.2837299999999914
21
-85.3911159999999967
0
LINE
8
BLACK
6
CONTINUOUS
10
113.2837299999999914
20
-85.3911159999999967
11
113.3350279999999941
21
-85.5825629999999933
0
LINE
8
BLACK
6
CONTINUOUS
10
113.3350279999999941
20
-85.5825629999999933
11
113.3516019999999997
21
-85.6444180000000017
0
LINE
8
BLACK
6
CONTINUOUS
10
113.3516019999999997
20
-85.6444180000000017
11
113.3516049999999922
21
-85.6444279999999907
0
LINE
8
BLACK
6
CONTINUOUS
10
113.3516049999999922
20
-85.6444279999999907
11
113.4519529999999889
21
-85.8866900000000015
0
LINE
8
BLACK
6
CONTINUOUS
10
113.4519529999999889
20
-85.8866900000000015
11
113.4519579999999905
21
-85.8866999999999905
0
LINE
8
BLACK
6
CONTINUOUS
10
113.4519579999999905
20
-85.8866999999999905
11
113.5830749999999938
21
-86.1138029999999901
0
LINE
8
BLACK
6
CONTINUOUS
10
113.5830749999999938
20
-86.1138029999999901
11
113.7427179999999964
21
-86.3218509999999952
0
LINE
8
BLACK
6
CONTINUOUS
10
113.7427179999999964
20
-86.3218509999999952
11
113.7427259999999904
21
-86.3218600000000009
0
LINE
8
BLACK
6
CONTINUOUS
10
113.7427259999999904
20
-86.3218600000000009
11
113.9281399999999991
21
-86.5072739999999953
0
LINE
8
BLACK
6
CONTINUOUS
10
113.9281399999999991
20
-86.5072739999999953
11
113.9281479999999931
21
-86.5072809999999919
0
LINE
8
BLACK
6
CONTINUOUS
10
113.9281479999999931
20
-86.5072809999999919
11
114.1361959999999982
21
-86.6669239999999945
0
LINE
8
BLACK
6
CONTINUOUS
10
114.1361959999999982
20
-86.6669239999999945
11
114.3632989999999978
21
-86.7980409999999978
0
LINE
8
BLACK
6
CONTINUOUS
10
114.3632989999999978
20
-86.7980409999999978
11
114.363309000000001
21
-86.7980459999999994
0
LINE
8
BLACK
6
CONTINUOUS
10
114.363309000000001
20
-86.7980459999999994
11
114.6055709999999976
21
-86.8983939999999961
0
LINE
8
BLACK
6
CONTINUOUS
10
114.6055709999999976
20
-86.8983939999999961
11
114.6055810000000008
21
-86.8983980000000003
0
LINE
8
BLACK
6
CONTINUOUS
10
114.6055810000000008
20
-86.8983980000000003
11
114.8588839999999891
21
-86.9662699999999944
0
LINE
8
BLACK
6
CONTINUOUS
10
114.8588839999999891
20
-86.9662699999999944
11
115.1071879999999936
21
-86.9989599999999967
0
LINE
8
BLACK
6
CONTINUOUS
10
115.1071879999999936
20
-86.9989599999999967
11
115.1150739999999928
21
-86.9999990000000025
0
LINE
8
BLACK
6
CONTINUOUS
10
115.1150739999999928
20
-86.9999990000000025
11
115.1188799999999901
21
-87.0005000000000024
0
LINE
8
BLACK
6
CONTINUOUS
10
115.1188799999999901
20
-87.0005000000000024
11
115.1188870000000009
21
-87.0005000000000024
0
LINE
8
BLACK
6
CONTINUOUS
10
115.1188870000000009
20
-87.0005000000000024
11
115.3811129999999991
21
-87.0005000000000024
0
LINE
8
BLACK
6
CONTINUOUS
10
115.3811129999999991
20
-87.0005000000000024
11
115.3811199999999957
21
-87.0005000000000024
0
LINE
8
BLACK
6
CONTINUOUS
10
115.3811199999999957
20
-87.0005000000000024
11
115.6411159999999967
21
-86.9662699999999944
0
LINE
8
BLACK
6
CONTINUOUS
10
115.6411159999999967
20
-86.9662699999999944
11
115.8944189999999992
21
-86.8983980000000003
0
LINE
8
BLACK
6
CONTINUOUS
10
115.8944189999999992
20
-86.8983980000000003
11
116.1366969999999981
21
-86.7980429999999927
0
LINE
8
BLACK
6
CONTINUOUS
10
116.1366969999999981
20
-86.7980429999999927
11
116.3638029999999901
21
-86.6669239999999945
0
LINE
8
BLACK
6
CONTINUOUS
10
116.3638029999999901
20
-86.6669239999999945
11
116.5718509999999952
21
-86.5072819999999894
0
LINE
8
BLACK
6
CONTINUOUS
10
116.5718509999999952
20
-86.5072819999999894
11
116.5718549999999993
21
-86.507277000000002
0
LINE
8
BLACK
6
CONTINUOUS
10
116.5718549999999993
20
-86.507277000000002
11
116.5718600000000009
21
-86.5072739999999953
0
LINE
8
BLACK
6
CONTINUOUS
10
116.5718600000000009
20
-86.5072739999999953
11
116.7378190000000018
21
-86.3413149999999945
0
LINE
8
BLACK
6
CONTINUOUS
10
116.7378190000000018
20
-86.3413149999999945
11
116.7991419999999891
21
-86.3078299999999956
0
LINE
8
BLACK
6
CONTINUOUS
10
116.7991419999999891
20
-86.3078299999999956
11
116.8688339999999926
21
-86.312814000000003
0
LINE
8
BLACK
6
CONTINUOUS
10
116.8688339999999926
20
-86.312814000000003
11
116.9247669999999886
21
-86.3546860000000009
0
LINE
8
BLACK
6
CONTINUOUS
10
116.9247669999999886
20
-86.3546860000000009
11
116.9491839999999883
21
-86.4201499999999925
0
LINE
8
BLACK
6
CONTINUOUS
10
116.9491839999999883
20
-86.4201499999999925
11
116.9495000000000005
21
-86.4289959999999979
0
LINE
8
BLACK
6
CONTINUOUS
10
116.9495000000000005
20
-86.4289959999999979
11
116.9495000000000005
21
-87.1170589999999976
0
LINE
8
BLACK
6
CONTINUOUS
10
116.9495000000000005
20
-87.1170589999999976
11
116.9298149999999907
21
-87.1840979999999917
0
LINE
8
BLACK
6
CONTINUOUS
10
116.9298149999999907
20
-87.1840979999999917
11
116.9131809999999945
21
-87.204740000000001
0
LINE
8
BLACK
6
CONTINUOUS
10
116.9131809999999945
20
-87.204740000000001
11
116.0392009999999914
21
-88.0787189999999924
0
LINE
8
BLACK
6
CONTINUOUS
10
116.0392009999999914
20
-88.0787189999999924
11
115.9778779999999898
21
-88.1122039999999913
0
LINE
8
BLACK
6
CONTINUOUS
10
115.9778779999999898
20
-88.1122039999999913
11
115.9081860000000006
21
-88.1072199999999981
0
LINE
8
BLACK
6
CONTINUOUS
10
115.9081860000000006
20
-88.1072199999999981
11
115.9040859999999924
21
-88.1056059999999945
0
LINE
8
BLACK
6
CONTINUOUS
10
115.9040859999999924
20
-88.1056059999999945
11
115.8998950000000008
21
-88.1038700000000006
0
LINE
8
BLACK
6
CONTINUOUS
10
115.8998950000000008
20
-88.1038700000000006
11
115.8944180000000017
21
-88.1016010000000023
0
LINE
8
BLACK
6
CONTINUOUS
10
115.8944180000000017
20
-88.1016010000000023
11
115.7481719999999967
21
-88.0624150000000014
0
LINE
8
BLACK
6
CONTINUOUS
10
115.7481719999999967
20
-88.0624150000000014
11
115.6411159999999967
21
-88.0337299999999914
0
LINE
8
BLACK
6
CONTINUOUS
10
115.6411159999999967
20
-88.0337299999999914
11
115.5833389999999952
21
-88.0261229999999983
0
LINE
8
BLACK
6
CONTINUOUS
10
115.5833389999999952
20
-88.0261229999999983
11
115.3811269999999922
21
-87.9994999999999976
0
LINE
8
BLACK
6
CONTINUOUS
10
115.3811269999999922
20
-87.9994999999999976
11
115.3811199999999957
21
-87.9994999999999976
0
LINE
8
BLACK
6
CONTINUOUS
10
115.3811199999999957
20
-87.9994999999999976
11
115.1188799999999901
21
-87.9994999999999976
0
LINE
8
BLACK
6
CONTINUOUS
10
115.1188799999999901
20
-87.9994999999999976
11
115.1188719999999961
21
-87.9994999999999976
0
LINE
8
BLACK
6
CONTINUOUS
10
115.1188719999999961
20
-87.9994999999999976
11
114.8877719999999982
21
-88.029925999999989
0
LINE
8
BLACK
6
CONTINUOUS
10
114.8877719999999982
20
-88.029925999999989
11
114.8588839999999891
21
-88.0337299999999914
0
LINE
8
BLACK
6
CONTINUOUS
10
114.8588839999999891
20
-88.0337299999999914
11
114.6909819999999911
21
-88.0787189999999924
0
LINE
8
BLACK
6
CONTINUOUS
10
114.6909819999999911
20
-88.0787189999999924
11
114.6055810000000008
21
-88.1016019999999997
0
LINE
8
BLACK
6
CONTINUOUS
10
114.6055810000000008
20
-88.1016019999999997
11
114.6055709999999976
21
-88.1016049999999922
0
LINE
8
BLACK
6
CONTINUOUS
10
114.6055709999999976
20
-88.1016049999999922
11
114.363309000000001
21
-88.2019529999999889
0
LINE
8
BLACK
6
CONTINUOUS
10
114.363309000000001
20
-88.2019529999999889
11
114.3632989999999978
21
-88.2019579999999905
0
LINE
8
BLACK
6
CONTINUOUS
10
114.3632989999999978
20
-88.2019579999999905
11
114.1361959999999982
21
-88.3330749999999938
0
LINE
8
BLACK
6
CONTINUOUS
10
114.1361959999999982
20
-88.3330749999999938
11
113.9281479999999931
21
-88.4927179999999964
0
LINE
8
BLACK
6
CONTINUOUS
10
113.9281479999999931
20
-88.4927179999999964
11
113.7427179999999964
21
-88.6781479999999931
0
LINE
8
BLACK
6
CONTINUOUS
10
113.7427179999999964
20
-88.6781479999999931
11
113.5830749999999938
21
-88.8861959999999982
0
LINE
8
BLACK
6
CONTINUOUS
10
113.5830749999999938
20
-88.8861959999999982
11
113.4519579999999905
21
-89.1132989999999978
0
LINE
8
BLACK
6
CONTINUOUS
10
113.4519579999999905
20
-89.1132989999999978
11
113.4519529999999889
21
-89.113309000000001
0
LINE
8
BLACK
6
CONTINUOUS
10
113.4519529999999889
20
-89.113309000000001
11
113.3516049999999922
21
-89.3555709999999976
0
LINE
8
BLACK
6
CONTINUOUS
10
113.3516049999999922
20
-89.3555709999999976
11
113.3516019999999997
21
-89.3555810000000008
0
LINE
8
BLACK
6
CONTINUOUS
10
113.3516019999999997
20
-89.3555810000000008
11
113.2837299999999914
21
-89.6088850000000008
0
LINE
8
BLACK
6
CONTINUOUS
10
113.2837299999999914
20
-89.6088850000000008
11
113.2494999999999976
21
-89.8688719999999961
0
LINE
8
BLACK
6
CONTINUOUS
10
113.2494999999999976
20
-89.8688719999999961
11
113.2494999999999976
21
-90.1311269999999922
0
LINE
8
BLACK
6
CONTINUOUS
10
113.2494999999999976
20
-90.1311269999999922
11
113.2761229999999983
21
-90.3333389999999952
0
LINE
8
BLACK
6
CONTINUOUS
10
113.2761229999999983
20
-90.3333389999999952
11
113.2837299999999914
21
-90.3911159999999967
0
LINE
8
BLACK
6
CONTINUOUS
10
113.2837299999999914
20
-90.3911159999999967
11
113.3516019999999997
21
-90.6444180000000017
0
LINE
8
BLACK
6
CONTINUOUS
10
113.3516019999999997
20
-90.6444180000000017
11
113.3516049999999922
21
-90.6444279999999907
0
LINE
8
BLACK
6
CONTINUOUS
10
113.3516049999999922
20
-90.6444279999999907
11
113.4519529999999889
21
-90.8866900000000015
0
LINE
8
BLACK
6
CONTINUOUS
10
113.4519529999999889
20
-90.8866900000000015
11
113.4519579999999905
21
-90.8866999999999905
0
LINE
8
BLACK
6
CONTINUOUS
10
113.4519579999999905
20
-90.8866999999999905
11
113.5727569999999957
21
-91.0959309999999931
0
LINE
8
BLACK
6
CONTINUOUS
10
113.5727569999999957
20
-91.0959309999999931
11
113.5892300000000006
21
-91.1638319999999993
0
LINE
8
BLACK
6
CONTINUOUS
10
113.5892300000000006
20
-91.1638319999999993
11
113.5663769999999886
21
-91.2298589999999905
0
LINE
8
BLACK
6
CONTINUOUS
10
113.5663769999999886
20
-91.2298589999999905
11
113.5114559999999955
21
-91.2730490000000003
0
LINE
8
BLACK
6
CONTINUOUS
10
113.5114559999999955
20
-91.2730490000000003
11
113.4419019999999989
21
-91.2796900000000022
0
LINE
8
BLACK
6
CONTINUOUS
10
113.4419019999999989
20
-91.2796900000000022
11
113.3797999999999888
21
-91.2476739999999893
0
LINE
8
BLACK
6
CONTINUOUS
10
113.3797999999999888
20
-91.2476739999999893
11
113.3776889999999895
21
-91.2456119999999942
0
LINE
8
BLACK
6
CONTINUOUS
10
113.3776889999999895
20
-91.2456119999999942
11
112.9212799999999959
21
-90.7892030000000005
0
LINE
8
BLACK
6
CONTINUOUS
10
112.9212799999999959
20
-90.7892030000000005
11
112.887794999999997
21
-90.727879999999999
0
LINE
8
BLACK
6
CONTINUOUS
10
112.887794999999997
20
-90.727879999999999
11
112.8927789999999902
21
-90.6581879999999956
0
LINE
8
BLACK
6
CONTINUOUS
10
112.8927789999999902
20
-90.6581879999999956
11
112.8944019999999995
21
-90.6540650000000028
0
LINE
8
BLACK
6
CONTINUOUS
10
112.8944019999999995
20
-90.6540650000000028
11
112.8983980000000003
21
-90.6444189999999992
0
LINE
8
BLACK
6
CONTINUOUS
10
112.8983980000000003
20
-90.6444189999999992
11
112.9662699999999944
21
-90.3911159999999967
0
LINE
8
BLACK
6
CONTINUOUS
10
112.9662699999999944
20
-90.3911159999999967
11
113.0004999999999882
21
-90.1311199999999957
0
LINE
8
BLACK
6
CONTINUOUS
10
113.0004999999999882
20
-90.1311199999999957
11
113.0004999999999882
21
-89.8688799999999901
0
LINE
8
BLACK
6
CONTINUOUS
10
113.0004999999999882
20
-89.8688799999999901
11
112.9662699999999944
21
-89.6088839999999891
0
LINE
8
BLACK
6
CONTINUOUS
10
112.9662699999999944
20
-89.6088839999999891
11
112.8983980000000003
21
-89.3555810000000008
0
LINE
8
BLACK
6
CONTINUOUS
10
112.8983980000000003
20
-89.3555810000000008
11
112.8944009999999878
21
-89.3459309999999931
0
LINE
8
BLACK
6
CONTINUOUS
10
112.8944009999999878
20
-89.3459309999999931
11
112.7980459999999994
21
-89.113309000000001
0
LINE
8
BLACK
6
CONTINUOUS
10
112.7980459999999994
20
-89.113309000000001
11
112.7980409999999978
21
-89.1132989999999978
0
LINE
8
BLACK
6
CONTINUOUS
10
112.7980409999999978
20
-89.1132989999999978
11
112.6669239999999945
21
-88.8861959999999982
0
LINE
8
BLACK
6
CONTINUOUS
10
112.6669239999999945
20
-88.8861959999999982
11
112.5072809999999919
21
-88.6781479999999931
0
LINE
8
BLACK
6
CONTINUOUS
10
112.5072809999999919
20
-88.6781479999999931
11
112.5072739999999953
21
-88.6781399999999991
0
LINE
8
BLACK
6
CONTINUOUS
10
112.5072739999999953
20
-88.6781399999999991
11
112.3218600000000009
21
-88.4927259999999904
0
LINE
8
BLACK
6
CONTINUOUS
10
112.3218600000000009
20
-88.4927259999999904
11
112.3218509999999952
21
-88.4927179999999964
0
LINE
8
BLACK
6
CONTINUOUS
10
112.3218509999999952
20
-88.4927179999999964
11
112.1138029999999901
21
-88.3330749999999938
0
LINE
8
BLACK
6
CONTINUOUS
10
112.1138029999999901
20
-88.3330749999999938
11
111.8866999999999905
21
-88.2019579999999905
0
LINE
8
BLACK
6
CONTINUOUS
10
111.8866999999999905
20
-88.2019579999999905
11
111.8866900000000015
21
-88.2019529999999889
0
LINE
8
BLACK
6
CONTINUOUS
10
111.8866900000000015
20
-88.2019529999999889
11
111.6444279999999907
21
-88.1016049999999922
0
LINE
8
BLACK
6
CONTINUOUS
10
111.6444279999999907
20
-88.1016049999999922
11
111.6444209999999941
21
-88.1016029999999972
0
LINE
8
BLACK
6
CONTINUOUS
10
111.6444209999999941
20
-88.1016029999999972
11
111.6444189999999992
21
-88.1016019999999997
0
LINE
8
BLACK
6
CONTINUOUS
10
111.6444189999999992
20
-88.1016019999999997
11
111.3911159999999967
21
-88.0337299999999914
0
LINE
8
BLACK
6
CONTINUOUS
10
111.3911159999999967
20
-88.0337299999999914
11
111.3333389999999952
21
-88.0261229999999983
0
LINE
8
BLACK
6
CONTINUOUS
10
111.3333389999999952
20
-88.0261229999999983
11
111.1311269999999922
21
-87.9994999999999976
0
LINE
8
BLACK
6
CONTINUOUS
10
111.1311269999999922
20
-87.9994999999999976
11
111.1311199999999957
21
-87.9994999999999976
0
LINE
8
BLACK
6
CONTINUOUS
10
111.1311199999999957
20
-87.9994999999999976
11
110.8688799999999901
21
-87.9994999999999976
0
LINE
8
BLACK
6
CONTINUOUS
10
110.8688799999999901
20
-87.9994999999999976
11
110.8688719999999961
21
-87.9994999999999976
0
LINE
8
BLACK
6
CONTINUOUS
10
110.8688719999999961
20
-87.9994999999999976
11
110.6377719999999982
21
-88.029925999999989
0
LINE
8
BLACK
6
CONTINUOUS
10
110.6377719999999982
20
-88.029925999999989
11
110.6088839999999891
21
-88.0337299999999914
0
LINE
8
BLACK
6
CONTINUOUS
10
110.6088839999999891
20
-88.0337299999999914
11
110.4409819999999911
21
-88.0787189999999924
0
LINE
8
BLACK
6
CONTINUOUS
10
110.4409819999999911
20
-88.0787189999999924
11
110.3555810000000008
21
-88.1016019999999997
0
LINE
8
BLACK
6
CONTINUOUS
10
110.3555810000000008
20
-88.1016019999999997
11
110.3555709999999976
21
-88.1016049999999922
0
LINE
8
BLACK
6
CONTINUOUS
10
110.3555709999999976
20
-88.1016049999999922
11
110.113309000000001
21
-88.2019529999999889
0
LINE
8
BLACK
6
CONTINUOUS
10
110.113309000000001
20
-88.2019529999999889
11
110.1132989999999978
21
-88.2019579999999905
0
LINE
8
BLACK
6
CONTINUOUS
10
110.1132989999999978
20
-88.2019579999999905
11
109.8861959999999982
21
-88.3330749999999938
0
LINE
8
BLACK
6
CONTINUOUS
10
109.8861959999999982
20
-88.3330749999999938
11
109.6781479999999931
21
-88.4927179999999964
0
LINE
8
BLACK
6
CONTINUOUS
10
109.6781479999999931
20
-88.4927179999999964
11
109.4927179999999964
21
-88.6781479999999931
0
LINE
8
BLACK
6
CONTINUOUS
10
109.4927179999999964
20
-88.6781479999999931
11
109.3330749999999938
21
-88.8861959999999982
0
LINE
8
BLACK
6
CONTINUOUS
10
109.3330749999999938
20
-88.8861959999999982
11
109.2019579999999905
21
-89.1132989999999978
0
LINE
8
BLACK
6
CONTINUOUS
10
109.2019579999999905
20
-89.1132989999999978
11
109.2019529999999889
21
-89.113309000000001
0
LINE
8
BLACK
6
CONTINUOUS
10
109.2019529999999889
20
-89.113309000000001
11
109.1016049999999922
21
-89.3555709999999976
0
LINE
8
BLACK
6
CONTINUOUS
10
109.1016049999999922
20
-89.3555709999999976
11
109.1016019999999997
21
-89.3555810000000008
0
LINE
8
BLACK
6
CONTINUOUS
10
109.1016019999999997
20
-89.3555810000000008
11
109.0337299999999914
21
-89.6088850000000008
0
LINE
8
BLACK
6
CONTINUOUS
10
109.0337299999999914
20
-89.6088850000000008
11
108.9994999999999976
21
-89.8688719999999961
0
LINE
8
BLACK
6
CONTINUOUS
10
108.9994999999999976
20
-89.8688719999999961
11
108.9994999999999976
21
-90.1311269999999922
0
LINE
8
BLACK
6
CONTINUOUS
10
108.9994999999999976
20
-90.1311269999999922
11
109.0261229999999983
21
-90.3333389999999952
0
LINE
8
BLACK
6
CONTINUOUS
10
109.0261229999999983
20
-90.3333389999999952
11
109.0337299999999914
21
-90.3911159999999967
0
LINE
8
BLACK
6
CONTINUOUS
10
109.0337299999999914
20
-90.3911159999999967
11
109.1016019999999997
21
-90.6444180000000017
0
LINE
8
BLACK
6
CONTINUOUS
10
109.1016019999999997
20
-90.6444180000000017
11
109.1016049999999922
21
-90.6444279999999907
0
LINE
8
BLACK
6
CONTINUOUS
10
109.1016049999999922
20
-90.6444279999999907
11
109.2019529999999889
21
-90.8866900000000015
0
LINE
8
BLACK
6
CONTINUOUS
10
109.2019529999999889
20
-90.8866900000000015
11
109.2019579999999905
21
-90.8866999999999905
0
LINE
8
BLACK
6
CONTINUOUS
10
109.2019579999999905
20
-90.8866999999999905
11
109.3330749999999938
21
-91.1138029999999901
0
LINE
8
BLACK
6
CONTINUOUS
10
109.3330749999999938
20
-91.1138029999999901
11
109.4927179999999964
21
-91.3218509999999952
0
LINE
8
BLACK
6
CONTINUOUS
10
109.4927179999999964
20
-91.3218509999999952
11
109.4927259999999904
21
-91.3218600000000009
0
LINE
8
BLACK
6
CONTINUOUS
10
109.4927259999999904
20
-91.3218600000000009
11
109.6781399999999991
21
-91.5072739999999953
0
LINE
8
BLACK
6
CONTINUOUS
10
109.6781399999999991
20
-91.5072739999999953
11
109.6781479999999931
21
-91.5072809999999919
0
LINE
8
BLACK
6
CONTINUOUS
10
109.6781479999999931
20
-91.5072809999999919
11
109.8861959999999982
21
-91.6669239999999945
0
LINE
8
BLACK
6
CONTINUOUS
10
109.8861959999999982
20
-91.6669239999999945
11
110.1132989999999978
21
-91.7980409999999978
0
LINE
8
BLACK
6
CONTINUOUS
10
110.1132989999999978
20
-91.7980409999999978
11
110.113309000000001
21
-91.7980459999999994
0
LINE
8
BLACK
6
CONTINUOUS
10
110.113309000000001
20
-91.7980459999999994
11
110.3555709999999976
21
-91.8983939999999961
0
LINE
8
BLACK
6
CONTINUOUS
10
110.3555709999999976
20
-91.8983939999999961
11
110.3555810000000008
21
-91.8983980000000003
0
LINE
8
BLACK
6
CONTINUOUS
10
110.3555810000000008
20
-91.8983980000000003
11
110.6088839999999891
21
-91.9662699999999944
0
LINE
8
BLACK
6
CONTINUOUS
10
110.6088839999999891
20
-91.9662699999999944
11
110.8688799999999901
21
-92.0005000000000024
0
LINE
8
BLACK
6
CONTINUOUS
10
110.8688799999999901
20
-92.0005000000000024
11
110.8688870000000009
21
-92.0005000000000024
0
LINE
8
BLACK
6
CONTINUOUS
10
110.8688870000000009
20
-92.0005000000000024
11
111.1311129999999991
21
-92.0005000000000024
0
LINE
8
BLACK
6
CONTINUOUS
10
111.1311129999999991
20
-92.0005000000000024
11
111.1311199999999957
21
-92.0005000000000024
0
LINE
8
BLACK
6
CONTINUOUS
10
111.1311199999999957
20
-92.0005000000000024
11
111.3911159999999967
21
-91.9662699999999944
0
LINE
8
BLACK
6
CONTINUOUS
10
111.3911159999999967
20
-91.9662699999999944
11
111.6444189999999992
21
-91.8983980000000003
0
LINE
8
BLACK
6
CONTINUOUS
10
111.6444189999999992
20
-91.8983980000000003
11
111.6540660000000003
21
-91.894401000000002
0
LINE
8
BLACK
6
CONTINUOUS
10
111.6540660000000003
20
-91.894401000000002
11
111.7235340000000008
21
-91.8869299999999924
0
LINE
8
BLACK
6
CONTINUOUS
10
111.7235340000000008
20
-91.8869299999999924
11
111.7860149999999919
21
-91.9182029999999912
0
LINE
8
BLACK
6
CONTINUOUS
10
111.7860149999999919
20
-91.9182029999999912
11
111.7892030000000005
21
-91.9212799999999959
0
LINE
8
BLACK
6
CONTINUOUS
10
111.7892030000000005
20
-91.9212799999999959
11
113.1238699999999966
21
-93.2559469999999919
0
LINE
8
BLACK
6
CONTINUOUS
10
113.1238699999999966
20
-93.2559469999999919
11
113.1238910000000004
21
-93.2559699999999907
0
LINE
8
BLACK
6
CONTINUOUS
10
113.1238910000000004
20
-93.2559699999999907
11
113.2397069999999957
21
-93.3717860000000002
0
LINE
8
BLACK
6
CONTINUOUS
10
113.2397069999999957
20
-93.3717860000000002
11
113.2397109999999998
21
-93.3717889999999926
0
LINE
8
BLACK
6
CONTINUOUS
10
113.2397109999999998
20
-93.3717889999999926
11
113.3708139999999958
21
-93.4593899999999991
0
LINE
8
BLACK
6
CONTINUOUS
10
113.3708139999999958
20
-93.4593899999999991
11
113.3708269999999914
21
-93.4593969999999956
0
LINE
8
BLACK
6
CONTINUOUS
10
113.3708269999999914
20
-93.4593969999999956
11
113.4676459999999878
21
-93.4994999999999976
0
LINE
8
BLACK
6
CONTINUOUS
10
113.4676459999999878
20
-93.4994999999999976
11
113.5165030000000002
21
-93.5197369999999921
0
LINE
8
BLACK
6
CONTINUOUS
10
113.5165030000000002
20
-93.5197369999999921
11
113.5165069999999901
21
-93.5197369999999921
0
LINE
8
BLACK
6
CONTINUOUS
10
113.5165069999999901
20
-93.5197369999999921
11
113.5165080000000017
21
-93.5197379999999896
0
LINE
8
BLACK
6
CONTINUOUS
10
113.5165080000000017
20
-93.5197379999999896
11
113.6711540000000014
21
-93.5504999999999995
0
LINE
8
BLACK
6
CONTINUOUS
10
113.6711540000000014
20
-93.5504999999999995
11
113.6711569999999938
21
-93.5504999999999995
0
LINE
8
BLACK
6
CONTINUOUS
10
113.6711569999999938
20
-93.5504999999999995
11
113.6711579999999913
21
-93.5504999999999995
0
LINE
8
BLACK
6
CONTINUOUS
10
113.6711579999999913
20
-93.5504999999999995
11
114.1628589999999974
21
-93.5504999999999995
0
LINE
8
BLACK
6
CONTINUOUS
10
114.1628589999999974
20
-93.5504999999999995
11
114.2298979999999915
21
-93.5701849999999951
0
LINE
8
BLACK
6
CONTINUOUS
10
114.2298979999999915
20
-93.5701849999999951
11
114.2756529999999913
21
-93.6229889999999898
0
LINE
8
BLACK
6
CONTINUOUS
10
114.2756529999999913
20
-93.6229889999999898
11
114.2855969999999957
21
-93.6921469999999914
0
LINE
8
BLACK
6
CONTINUOUS
10
114.2855969999999957
20
-93.6921469999999914
11
114.2565719999999914
21
-93.7557029999999969
0
LINE
8
BLACK
6
CONTINUOUS
10
114.2565719999999914
20
-93.7557029999999969
11
114.224858999999995
21
-93.7818869999999976
0
LINE
8
BLACK
6
CONTINUOUS
10
114.224858999999995
20
-93.7818869999999976
11
114.1361959999999982
21
-93.8330749999999938
0
LINE
8
BLACK
6
CONTINUOUS
10
114.1361959999999982
20
-93.8330749999999938
11
113.9281479999999931
21
-93.9927179999999964
0
LINE
8
BLACK
6
CONTINUOUS
10
113.9281479999999931
20
-93.9927179999999964
11
113.7427179999999964
21
-94.1781479999999931
0
LINE
8
BLACK
6
CONTINUOUS
10
113.7427179999999964
20
-94.1781479999999931
11
113.5830749999999938
21
-94.3861959999999982
0
LINE
8
BLACK
6
CONTINUOUS
10
113.5830749999999938
20
-94.3861959999999982
11
113.4519579999999905
21
-94.6132989999999978
0
LINE
8
BLACK
6
CONTINUOUS
10
113.4519579999999905
20
-94.6132989999999978
11
113.4519529999999889
21
-94.613309000000001
0
LINE
8
BLACK
6
CONTINUOUS
10
113.4519529999999889
20
-94.613309000000001
11
113.3516049999999922
21
-94.8555709999999976
0
LINE
8
BLACK
6
CONTINUOUS
10
113.3516049999999922
20
-94.8555709999999976
11
113.3516019999999997
21
-94.8555810000000008
0
LINE
8
BLACK
6
CONTINUOUS
10
113.3516019999999997
20
-94.8555810000000008
11
113.2922059999999931
21
-95.0772529999999989
0
LINE
8
BLACK
6
CONTINUOUS
10
113.2922059999999931
20
-95.0772529999999989
11
113.2837299999999914
21
-95.1088850000000008
0
LINE
8
BLACK
6
CONTINUOUS
10
113.2837299999999914
20
-95.1088850000000008
11
113.2494999999999976
21
-95.3688719999999961
0
LINE
8
BLACK
6
CONTINUOUS
10
113.2494999999999976
20
-95.3688719999999961
11
113.2494999999999976
21
-95.6311269999999922
0
LINE
8
BLACK
6
CONTINUOUS
10
113.2494999999999976
20
-95.6311269999999922
11
113.2761229999999983
21
-95.8333389999999952
0
LINE
8
BLACK
6
CONTINUOUS
10
113.2761229999999983
20
-95.8333389999999952
11
113.2837299999999914
21
-95.8911159999999967
0
LINE
8
BLACK
6
CONTINUOUS
10
113.2837299999999914
20
-95.8911159999999967
11
113.2963489999999922
21
-95.9382109999999955
0
LINE
8
BLACK
6
CONTINUOUS
10
113.2963489999999922
20
-95.9382109999999955
11
113.3516019999999997
21
-96.1444180000000017
0
LINE
8
BLACK
6
CONTINUOUS
10
113.3516019999999997
20
-96.1444180000000017
11
113.3516049999999922
21
-96.1444279999999907
0
LINE
8
BLACK
6
CONTINUOUS
10
113.3516049999999922
20
-96.1444279999999907
11
113.4519529999999889
21
-96.3866900000000015
0
LINE
8
BLACK
6
CONTINUOUS
10
113.4519529999999889
20
-96.3866900000000015
11
113.4519579999999905
21
-96.3866999999999905
0
LINE
8
BLACK
6
CONTINUOUS
10
113.4519579999999905
20
-96.3866999999999905
11
113.5830749999999938
21
-96.6138029999999901
0
LINE
8
BLACK
6
CONTINUOUS
10
113.5830749999999938
20
-96.6138029999999901
11
113.7427179999999964
21
-96.8218509999999952
0
LINE
8
BLACK
6
CONTINUOUS
10
113.7427179999999964
20
-96.8218509999999952
11
113.7427259999999904
21
-96.8218600000000009
0
LINE
8
BLACK
6
CONTINUOUS
10
113.7427259999999904
20
-96.8218600000000009
11
113.9281399999999991
21
-97.0072739999999953
0
LINE
8
BLACK
6
CONTINUOUS
10
113.9281399999999991
20
-97.0072739999999953
11
113.9281479999999931
21
-97.0072809999999919
0
LINE
8
BLACK
6
CONTINUOUS
10
113.9281479999999931
20
-97.0072809999999919
11
114.1361959999999982
21
-97.1669239999999945
0
LINE
8
BLACK
6
CONTINUOUS
10
114.1361959999999982
20
-97.1669239999999945
11
114.3114619999999917
21
-97.2681129999999996
0
LINE
8
BLACK
6
CONTINUOUS
10
114.3114619999999917
20
-97.2681129999999996
11
114.3596769999999907
21
-97.3186800000000005
0
LINE
8
BLACK
6
CONTINUOUS
10
114.3596769999999907
20
-97.3186800000000005
11
114.3729009999999988
21
-97.3872870000000006
0
LINE
8
BLACK
6
CONTINUOUS
10
114.3729009999999988
20
-97.3872870000000006
11
114.3469329999999928
21
-97.4521510000000006
0
LINE
8
BLACK
6
CONTINUOUS
10
114.3469329999999928
20
-97.4521510000000006
11
114.2900190000000009
21
-97.4926799999999929
0
LINE
8
BLACK
6
CONTINUOUS
10
114.2900190000000009
20
-97.4926799999999929
11
114.2494619999999941
21
-97.4994999999999976
0
LINE
8
BLACK
6
CONTINUOUS
10
114.2494619999999941
20
-97.4994999999999976
11
112.0005379999999917
21
-97.4994999999999976
0
LINE
8
BLACK
6
CONTINUOUS
10
112.0005379999999917
20
-97.4994999999999976
11
111.9334989999999976
21
-97.4798150000000021
0
LINE
8
BLACK
6
CONTINUOUS
10
111.9334989999999976
20
-97.4798150000000021
11
111.8877439999999979
21
-97.4270109999999931
0
LINE
8
BLACK
6
CONTINUOUS
10
111.8877439999999979
20
-97.4270109999999931
11
111.8777999999999935
21
-97.3578529999999915
0
LINE
8
BLACK
6
CONTINUOUS
10
111.8777999999999935
20
-97.3578529999999915
11
111.9068249999999978
21
-97.2942970000000003
0
LINE
8
BLACK
6
CONTINUOUS
10
111.9068249999999978
20
-97.2942970000000003
11
111.9385379999999941
21
-97.2681129999999996
0
LINE
8
BLACK
6
CONTINUOUS
10
111.9385379999999941
20
-97.2681129999999996
11
112.1138029999999901
21
-97.1669239999999945
0
LINE
8
BLACK
6
CONTINUOUS
10
112.1138029999999901
20
-97.1669239999999945
11
112.3218509999999952
21
-97.0072819999999894
0
LINE
8
BLACK
6
CONTINUOUS
10
112.3218509999999952
20
-97.0072819999999894
11
112.3218549999999993
21
-97.007277000000002
0
LINE
8
BLACK
6
CONTINUOUS
10
112.3218549999999993
20
-97.007277000000002
11
112.3218600000000009
21
-97.0072739999999953
0
LINE
8
BLACK
6
CONTINUOUS
10
112.3218600000000009
20
-97.0072739999999953
11
112.5072739999999953
21
-96.8218600000000009
0
LINE
8
BLACK
6
CONTINUOUS
10
112.5072739999999953
20
-96.8218600000000009
11
112.507277000000002
21
-96.8218549999999993
0
LINE
8
BLACK
6
CONTINUOUS
10
112.507277000000002
20
-96.8218549999999993
11
112.5072819999999894
21
-96.8218509999999952
0
LINE
8
BLACK
6
CONTINUOUS
10
112.5072819999999894
20
-96.8218509999999952
11
112.6669239999999945
21
-96.6138029999999901
0
LINE
8
BLACK
6
CONTINUOUS
10
112.6669239999999945
20
-96.6138029999999901
11
112.7980429999999927
21
-96.3866969999999981
0
LINE
8
BLACK
6
CONTINUOUS
10
112.7980429999999927
20
-96.3866969999999981
11
112.8983980000000003
21
-96.1444189999999992
0
LINE
8
BLACK
6
CONTINUOUS
10
112.8983980000000003
20
-96.1444189999999992
11
112.9662699999999944
21
-95.8911159999999967
0
LINE
8
BLACK
6
CONTINUOUS
10
112.9662699999999944
20
-95.8911159999999967
11
113.0004999999999882
21
-95.6311199999999957
0
LINE
8
BLACK
6
CONTINUOUS
10
113.0004999999999882
20
-95.6311199999999957
11
113.0004999999999882
21
-95.3688799999999901
0
LINE
8
BLACK
6
CONTINUOUS
10
113.0004999999999882
20
-95.3688799999999901
11
112.9662699999999944
21
-95.1088839999999891
0
LINE
8
BLACK
6
CONTINUOUS
10
112.9662699999999944
20
-95.1088839999999891
11
112.8983980000000003
21
-94.8555810000000008
0
LINE
8
BLACK
6
CONTINUOUS
10
112.8983980000000003
20
-94.8555810000000008
11
112.858003999999994
21
-94.7580609999999979
0
LINE
8
BLACK
6
CONTINUOUS
10
112.858003999999994
20
-94.7580609999999979
11
112.7980459999999994
21
-94.613309000000001
0
LINE
8
BLACK
6
CONTINUOUS
10
112.7980459999999994
20
-94.613309000000001
11
112.7980409999999978
21
-94.6132989999999978
0
LINE
8
BLACK
6
CONTINUOUS
10
112.7980409999999978
20
-94.6132989999999978
11
112.6669239999999945
21
-94.3861959999999982
0
LINE
8
BLACK
6
CONTINUOUS
10
112.6669239999999945
20
-94.3861959999999982
11
112.5072809999999919
21
-94.1781479999999931
0
LINE
8
BLACK
6
CONTINUOUS
10
112.5072809999999919
20
-94.1781479999999931
11
112.5072739999999953
21
-94.1781399999999991
0
LINE
8
BLACK
6
CONTINUOUS
10
112.5072739999999953
20
-94.1781399999999991
11
112.3218600000000009
21
-93.9927259999999904
0
LINE
8
BLACK
6
CONTINUOUS
10
112.3218600000000009
20
-93.9927259999999904
11
112.3218509999999952
21
-93.9927179999999964
0
LINE
8
BLACK
6
CONTINUOUS
10
112.3218509999999952
20
-93.9927179999999964
11
112.1138029999999901
21
-93.8330749999999938
0
LINE
8
BLACK
6
CONTINUOUS
10
112.1138029999999901
20
-93.8330749999999938
11
111.8866999999999905
21
-93.7019579999999905
0
LINE
8
BLACK
6
CONTINUOUS
10
111.8866999999999905
20
-93.7019579999999905
11
111.8866900000000015
21
-93.7019529999999889
0
LINE
8
BLACK
6
CONTINUOUS
10
111.8866900000000015
20
-93.7019529999999889
11
111.6444279999999907
21
-93.6016049999999922
0
LINE
8
BLACK
6
CONTINUOUS
10
111.6444279999999907
20
-93.6016049999999922
11
111.6444209999999941
21
-93.6016029999999972
0
LINE
8
BLACK
6
CONTINUOUS
10
111.6444209999999941
20
-93.6016029999999972
11
111.6444189999999992
21
-93.6016019999999997
0
LINE
8
BLACK
6
CONTINUOUS
10
111.6444189999999992
20
-93.6016019999999997
11
111.3911159999999967
21
-93.5337299999999914
0
LINE
8
BLACK
6
CONTINUOUS
10
111.3911159999999967
20
-93.5337299999999914
11
111.3333389999999952
21
-93.5261229999999983
0
LINE
8
BLACK
6
CONTINUOUS
10
111.3333389999999952
20
-93.5261229999999983
11
111.1311269999999922
21
-93.4994999999999976
0
LINE
8
BLACK
6
CONTINUOUS
10
111.1311269999999922
20
-93.4994999999999976
11
111.1311199999999957
21
-93.4994999999999976
0
LINE
8
BLACK
6
CONTINUOUS
10
111.1311199999999957
20
-93.4994999999999976
11
110.8688799999999901
21
-93.4994999999999976
0
LINE
8
BLACK
6
CONTINUOUS
10
110.8688799999999901
20
-93.4994999999999976
11
110.8688719999999961
21
-93.4994999999999976
0
LINE
8
BLACK
6
CONTINUOUS
10
110.8688719999999961
20
-93.4994999999999976
11
110.6377719999999982
21
-93.529925999999989
0
LINE
8
BLACK
6
CONTINUOUS
10
110.6377719999999982
20
-93.529925999999989
11
110.6088839999999891
21
-93.5337299999999914
0
LINE
8
BLACK
6
CONTINUOUS
10
110.6088839999999891
20
-93.5337299999999914
11
110.3555810000000008
21
-93.6016019999999997
0
LINE
8
BLACK
6
CONTINUOUS
10
110.3555810000000008
20
-93.6016019999999997
11
110.3555709999999976
21
-93.6016049999999922
0
LINE
8
BLACK
6
CONTINUOUS
10
110.3555709999999976
20
-93.6016049999999922
11
110.113309000000001
21
-93.7019529999999889
0
LINE
8
BLACK
6
CONTINUOUS
10
110.113309000000001
20
-93.7019529999999889
11
110.1132989999999978
21
-93.7019579999999905
0
LINE
8
BLACK
6
CONTINUOUS
10
110.1132989999999978
20
-93.7019579999999905
11
109.8861959999999982
21
-93.8330749999999938
0
LINE
8
BLACK
6
CONTINUOUS
10
109.8861959999999982
20
-93.8330749999999938
11
109.6781479999999931
21
-93.9927179999999964
0
LINE
8
BLACK
6
CONTINUOUS
10
109.6781479999999931
20
-93.9927179999999964
11
109.4927179999999964
21
-94.1781479999999931
0
LINE
8
BLACK
6
CONTINUOUS
10
109.4927179999999964
20
-94.1781479999999931
11
109.3330749999999938
21
-94.3861959999999982
0
LINE
8
BLACK
6
CONTINUOUS
10
109.3330749999999938
20
-94.3861959999999982
11
109.2019579999999905
21
-94.6132989999999978
0
LINE
8
BLACK
6
CONTINUOUS
10
109.2019579999999905
20
-94.6132989999999978
11
109.2019529999999889
21
-94.613309000000001
0
LINE
8
BLACK
6
CONTINUOUS
10
109.2019529999999889
20
-94.613309000000001
11
109.1016049999999922
21
-94.8555709999999976
0
LINE
8
BLACK
6
CONTINUOUS
10
109.1016049999999922
20
-94.8555709999999976
11
109.1016019999999997
21
-94.8555810000000008
0
LINE
8
BLACK
6
CONTINUOUS
10
109.1016019999999997
20
-94.8555810000000008
11
109.0422059999999931
21
-95.0772529999999989
0
LINE
8
BLACK
6
CONTINUOUS
10
109.0422059999999931
20
-95.0772529999999989
11
109.0337299999999914
21
-95.1088850000000008
0
LINE
8
BLACK
6
CONTINUOUS
10
109.0337299999999914
20
-95.1088850000000008
11
108.9994999999999976
21
-95.3688719999999961
0
LINE
8
BLACK
6
CONTINUOUS
10
108.9994999999999976
20
-95.3688719999999961
11
108.9994999999999976
21
-95.6311269999999922
0
LINE
8
BLACK
6
CONTINUOUS
10
108.9994999999999976
20
-95.6311269999999922
11
109.0261229999999983
21
-95.8333389999999952
0
LINE
8
BLACK
6
CONTINUOUS
10
109.0261229999999983
20
-95.8333389999999952
11
109.0337299999999914
21
-95.8911159999999967
0
LINE
8
BLACK
6
CONTINUOUS
10
109.0337299999999914
20
-95.8911159999999967
11
109.0463489999999922
21
-95.9382109999999955
0
LINE
8
BLACK
6
CONTINUOUS
10
109.0463489999999922
20
-95.9382109999999955
11
109.1016019999999997
21
-96.1444180000000017
0
LINE
8
BLACK
6
CONTINUOUS
10
109.1016019999999997
20
-96.1444180000000017
11
109.1016049999999922
21
-96.1444279999999907
0
LINE
8
BLACK
6
CONTINUOUS
10
109.1016049999999922
20
-96.1444279999999907
11
109.2019529999999889
21
-96.3866900000000015
0
LINE
8
BLACK
6
CONTINUOUS
10
109.2019529999999889
20
-96.3866900000000015
11
109.2019579999999905
21
-96.3866999999999905
0
LINE
8
BLACK
6
CONTINUOUS
10
109.2019579999999905
20
-96.3866999999999905
11
109.3330749999999938
21
-96.6138029999999901
0
LINE
8
BLACK
6
CONTINUOUS
10
109.3330749999999938
20
-96.6138029999999901
11
109.4927179999999964
21
-96.8218509999999952
0
LINE
8
BLACK
6
CONTINUOUS
10
109.4927179999999964
20
-96.8218509999999952
11
109.4927259999999904
21
-96.8218600000000009
0
LINE
8
BLACK
6
CONTINUOUS
10
109.4927259999999904
20
-96.8218600000000009
11
109.6781399999999991
21
-97.0072739999999953
0
LINE
8
BLACK
6
CONTINUOUS
10
109.6781399999999991
20
-97.0072739999999953
11
109.6781479999999931
21
-97.0072809999999919
0
LINE
8
BLACK
6
CONTINUOUS
10
109.6781479999999931
20
-97.0072809999999919
11
109.8861959999999982
21
-97.1669239999999945
0
LINE
8
BLACK
6
CONTINUOUS
10
109.8861959999999982
20
-97.1669239999999945
11
110.0614619999999917
21
-97.2681129999999996
0
LINE
8
BLACK
6
CONTINUOUS
10
110.0614619999999917
20
-97.2681129999999996
11
110.1096769999999907
21
-97.3186800000000005
0
LINE
8
BLACK
6
CONTINUOUS
10
110.1096769999999907
20
-97.3186800000000005
11
110.1229009999999988
21
-97.3872870000000006
0
LINE
8
BLACK
6
CONTINUOUS
10
110.1229009999999988
20
-97.3872870000000006
11
110.0969329999999928
21
-97.4521510000000006
0
LINE
8
BLACK
6
CONTINUOUS
10
110.0969329999999928
20
-97.4521510000000006
11
110.0400190000000009
21
-97.4926799999999929
0
LINE
8
BLACK
6
CONTINUOUS
10
110.0400190000000009
20
-97.4926799999999929
11
109.9994619999999941
21
-97.4994999999999976
0
LINE
8
BLACK
6
CONTINUOUS
10
109.9994619999999941
20
-97.4994999999999976
11
106.6244999999999976
21
-97.4994999999999976
0
LINE
8
BLACK
6
CONTINUOUS
10
106.6244999999999976
20
-97.4994999999999976
11
106.5574609999999893
21
-97.4798150000000021
0
LINE
8
BLACK
6
CONTINUOUS
10
106.5574609999999893
20
-97.4798150000000021
11
106.5117059999999896
21
-97.4270109999999931
0
LINE
8
BLACK
6
CONTINUOUS
10
106.5117059999999896
20
-97.4270109999999931
11
106.5004999999999882
21
-97.3755000000000024
0
LINE
8
BLACK
6
CONTINUOUS
10
106.5004999999999882
20
-97.3755000000000024
11
106.5004999999999882
21
-84.868904999999998
0
LINE
8
BLACK
6
CONTINUOUS
10
106.5004999999999882
20
-84.868904999999998
11
106.5004999999999882
21
-76.9928450000000026
0
LINE
8
BLACK
6
CONTINUOUS
10
106.5004999999999882
20
-76.9928450000000026
11
106.5201849999999979
21
-76.9258059999999944
0
LINE
8
BLACK
6
CONTINUOUS
10
106.5201849999999979
20
-76.9258059999999944
11
106.5729889999999926
21
-76.8800509999999946
0
LINE
8
BLACK
6
CONTINUOUS
10
106.5729889999999926
20
-76.8800509999999946
11
106.6421469999999943
21
-76.8701069999999902
0
LINE
8
BLACK
6
CONTINUOUS
10
106.6421469999999943
20
-76.8701069999999902
11
106.7057029999999997
21
-76.8991319999999945
0
LINE
8
BLACK
6
CONTINUOUS
10
106.7057029999999997
20
-76.8991319999999945
11
106.7121810000000011
21
-76.9051639999999992
0
LINE
8
BLACK
6
CONTINUOUS
10
106.7121810000000011
20
-76.9051639999999992
11
106.8019630000000006
21
-76.9949459999999988
0
LINE
8
BLACK
6
CONTINUOUS
10
106.8019630000000006
20
-76.9949459999999988
11
106.8019669999999905
21
-76.9949489999999912
0
LINE
8
BLACK
6
CONTINUOUS
10
106.8019669999999905
20
-76.9949489999999912
11
106.9486899999999991
21
-77.0854499999999945
0
LINE
8
BLACK
6
CONTINUOUS
10
106.9486899999999991
20
-77.0854499999999945
11
106.9487009999999998
21
-77.0854549999999961
0
LINE
8
BLACK
6
CONTINUOUS
10
106.9487009999999998
20
-77.0854549999999961
11
107.1123489999999947
21
-77.1396819999999934
0
LINE
8
BLACK
6
CONTINUOUS
10
107.1123489999999947
20
-77.1396819999999934
11
107.1999999999999886
21
-77.1486359999999962
0
LINE
8
BLACK
6
CONTINUOUS
10
107.1999999999999886
20
-77.1486359999999962
11
107.1999999999999886
21
-76.6375689999999992
0
LINE
8
BLACK
6
CONTINUOUS
10
107.1999999999999886
20
-76.6375689999999992
11
107.1716149999999885
21
-76.6319230000000005
0
LINE
8
BLACK
6
CONTINUOUS
10
107.1716149999999885
20
-76.6319230000000005
11
107.0945639999999912
21
-76.5804399999999958
0
LINE
8
BLACK
6
CONTINUOUS
10
107.0945639999999912
20
-76.5804399999999958
11
107.0430810000000008
21
-76.5033889999999985
0
LINE
8
BLACK
6
CONTINUOUS
10
107.0430810000000008
20
-76.5033889999999985
11
107.0250020000000006
21
-76.4125020000000035
0
LINE
8
BLACK
6
CONTINUOUS
10
107.0250020000000006
20
-76.4125020000000035
11
107.0250020000000006
21
-75.812501999999995
0
LINE
8
BLACK
6
CONTINUOUS
10
107.0250020000000006
20
-75.812501999999995
11
107.0430810000000008
21
-75.7216149999999999
0
LINE
8
BLACK
6
CONTINUOUS
10
107.0430810000000008
20
-75.7216149999999999
11
107.0945639999999912
21
-75.6445640000000026
0
LINE
8
BLACK
6
CONTINUOUS
10
107.0945639999999912
20
-75.6445640000000026
11
107.1716149999999885
21
-75.593080999999998
0
LINE
8
BLACK
6
CONTINUOUS
10
107.1716149999999885
20
-75.593080999999998
11
107.2625019999999978
21
-75.5750019999999978
0
LINE
8
BLACK
6
CONTINUOUS
10
107.2625019999999978
20
-75.5750019999999978
11
107.7375019999999921
21
-75.5750019999999978
0
LINE
8
BLACK
6
CONTINUOUS
10
107.7375019999999921
20
-75.5750019999999978
11
107.8283890000000014
21
-75.593080999999998
0
LINE
8
BLACK
6
CONTINUOUS
10
107.8283890000000014
20
-75.593080999999998
11
107.9054399999999987
21
-75.6445640000000026
0
LINE
8
BLACK
6
CONTINUOUS
10
107.9054399999999987
20
-75.6445640000000026
11
107.9508769999999913
21
-75.7125659999999954
0
LINE
8
BLACK
6
CONTINUOUS
10
107.9508769999999913
20
-75.7125659999999954
11
107.9899979999999999
21
-75.7100020000000029
0
LINE
8
BLACK
6
CONTINUOUS
10
107.9899979999999999
20
-75.7100020000000029
11
108.4695499999999981
21
-75.7100020000000029
0
LINE
8
BLACK
6
CONTINUOUS
10
108.4695499999999981
20
-75.7100020000000029
11
108.4646819999999963
21
-75.6623489999999919
0
LINE
8
BLACK
6
CONTINUOUS
10
108.4646819999999963
20
-75.6623489999999919
11
108.4104549999999989
21
-75.498700999999997
0
LINE
8
BLACK
6
CONTINUOUS
10
108.4104549999999989
20
-75.498700999999997
11
108.4104499999999973
21
-75.4986899999999963
0
LINE
8
BLACK
6
CONTINUOUS
10
108.4104499999999973
20
-75.4986899999999963
11
108.319948999999994
21
-75.3519670000000019
0
LINE
8
BLACK
6
CONTINUOUS
10
108.319948999999994
20
-75.3519670000000019
11
108.3199460000000016
21
-75.3519629999999978
0
LINE
8
BLACK
6
CONTINUOUS
10
108.3199460000000016
20
-75.3519629999999978
11
108.3060150000000021
21
-75.3380319999999983
0
LINE
8
BLACK
6
CONTINUOUS
10
108.3060150000000021
20
-75.3380319999999983
11
108.2725299999999891
21
-75.2767089999999968
0
LINE
8
BLACK
6
CONTINUOUS
10
108.2725299999999891
20
-75.2767089999999968
11
108.2775139999999965
21
-75.2070169999999933
0
LINE
8
BLACK
6
CONTINUOUS
10
108.2775139999999965
20
-75.2070169999999933
11
108.3060150000000021
21
-75.1626699999999914
0
LINE
8
BLACK
6
CONTINUOUS
10
108.3060150000000021
20
-75.1626699999999914
11
108.3203379999999925
21
-75.1483479999999986
0
LINE
8
BLACK
6
CONTINUOUS
10
108.3203379999999925
20
-75.1483479999999986
11
108.4109059999999971
21
-75.0015140000000002
0
LINE
8
BLACK
6
CONTINUOUS
10
108.4109059999999971
20
-75.0015140000000002
11
108.4162139999999965
21
-74.9854919999999936
0
LINE
8
BLACK
6
CONTINUOUS
10
108.4162139999999965
20
-74.9854919999999936
11
108.4559879999999907
21
-74.9280490000000015
0
LINE
8
BLACK
6
CONTINUOUS
10
108.4559879999999907
20
-74.9280490000000015
11
108.5205039999999883
21
-74.9012269999999916
0
LINE
8
BLACK
6
CONTINUOUS
10
108.5205039999999883
20
-74.9012269999999916
11
108.5339199999999948
21
-74.9004989999999964
0
LINE
8
BLACK
6
CONTINUOUS
10
108.5339199999999948
20
-74.9004989999999964
11
111.0735600000000005
21
-74.9004989999999964
0
LINE
8
BLACK
6
CONTINUOUS
10
111.0735600000000005
20
-74.9004989999999964
11
111.1405989999999946
21
-74.9201839999999919
0
LINE
8
BLACK
6
CONTINUOUS
10
109.5236329999999896
20
-86.5799169999999947
11
109.5236329999999896
21
-86.5799179999999922
0
LINE
8
BLACK
6
CONTINUOUS
10
109.5236329999999896
20
-86.5799179999999922
11
109.6364749999999901
21
-86.6665050000000008
0
LINE
8
BLACK
6
CONTINUOUS
10
109.6364749999999901
20
-86.6665050000000008
11
109.6364829999999984
21
-86.6665109999999999
0
LINE
8
BLACK
6
CONTINUOUS
10
109.6364829999999984
20
-86.6665109999999999
11
109.8635170000000016
21
-86.7975899999999996
0
LINE
8
BLACK
6
CONTINUOUS
10
109.8635170000000016
20
-86.7975899999999996
11
109.8635279999999881
21
-86.7975950000000012
0
LINE
8
BLACK
6
CONTINUOUS
10
109.8635279999999881
20
-86.7975950000000012
11
110.1057440000000014
21
-86.8979239999999891
0
LINE
8
BLACK
6
CONTINUOUS
10
110.1057440000000014
20
-86.8979239999999891
11
110.3589789999999908
21
-86.9657770000000028
0
LINE
8
BLACK
6
CONTINUOUS
10
110.3589789999999908
20
-86.9657770000000028
11
110.3589899999999915
21
-86.9657789999999977
0
LINE
8
BLACK
6
CONTINUOUS
10
110.3589899999999915
20
-86.9657789999999977
11
110.618904999999998
21
-86.9999990000000025
0
LINE
8
BLACK
6
CONTINUOUS
10
110.618904999999998
20
-86.9999990000000025
11
110.6189199999999886
21
-87.
0
LINE
8
BLACK
6
CONTINUOUS
10
110.6189199999999886
20
-87.
11
110.8810799999999972
21
-87.
0
LINE
8
BLACK
6
CONTINUOUS
10
110.8810799999999972
20
-87.
11
110.8810939999999903
21
-86.9999990000000025
0
LINE
8
BLACK
6
CONTINUOUS
10
110.8810939999999903
20
-86.9999990000000025
11
111.1410089999999968
21
-86.9657789999999977
0
LINE
8
BLACK
6
CONTINUOUS
10
111.1410089999999968
20
-86.9657789999999977
11
111.1410199999999975
21
-86.9657770000000028
0
LINE
8
BLACK
6
CONTINUOUS
10
111.1410199999999975
20
-86.9657770000000028
11
111.3942550000000011
21
-86.8979239999999891
0
LINE
8
BLACK
6
CONTINUOUS
10
111.3942550000000011
20
-86.8979239999999891
11
111.6364710000000002
21
-86.7975950000000012
0
LINE
8
BLACK
6
CONTINUOUS
10
111.6364710000000002
20
-86.7975950000000012
11
111.6364820000000009
21
-86.7975899999999996
0
LINE
8
BLACK
6
CONTINUOUS
10
111.6364820000000009
20
-86.7975899999999996
11
111.86351599999999
21
-86.6665109999999999
0
LINE
8
BLACK
6
CONTINUOUS
10
111.86351599999999
20
-86.6665109999999999
11
111.8635340000000014
21
-86.6664990000000017
0
LINE
8
BLACK
6
CONTINUOUS
10
111.8635340000000014
20
-86.6664990000000017
11
111.9763650000000013
21
-86.5799189999999896
0
LINE
8
BLACK
6
CONTINUOUS
10
111.9763650000000013
20
-86.5799189999999896
11
111.9763650000000013
21
-86.5799169999999947
0
LINE
8
BLACK
6
CONTINUOUS
10
111.9763650000000013
20
-86.5799169999999947
11
111.6157959999999889
21
-86.2193479999999965
0
LINE
8
BLACK
6
CONTINUOUS
10
111.6157959999999889
20
-86.2193479999999965
11
111.5337479999999886
21
-86.2789599999999979
0
LINE
8
BLACK
6
CONTINUOUS
10
111.5337479999999886
20
-86.2789599999999979
11
111.3240249999999918
21
-86.3858189999999979
0
LINE
8
BLACK
6
CONTINUOUS
10
111.3240249999999918
20
-86.3858189999999979
11
111.1001679999999965
21
-86.4585549999999898
0
LINE
8
BLACK
6
CONTINUOUS
10
111.1001679999999965
20
-86.4585549999999898
11
110.8676889999999986
21
-86.4953759999999932
0
LINE
8
BLACK
6
CONTINUOUS
10
110.8676889999999986
20
-86.4953759999999932
11
110.6323110000000014
21
-86.4953759999999932
0
LINE
8
BLACK
6
CONTINUOUS
10
110.6323110000000014
20
-86.4953759999999932
11
110.3998319999999893
21
-86.4585549999999898
0
LINE
8
BLACK
6
CONTINUOUS
10
110.3998319999999893
20
-86.4585549999999898
11
110.175974999999994
21
-86.3858189999999979
0
LINE
8
BLACK
6
CONTINUOUS
10
110.175974999999994
20
-86.3858189999999979
11
109.9662519999999972
21
-86.2789599999999979
0
LINE
8
BLACK
6
CONTINUOUS
10
109.9662519999999972
20
-86.2789599999999979
11
109.8842020000000019
21
-86.2193469999999991
0
LINE
8
BLACK
6
CONTINUOUS
10
109.8842020000000019
20
-86.2193469999999991
11
109.5236329999999896
21
-86.5799169999999947
0
LINE
8
BLACK
6
CONTINUOUS
10
111.9991039999999884
20
-84.1751589999999936
11
112.0289599999999979
21
-84.2162519999999972
0
LINE
8
BLACK
6
CONTINUOUS
10
112.0289599999999979
20
-84.2162519999999972
11
112.1358189999999979
21
-84.425974999999994
0
LINE
8
BLACK
6
CONTINUOUS
10
112.1358189999999979
20
-84.425974999999994
11
112.2085549999999898
21
-84.6498319999999893
0
LINE
8
BLACK
6
CONTINUOUS
10
112.2085549999999898
20
-84.6498319999999893
11
112.2453759999999932
21
-84.8823110000000014
0
LINE
8
BLACK
6
CONTINUOUS
10
112.2453759999999932
20
-84.8823110000000014
11
112.2453759999999932
21
-85.1176889999999986
0
LINE
8
BLACK
6
CONTINUOUS
10
112.2453759999999932
20
-85.1176889999999986
11
112.2085549999999898
21
-85.3501679999999965
0
LINE
8
BLACK
6
CONTINUOUS
10
112.2085549999999898
20
-85.3501679999999965
11
112.1358189999999979
21
-85.5740249999999918
0
LINE
8
BLACK
6
CONTINUOUS
10
112.1358189999999979
20
-85.5740249999999918
11
112.0289599999999979
21
-85.7837480000000028
0
LINE
8
BLACK
6
CONTINUOUS
10
112.0289599999999979
20
-85.7837480000000028
11
111.9693479999999965
21
-85.8657960000000031
0
LINE
8
BLACK
6
CONTINUOUS
10
111.9693479999999965
20
-85.8657960000000031
11
112.3299169999999947
21
-86.2263650000000013
0
LINE
8
BLACK
6
CONTINUOUS
10
112.3299169999999947
20
-86.2263650000000013
11
112.3299189999999896
21
-86.2263650000000013
0
LINE
8
BLACK
6
CONTINUOUS
10
112.3299189999999896
20
-86.2263650000000013
11
112.4164990000000017
21
-86.1135340000000014
0
LINE
8
BLACK
6
CONTINUOUS
10
112.4164990000000017
20
-86.1135340000000014
11
112.4165109999999999
21
-86.11351599999999
0
LINE
8
BLACK
6
CONTINUOUS
10
112.4165109999999999
20
-86.11351599999999
11
112.5475899999999996
21
-85.8864820000000009
0
LINE
8
BLACK
6
CONTINUOUS
10
112.5475899999999996
20
-85.8864820000000009
11
112.5475950000000012
21
-85.8864710000000002
0
LINE
8
BLACK
6
CONTINUOUS
10
112.5475950000000012
20
-85.8864710000000002
11
112.6479239999999891
21
-85.6442550000000011
0
LINE
8
BLACK
6
CONTINUOUS
10
112.6479239999999891
20
-85.6442550000000011
11
112.7157769999999886
21
-85.3910199999999975
0
LINE
8
BLACK
6
CONTINUOUS
10
112.7157769999999886
20
-85.3910199999999975
11
112.7157789999999977
21
-85.3910089999999968
0
LINE
8
BLACK
6
CONTINUOUS
10
112.7157789999999977
20
-85.3910089999999968
11
112.7499989999999883
21
-85.1310939999999903
0
LINE
8
BLACK
6
CONTINUOUS
10
112.7499989999999883
20
-85.1310939999999903
11
112.75
21
-85.1310799999999972
0
LINE
8
BLACK
6
CONTINUOUS
10
112.75
20
-85.1310799999999972
11
112.75
21
-84.8689189999999911
0
LINE
8
BLACK
6
CONTINUOUS
10
112.75
20
-84.8689189999999911
11
112.7499989999999883
21
-84.868904999999998
0
LINE
8
BLACK
6
CONTINUOUS
10
112.7499989999999883
20
-84.868904999999998
11
112.7157789999999977
21
-84.6089899999999915
0
LINE
8
BLACK
6
CONTINUOUS
10
112.7157789999999977
20
-84.6089899999999915
11
112.7157769999999886
21
-84.6089789999999908
0
LINE
8
BLACK
6
CONTINUOUS
10
112.7157769999999886
20
-84.6089789999999908
11
112.6479239999999891
21
-84.3557440000000014
0
LINE
8
BLACK
6
CONTINUOUS
10
112.6479239999999891
20
-84.3557440000000014
11
112.5475950000000012
21
-84.1135280000000023
0
LINE
8
BLACK
6
CONTINUOUS
10
112.5475950000000012
20
-84.1135280000000023
11
112.5475899999999996
21
-84.1135170000000016
0
LINE
8
BLACK
6
CONTINUOUS
10
112.5475899999999996
20
-84.1135170000000016
11
112.4165109999999999
21
-83.8864829999999984
0
LINE
8
BLACK
6
CONTINUOUS
10
112.4165109999999999
20
-83.8864829999999984
11
112.4165050000000008
21
-83.8864749999999901
0
LINE
8
BLACK
6
CONTINUOUS
10
112.4165050000000008
20
-83.8864749999999901
11
112.3606189999999998
21
-83.8136439999999965
0
LINE
8
BLACK
6
CONTINUOUS
10
112.3606189999999998
20
-83.8136439999999965
11
111.9991039999999884
21
-84.1751589999999936
0
LINE
8
BLACK
6
CONTINUOUS
10
111.5250029999999981
20
-82.7116559999999907
11
111.5353209999999962
21
-82.8126539999999949
0
LINE
8
BLACK
6
CONTINUOUS
10
111.5353209999999962
20
-82.8126539999999949
11
111.5836679999999888
21
-82.9585560000000015
0
LINE
8
BLACK
6
CONTINUOUS
10
111.5836679999999888
20
-82.9585560000000015
11
111.5860699999999923
21
-83.0283850000000001
0
LINE
8
BLACK
6
CONTINUOUS
10
111.5860699999999923
20
-83.0283850000000001
11
111.5503379999999964
21
-83.0884259999999983
0
LINE
8
BLACK
6
CONTINUOUS
10
111.5503379999999964
20
-83.0884259999999983
11
111.4878169999999926
21
-83.1196190000000001
0
LINE
8
BLACK
6
CONTINUOUS
10
111.4878169999999926
20
-83.1196190000000001
11
111.4185119999999927
21
-83.1121219999999994
0
LINE
8
BLACK
6
CONTINUOUS
10
111.4185119999999927
20
-83.1121219999999994
11
111.3942569999999961
21
-83.1020759999999967
0
LINE
8
BLACK
6
CONTINUOUS
10
111.3942569999999961
20
-83.1020759999999967
11
111.3942579999999936
21
-83.1020759999999967
0
LINE
8
BLACK
6
CONTINUOUS
10
111.3942579999999936
20
-83.1020759999999967
11
111.1410199999999975
21
-83.0342219999999998
0
LINE
8
BLACK
6
CONTINUOUS
10
111.1410199999999975
20
-83.0342219999999998
11
111.1410089999999968
21
-83.0342199999999906
0
LINE
8
BLACK
6
CONTINUOUS
10
111.1410089999999968
20
-83.0342199999999906
11
110.8810939999999903
21
-83.
0
LINE
8
BLACK
6
CONTINUOUS
10
110.8810939999999903
20
-83.
11
110.618904999999998
21
-83.
0
LINE
8
BLACK
6
CONTINUOUS
10
110.618904999999998
20
-83.
11
110.3589899999999915
21
-83.0342199999999906
0
LINE
8
BLACK
6
CONTINUOUS
10
110.3589899999999915
20
-83.0342199999999906
11
110.3589789999999908
21
-83.0342219999999998
0
LINE
8
BLACK
6
CONTINUOUS
10
110.3589789999999908
20
-83.0342219999999998
11
110.1057440000000014
21
-83.1020749999999992
0
LINE
8
BLACK
6
CONTINUOUS
10
110.1057440000000014
20
-83.1020749999999992
11
109.8635279999999881
21
-83.2024040000000014
0
LINE
8
BLACK
6
CONTINUOUS
10
109.8635279999999881
20
-83.2024040000000014
11
109.8635170000000016
21
-83.2024090000000029
0
LINE
8
BLACK
6
CONTINUOUS
10
109.8635170000000016
20
-83.2024090000000029
11
109.6364710000000002
21
-83.3334959999999967
0
LINE
8
BLACK
6
CONTINUOUS
10
109.6364710000000002
20
-83.3334959999999967
11
109.5636420000000015
21
-83.3893779999999936
0
LINE
8
BLACK
6
CONTINUOUS
10
109.5636420000000015
20
-83.3893779999999936
11
109.9251589999999936
21
-83.7508949999999999
0
LINE
8
BLACK
6
CONTINUOUS
10
109.9251589999999936
20
-83.7508949999999999
11
109.9662519999999972
21
-83.7210400000000021
0
LINE
8
BLACK
6
CONTINUOUS
10
109.9662519999999972
20
-83.7210400000000021
11
110.175974999999994
21
-83.6141810000000021
0
LINE
8
BLACK
6
CONTINUOUS
10
110.175974999999994
20
-83.6141810000000021
11
110.3998319999999893
21
-83.541444999999996
0
LINE
8
BLACK
6
CONTINUOUS
10
110.3998319999999893
20
-83.541444999999996
11
110.6323110000000014
21
-83.5046239999999926
0
LINE
8
BLACK
6
CONTINUOUS
10
110.6323110000000014
20
-83.5046239999999926
11
110.8676889999999986
21
-83.5046239999999926
0
LINE
8
BLACK
6
CONTINUOUS
10
110.8676889999999986
20
-83.5046239999999926
11
111.1001679999999965
21
-83.541444999999996
0
LINE
8
BLACK
6
CONTINUOUS
10
111.1001679999999965
20
-83.541444999999996
11
111.3240249999999918
21
-83.6141810000000021
0
LINE
8
BLACK
6
CONTINUOUS
10
111.3240249999999918
20
-83.6141810000000021
11
111.5337479999999886
21
-83.7210400000000021
0
LINE
8
BLACK
6
CONTINUOUS
10
111.5337479999999886
20
-83.7210400000000021
11
111.5748399999999947
21
-83.7508949999999999
0
LINE
8
BLACK
6
CONTINUOUS
10
111.5748399999999947
20
-83.7508949999999999
11
112.2000019999999978
21
-83.1257339999999942
0
LINE
8
BLACK
6
CONTINUOUS
10
112.2000019999999978
20
-83.1257339999999942
11
112.2000019999999978
21
-82.8875689999999992
0
LINE
8
BLACK
6
CONTINUOUS
10
112.2000019999999978
20
-82.8875689999999992
11
112.1716149999999885
21
-82.8819230000000005
0
LINE
8
BLACK
6
CONTINUOUS
10
112.1716149999999885
20
-82.8819230000000005
11
112.0945639999999912
21
-82.8304399999999958
0
LINE
8
BLACK
6
CONTINUOUS
10
112.0945639999999912
20
-82.8304399999999958
11
112.0430810000000008
21
-82.7533889999999985
0
LINE
8
BLACK
6
CONTINUOUS
10
112.0430810000000008
20
-82.7533889999999985
11
112.0250020000000006
21
-82.6625019999999893
0
LINE
8
BLACK
6
CONTINUOUS
10
112.0250020000000006
20
-82.6625019999999893
11
112.0250020000000006
21
-82.6125019999999921
0
LINE
8
BLACK
6
CONTINUOUS
10
112.0250020000000006
20
-82.6125019999999921
11
111.5250029999999981
21
-82.6125019999999921
0
LINE
8
BLACK
6
CONTINUOUS
10
111.5250029999999981
20
-82.6125019999999921
11
111.5250029999999981
21
-82.7116559999999907
0
LINE
8
BLACK
6
CONTINUOUS
10
112.9750019999999893
20
-82.6625019999999893
11
112.9569229999999891
21
-82.7533889999999985
0
LINE
8
BLACK
6
CONTINUOUS
10
112.9569229999999891
20
-82.7533889999999985
11
112.9054399999999987
21
-82.8304399999999958
0
LINE
8
BLACK
6
CONTINUOUS
10
112.9054399999999987
20
-82.8304399999999958
11
112.8283890000000014
21
-82.8819230000000005
0
LINE
8
BLACK
6
CONTINUOUS
10
112.8283890000000014
20
-82.8819230000000005
11
112.8000019999999921
21
-82.8875689999999992
0
LINE
8
BLACK
6
CONTINUOUS
10
112.8000019999999921
20
-82.8875689999999992
11
112.8000019999999921
21
-83.2499979999999908
0
LINE
8
BLACK
6
CONTINUOUS
10
112.8000019999999921
20
-83.2499979999999908
11
112.797434999999993
21
-83.2891559999999913
0
LINE
8
BLACK
6
CONTINUOUS
10
112.797434999999993
20
-83.2891559999999913
11
112.777165999999994
21
-83.3648029999999949
0
LINE
8
BLACK
6
CONTINUOUS
10
112.777165999999994
20
-83.3648029999999949
11
112.756844000000001
21
-83.4000010000000032
0
LINE
8
BLACK
6
CONTINUOUS
10
112.756844000000001
20
-83.4000010000000032
11
112.7866420000000005
21
-83.4000010000000032
0
LINE
8
BLACK
6
CONTINUOUS
10
112.7866420000000005
20
-83.4000010000000032
11
112.7866559999999936
21
-83.3999999999999915
0
LINE
8
BLACK
6
CONTINUOUS
10
112.7866559999999936
20
-83.3999999999999915
11
112.8876539999999977
21
-83.3896819999999934
0
LINE
8
BLACK
6
CONTINUOUS
10
112.8876539999999977
20
-83.3896819999999934
11
113.0513019999999926
21
-83.3354549999999961
0
LINE
8
BLACK
6
CONTINUOUS
10
113.0513019999999926
20
-83.3354549999999961
11
113.0513129999999933
21
-83.3354499999999945
0
LINE
8
BLACK
6
CONTINUOUS
10
113.0513129999999933
20
-83.3354499999999945
11
113.1980360000000019
21
-83.2449489999999912
0
LINE
8
BLACK
6
CONTINUOUS
10
113.1980360000000019
20
-83.2449489999999912
11
113.1980399999999918
21
-83.2449459999999988
0
LINE
8
BLACK
6
CONTINUOUS
10
113.1980399999999918
20
-83.2449459999999988
11
113.3199460000000016
21
-83.1230400000000031
0
LINE
8
BLACK
6
CONTINUOUS
10
113.3199460000000016
20
-83.1230400000000031
11
113.319948999999994
21
-83.123035999999999
0
LINE
8
BLACK
6
CONTINUOUS
10
113.319948999999994
20
-83.123035999999999
11
113.4104499999999973
21
-82.9763129999999904
0
LINE
8
BLACK
6
CONTINUOUS
10
113.4104499999999973
20
-82.9763129999999904
11
113.4104549999999989
21
-82.9763019999999898
0
LINE
8
BLACK
6
CONTINUOUS
10
113.4104549999999989
20
-82.9763019999999898
11
113.4646819999999963
21
-82.8126539999999949
0
LINE
8
BLACK
6
CONTINUOUS
10
113.4646819999999963
20
-82.8126539999999949
11
113.4750009999999918
21
-82.7116559999999907
0
LINE
8
BLACK
6
CONTINUOUS
10
113.4750009999999918
20
-82.7116559999999907
11
113.4750019999999893
21
-82.7116429999999951
0
LINE
8
BLACK
6
CONTINUOUS
10
113.4750019999999893
20
-82.7116429999999951
11
113.4750019999999893
21
-82.6125019999999921
0
LINE
8
BLACK
6
CONTINUOUS
10
113.4750019999999893
20
-82.6125019999999921
11
112.9750019999999893
21
-82.6125019999999921
0
LINE
8
BLACK
6
CONTINUOUS
10
112.9750019999999893
20
-82.6125019999999921
11
112.9750019999999893
21
-82.6625019999999893
0
LINE
8
BLACK
6
CONTINUOUS
10
107.9658739999999995
20
-76.4583889999999968
11
107.9569229999999891
21
-76.5033889999999985
0
LINE
8
BLACK
6
CONTINUOUS
10
107.9569229999999891
20
-76.5033889999999985
11
107.9054399999999987
21
-76.5804399999999958
0
LINE
8
BLACK
6
CONTINUOUS
10
107.9054399999999987
20
-76.5804399999999958
11
107.8283890000000014
21
-76.6319230000000005
0
LINE
8
BLACK
6
CONTINUOUS
10
107.8283890000000014
20
-76.6319230000000005
11
107.7999999999999972
21
-76.6375699999999966
0
LINE
8
BLACK
6
CONTINUOUS
10
107.7999999999999972
20
-76.6375699999999966
11
107.7999999999999972
21
-77.1486359999999962
0
LINE
8
BLACK
6
CONTINUOUS
10
107.7999999999999972
20
-77.1486359999999962
11
107.8876539999999977
21
-77.1396819999999934
0
LINE
8
BLACK
6
CONTINUOUS
10
107.8876539999999977
20
-77.1396819999999934
11
108.0513019999999926
21
-77.0854549999999961
0
LINE
8
BLACK
6
CONTINUOUS
10
108.0513019999999926
20
-77.0854549999999961
11
108.0513129999999933
21
-77.0854499999999945
0
LINE
8
BLACK
6
CONTINUOUS
10
108.0513129999999933
20
-77.0854499999999945
11
108.1980360000000019
21
-76.9949489999999912
0
LINE
8
BLACK
6
CONTINUOUS
10
108.1980360000000019
20
-76.9949489999999912
11
108.1980399999999918
21
-76.9949459999999988
0
LINE
8
BLACK
6
CONTINUOUS
10
108.1980399999999918
20
-76.9949459999999988
11
108.3199460000000016
21
-76.8730400000000031
0
LINE
8
BLACK
6
CONTINUOUS
10
108.3199460000000016
20
-76.8730400000000031
11
108.319948999999994
21
-76.873035999999999
0
LINE
8
BLACK
6
CONTINUOUS
10
108.319948999999994
20
-76.873035999999999
11
108.4104499999999973
21
-76.7263129999999904
0
LINE
8
BLACK
6
CONTINUOUS
10
108.4104499999999973
20
-76.7263129999999904
11
108.4104549999999989
21
-76.7263019999999898
0
LINE
8
BLACK
6
CONTINUOUS
10
108.4104549999999989
20
-76.7263019999999898
11
108.4646819999999963
21
-76.5626539999999949
0
LINE
8
BLACK
6
CONTINUOUS
10
108.4646819999999963
20
-76.5626539999999949
11
108.4750009999999918
21
-76.4616559999999907
0
LINE
8
BLACK
6
CONTINUOUS
10
108.4750009999999918
20
-76.4616559999999907
11
108.4750019999999893
21
-76.4616429999999951
0
LINE
8
BLACK
6
CONTINUOUS
10
108.4750019999999893
20
-76.4616429999999951
11
108.4750019999999893
21
-76.3625019999999921
0
LINE
8
BLACK
6
CONTINUOUS
10
108.4750019999999893
20
-76.3625019999999921
11
108.0617620000000016
21
-76.3625019999999921
0
LINE
8
BLACK
6
CONTINUOUS
10
108.0617620000000016
20
-76.3625019999999921
11
107.9658739999999995
21
-76.4583889999999968
0
LINE
8
BLACK
6
CONTINUOUS
10
111.2081499999999892
20
-76.3100019999999972
11
111.2665829999999971
21
-76.4898369999999943
0
LINE
8
BLACK
6
CONTINUOUS
10
111.2665829999999971
20
-76.4898369999999943
11
111.355907000000002
21
-76.6651469999999904
0
LINE
8
BLACK
6
CONTINUOUS
10
111.355907000000002
20
-76.6651469999999904
11
111.3813209999999998
21
-76.7001269999999948
0
LINE
8
BLACK
6
CONTINUOUS
10
111.3813209999999998
20
-76.7001269999999948
11
111.3813219999999973
21
-76.7001269999999948
0
LINE
8
BLACK
6
CONTINUOUS
10
111.3813219999999973
20
-76.7001269999999948
11
111.7501859999999994
21
-76.3312619999999953
0
LINE
8
BLACK
6
CONTINUOUS
10
111.7501859999999994
20
-76.3312619999999953
11
111.7413809999999899
21
-76.3100019999999972
0
LINE
8
BLACK
6
CONTINUOUS
10
111.7413809999999899
20
-76.3100019999999972
11
111.2081499999999892
21
-76.3100019999999972
0
LINE
8
BLACK
6
CONTINUOUS
10
108.75
20
-85.1310939999999903
11
108.7842199999999906
21
-85.3910089999999968
0
LINE
8
BLACK
6
CONTINUOUS
10
108.7842199999999906
20
-85.3910089999999968
11
108.7842219999999998
21
-85.3910199999999975
0
LINE
8
BLACK
6
CONTINUOUS
10
108.7842219999999998
20
-85.3910199999999975
11
108.8520749999999992
21
-85.6442550000000011
0
LINE
8
BLACK
6
CONTINUOUS
10
108.8520749999999992
20
-85.6442550000000011
11
108.9524040000000014
21
-85.8864710000000002
0
LINE
8
BLACK
6
CONTINUOUS
10
108.9524040000000014
20
-85.8864710000000002
11
108.9524089999999887
21
-85.8864820000000009
0
LINE
8
BLACK
6
CONTINUOUS
10
108.9524089999999887
20
-85.8864820000000009
11
109.0834879999999885
21
-86.11351599999999
0
LINE
8
BLACK
6
CONTINUOUS
10
109.0834879999999885
20
-86.11351599999999
11
109.0834940000000017
21
-86.1135239999999982
0
LINE
8
BLACK
6
CONTINUOUS
10
109.0834940000000017
20
-86.1135239999999982
11
109.1700799999999987
21
-86.2263650000000013
0
LINE
8
BLACK
6
CONTINUOUS
10
109.1700799999999987
20
-86.2263650000000013
11
109.5306499999999943
21
-85.865793999999994
0
LINE
8
BLACK
6
CONTINUOUS
10
109.5306499999999943
20
-85.865793999999994
11
109.4710400000000021
21
-85.7837480000000028
0
LINE
8
BLACK
6
CONTINUOUS
10
109.4710400000000021
20
-85.7837480000000028
11
109.3641810000000021
21
-85.5740249999999918
0
LINE
8
BLACK
6
CONTINUOUS
10
109.3641810000000021
20
-85.5740249999999918
11
109.291444999999996
21
-85.3501679999999965
0
LINE
8
BLACK
6
CONTINUOUS
10
109.291444999999996
20
-85.3501679999999965
11
109.2546239999999926
21
-85.1176889999999986
0
LINE
8
BLACK
6
CONTINUOUS
10
109.2546239999999926
20
-85.1176889999999986
11
109.2546239999999926
21
-84.8823110000000014
0
LINE
8
BLACK
6
CONTINUOUS
10
109.2546239999999926
20
-84.8823110000000014
11
109.291444999999996
21
-84.6498319999999893
0
LINE
8
BLACK
6
CONTINUOUS
10
109.291444999999996
20
-84.6498319999999893
11
109.3641810000000021
21
-84.425974999999994
0
LINE
8
BLACK
6
CONTINUOUS
10
109.3641810000000021
20
-84.425974999999994
11
109.4710400000000021
21
-84.2162519999999972
0
LINE
8
BLACK
6
CONTINUOUS
10
109.4710400000000021
20
-84.2162519999999972
11
109.5008949999999999
21
-84.1751589999999936
0
LINE
8
BLACK
6
CONTINUOUS
10
109.5008949999999999
20
-84.1751589999999936
11
109.1393779999999936
21
-83.8136420000000015
0
LINE
8
BLACK
6
CONTINUOUS
10
109.1393779999999936
20
-83.8136420000000015
11
109.0834959999999967
21
-83.8864710000000002
0
LINE
8
BLACK
6
CONTINUOUS
10
109.0834959999999967
20
-83.8864710000000002
11
108.9524089999999887
21
-84.1135170000000016
0
LINE
8
BLACK
6
CONTINUOUS
10
108.9524089999999887
20
-84.1135170000000016
11
108.9524040000000014
21
-84.1135280000000023
0
LINE
8
BLACK
6
CONTINUOUS
10
108.9524040000000014
20
-84.1135280000000023
11
108.8520749999999992
21
-84.3557440000000014
0
LINE
8
BLACK
6
CONTINUOUS
10
108.8520749999999992
20
-84.3557440000000014
11
108.7842219999999998
21
-84.6089789999999908
0
LINE
8
BLACK
6
CONTINUOUS
10
108.7842219999999998
20
-84.6089789999999908
11
108.7842199999999906
21
-84.6089899999999915
0
LINE
8
BLACK
6
CONTINUOUS
10
108.7842199999999906
20
-84.6089899999999915
11
108.75
21
-84.868904999999998
0
LINE
8
BLACK
6
CONTINUOUS
10
108.75
20
-84.868904999999998
11
108.75
21
-85.1310939999999903
0
LINE
8
BLACK
6
CONTINUOUS
10
111.3501679999999965
20
-94.041444999999996
11
111.5740249999999918
21
-94.1141810000000021
0
LINE
8
BLACK
6
CONTINUOUS
10
111.5740249999999918
20
-94.1141810000000021
11
111.7837479999999886
21
-94.2210400000000021
0
LINE
8
BLACK
6
CONTINUOUS
10
111.7837479999999886
20
-94.2210400000000021
11
111.9741719999999958
21
-94.3593910000000022
0
LINE
8
BLACK
6
CONTINUOUS
10
111.9741719999999958
20
-94.3593910000000022
11
112.1406089999999978
21
-94.52582799999999
0
LINE
8
BLACK
6
CONTINUOUS
10
112.1406089999999978
20
-94.52582799999999
11
112.2789599999999979
21
-94.7162519999999972
0
LINE
8
BLACK
6
CONTINUOUS
10
112.2789599999999979
20
-94.7162519999999972
11
112.3858189999999979
21
-94.925974999999994
0
LINE
8
BLACK
6
CONTINUOUS
10
112.3858189999999979
20
-94.925974999999994
11
112.4585549999999898
21
-95.1498319999999893
0
LINE
8
BLACK
6
CONTINUOUS
10
112.4585549999999898
20
-95.1498319999999893
11
112.4953759999999932
21
-95.3823110000000014
0
LINE
8
BLACK
6
CONTINUOUS
10
112.4953759999999932
20
-95.3823110000000014
11
112.4953759999999932
21
-95.6176889999999986
0
LINE
8
BLACK
6
CONTINUOUS
10
112.4953759999999932
20
-95.6176889999999986
11
112.4585549999999898
21
-95.8501679999999965
0
LINE
8
BLACK
6
CONTINUOUS
10
112.4585549999999898
20
-95.8501679999999965
11
112.3858189999999979
21
-96.0740249999999918
0
LINE
8
BLACK
6
CONTINUOUS
10
112.3858189999999979
20
-96.0740249999999918
11
112.2789599999999979
21
-96.2837479999999886
0
LINE
8
BLACK
6
CONTINUOUS
10
112.2789599999999979
20
-96.2837479999999886
11
112.1406089999999978
21
-96.4741719999999958
0
LINE
8
BLACK
6
CONTINUOUS
10
112.1406089999999978
20
-96.4741719999999958
11
111.9741719999999958
21
-96.6406089999999978
0
LINE
8
BLACK
6
CONTINUOUS
10
111.9741719999999958
20
-96.6406089999999978
11
111.7837479999999886
21
-96.7789599999999979
0
LINE
8
BLACK
6
CONTINUOUS
10
111.7837479999999886
20
-96.7789599999999979
11
111.5740249999999918
21
-96.8858189999999979
0
LINE
8
BLACK
6
CONTINUOUS
10
111.5740249999999918
20
-96.8858189999999979
11
111.3501679999999965
21
-96.9585549999999898
0
LINE
8
BLACK
6
CONTINUOUS
10
111.3501679999999965
20
-96.9585549999999898
11
111.1176889999999986
21
-96.9953759999999932
0
LINE
8
BLACK
6
CONTINUOUS
10
111.1176889999999986
20
-96.9953759999999932
11
110.8823110000000014
21
-96.9953759999999932
0
LINE
8
BLACK
6
CONTINUOUS
10
110.8823110000000014
20
-96.9953759999999932
11
110.6498319999999893
21
-96.9585549999999898
0
LINE
8
BLACK
6
CONTINUOUS
10
110.6498319999999893
20
-96.9585549999999898
11
110.425974999999994
21
-96.8858189999999979
0
LINE
8
BLACK
6
CONTINUOUS
10
110.425974999999994
20
-96.8858189999999979
11
110.2162519999999972
21
-96.7789599999999979
0
LINE
8
BLACK
6
CONTINUOUS
10
110.2162519999999972
20
-96.7789599999999979
11
110.02582799999999
21
-96.6406089999999978
0
LINE
8
BLACK
6
CONTINUOUS
10
110.02582799999999
20
-96.6406089999999978
11
109.859390999999988
21
-96.4741719999999958
0
LINE
8
BLACK
6
CONTINUOUS
10
109.859390999999988
20
-96.4741719999999958
11
109.7210400000000021
21
-96.2837479999999886
0
LINE
8
BLACK
6
CONTINUOUS
10
109.7210400000000021
20
-96.2837479999999886
11
109.6141810000000021
21
-96.0740249999999918
0
LINE
8
BLACK
6
CONTINUOUS
10
109.6141810000000021
20
-96.0740249999999918
11
109.541444999999996
21
-95.8501679999999965
0
LINE
8
BLACK
6
CONTINUOUS
10
109.541444999999996
20
-95.8501679999999965
11
109.5046239999999926
21
-95.6176889999999986
0
LINE
8
BLACK
6
CONTINUOUS
10
109.5046239999999926
20
-95.6176889999999986
11
109.5046239999999926
21
-95.3823110000000014
0
LINE
8
BLACK
6
CONTINUOUS
10
109.5046239999999926
20
-95.3823110000000014
11
109.541444999999996
21
-95.1498319999999893
0
LINE
8
BLACK
6
CONTINUOUS
10
109.541444999999996
20
-95.1498319999999893
11
109.6141810000000021
21
-94.925974999999994
0
LINE
8
BLACK
6
CONTINUOUS
10
109.6141810000000021
20
-94.925974999999994
11
109.7210400000000021
21
-94.7162519999999972
0
LINE
8
BLACK
6
CONTINUOUS
10
109.7210400000000021
20
-94.7162519999999972
11
109.859390999999988
21
-94.52582799999999
0
LINE
8
BLACK
6
CONTINUOUS
10
109.859390999999988
20
-94.52582799999999
11
110.02582799999999
21
-94.3593910000000022
0
LINE
8
BLACK
6
CONTINUOUS
10
110.02582799999999
20
-94.3593910000000022
11
110.2162519999999972
21
-94.2210400000000021
0
LINE
8
BLACK
6
CONTINUOUS
10
110.2162519999999972
20
-94.2210400000000021
11
110.425974999999994
21
-94.1141810000000021
0
LINE
8
BLACK
6
CONTINUOUS
10
110.425974999999994
20
-94.1141810000000021
11
110.6498319999999893
21
-94.041444999999996
0
LINE
8
BLACK
6
CONTINUOUS
10
110.6498319999999893
20
-94.041444999999996
11
110.8823110000000014
21
-94.0046239999999926
0
LINE
8
BLACK
6
CONTINUOUS
10
110.8823110000000014
20
-94.0046239999999926
11
111.1176889999999986
21
-94.0046239999999926
0
LINE
8
BLACK
6
CONTINUOUS
10
111.1176889999999986
20
-94.0046239999999926
11
111.3501679999999965
21
-94.041444999999996
0
LINE
8
BLACK
6
CONTINUOUS
10
115.6001679999999965
20
-94.041444999999996
11
115.8240249999999918
21
-94.1141810000000021
0
LINE
8
BLACK
6
CONTINUOUS
10
115.8240249999999918
20
-94.1141810000000021
11
116.0337479999999886
21
-94.2210400000000021
0
LINE
8
BLACK
6
CONTINUOUS
10
116.0337479999999886
20
-94.2210400000000021
11
116.2241719999999958
21
-94.3593910000000022
0
LINE
8
BLACK
6
CONTINUOUS
10
116.2241719999999958
20
-94.3593910000000022
11
116.3906089999999978
21
-94.52582799999999
0
LINE
8
BLACK
6
CONTINUOUS
10
116.3906089999999978
20
-94.52582799999999
11
116.5289599999999979
21
-94.7162519999999972
0
LINE
8
BLACK
6
CONTINUOUS
10
116.5289599999999979
20
-94.7162519999999972
11
116.6358189999999979
21
-94.925974999999994
0
LINE
8
BLACK
6
CONTINUOUS
10
116.6358189999999979
20
-94.925974999999994
11
116.7085549999999898
21
-95.1498319999999893
0
LINE
8
BLACK
6
CONTINUOUS
10
116.7085549999999898
20
-95.1498319999999893
11
116.7453759999999932
21
-95.3823110000000014
0
LINE
8
BLACK
6
CONTINUOUS
10
116.7453759999999932
20
-95.3823110000000014
11
116.7453759999999932
21
-95.6176889999999986
0
LINE
8
BLACK
6
CONTINUOUS
10
116.7453759999999932
20
-95.6176889999999986
11
116.7085549999999898
21
-95.8501679999999965
0
LINE
8
BLACK
6
CONTINUOUS
10
116.7085549999999898
20
-95.8501679999999965
11
116.6358189999999979
21
-96.0740249999999918
0
LINE
8
BLACK
6
CONTINUOUS
10
116.6358189999999979
20
-96.0740249999999918
11
116.5289599999999979
21
-96.2837479999999886
0
LINE
8
BLACK
6
CONTINUOUS
10
116.5289599999999979
20
-96.2837479999999886
11
116.3906089999999978
21
-96.4741719999999958
0
LINE
8
BLACK
6
CONTINUOUS
10
116.3906089999999978
20
-96.4741719999999958
11
116.2241719999999958
21
-96.6406089999999978
0
LINE
8
BLACK
6
CONTINUOUS
10
116.2241719999999958
20
-96.6406089999999978
11
116.0337479999999886
21
-96.7789599999999979
0
LINE
8
BLACK
6
CONTINUOUS
10
116.0337479999999886
20
-96.7789599999999979
11
115.8240249999999918
21
-96.8858189999999979
0
LINE
8
BLACK
6
CONTINUOUS
10
115.8240249999999918
20
-96.8858189999999979
11
115.6001679999999965
21
-96.9585549999999898
0
LINE
8
BLACK
6
CONTINUOUS
10
115.6001679999999965
20
-96.9585549999999898
11
115.3676889999999986
21
-96.9953759999999932
0
LINE
8
BLACK
6
CONTINUOUS
10
115.3676889999999986
20
-96.9953759999999932
11
115.1323110000000014
21
-96.9953759999999932
0
LINE
8
BLACK
6
CONTINUOUS
10
115.1323110000000014
20
-96.9953759999999932
11
114.8998319999999893
21
-96.9585549999999898
0
LINE
8
BLACK
6
CONTINUOUS
10
114.8998319999999893
20
-96.9585549999999898
11
114.675974999999994
21
-96.8858189999999979
0
LINE
8
BLACK
6
CONTINUOUS
10
114.675974999999994
20
-96.8858189999999979
11
114.4662519999999972
21
-96.7789599999999979
0
LINE
8
BLACK
6
CONTINUOUS
10
114.4662519999999972
20
-96.7789599999999979
11
114.27582799999999
21
-96.6406089999999978
0
LINE
8
BLACK
6
CONTINUOUS
10
114.27582799999999
20
-96.6406089999999978
11
114.109390999999988
21
-96.4741719999999958
0
LINE
8
BLACK
6
CONTINUOUS
10
114.109390999999988
20
-96.4741719999999958
11
113.9710399999999879
21
-96.2837479999999886
0
LINE
8
BLACK
6
CONTINUOUS
10
113.9710399999999879
20
-96.2837479999999886
11
113.8641809999999879
21
-96.0740249999999918
0
LINE
8
BLACK
6
CONTINUOUS
10
113.8641809999999879
20
-96.0740249999999918
11
113.791444999999996
21
-95.8501679999999965
0
LINE
8
BLACK
6
CONTINUOUS
10
113.791444999999996
20
-95.8501679999999965
11
113.7546239999999926
21
-95.6176889999999986
0
LINE
8
BLACK
6
CONTINUOUS
10
113.7546239999999926
20
-95.6176889999999986
11
113.7546239999999926
21
-95.3823110000000014
0
LINE
8
BLACK
6
CONTINUOUS
10
113.7546239999999926
20
-95.3823110000000014
11
113.791444999999996
21
-95.1498319999999893
0
LINE
8
BLACK
6
CONTINUOUS
10
113.791444999999996
20
-95.1498319999999893
11
113.8641809999999879
21
-94.925974999999994
0
LINE
8
BLACK
6
CONTINUOUS
10
113.8641809999999879
20
-94.925974999999994
11
113.9710399999999879
21
-94.7162519999999972
0
LINE
8
BLACK
6
CONTINUOUS
10
113.9710399999999879
20
-94.7162519999999972
11
114.109390999999988
21
-94.52582799999999
0
LINE
8
BLACK
6
CONTINUOUS
10
114.109390999999988
20
-94.52582799999999
11
114.27582799999999
21
-94.3593910000000022
0
LINE
8
BLACK
6
CONTINUOUS
10
114.27582799999999
20
-94.3593910000000022
11
114.4662519999999972
21
-94.2210400000000021
0
LINE
8
BLACK
6
CONTINUOUS
10
114.4662519999999972
20
-94.2210400000000021
11
114.675974999999994
21
-94.1141810000000021
0
LINE
8
BLACK
6
CONTINUOUS
10
114.675974999999994
20
-94.1141810000000021
11
114.8998319999999893
21
-94.041444999999996
0
LINE
8
BLACK
6
CONTINUOUS
10
114.8998319999999893
20
-94.041444999999996
11
115.1323110000000014
21
-94.0046239999999926
0
LINE
8
BLACK
6
CONTINUOUS
10
115.1323110000000014
20
-94.0046239999999926
11
115.3676889999999986
21
-94.0046239999999926
0
LINE
8
BLACK
6
CONTINUOUS
10
115.3676889999999986
20
-94.0046239999999926
11
115.6001679999999965
21
-94.041444999999996
0
LINE
8
BLACK
6
CONTINUOUS
10
113.1749999999999972
20
-73.7999989999999997
11
115.0999989999999968
21
-73.7999989999999997
0
LINE
8
BLACK
6
CONTINUOUS
10
115.0999989999999968
20
-73.7999989999999997
11
115.1391569999999973
21
-73.8025659999999988
0
LINE
8
BLACK
6
CONTINUOUS
10
115.1391569999999973
20
-73.8025659999999988
11
115.2148040000000009
21
-73.8228349999999978
0
LINE
8
BLACK
6
CONTINUOUS
10
115.2148040000000009
20
-73.8228349999999978
11
115.2826269999999909
21
-73.8619929999999982
0
LINE
8
BLACK
6
CONTINUOUS
10
115.2826269999999909
20
-73.8619929999999982
11
115.3121309999999937
21
-73.887867
0
LINE
8
BLACK
6
CONTINUOUS
10
115.3121309999999937
20
-73.887867
11
119.2121319999999969
21
-77.7878680000000031
0
LINE
8
BLACK
6
CONTINUOUS
10
119.2121319999999969
20
-77.7878680000000031
11
119.2380059999999986
21
-77.8173719999999918
0
LINE
8
BLACK
6
CONTINUOUS
10
119.2380059999999986
20
-77.8173719999999918
11
119.2771639999999991
21
-77.885194999999996
0
LINE
8
BLACK
6
CONTINUOUS
10
119.2771639999999991
20
-77.885194999999996
11
119.2974329999999981
21
-77.9608419999999995
0
LINE
8
BLACK
6
CONTINUOUS
10
119.2974329999999981
20
-77.9608419999999995
11
119.2999999999999972
21
-78.
0
LINE
8
BLACK
6
CONTINUOUS
10
119.2999999999999972
20
-78.
11
119.2999999999999972
21
-90.75
0
LINE
8
BLACK
6
CONTINUOUS
10
119.2999999999999972
20
-90.75
11
119.2974329999999981
21
-90.7891580000000005
0
LINE
8
BLACK
6
CONTINUOUS
10
119.2974329999999981
20
-90.7891580000000005
11
119.2771639999999991
21
-90.8648049999999898
0
LINE
8
BLACK
6
CONTINUOUS
10
119.2771639999999991
20
-90.8648049999999898
11
119.2380059999999986
21
-90.932627999999994
0
LINE
8
BLACK
6
CONTINUOUS
10
119.2380059999999986
20
-90.932627999999994
11
119.2121319999999969
21
-90.9621319999999969
0
LINE
8
BLACK
6
CONTINUOUS
10
119.2121319999999969
20
-90.9621319999999969
11
117.2121319999999969
21
-92.9621319999999969
0
LINE
8
BLACK
6
CONTINUOUS
10
117.2121319999999969
20
-92.9621319999999969
11
117.182627999999994
21
-92.9880059999999986
0
LINE
8
BLACK
6
CONTINUOUS
10
117.182627999999994
20
-92.9880059999999986
11
117.1148049999999898
21
-93.0271639999999991
0
LINE
8
BLACK
6
CONTINUOUS
10
117.1148049999999898
20
-93.0271639999999991
11
117.0391580000000005
21
-93.0474329999999981
0
LINE
8
BLACK
6
CONTINUOUS
10
117.0391580000000005
20
-93.0474329999999981
11
117.
21
-93.0499999999999972
0
LINE
8
BLACK
6
CONTINUOUS
10
117.
20
-93.0499999999999972
11
113.75
21
-93.0499999999999972
0
LINE
8
BLACK
6
CONTINUOUS
10
113.75
20
-93.0499999999999972
11
113.7108419999999995
21
-93.0474329999999981
0
LINE
8
BLACK
6
CONTINUOUS
10
113.7108419999999995
20
-93.0474329999999981
11
113.635194999999996
21
-93.0271639999999991
0
LINE
8
BLACK
6
CONTINUOUS
10
113.635194999999996
20
-93.0271639999999991
11
113.5673719999999918
21
-92.9880059999999986
0
LINE
8
BLACK
6
CONTINUOUS
10
113.5673719999999918
20
-92.9880059999999986
11
113.5378679999999889
21
-92.9621319999999969
0
LINE
8
BLACK
6
CONTINUOUS
10
113.5378679999999889
20
-92.9621319999999969
11
111.8248399999999947
21
-91.2491040000000027
0
LINE
8
BLACK
6
CONTINUOUS
10
111.8248399999999947
20
-91.2491040000000027
11
111.7837479999999886
21
-91.2789599999999979
0
LINE
8
BLACK
6
CONTINUOUS
10
111.7837479999999886
20
-91.2789599999999979
11
111.5740249999999918
21
-91.3858189999999979
0
LINE
8
BLACK
6
CONTINUOUS
10
111.5740249999999918
20
-91.3858189999999979
11
111.3501679999999965
21
-91.4585549999999898
0
LINE
8
BLACK
6
CONTINUOUS
10
111.3501679999999965
20
-91.4585549999999898
11
111.1176889999999986
21
-91.4953759999999932
0
LINE
8
BLACK
6
CONTINUOUS
10
111.1176889999999986
20
-91.4953759999999932
11
110.8823110000000014
21
-91.4953759999999932
0
LINE
8
BLACK
6
CONTINUOUS
10
110.8823110000000014
20
-91.4953759999999932
11
110.6498319999999893
21
-91.4585549999999898
0
LINE
8
BLACK
6
CONTINUOUS
10
110.6498319999999893
20
-91.4585549999999898
11
110.425974999999994
21
-91.3858189999999979
0
LINE
8
BLACK
6
CONTINUOUS
10
110.425974999999994
20
-91.3858189999999979
11
110.2162519999999972
21
-91.2789599999999979
0
LINE
8
BLACK
6
CONTINUOUS
10
110.2162519999999972
20
-91.2789599999999979
11
110.02582799999999
21
-91.1406089999999978
0
LINE
8
BLACK
6
CONTINUOUS
10
110.02582799999999
20
-91.1406089999999978
11
109.859390999999988
21
-90.9741719999999958
0
LINE
8
BLACK
6
CONTINUOUS
10
109.859390999999988
20
-90.9741719999999958
11
109.7210400000000021
21
-90.7837480000000028
0
LINE
8
BLACK
6
CONTINUOUS
10
109.7210400000000021
20
-90.7837480000000028
11
109.6141810000000021
21
-90.5740249999999918
0
LINE
8
BLACK
6
CONTINUOUS
10
109.6141810000000021
20
-90.5740249999999918
11
109.541444999999996
21
-90.3501679999999965
0
LINE
8
BLACK
6
CONTINUOUS
10
109.541444999999996
20
-90.3501679999999965
11
109.5046239999999926
21
-90.1176889999999986
0
LINE
8
BLACK
6
CONTINUOUS
10
109.5046239999999926
20
-90.1176889999999986
11
109.5046239999999926
21
-89.8823110000000014
0
LINE
8
BLACK
6
CONTINUOUS
10
109.5046239999999926
20
-89.8823110000000014
11
109.541444999999996
21
-89.6498319999999893
0
LINE
8
BLACK
6
CONTINUOUS
10
109.541444999999996
20
-89.6498319999999893
11
109.6141810000000021
21
-89.425974999999994
0
LINE
8
BLACK
6
CONTINUOUS
10
109.6141810000000021
20
-89.425974999999994
11
109.7210400000000021
21
-89.2162519999999972
0
LINE
8
BLACK
6
CONTINUOUS
10
109.7210400000000021
20
-89.2162519999999972
11
109.859390999999988
21
-89.02582799999999
0
LINE
8
BLACK
6
CONTINUOUS
10
109.859390999999988
20
-89.02582799999999
11
110.02582799999999
21
-88.8593910000000022
0
LINE
8
BLACK
6
CONTINUOUS
10
110.02582799999999
20
-88.8593910000000022
11
110.2162519999999972
21
-88.7210400000000021
0
LINE
8
BLACK
6
CONTINUOUS
10
110.2162519999999972
20
-88.7210400000000021
11
110.425974999999994
21
-88.6141810000000021
0
LINE
8
BLACK
6
CONTINUOUS
10
110.425974999999994
20
-88.6141810000000021
11
110.6498319999999893
21
-88.541444999999996
0
LINE
8
BLACK
6
CONTINUOUS
10
110.6498319999999893
20
-88.541444999999996
11
110.8823110000000014
21
-88.5046239999999926
0
LINE
8
BLACK
6
CONTINUOUS
10
110.8823110000000014
20
-88.5046239999999926
11
111.1176889999999986
21
-88.5046239999999926
0
LINE
8
BLACK
6
CONTINUOUS
10
111.1176889999999986
20
-88.5046239999999926
11
111.3501679999999965
21
-88.541444999999996
0
LINE
8
BLACK
6
CONTINUOUS
10
111.3501679999999965
20
-88.541444999999996
11
111.5740249999999918
21
-88.6141810000000021
0
LINE
8
BLACK
6
CONTINUOUS
10
111.5740249999999918
20
-88.6141810000000021
11
111.7837479999999886
21
-88.7210400000000021
0
LINE
8
BLACK
6
CONTINUOUS
10
111.7837479999999886
20
-88.7210400000000021
11
111.9741719999999958
21
-88.8593910000000022
0
LINE
8
BLACK
6
CONTINUOUS
10
111.9741719999999958
20
-88.8593910000000022
11
112.1406089999999978
21
-89.02582799999999
0
LINE
8
BLACK
6
CONTINUOUS
10
112.1406089999999978
20
-89.02582799999999
11
112.2789599999999979
21
-89.2162519999999972
0
LINE
8
BLACK
6
CONTINUOUS
10
112.2789599999999979
20
-89.2162519999999972
11
112.3858189999999979
21
-89.425974999999994
0
LINE
8
BLACK
6
CONTINUOUS
10
112.3858189999999979
20
-89.425974999999994
11
112.4585549999999898
21
-89.6498319999999893
0
LINE
8
BLACK
6
CONTINUOUS
10
112.4585549999999898
20
-89.6498319999999893
11
112.4953759999999932
21
-89.8823110000000014
0
LINE
8
BLACK
6
CONTINUOUS
10
112.4953759999999932
20
-89.8823110000000014
11
112.4953759999999932
21
-90.1176889999999986
0
LINE
8
BLACK
6
CONTINUOUS
10
112.4953759999999932
20
-90.1176889999999986
11
112.4585549999999898
21
-90.3501679999999965
0
LINE
8
BLACK
6
CONTINUOUS
10
112.4585549999999898
20
-90.3501679999999965
11
112.3858189999999979
21
-90.5740249999999918
0
LINE
8
BLACK
6
CONTINUOUS
10
112.3858189999999979
20
-90.5740249999999918
11
112.2789599999999979
21
-90.7837480000000028
0
LINE
8
BLACK
6
CONTINUOUS
10
112.2789599999999979
20
-90.7837480000000028
11
112.2491039999999884
21
-90.8248399999999947
0
LINE
8
BLACK
6
CONTINUOUS
10
112.2491039999999884
20
-90.8248399999999947
11
113.8742639999999966
21
-92.4500000000000028
0
LINE
8
BLACK
6
CONTINUOUS
10
113.8742639999999966
20
-92.4500000000000028
11
116.8757359999999892
21
-92.4500000000000028
0
LINE
8
BLACK
6
CONTINUOUS
10
116.8757359999999892
20
-92.4500000000000028
11
118.6999999999999886
21
-90.6257359999999892
0
LINE
8
BLACK
6
CONTINUOUS
10
118.6999999999999886
20
-90.6257359999999892
11
118.6999999999999886
21
-78.1242639999999966
0
LINE
8
BLACK
6
CONTINUOUS
10
118.6999999999999886
20
-78.1242639999999966
11
114.9757350000000002
21
-74.399998999999994
0
LINE
8
BLACK
6
CONTINUOUS
10
114.9757350000000002
20
-74.399998999999994
11
113.1749999999999972
21
-74.399998999999994
0
LINE
8
BLACK
6
CONTINUOUS
10
113.1749999999999972
20
-74.399998999999994
11
113.1749999999999972
21
-74.8499989999999968
0
LINE
8
BLACK
6
CONTINUOUS
10
113.1749999999999972
20
-74.8499989999999968
11
111.6749999999999972
21
-74.8499989999999968
0
LINE
8
BLACK
6
CONTINUOUS
10
111.6749999999999972
20
-74.8499989999999968
11
111.6749999999999972
21
-74.399998999999994
0
LINE
8
BLACK
6
CONTINUOUS
10
111.6749999999999972
20
-74.399998999999994
11
107.9749979999999994
21
-74.399998999999994
0
LINE
8
BLACK
6
CONTINUOUS
10
107.9749979999999994
20
-74.399998999999994
11
107.9749979999999994
21
-74.6874979999999908
0
LINE
8
BLACK
6
CONTINUOUS
10
107.9749979999999994
20
-74.6874979999999908
11
107.9569189999999992
21
-74.7783850000000001
0
LINE
8
BLACK
6
CONTINUOUS
10
107.9569189999999992
20
-74.7783850000000001
11
107.9054359999999946
21
-74.8554359999999974
0
LINE
8
BLACK
6
CONTINUOUS
10
107.9054359999999946
20
-74.8554359999999974
11
107.8283849999999973
21
-74.906919000000002
0
LINE
8
BLACK
6
CONTINUOUS
10
107.8283849999999973
20
-74.906919000000002
11
107.7374980000000022
21
-74.9249980000000022
0
LINE
8
BLACK
6
CONTINUOUS
10
107.7374980000000022
20
-74.9249980000000022
11
107.2624979999999937
21
-74.9249980000000022
0
LINE
8
BLACK
6
CONTINUOUS
10
107.2624979999999937
20
-74.9249980000000022
11
107.1716109999999986
21
-74.906919000000002
0
LINE
8
BLACK
6
CONTINUOUS
10
107.1716109999999986
20
-74.906919000000002
11
107.0945600000000013
21
-74.8554359999999974
0
LINE
8
BLACK
6
CONTINUOUS
10
107.0945600000000013
20
-74.8554359999999974
11
107.0430769999999967
21
-74.7783850000000001
0
LINE
8
BLACK
6
CONTINUOUS
10
107.0430769999999967
20
-74.7783850000000001
11
107.0249979999999965
21
-74.6874979999999908
0
LINE
8
BLACK
6
CONTINUOUS
10
107.0249979999999965
20
-74.6874979999999908
11
107.0249979999999965
21
-74.333131999999992
0
LINE
8
BLACK
6
CONTINUOUS
10
107.0249979999999965
20
-74.333131999999992
11
106.9744929999999954
21
-74.2826269999999909
0
LINE
8
BLACK
6
CONTINUOUS
10
106.9744929999999954
20
-74.2826269999999909
11
106.9353349999999949
21
-74.2148040000000009
0
LINE
8
BLACK
6
CONTINUOUS
10
106.9353349999999949
20
-74.2148040000000009
11
106.9150659999999959
21
-74.1391569999999973
0
LINE
8
BLACK
6
CONTINUOUS
10
106.9150659999999959
20
-74.1391569999999973
11
106.9150659999999959
21
-74.0608409999999964
0
LINE
8
BLACK
6
CONTINUOUS
10
106.9150659999999959
20
-74.0608409999999964
11
106.9353349999999949
21
-73.9851939999999928
0
LINE
8
BLACK
6
CONTINUOUS
10
106.9353349999999949
20
-73.9851939999999928
11
106.9429979999999887
21
-73.9719199999999972
0
LINE
8
BLACK
6
CONTINUOUS
10
106.9429979999999887
20
-73.9719199999999972
11
106.9292870000000022
21
-73.9582089999999965
0
LINE
8
BLACK
6
CONTINUOUS
10
106.9292870000000022
20
-73.9582089999999965
11
106.9168509999999941
21
-73.9430550000000011
0
LINE
8
BLACK
6
CONTINUOUS
10
106.9168509999999941
20
-73.9430550000000011
11
106.9019189999999924
21
-73.907006999999993
0
LINE
8
BLACK
6
CONTINUOUS
10
106.9019189999999924
20
-73.907006999999993
11
106.9019189999999924
21
-73.8679889999999943
0
LINE
8
BLACK
6
CONTINUOUS
10
106.9019189999999924
20
-73.8679889999999943
11
106.9168509999999941
21
-73.8319410000000005
0
LINE
8
BLACK
6
CONTINUOUS
10
106.9168509999999941
20
-73.8319410000000005
11
106.9444409999999976
21
-73.8043509999999969
0
LINE
8
BLACK
6
CONTINUOUS
10
106.9444409999999976
20
-73.8043509999999969
11
106.9804889999999915
21
-73.7894189999999952
0
LINE
8
BLACK
6
CONTINUOUS
10
106.9804889999999915
20
-73.7894189999999952
11
107.0195069999999902
21
-73.7894189999999952
0
LINE
8
BLACK
6
CONTINUOUS
10
107.0195069999999902
20
-73.7894189999999952
11
107.0555549999999982
21
-73.8043509999999969
0
LINE
8
BLACK
6
CONTINUOUS
10
107.0555549999999982
20
-73.8043509999999969
11
107.0707089999999937
21
-73.8167869999999908
0
LINE
8
BLACK
6
CONTINUOUS
10
107.0707089999999937
20
-73.8167869999999908
11
107.0844199999999944
21
-73.8304979999999915
0
LINE
8
BLACK
6
CONTINUOUS
10
107.0844199999999944
20
-73.8304979999999915
11
107.09769399999999
21
-73.8228349999999978
0
LINE
8
BLACK
6
CONTINUOUS
10
107.09769399999999
20
-73.8228349999999978
11
107.1733409999999935
21
-73.8025659999999988
0
LINE
8
BLACK
6
CONTINUOUS
10
107.1733409999999935
20
-73.8025659999999988
11
107.212498999999994
21
-73.7999989999999997
0
LINE
8
BLACK
6
CONTINUOUS
10
107.212498999999994
20
-73.7999989999999997
11
111.6749999999999972
21
-73.7999989999999997
0
LINE
8
BLACK
6
CONTINUOUS
10
111.6749999999999972
20
-73.7999989999999997
11
111.6749999999999972
21
-73.3499989999999968
0
LINE
8
BLACK
6
CONTINUOUS
10
111.6749999999999972
20
-73.3499989999999968
11
113.1749999999999972
21
-73.3499989999999968
0
LINE
8
BLACK
6
CONTINUOUS
10
113.1749999999999972
20
-73.3499989999999968
11
113.1749999999999972
21
-73.7999989999999997
0
LINE
8
BLACK
6
CONTINUOUS
10
134.3275189999999952
20
-76.5523840000000035
11
134.6555070000000001
21
-76.6272450000000021
0
LINE
8
BLACK
6
CONTINUOUS
10
134.6555070000000001
20
-76.6272450000000021
11
134.9730500000000006
21
-76.738357999999991
0
LINE
8
BLACK
6
CONTINUOUS
10
134.9730500000000006
20
-76.738357999999991
11
135.2761569999999836
21
-76.884326999999999
0
LINE
8
BLACK
6
CONTINUOUS
10
135.2761569999999836
20
-76.884326999999999
11
135.5610140000000001
21
-77.0633139999999912
0
LINE
8
BLACK
6
CONTINUOUS
10
135.5610140000000001
20
-77.0633139999999912
11
135.8240399999999966
21
-77.2730710000000016
0
LINE
8
BLACK
6
CONTINUOUS
10
135.8240399999999966
20
-77.2730710000000016
11
136.0619259999999997
21
-77.5109569999999906
0
LINE
8
BLACK
6
CONTINUOUS
10
136.0619259999999997
20
-77.5109569999999906
11
136.2716829999999959
21
-77.7739830000000012
0
LINE
8
BLACK
6
CONTINUOUS
10
136.2716829999999959
20
-77.7739830000000012
11
136.4506700000000023
21
-78.0588400000000036
0
LINE
8
BLACK
6
CONTINUOUS
10
136.4506700000000023
20
-78.0588400000000036
11
136.5966389999999819
21
-78.3619470000000007
0
LINE
8
BLACK
6
CONTINUOUS
10
136.5966389999999819
20
-78.3619470000000007
11
136.7077519999999993
21
-78.6794900000000013
0
LINE
8
BLACK
6
CONTINUOUS
10
136.7077519999999993
20
-78.6794900000000013
11
136.7826129999999978
21
-79.0074779999999919
0
LINE
8
BLACK
6
CONTINUOUS
10
136.7826129999999978
20
-79.0074779999999919
11
136.8202799999999968
21
-79.341785999999999
0
LINE
8
BLACK
6
CONTINUOUS
10
136.8202799999999968
20
-79.341785999999999
11
136.8249999999999886
21
-79.5099969999999985
0
LINE
8
BLACK
6
CONTINUOUS
10
136.8249999999999886
20
-79.5099969999999985
11
136.8249999999999886
21
-82.5099969999999985
0
LINE
8
BLACK
6
CONTINUOUS
10
136.8249999999999886
20
-82.5099969999999985
11
136.8202799999999968
21
-82.6782079999999979
0
LINE
8
BLACK
6
CONTINUOUS
10
136.8202799999999968
20
-82.6782079999999979
11
136.7826129999999978
21
-83.0125159999999909
0
LINE
8
BLACK
6
CONTINUOUS
10
136.7826129999999978
20
-83.0125159999999909
11
136.7077519999999993
21
-83.3405039999999957
0
LINE
8
BLACK
6
CONTINUOUS
10
136.7077519999999993
20
-83.3405039999999957
11
136.5966389999999819
21
-83.6580469999999963
0
LINE
8
BLACK
6
CONTINUOUS
10
136.5966389999999819
20
-83.6580469999999963
11
136.4506700000000023
21
-83.9611539999999934
0
LINE
8
BLACK
6
CONTINUOUS
10
136.4506700000000023
20
-83.9611539999999934
11
136.2716829999999959
21
-84.2460109999999958
0
LINE
8
BLACK
6
CONTINUOUS
10
136.2716829999999959
20
-84.2460109999999958
11
136.0619259999999997
21
-84.5090369999999922
0
LINE
8
BLACK
6
CONTINUOUS
10
136.0619259999999997
20
-84.5090369999999922
11
135.8240399999999966
21
-84.7469229999999953
0
LINE
8
BLACK
6
CONTINUOUS
10
135.8240399999999966
20
-84.7469229999999953
11
135.5610140000000001
21
-84.9566799999999915
0
LINE
8
BLACK
6
CONTINUOUS
10
135.5610140000000001
20
-84.9566799999999915
11
135.2761569999999836
21
-85.135666999999998
0
LINE
8
BLACK
6
CONTINUOUS
10
135.2761569999999836
20
-85.135666999999998
11
134.9730500000000006
21
-85.2816359999999918
0
LINE
8
BLACK
6
CONTINUOUS
10
134.9730500000000006
20
-85.2816359999999918
11
134.6555070000000001
21
-85.3927489999999949
0
LINE
8
BLACK
6
CONTINUOUS
10
134.6555070000000001
20
-85.3927489999999949
11
134.3275189999999952
21
-85.4676099999999934
0
LINE
8
BLACK
6
CONTINUOUS
10
134.3275189999999952
20
-85.4676099999999934
11
133.9932110000000023
21
-85.5052769999999924
0
LINE
8
BLACK
6
CONTINUOUS
10
133.9932110000000023
20
-85.5052769999999924
11
133.6567890000000034
21
-85.5052769999999924
0
LINE
8
BLACK
6
CONTINUOUS
10
133.6567890000000034
20
-85.5052769999999924
11
133.5999999999999943
21
-85.4988779999999906
0
LINE
8
BLACK
6
CONTINUOUS
10
133.5999999999999943
20
-85.4988779999999906
11
133.5999999999999943
21
-90.0874999999999915
0
LINE
8
BLACK
6
CONTINUOUS
10
133.5999999999999943
20
-90.0874999999999915
11
133.596067000000005
21
-90.2276760000000024
0
LINE
8
BLACK
6
CONTINUOUS
10
133.596067000000005
20
-90.2276760000000024
11
133.5646779999999865
21
-90.5062659999999966
0
LINE
8
BLACK
6
CONTINUOUS
10
133.5646779999999865
20
-90.5062659999999966
11
133.5022929999999803
21
-90.7795890000000014
0
LINE
8
BLACK
6
CONTINUOUS
10
133.5022929999999803
20
-90.7795890000000014
11
133.4096989999999892
21
-91.0442089999999951
0
LINE
8
BLACK
6
CONTINUOUS
10
133.4096989999999892
20
-91.0442089999999951
11
133.2880590000000041
21
-91.296796999999998
0
LINE
8
BLACK
6
CONTINUOUS
10
133.2880590000000041
20
-91.296796999999998
11
133.1749989999999855
21
-91.4767299999999892
0
LINE
8
BLACK
6
CONTINUOUS
10
133.1749989999999855
20
-91.4767299999999892
11
133.1749989999999855
21
-92.3249969999999962
0
LINE
8
BLACK
6
CONTINUOUS
10
133.1749989999999855
20
-92.3249969999999962
11
132.2066379999999981
21
-92.3249969999999962
0
LINE
8
BLACK
6
CONTINUOUS
10
132.2066379999999981
20
-92.3249969999999962
11
132.0567089999999837
21
-92.3971990000000005
0
LINE
8
BLACK
6
CONTINUOUS
10
132.0567089999999837
20
-92.3971990000000005
11
131.7920890000000043
21
-92.4897929999999917
0
LINE
8
BLACK
6
CONTINUOUS
10
131.7920890000000043
20
-92.4897929999999917
11
131.5187659999999994
21
-92.5521779999999978
0
LINE
8
BLACK
6
CONTINUOUS
10
131.5187659999999994
20
-92.5521779999999978
11
131.2401759999999911
21
-92.5835670000000022
0
LINE
8
BLACK
6
CONTINUOUS
10
131.2401759999999911
20
-92.5835670000000022
11
130.9598239999999976
21
-92.5835670000000022
0
LINE
8
BLACK
6
CONTINUOUS
10
130.9598239999999976
20
-92.5835670000000022
11
130.6812339999999892
21
-92.5521779999999978
0
LINE
8
BLACK
6
CONTINUOUS
10
130.6812339999999892
20
-92.5521779999999978
11
130.4079109999999844
21
-92.4897929999999917
0
LINE
8
BLACK
6
CONTINUOUS
10
130.4079109999999844
20
-92.4897929999999917
11
130.1432910000000049
21
-92.3971990000000005
0
LINE
8
BLACK
6
CONTINUOUS
10
130.1432910000000049
20
-92.3971990000000005
11
129.9933619999999905
21
-92.3249969999999962
0
LINE
8
BLACK
6
CONTINUOUS
10
129.9933619999999905
20
-92.3249969999999962
11
129.1249990000000025
21
-92.3249969999999962
0
LINE
8
BLACK
6
CONTINUOUS
10
129.1249990000000025
20
-92.3249969999999962
11
129.1249990000000025
21
-91.6143069999999966
0
LINE
8
BLACK
6
CONTINUOUS
10
129.1249990000000025
20
-91.6143069999999966
11
129.061097999999987
21
-91.5341779999999972
0
LINE
8
BLACK
6
CONTINUOUS
10
129.061097999999987
20
-91.5341779999999972
11
128.9119409999999846
21
-91.296796999999998
0
LINE
8
BLACK
6
CONTINUOUS
10
128.9119409999999846
20
-91.296796999999998
11
128.7903009999999995
21
-91.0442089999999951
0
LINE
8
BLACK
6
CONTINUOUS
10
128.7903009999999995
20
-91.0442089999999951
11
128.6977070000000083
21
-90.7795890000000014
0
LINE
8
BLACK
6
CONTINUOUS
10
128.6977070000000083
20
-90.7795890000000014
11
128.6353220000000022
21
-90.5062659999999966
0
LINE
8
BLACK
6
CONTINUOUS
10
128.6353220000000022
20
-90.5062659999999966
11
128.6039329999999836
21
-90.2276760000000024
0
LINE
8
BLACK
6
CONTINUOUS
10
128.6039329999999836
20
-90.2276760000000024
11
128.5999999999999943
21
-90.0874999999999915
0
LINE
8
BLACK
6
CONTINUOUS
10
128.5999999999999943
20
-90.0874999999999915
11
128.5999999999999943
21
-83.7349969999999928
0
LINE
8
BLACK
6
CONTINUOUS
10
128.5999999999999943
20
-83.7349969999999928
11
128.6039329999999836
21
-83.594820999999996
0
LINE
8
BLACK
6
CONTINUOUS
10
128.6039329999999836
20
-83.594820999999996
11
128.6353220000000022
21
-83.3162310000000019
0
LINE
8
BLACK
6
CONTINUOUS
10
128.6353220000000022
20
-83.3162310000000019
11
128.6977070000000083
21
-83.0429079999999971
0
LINE
8
BLACK
6
CONTINUOUS
10
128.6977070000000083
20
-83.0429079999999971
11
128.7903009999999995
21
-82.7782879999999892
0
LINE
8
BLACK
6
CONTINUOUS
10
128.7903009999999995
20
-82.7782879999999892
11
128.9119409999999846
21
-82.5257000000000005
0
LINE
8
BLACK
6
CONTINUOUS
10
128.9119409999999846
20
-82.5257000000000005
11
129.061097999999987
21
-82.2883190000000013
0
LINE
8
BLACK
6
CONTINUOUS
10
129.061097999999987
20
-82.2883190000000013
11
129.2358949999999993
21
-82.0691309999999987
0
LINE
8
BLACK
6
CONTINUOUS
10
129.2358949999999993
20
-82.0691309999999987
11
129.4341340000000002
21
-81.8708919999999978
0
LINE
8
BLACK
6
CONTINUOUS
10
129.4341340000000002
20
-81.8708919999999978
11
129.6533220000000028
21
-81.6960949999999997
0
LINE
8
BLACK
6
CONTINUOUS
10
129.6533220000000028
20
-81.6960949999999997
11
129.890703000000002
21
-81.5469379999999973
0
LINE
8
BLACK
6
CONTINUOUS
10
129.890703000000002
20
-81.5469379999999973
11
130.1432910000000049
21
-81.425297999999998
0
LINE
8
BLACK
6
CONTINUOUS
10
130.1432910000000049
20
-81.425297999999998
11
130.4079109999999844
21
-81.3327039999999926
0
LINE
8
BLACK
6
CONTINUOUS
10
130.4079109999999844
20
-81.3327039999999926
11
130.6812339999999892
21
-81.2703190000000006
0
LINE
8
BLACK
6
CONTINUOUS
10
130.6812339999999892
20
-81.2703190000000006
11
130.8249999999999886
21
-81.2541200000000003
0
LINE
8
BLACK
6
CONTINUOUS
10
130.8249999999999886
20
-81.2541200000000003
11
130.8249999999999886
21
-79.5099969999999985
0
LINE
8
BLACK
6
CONTINUOUS
10
130.8249999999999886
20
-79.5099969999999985
11
130.8297199999999805
21
-79.341785999999999
0
LINE
8
BLACK
6
CONTINUOUS
10
130.8297199999999805
20
-79.341785999999999
11
130.8673870000000079
21
-79.0074779999999919
0
LINE
8
BLACK
6
CONTINUOUS
10
130.8673870000000079
20
-79.0074779999999919
11
130.9422480000000064
21
-78.6794900000000013
0
LINE
8
BLACK
6
CONTINUOUS
10
130.9422480000000064
20
-78.6794900000000013
11
131.0533609999999953
21
-78.3619470000000007
0
LINE
8
BLACK
6
CONTINUOUS
10
131.0533609999999953
20
-78.3619470000000007
11
131.1993300000000033
21
-78.0588400000000036
0
LINE
8
BLACK
6
CONTINUOUS
10
131.1993300000000033
20
-78.0588400000000036
11
131.3783169999999814
21
-77.7739830000000012
0
LINE
8
BLACK
6
CONTINUOUS
10
131.3783169999999814
20
-77.7739830000000012
11
131.588074000000006
21
-77.5109569999999906
0
LINE
8
BLACK
6
CONTINUOUS
10
131.588074000000006
20
-77.5109569999999906
11
131.8259599999999807
21
-77.2730710000000016
0
LINE
8
BLACK
6
CONTINUOUS
10
131.8259599999999807
20
-77.2730710000000016
11
132.0889860000000056
21
-77.0633139999999912
0
LINE
8
BLACK
6
CONTINUOUS
10
132.0889860000000056
20
-77.0633139999999912
11
132.3738429999999937
21
-76.884326999999999
0
LINE
8
BLACK
6
CONTINUOUS
10
132.3738429999999937
20
-76.884326999999999
11
132.676950000000005
21
-76.738357999999991
0
LINE
8
BLACK
6
CONTINUOUS
10
132.676950000000005
20
-76.738357999999991
11
132.9944930000000056
21
-76.6272450000000021
0
LINE
8
BLACK
6
CONTINUOUS
10
132.9944930000000056
20
-76.6272450000000021
11
133.322480999999982
21
-76.5523840000000035
0
LINE
8
BLACK
6
CONTINUOUS
10
133.322480999999982
20
-76.5523840000000035
11
133.6567890000000034
21
-76.5147169999999903
0
LINE
8
BLACK
6
CONTINUOUS
10
133.6567890000000034
20
-76.5147169999999903
11
133.9932110000000023
21
-76.5147169999999903
0
LINE
8
BLACK
6
CONTINUOUS
10
133.9932110000000023
20
-76.5147169999999903
11
134.3275189999999952
21
-76.5523840000000035
0
LINE
8
BLACK
6
CONTINUOUS
10
124.5687659999999966
20
-61.6978219999999951
11
124.8420890000000014
21
-61.7602069999999941
0
LINE
8
BLACK
6
CONTINUOUS
10
124.8420890000000014
20
-61.7602069999999941
11
125.1067089999999951
21
-61.8528009999999995
0
LINE
8
BLACK
6
CONTINUOUS
10
125.1067089999999951
20
-61.8528009999999995
11
125.2825879999999898
21
-61.9375
0
LINE
8
BLACK
6
CONTINUOUS
10
125.2825879999999898
20
-61.9375
11
126.125
21
-61.9375
0
LINE
8
BLACK
6
CONTINUOUS
10
126.125
20
-61.9375
11
126.125
21
-62.6356909999999942
0
LINE
8
BLACK
6
CONTINUOUS
10
126.125
20
-62.6356909999999942
11
126.1889019999999988
21
-62.7158219999999957
0
LINE
8
BLACK
6
CONTINUOUS
10
126.1889019999999988
20
-62.7158219999999957
11
126.3380590000000012
21
-62.9532029999999949
0
LINE
8
BLACK
6
CONTINUOUS
10
126.3380590000000012
20
-62.9532029999999949
11
126.4596990000000005
21
-63.2057909999999978
0
LINE
8
BLACK
6
CONTINUOUS
10
126.4596990000000005
20
-63.2057909999999978
11
126.5522929999999917
21
-63.4704109999999986
0
LINE
8
BLACK
6
CONTINUOUS
10
126.5522929999999917
20
-63.4704109999999986
11
126.6146779999999978
21
-63.7437339999999963
0
LINE
8
BLACK
6
CONTINUOUS
10
126.6146779999999978
20
-63.7437339999999963
11
126.646066999999988
21
-64.0223239999999976
0
LINE
8
BLACK
6
CONTINUOUS
10
126.646066999999988
20
-64.0223239999999976
11
126.6499999999999915
21
-64.1624999999999943
0
LINE
8
BLACK
6
CONTINUOUS
10
126.6499999999999915
20
-64.1624999999999943
11
126.6499999999999915
21
-89.8374999999999915
0
LINE
8
BLACK
6
CONTINUOUS
10
126.6499999999999915
20
-89.8374999999999915
11
126.646066999999988
21
-89.9776760000000024
0
LINE
8
BLACK
6
CONTINUOUS
10
126.646066999999988
20
-89.9776760000000024
11
126.6146779999999978
21
-90.2562659999999966
0
LINE
8
BLACK
6
CONTINUOUS
10
126.6146779999999978
20
-90.2562659999999966
11
126.5522929999999917
21
-90.5295890000000014
0
LINE
8
BLACK
6
CONTINUOUS
10
126.5522929999999917
20
-90.5295890000000014
11
126.4596990000000005
21
-90.7942089999999951
0
LINE
8
BLACK
6
CONTINUOUS
10
126.4596990000000005
20
-90.7942089999999951
11
126.3380590000000012
21
-91.046796999999998
0
LINE
8
BLACK
6
CONTINUOUS
10
126.3380590000000012
20
-91.046796999999998
11
126.1889019999999988
21
-91.2841779999999972
0
LINE
8
BLACK
6
CONTINUOUS
10
126.1889019999999988
20
-91.2841779999999972
11
126.0141050000000007
21
-91.5033659999999998
0
LINE
8
BLACK
6
CONTINUOUS
10
126.0141050000000007
20
-91.5033659999999998
11
125.8158659999999998
21
-91.7016050000000007
0
LINE
8
BLACK
6
CONTINUOUS
10
125.8158659999999998
20
-91.7016050000000007
11
125.5966779999999972
21
-91.8764019999999988
0
LINE
8
BLACK
6
CONTINUOUS
10
125.5966779999999972
20
-91.8764019999999988
11
125.359296999999998
21
-92.0255590000000012
0
LINE
8
BLACK
6
CONTINUOUS
10
125.359296999999998
20
-92.0255590000000012
11
125.1067089999999951
21
-92.1471990000000005
0
LINE
8
BLACK
6
CONTINUOUS
10
125.1067089999999951
20
-92.1471990000000005
11
124.8420890000000014
21
-92.2397929999999917
0
LINE
8
BLACK
6
CONTINUOUS
10
124.8420890000000014
20
-92.2397929999999917
11
124.5687659999999966
21
-92.3021779999999978
0
LINE
8
BLACK
6
CONTINUOUS
10
124.5687659999999966
20
-92.3021779999999978
11
124.2901759999999882
21
-92.3335670000000022
0
LINE
8
BLACK
6
CONTINUOUS
10
124.2901759999999882
20
-92.3335670000000022
11
124.0098239999999947
21
-92.3335670000000022
0
LINE
8
BLACK
6
CONTINUOUS
10
124.0098239999999947
20
-92.3335670000000022
11
123.8952779999999905
21
-92.3206610000000012
0
LINE
8
BLACK
6
CONTINUOUS
10
123.8952779999999905
20
-92.3206610000000012
11
123.8175579999999911
21
-92.3206610000000012
0
LINE
8
BLACK
6
CONTINUOUS
10
123.8175579999999911
20
-92.3206610000000012
11
123.5549409999999995
21
-92.2860869999999949
0
LINE
8
BLACK
6
CONTINUOUS
10
123.5549409999999995
20
-92.2860869999999949
11
123.2990839999999935
21
-92.2175309999999939
0
LINE
8
BLACK
6
CONTINUOUS
10
123.2990839999999935
20
-92.2175309999999939
11
123.0543639999999925
21
-92.1161639999999977
0
LINE
8
BLACK
6
CONTINUOUS
10
123.0543639999999925
20
-92.1161639999999977
11
122.8249689999999958
21
-91.9837229999999977
0
LINE
8
BLACK
6
CONTINUOUS
10
122.8249689999999958
20
-91.9837229999999977
11
122.6148239999999987
21
-91.8224730000000022
0
LINE
8
BLACK
6
CONTINUOUS
10
122.6148239999999987
20
-91.8224730000000022
11
122.532630999999995
21
-91.7402799999999985
0
LINE
8
BLACK
6
CONTINUOUS
10
122.532630999999995
20
-91.7402799999999985
11
122.4841339999999974
21
-91.7016050000000007
0
LINE
8
BLACK
6
CONTINUOUS
10
122.4841339999999974
20
-91.7016050000000007
11
122.2858949999999965
21
-91.5033659999999998
0
LINE
8
BLACK
6
CONTINUOUS
10
122.2858949999999965
20
-91.5033659999999998
11
122.1110979999999984
21
-91.2841779999999972
0
LINE
8
BLACK
6
CONTINUOUS
10
122.1110979999999984
20
-91.2841779999999972
11
121.9619409999999959
21
-91.046796999999998
0
LINE
8
BLACK
6
CONTINUOUS
10
121.9619409999999959
20
-91.046796999999998
11
121.8403009999999966
21
-90.7942089999999951
0
LINE
8
BLACK
6
CONTINUOUS
10
121.8403009999999966
20
-90.7942089999999951
11
121.7477069999999912
21
-90.5295890000000014
0
LINE
8
BLACK
6
CONTINUOUS
10
121.7477069999999912
20
-90.5295890000000014
11
121.6853219999999993
21
-90.2562659999999966
0
LINE
8
BLACK
6
CONTINUOUS
10
121.6853219999999993
20
-90.2562659999999966
11
121.653932999999995
21
-89.9776760000000024
0
LINE
8
BLACK
6
CONTINUOUS
10
121.653932999999995
20
-89.9776760000000024
11
121.6499999999999915
21
-89.8374999999999915
0
LINE
8
BLACK
6
CONTINUOUS
10
121.6499999999999915
20
-89.8374999999999915
11
121.6499999999999915
21
-64.1624999999999943
0
LINE
8
BLACK
6
CONTINUOUS
10
121.6499999999999915
20
-64.1624999999999943
11
121.653932999999995
21
-64.0223239999999976
0
LINE
8
BLACK
6
CONTINUOUS
10
121.653932999999995
20
-64.0223239999999976
11
121.6853219999999993
21
-63.7437339999999963
0
LINE
8
BLACK
6
CONTINUOUS
10
121.6853219999999993
20
-63.7437339999999963
11
121.7477069999999912
21
-63.4704109999999986
0
LINE
8
BLACK
6
CONTINUOUS
10
121.7477069999999912
20
-63.4704109999999986
11
121.8403009999999966
21
-63.2057909999999978
0
LINE
8
BLACK
6
CONTINUOUS
10
121.8403009999999966
20
-63.2057909999999978
11
121.9619409999999959
21
-62.9532029999999949
0
LINE
8
BLACK
6
CONTINUOUS
10
121.9619409999999959
20
-62.9532029999999949
11
122.0749999999999886
21
-62.773270999999994
0
LINE
8
BLACK
6
CONTINUOUS
10
122.0749999999999886
20
-62.773270999999994
11
122.0749999999999886
21
-61.9375
0
LINE
8
BLACK
6
CONTINUOUS
10
122.0749999999999886
20
-61.9375
11
123.0174119999999931
21
-61.9375
0
LINE
8
BLACK
6
CONTINUOUS
10
123.0174119999999931
20
-61.9375
11
123.1932909999999879
21
-61.8528009999999995
0
LINE
8
BLACK
6
CONTINUOUS
10
123.1932909999999879
20
-61.8528009999999995
11
123.4579109999999957
21
-61.7602069999999941
0
LINE
8
BLACK
6
CONTINUOUS
10
123.4579109999999957
20
-61.7602069999999941
11
123.7312340000000006
21
-61.6978219999999951
0
LINE
8
BLACK
6
CONTINUOUS
10
123.7312340000000006
20
-61.6978219999999951
11
124.0098239999999947
21
-61.6664329999999978
0
LINE
8
BLACK
6
CONTINUOUS
10
124.0098239999999947
20
-61.6664329999999978
11
124.2901759999999882
21
-61.6664329999999978
0
LINE
8
BLACK
6
CONTINUOUS
10
124.2901759999999882
20
-61.6664329999999978
11
124.5687659999999966
21
-61.6978219999999951
0
LINE
8
BLACK
6
CONTINUOUS
10
111.0033859999999919
20
-80.0430789999999917
11
111.0804369999999892
21
-80.0945619999999963
0
LINE
8
BLACK
6
CONTINUOUS
10
111.0804369999999892
20
-80.0945619999999963
11
111.1319199999999938
21
-80.1716129999999936
0
LINE
8
BLACK
6
CONTINUOUS
10
111.1319199999999938
20
-80.1716129999999936
11
111.149998999999994
21
-80.2625000000000028
0
LINE
8
BLACK
6
CONTINUOUS
10
111.149998999999994
20
-80.2625000000000028
11
111.149998999999994
21
-80.3374979999999965
0
LINE
8
BLACK
6
CONTINUOUS
10
111.149998999999994
20
-80.3374979999999965
11
112.0249979999999965
21
-80.3374979999999965
0
LINE
8
BLACK
6
CONTINUOUS
10
112.0249979999999965
20
-80.3374979999999965
11
112.0430769999999967
21
-80.2466110000000015
0
LINE
8
BLACK
6
CONTINUOUS
10
112.0430769999999967
20
-80.2466110000000015
11
112.0945600000000013
21
-80.1695599999999899
0
LINE
8
BLACK
6
CONTINUOUS
10
112.0945600000000013
20
-80.1695599999999899
11
112.1716109999999986
21
-80.1180769999999995
0
LINE
8
BLACK
6
CONTINUOUS
10
112.1716109999999986
20
-80.1180769999999995
11
112.2624979999999937
21
-80.0999979999999994
0
LINE
8
BLACK
6
CONTINUOUS
10
112.2624979999999937
20
-80.0999979999999994
11
112.737497999999988
21
-80.0999979999999994
0
LINE
8
BLACK
6
CONTINUOUS
10
112.737497999999988
20
-80.0999979999999994
11
112.8283849999999973
21
-80.1180769999999995
0
LINE
8
BLACK
6
CONTINUOUS
10
112.8283849999999973
20
-80.1180769999999995
11
112.9054359999999946
21
-80.1695599999999899
0
LINE
8
BLACK
6
CONTINUOUS
10
112.9054359999999946
20
-80.1695599999999899
11
112.9569189999999992
21
-80.2466110000000015
0
LINE
8
BLACK
6
CONTINUOUS
10
112.9569189999999992
20
-80.2466110000000015
11
112.9749979999999994
21
-80.3374979999999965
0
LINE
8
BLACK
6
CONTINUOUS
10
112.9749979999999994
20
-80.3374979999999965
11
115.1374979999999937
21
-80.3374979999999965
0
LINE
8
BLACK
6
CONTINUOUS
10
115.1374979999999937
20
-80.3374979999999965
11
115.1766559999999942
21
-80.3400649999999956
0
LINE
8
BLACK
6
CONTINUOUS
10
115.1766559999999942
20
-80.3400649999999956
11
115.2523029999999977
21
-80.3603339999999946
0
LINE
8
BLACK
6
CONTINUOUS
10
115.2523029999999977
20
-80.3603339999999946
11
115.3201259999999877
21
-80.3994919999999951
0
LINE
8
BLACK
6
CONTINUOUS
10
115.3201259999999877
20
-80.3994919999999951
11
115.3496299999999906
21
-80.4253659999999968
0
LINE
8
BLACK
6
CONTINUOUS
10
115.3496299999999906
20
-80.4253659999999968
11
117.9621319999999969
21
-83.0378680000000031
0
LINE
8
BLACK
6
CONTINUOUS
10
117.9621319999999969
20
-83.0378680000000031
11
117.9880039999999894
21
-83.0673699999999968
0
LINE
8
BLACK
6
CONTINUOUS
10
117.9880039999999894
20
-83.0673699999999968
11
117.9880059999999986
21
-83.0673719999999918
0
LINE
8
BLACK
6
CONTINUOUS
10
117.9880059999999986
20
-83.0673719999999918
11
118.0271639999999991
21
-83.135194999999996
0
LINE
8
BLACK
6
CONTINUOUS
10
118.0271639999999991
20
-83.135194999999996
11
118.0474329999999981
21
-83.2108419999999995
0
LINE
8
BLACK
6
CONTINUOUS
10
118.0474329999999981
20
-83.2108419999999995
11
118.0499999999999972
21
-83.25
0
LINE
8
BLACK
6
CONTINUOUS
10
118.0499999999999972
20
-83.25
11
118.0499999999999972
21
-87.5
0
LINE
8
BLACK
6
CONTINUOUS
10
118.0499999999999972
20
-87.5
11
118.0474329999999981
21
-87.5391580000000005
0
LINE
8
BLACK
6
CONTINUOUS
10
118.0474329999999981
20
-87.5391580000000005
11
118.0271639999999991
21
-87.6148049999999898
0
LINE
8
BLACK
6
CONTINUOUS
10
118.0271639999999991
20
-87.6148049999999898
11
117.9880059999999986
21
-87.682627999999994
0
LINE
8
BLACK
6
CONTINUOUS
10
117.9880059999999986
20
-87.682627999999994
11
117.9621319999999969
21
-87.7121319999999969
0
LINE
8
BLACK
6
CONTINUOUS
10
117.9621319999999969
20
-87.7121319999999969
11
116.4991039999999884
21
-89.1751589999999936
0
LINE
8
BLACK
6
CONTINUOUS
10
116.4991039999999884
20
-89.1751589999999936
11
116.5289599999999979
21
-89.2162519999999972
0
LINE
8
BLACK
6
CONTINUOUS
10
116.5289599999999979
20
-89.2162519999999972
11
116.6358189999999979
21
-89.425974999999994
0
LINE
8
BLACK
6
CONTINUOUS
10
116.6358189999999979
20
-89.425974999999994
11
116.7085549999999898
21
-89.6498319999999893
0
LINE
8
BLACK
6
CONTINUOUS
10
116.7085549999999898
20
-89.6498319999999893
11
116.7453759999999932
21
-89.8823110000000014
0
LINE
8
BLACK
6
CONTINUOUS
10
116.7453759999999932
20
-89.8823110000000014
11
116.7453759999999932
21
-90.1176889999999986
0
LINE
8
BLACK
6
CONTINUOUS
10
116.7453759999999932
20
-90.1176889999999986
11
116.7085549999999898
21
-90.3501679999999965
0
LINE
8
BLACK
6
CONTINUOUS
10
116.7085549999999898
20
-90.3501679999999965
11
116.6358189999999979
21
-90.5740249999999918
0
LINE
8
BLACK
6
CONTINUOUS
10
116.6358189999999979
20
-90.5740249999999918
11
116.5289599999999979
21
-90.7837480000000028
0
LINE
8
BLACK
6
CONTINUOUS
10
116.5289599999999979
20
-90.7837480000000028
11
116.3906089999999978
21
-90.9741719999999958
0
LINE
8
BLACK
6
CONTINUOUS
10
116.3906089999999978
20
-90.9741719999999958
11
116.2241719999999958
21
-91.1406089999999978
0
LINE
8
BLACK
6
CONTINUOUS
10
116.2241719999999958
20
-91.1406089999999978
11
116.0337479999999886
21
-91.2789599999999979
0
LINE
8
BLACK
6
CONTINUOUS
10
116.0337479999999886
20
-91.2789599999999979
11
115.8240249999999918
21
-91.3858189999999979
0
LINE
8
BLACK
6
CONTINUOUS
10
115.8240249999999918
20
-91.3858189999999979
11
115.6001679999999965
21
-91.4585549999999898
0
LINE
8
BLACK
6
CONTINUOUS
10
115.6001679999999965
20
-91.4585549999999898
11
115.3676889999999986
21
-91.4953759999999932
0
LINE
8
BLACK
6
CONTINUOUS
10
115.3676889999999986
20
-91.4953759999999932
11
115.1323110000000014
21
-91.4953759999999932
0
LINE
8
BLACK
6
CONTINUOUS
10
115.1323110000000014
20
-91.4953759999999932
11
114.8998319999999893
21
-91.4585549999999898
0
LINE
8
BLACK
6
CONTINUOUS
10
114.8998319999999893
20
-91.4585549999999898
11
114.675974999999994
21
-91.3858189999999979
0
LINE
8
BLACK
6
CONTINUOUS
10
114.675974999999994
20
-91.3858189999999979
11
114.4662519999999972
21
-91.2789599999999979
0
LINE
8
BLACK
6
CONTINUOUS
10
114.4662519999999972
20
-91.2789599999999979
11
114.27582799999999
21
-91.1406089999999978
0
LINE
8
BLACK
6
CONTINUOUS
10
114.27582799999999
20
-91.1406089999999978
11
114.109390999999988
21
-90.9741719999999958
0
LINE
8
BLACK
6
CONTINUOUS
10
114.109390999999988
20
-90.9741719999999958
11
113.9710399999999879
21
-90.7837480000000028
0
LINE
8
BLACK
6
CONTINUOUS
10
113.9710399999999879
20
-90.7837480000000028
11
113.8641809999999879
21
-90.5740249999999918
0
LINE
8
BLACK
6
CONTINUOUS
10
113.8641809999999879
20
-90.5740249999999918
11
113.791444999999996
21
-90.3501679999999965
0
LINE
8
BLACK
6
CONTINUOUS
10
113.791444999999996
20
-90.3501679999999965
11
113.7546239999999926
21
-90.1176889999999986
0
LINE
8
BLACK
6
CONTINUOUS
10
113.7546239999999926
20
-90.1176889999999986
11
113.7546239999999926
21
-89.8823110000000014
0
LINE
8
BLACK
6
CONTINUOUS
10
113.7546239999999926
20
-89.8823110000000014
11
113.791444999999996
21
-89.6498319999999893
0
LINE
8
BLACK
6
CONTINUOUS
10
113.791444999999996
20
-89.6498319999999893
11
113.8641809999999879
21
-89.425974999999994
0
LINE
8
BLACK
6
CONTINUOUS
10
113.8641809999999879
20
-89.425974999999994
11
113.9710399999999879
21
-89.2162519999999972
0
LINE
8
BLACK
6
CONTINUOUS
10
113.9710399999999879
20
-89.2162519999999972
11
114.109390999999988
21
-89.02582799999999
0
LINE
8
BLACK
6
CONTINUOUS
10
114.109390999999988
20
-89.02582799999999
11
114.27582799999999
21
-88.8593910000000022
0
LINE
8
BLACK
6
CONTINUOUS
10
114.27582799999999
20
-88.8593910000000022
11
114.4662519999999972
21
-88.7210400000000021
0
LINE
8
BLACK
6
CONTINUOUS
10
114.4662519999999972
20
-88.7210400000000021
11
114.675974999999994
21
-88.6141810000000021
0
LINE
8
BLACK
6
CONTINUOUS
10
114.675974999999994
20
-88.6141810000000021
11
114.8998319999999893
21
-88.541444999999996
0
LINE
8
BLACK
6
CONTINUOUS
10
114.8998319999999893
20
-88.541444999999996
11
115.1323110000000014
21
-88.5046239999999926
0
LINE
8
BLACK
6
CONTINUOUS
10
115.1323110000000014
20
-88.5046239999999926
11
115.3676889999999986
21
-88.5046239999999926
0
LINE
8
BLACK
6
CONTINUOUS
10
115.3676889999999986
20
-88.5046239999999926
11
115.6001679999999965
21
-88.541444999999996
0
LINE
8
BLACK
6
CONTINUOUS
10
115.6001679999999965
20
-88.541444999999996
11
115.8240249999999918
21
-88.6141810000000021
0
LINE
8
BLACK
6
CONTINUOUS
10
115.8240249999999918
20
-88.6141810000000021
11
116.0337479999999886
21
-88.7210400000000021
0
LINE
8
BLACK
6
CONTINUOUS
10
116.0337479999999886
20
-88.7210400000000021
11
116.0748399999999947
21
-88.7508949999999999
0
LINE
8
BLACK
6
CONTINUOUS
10
116.0748399999999947
20
-88.7508949999999999
11
117.4499999999999886
21
-87.3757359999999892
0
LINE
8
BLACK
6
CONTINUOUS
10
117.4499999999999886
20
-87.3757359999999892
11
117.4499999999999886
21
-83.3742639999999966
0
LINE
8
BLACK
6
CONTINUOUS
10
117.4499999999999886
20
-83.3742639999999966
11
115.0132339999999971
21
-80.9374979999999908
0
LINE
8
BLACK
6
CONTINUOUS
10
115.0132339999999971
20
-80.9374979999999908
11
112.9749979999999994
21
-80.9374979999999908
0
LINE
8
BLACK
6
CONTINUOUS
10
112.9749979999999994
20
-80.9374979999999908
11
112.9569189999999992
21
-81.0283850000000001
0
LINE
8
BLACK
6
CONTINUOUS
10
112.9569189999999992
20
-81.0283850000000001
11
112.9054359999999946
21
-81.1054359999999974
0
LINE
8
BLACK
6
CONTINUOUS
10
112.9054359999999946
20
-81.1054359999999974
11
112.8283849999999973
21
-81.156919000000002
0
LINE
8
BLACK
6
CONTINUOUS
10
112.8283849999999973
20
-81.156919000000002
11
112.737497999999988
21
-81.1749980000000022
0
LINE
8
BLACK
6
CONTINUOUS
10
112.737497999999988
20
-81.1749980000000022
11
112.2624979999999937
21
-81.1749980000000022
0
LINE
8
BLACK
6
CONTINUOUS
10
112.2624979999999937
20
-81.1749980000000022
11
112.1716109999999986
21
-81.156919000000002
0
LINE
8
BLACK
6
CONTINUOUS
10
112.1716109999999986
20
-81.156919000000002
11
112.0945600000000013
21
-81.1054359999999974
0
LINE
8
BLACK
6
CONTINUOUS
10
112.0945600000000013
20
-81.1054359999999974
11
112.0430769999999967
21
-81.0283850000000001
0
LINE
8
BLACK
6
CONTINUOUS
10
112.0430769999999967
20
-81.0283850000000001
11
112.0249979999999965
21
-80.9374979999999908
0
LINE
8
BLACK
6
CONTINUOUS
10
112.0249979999999965
20
-80.9374979999999908
11
111.0324549999999988
21
-80.9374979999999908
0
LINE
8
BLACK
6
CONTINUOUS
10
111.0324549999999988
20
-80.9374979999999908
11
111.0033859999999919
21
-80.9569209999999941
0
LINE
8
BLACK
6
CONTINUOUS
10
111.0033859999999919
20
-80.9569209999999941
11
110.9124989999999968
21
-80.9749999999999943
0
LINE
8
BLACK
6
CONTINUOUS
10
110.9124989999999968
20
-80.9749999999999943
11
110.4124989999999968
21
-80.9749999999999943
0
LINE
8
BLACK
6
CONTINUOUS
10
110.4124989999999968
20
-80.9749999999999943
11
110.3216120000000018
21
-80.9569209999999941
0
LINE
8
BLACK
6
CONTINUOUS
10
110.3216120000000018
20
-80.9569209999999941
11
110.2445609999999903
21
-80.9054379999999895
0
LINE
8
BLACK
6
CONTINUOUS
10
110.2445609999999903
20
-80.9054379999999895
11
110.1930779999999999
21
-80.8283869999999922
0
LINE
8
BLACK
6
CONTINUOUS
10
110.1930779999999999
20
-80.8283869999999922
11
110.1749989999999997
21
-80.7374999999999972
0
LINE
8
BLACK
6
CONTINUOUS
10
110.1749989999999997
20
-80.7374999999999972
11
110.1749989999999997
21
-80.2625000000000028
0
LINE
8
BLACK
6
CONTINUOUS
10
110.1749989999999997
20
-80.2625000000000028
11
110.1930779999999999
21
-80.1716129999999936
0
LINE
8
BLACK
6
CONTINUOUS
10
110.1930779999999999
20
-80.1716129999999936
11
110.2445609999999903
21
-80.0945619999999963
0
LINE
8
BLACK
6
CONTINUOUS
10
110.2445609999999903
20
-80.0945619999999963
11
110.3216120000000018
21
-80.0430789999999917
0
LINE
8
BLACK
6
CONTINUOUS
10
110.3216120000000018
20
-80.0430789999999917
11
110.4124989999999968
21
-80.0249999999999915
0
LINE
8
BLACK
6
CONTINUOUS
10
110.4124989999999968
20
-80.0249999999999915
11
110.9124989999999968
21
-80.0249999999999915
0
LINE
8
BLACK
6
CONTINUOUS
10
110.9124989999999968
20
-80.0249999999999915
11
111.0033859999999919
21
-80.0430789999999917
0
LINE
8
BLACK
6
CONTINUOUS
10
115.6001679999999965
20
-83.541444999999996
11
115.8240249999999918
21
-83.6141810000000021
0
LINE
8
BLACK
6
CONTINUOUS
10
115.8240249999999918
20
-83.6141810000000021
11
116.0337479999999886
21
-83.7210400000000021
0
LINE
8
BLACK
6
CONTINUOUS
10
116.0337479999999886
20
-83.7210400000000021
11
116.2241719999999958
21
-83.8593910000000022
0
LINE
8
BLACK
6
CONTINUOUS
10
116.2241719999999958
20
-83.8593910000000022
11
116.3906089999999978
21
-84.02582799999999
0
LINE
8
BLACK
6
CONTINUOUS
10
116.3906089999999978
20
-84.02582799999999
11
116.5289599999999979
21
-84.2162519999999972
0
LINE
8
BLACK
6
CONTINUOUS
10
116.5289599999999979
20
-84.2162519999999972
11
116.6358189999999979
21
-84.425974999999994
0
LINE
8
BLACK
6
CONTINUOUS
10
116.6358189999999979
20
-84.425974999999994
11
116.7085549999999898
21
-84.6498319999999893
0
LINE
8
BLACK
6
CONTINUOUS
10
116.7085549999999898
20
-84.6498319999999893
11
116.7453759999999932
21
-84.8823110000000014
0
LINE
8
BLACK
6
CONTINUOUS
10
116.7453759999999932
20
-84.8823110000000014
11
116.7453759999999932
21
-85.1176889999999986
0
LINE
8
BLACK
6
CONTINUOUS
10
116.7453759999999932
20
-85.1176889999999986
11
116.7085549999999898
21
-85.3501679999999965
0
LINE
8
BLACK
6
CONTINUOUS
10
116.7085549999999898
20
-85.3501679999999965
11
116.6358189999999979
21
-85.5740249999999918
0
LINE
8
BLACK
6
CONTINUOUS
10
116.6358189999999979
20
-85.5740249999999918
11
116.5289599999999979
21
-85.7837480000000028
0
LINE
8
BLACK
6
CONTINUOUS
10
116.5289599999999979
20
-85.7837480000000028
11
116.3906089999999978
21
-85.9741719999999958
0
LINE
8
BLACK
6
CONTINUOUS
10
116.3906089999999978
20
-85.9741719999999958
11
116.2241719999999958
21
-86.1406089999999978
0
LINE
8
BLACK
6
CONTINUOUS
10
116.2241719999999958
20
-86.1406089999999978
11
116.0337479999999886
21
-86.2789599999999979
0
LINE
8
BLACK
6
CONTINUOUS
10
116.0337479999999886
20
-86.2789599999999979
11
115.8240249999999918
21
-86.3858189999999979
0
LINE
8
BLACK
6
CONTINUOUS
10
115.8240249999999918
20
-86.3858189999999979
11
115.6001679999999965
21
-86.4585549999999898
0
LINE
8
BLACK
6
CONTINUOUS
10
115.6001679999999965
20
-86.4585549999999898
11
115.3676889999999986
21
-86.4953759999999932
0
LINE
8
BLACK
6
CONTINUOUS
10
115.3676889999999986
20
-86.4953759999999932
11
115.1323110000000014
21
-86.4953759999999932
0
LINE
8
BLACK
6
CONTINUOUS
10
115.1323110000000014
20
-86.4953759999999932
11
114.8998319999999893
21
-86.4585549999999898
0
LINE
8
BLACK
6
CONTINUOUS
10
114.8998319999999893
20
-86.4585549999999898
11
114.675974999999994
21
-86.3858189999999979
0
LINE
8
BLACK
6
CONTINUOUS
10
114.675974999999994
20
-86.3858189999999979
11
114.4662519999999972
21
-86.2789599999999979
0
LINE
8
BLACK
6
CONTINUOUS
10
114.4662519999999972
20
-86.2789599999999979
11
114.27582799999999
21
-86.1406089999999978
0
LINE
8
BLACK
6
CONTINUOUS
10
114.27582799999999
20
-86.1406089999999978
11
114.109390999999988
21
-85.9741719999999958
0
LINE
8
BLACK
6
CONTINUOUS
10
114.109390999999988
20
-85.9741719999999958
11
113.9710399999999879
21
-85.7837480000000028
0
LINE
8
BLACK
6
CONTINUOUS
10
113.9710399999999879
20
-85.7837480000000028
11
113.8641809999999879
21
-85.5740249999999918
0
LINE
8
BLACK
6
CONTINUOUS
10
113.8641809999999879
20
-85.5740249999999918
11
113.791444999999996
21
-85.3501679999999965
0
LINE
8
BLACK
6
CONTINUOUS
10
113.791444999999996
20
-85.3501679999999965
11
113.7546239999999926
21
-85.1176889999999986
0
LINE
8
BLACK
6
CONTINUOUS
10
113.7546239999999926
20
-85.1176889999999986
11
113.7546239999999926
21
-84.8823110000000014
0
LINE
8
BLACK
6
CONTINUOUS
10
113.7546239999999926
20
-84.8823110000000014
11
113.791444999999996
21
-84.6498319999999893
0
LINE
8
BLACK
6
CONTINUOUS
10
113.791444999999996
20
-84.6498319999999893
11
113.8641809999999879
21
-84.425974999999994
0
LINE
8
BLACK
6
CONTINUOUS
10
113.8641809999999879
20
-84.425974999999994
11
113.9710399999999879
21
-84.2162519999999972
0
LINE
8
BLACK
6
CONTINUOUS
10
113.9710399999999879
20
-84.2162519999999972
11
114.109390999999988
21
-84.02582799999999
0
LINE
8
BLACK
6
CONTINUOUS
10
114.109390999999988
20
-84.02582799999999
11
114.27582799999999
21
-83.8593910000000022
0
LINE
8
BLACK
6
CONTINUOUS
10
114.27582799999999
20
-83.8593910000000022
11
114.4662519999999972
21
-83.7210400000000021
0
LINE
8
BLACK
6
CONTINUOUS
10
114.4662519999999972
20
-83.7210400000000021
11
114.675974999999994
21
-83.6141810000000021
0
LINE
8
BLACK
6
CONTINUOUS
10
114.675974999999994
20
-83.6141810000000021
11
114.8998319999999893
21
-83.541444999999996
0
LINE
8
BLACK
6
CONTINUOUS
10
114.8998319999999893
20
-83.541444999999996
11
115.1323110000000014
21
-83.5046239999999926
0
LINE
8
BLACK
6
CONTINUOUS
10
115.1323110000000014
20
-83.5046239999999926
11
115.3676889999999986
21
-83.5046239999999926
0
LINE
8
BLACK
6
CONTINUOUS
10
115.3676889999999986
20
-83.5046239999999926
11
115.6001679999999965
21
-83.541444999999996
0
LINE
8
BLACK
6
CONTINUOUS
10
112.642713999999998
20
-77.2022939999999949
11
112.7785480000000007
21
-77.2585579999999936
0
LINE
8
BLACK
6
CONTINUOUS
10
112.7785480000000007
20
-77.2585579999999936
11
112.900794999999988
21
-77.3402409999999918
0
LINE
8
BLACK
6
CONTINUOUS
10
112.900794999999988
20
-77.3402409999999918
11
113.0047579999999954
21
-77.4442039999999992
0
LINE
8
BLACK
6
CONTINUOUS
10
113.0047579999999954
20
-77.4442039999999992
11
113.0864409999999936
21
-77.5664510000000007
0
LINE
8
BLACK
6
CONTINUOUS
10
113.0864409999999936
20
-77.5664510000000007
11
113.1427049999999923
21
-77.7022850000000034
0
LINE
8
BLACK
6
CONTINUOUS
10
113.1427049999999923
20
-77.7022850000000034
11
113.1713889999999907
21
-77.8464859999999987
0
LINE
8
BLACK
6
CONTINUOUS
10
113.1713889999999907
20
-77.8464859999999987
11
113.1713889999999907
21
-77.9935119999999955
0
LINE
8
BLACK
6
CONTINUOUS
10
113.1713889999999907
20
-77.9935119999999955
11
113.1427049999999923
21
-78.1377129999999909
0
LINE
8
BLACK
6
CONTINUOUS
10
113.1427049999999923
20
-78.1377129999999909
11
113.0864409999999936
21
-78.2735469999999935
0
LINE
8
BLACK
6
CONTINUOUS
10
113.0864409999999936
20
-78.2735469999999935
11
113.0047579999999954
21
-78.3957939999999951
0
LINE
8
BLACK
6
CONTINUOUS
10
113.0047579999999954
20
-78.3957939999999951
11
112.900794999999988
21
-78.4997570000000024
0
LINE
8
BLACK
6
CONTINUOUS
10
112.900794999999988
20
-78.4997570000000024
11
112.7785480000000007
21
-78.5814400000000006
0
LINE
8
BLACK
6
CONTINUOUS
10
112.7785480000000007
20
-78.5814400000000006
11
112.642713999999998
21
-78.6377039999999994
0
LINE
8
BLACK
6
CONTINUOUS
10
112.642713999999998
20
-78.6377039999999994
11
112.4985129999999884
21
-78.6663879999999978
0
LINE
8
BLACK
6
CONTINUOUS
10
112.4985129999999884
20
-78.6663879999999978
11
112.3514869999999917
21
-78.6663879999999978
0
LINE
8
BLACK
6
CONTINUOUS
10
112.3514869999999917
20
-78.6663879999999978
11
112.2072859999999963
21
-78.6377039999999994
0
LINE
8
BLACK
6
CONTINUOUS
10
112.2072859999999963
20
-78.6377039999999994
11
112.0714519999999936
21
-78.5814400000000006
0
LINE
8
BLACK
6
CONTINUOUS
10
112.0714519999999936
20
-78.5814400000000006
11
111.9492049999999921
21
-78.4997570000000024
0
LINE
8
BLACK
6
CONTINUOUS
10
111.9492049999999921
20
-78.4997570000000024
11
111.8452419999999989
21
-78.3957939999999951
0
LINE
8
BLACK
6
CONTINUOUS
10
111.8452419999999989
20
-78.3957939999999951
11
111.7635590000000008
21
-78.2735469999999935
0
LINE
8
BLACK
6
CONTINUOUS
10
111.7635590000000008
20
-78.2735469999999935
11
111.7413789999999949
21
-78.2199990000000014
0
LINE
8
BLACK
6
CONTINUOUS
10
111.7413789999999949
20
-78.2199990000000014
11
110.2042649999999924
21
-78.2199990000000014
0
LINE
8
BLACK
6
CONTINUOUS
10
110.2042649999999924
20
-78.2199990000000014
11
109.1375010000000003
21
-79.2867629999999934
0
LINE
8
BLACK
6
CONTINUOUS
10
109.1375010000000003
20
-79.2867629999999934
11
109.1375010000000003
21
-80.0349449999999933
0
LINE
8
BLACK
6
CONTINUOUS
10
109.1375010000000003
20
-80.0349449999999933
11
109.1783879999999982
21
-80.0430789999999917
0
LINE
8
BLACK
6
CONTINUOUS
10
109.1783879999999982
20
-80.0430789999999917
11
109.2554389999999955
21
-80.0945619999999963
0
LINE
8
BLACK
6
CONTINUOUS
10
109.2554389999999955
20
-80.0945619999999963
11
109.3069220000000001
21
-80.1716129999999936
0
LINE
8
BLACK
6
CONTINUOUS
10
109.3069220000000001
20
-80.1716129999999936
11
109.3250010000000003
21
-80.2625000000000028
0
LINE
8
BLACK
6
CONTINUOUS
10
109.3250010000000003
20
-80.2625000000000028
11
109.3250010000000003
21
-80.7374999999999972
0
LINE
8
BLACK
6
CONTINUOUS
10
109.3250010000000003
20
-80.7374999999999972
11
109.3069220000000001
21
-80.8283869999999922
0
LINE
8
BLACK
6
CONTINUOUS
10
109.3069220000000001
20
-80.8283869999999922
11
109.2554389999999955
21
-80.9054379999999895
0
LINE
8
BLACK
6
CONTINUOUS
10
109.2554389999999955
20
-80.9054379999999895
11
109.1783879999999982
21
-80.9569209999999941
0
LINE
8
BLACK
6
CONTINUOUS
10
109.1783879999999982
20
-80.9569209999999941
11
109.0875009999999889
21
-80.9749999999999943
0
LINE
8
BLACK
6
CONTINUOUS
10
109.0875009999999889
20
-80.9749999999999943
11
108.5875009999999889
21
-80.9749999999999943
0
LINE
8
BLACK
6
CONTINUOUS
10
108.5875009999999889
20
-80.9749999999999943
11
108.4966139999999939
21
-80.9569209999999941
0
LINE
8
BLACK
6
CONTINUOUS
10
108.4966139999999939
20
-80.9569209999999941
11
108.4195629999999966
21
-80.9054379999999895
0
LINE
8
BLACK
6
CONTINUOUS
10
108.4195629999999966
20
-80.9054379999999895
11
108.368079999999992
21
-80.8283869999999922
0
LINE
8
BLACK
6
CONTINUOUS
10
108.368079999999992
20
-80.8283869999999922
11
108.3500009999999918
21
-80.7374999999999972
0
LINE
8
BLACK
6
CONTINUOUS
10
108.3500009999999918
20
-80.7374999999999972
11
108.3500009999999918
21
-80.2625000000000028
0
LINE
8
BLACK
6
CONTINUOUS
10
108.3500009999999918
20
-80.2625000000000028
11
108.368079999999992
21
-80.1716129999999936
0
LINE
8
BLACK
6
CONTINUOUS
10
108.368079999999992
20
-80.1716129999999936
11
108.4195629999999966
21
-80.0945619999999963
0
LINE
8
BLACK
6
CONTINUOUS
10
108.4195629999999966
20
-80.0945619999999963
11
108.4966139999999939
21
-80.0430789999999917
0
LINE
8
BLACK
6
CONTINUOUS
10
108.4966139999999939
20
-80.0430789999999917
11
108.5375009999999918
21
-80.0349449999999933
0
LINE
8
BLACK
6
CONTINUOUS
10
108.5375009999999918
20
-80.0349449999999933
11
108.5375009999999918
21
-79.1624989999999968
0
LINE
8
BLACK
6
CONTINUOUS
10
108.5375009999999918
20
-79.1624989999999968
11
108.5400679999999909
21
-79.1233409999999964
0
LINE
8
BLACK
6
CONTINUOUS
10
108.5400679999999909
20
-79.1233409999999964
11
108.5603369999999899
21
-79.0476939999999928
0
LINE
8
BLACK
6
CONTINUOUS
10
108.5603369999999899
20
-79.0476939999999928
11
108.5994949999999903
21
-78.9798710000000028
0
LINE
8
BLACK
6
CONTINUOUS
10
108.5994949999999903
20
-78.9798710000000028
11
108.6253689999999921
21
-78.950367
0
LINE
8
BLACK
6
CONTINUOUS
10
108.6253689999999921
20
-78.950367
11
109.8678689999999989
21
-77.7078669999999931
0
LINE
8
BLACK
6
CONTINUOUS
10
109.8678689999999989
20
-77.7078669999999931
11
109.8973730000000018
21
-77.6819929999999914
0
LINE
8
BLACK
6
CONTINUOUS
10
109.8973730000000018
20
-77.6819929999999914
11
109.9651959999999917
21
-77.6428349999999909
0
LINE
8
BLACK
6
CONTINUOUS
10
109.9651959999999917
20
-77.6428349999999909
11
110.0408429999999953
21
-77.622565999999992
0
LINE
8
BLACK
6
CONTINUOUS
10
110.0408429999999953
20
-77.622565999999992
11
110.0800009999999958
21
-77.6199989999999929
0
LINE
8
BLACK
6
CONTINUOUS
10
110.0800009999999958
20
-77.6199989999999929
11
111.7413789999999949
21
-77.6199989999999929
0
LINE
8
BLACK
6
CONTINUOUS
10
111.7413789999999949
20
-77.6199989999999929
11
111.7635590000000008
21
-77.5664510000000007
0
LINE
8
BLACK
6
CONTINUOUS
10
111.7635590000000008
20
-77.5664510000000007
11
111.8452419999999989
21
-77.4442039999999992
0
LINE
8
BLACK
6
CONTINUOUS
10
111.8452419999999989
20
-77.4442039999999992
11
111.9492049999999921
21
-77.3402409999999918
0
LINE
8
BLACK
6
CONTINUOUS
10
111.9492049999999921
20
-77.3402409999999918
11
112.0714519999999936
21
-77.2585579999999936
0
LINE
8
BLACK
6
CONTINUOUS
10
112.0714519999999936
20
-77.2585579999999936
11
112.2072859999999963
21
-77.2022939999999949
0
LINE
8
BLACK
6
CONTINUOUS
10
112.2072859999999963
20
-77.2022939999999949
11
112.3514869999999917
21
-77.1736099999999965
0
LINE
8
BLACK
6
CONTINUOUS
10
112.3514869999999917
20
-77.1736099999999965
11
112.4985129999999884
21
-77.1736099999999965
0
LINE
8
BLACK
6
CONTINUOUS
10
112.4985129999999884
20
-77.1736099999999965
11
112.642713999999998
21
-77.2022939999999949
0
LINE
8
BLACK
6
CONTINUOUS
10
131.7687659999999994
20
-61.6978219999999951
11
132.0420890000000043
21
-61.7602069999999941
0
LINE
8
BLACK
6
CONTINUOUS
10
132.0420890000000043
20
-61.7602069999999941
11
132.3067089999999837
21
-61.8528009999999995
0
LINE
8
BLACK
6
CONTINUOUS
10
132.3067089999999837
20
-61.8528009999999995
11
132.5592969999999866
21
-61.9744409999999988
0
LINE
8
BLACK
6
CONTINUOUS
10
132.5592969999999866
20
-61.9744409999999988
11
132.7966779999999858
21
-62.1235979999999941
0
LINE
8
BLACK
6
CONTINUOUS
10
132.7966779999999858
20
-62.1235979999999941
11
133.0158659999999884
21
-62.2983949999999993
0
LINE
8
BLACK
6
CONTINUOUS
10
133.0158659999999884
20
-62.2983949999999993
11
133.2141049999999893
21
-62.4966340000000002
0
LINE
8
BLACK
6
CONTINUOUS
10
133.2141049999999893
20
-62.4966340000000002
11
133.3889020000000016
21
-62.7158219999999957
0
LINE
8
BLACK
6
CONTINUOUS
10
133.3889020000000016
20
-62.7158219999999957
11
133.5380590000000041
21
-62.9532029999999949
0
LINE
8
BLACK
6
CONTINUOUS
10
133.5380590000000041
20
-62.9532029999999949
11
133.6596989999999892
21
-63.2057909999999978
0
LINE
8
BLACK
6
CONTINUOUS
10
133.6596989999999892
20
-63.2057909999999978
11
133.7522929999999803
21
-63.4704109999999986
0
LINE
8
BLACK
6
CONTINUOUS
10
133.7522929999999803
20
-63.4704109999999986
11
133.8146779999999865
21
-63.7437339999999963
0
LINE
8
BLACK
6
CONTINUOUS
10
133.8146779999999865
20
-63.7437339999999963
11
133.846067000000005
21
-64.0223239999999976
0
LINE
8
BLACK
6
CONTINUOUS
10
133.846067000000005
20
-64.0223239999999976
11
133.8499999999999943
21
-64.1624999999999943
0
LINE
8
BLACK
6
CONTINUOUS
10
133.8499999999999943
20
-64.1624999999999943
11
133.8499999999999943
21
-66.5147189999999995
0
LINE
8
BLACK
6
CONTINUOUS
10
133.8499999999999943
20
-66.5147189999999995
11
133.9932110000000023
21
-66.5147189999999995
0
LINE
8
BLACK
6
CONTINUOUS
10
133.9932110000000023
20
-66.5147189999999995
11
134.3275189999999952
21
-66.5523859999999985
0
LINE
8
BLACK
6
CONTINUOUS
10
134.3275189999999952
20
-66.5523859999999985
11
134.6555070000000001
21
-66.627246999999997
0
LINE
8
BLACK
6
CONTINUOUS
10
134.6555070000000001
20
-66.627246999999997
11
134.9730500000000006
21
-66.7383600000000001
0
LINE
8
BLACK
6
CONTINUOUS
10
134.9730500000000006
20
-66.7383600000000001
11
135.2761569999999836
21
-66.8843289999999939
0
LINE
8
BLACK
6
CONTINUOUS
10
135.2761569999999836
20
-66.8843289999999939
11
135.5610140000000001
21
-67.0633160000000004
0
LINE
8
BLACK
6
CONTINUOUS
10
135.5610140000000001
20
-67.0633160000000004
11
135.8240399999999966
21
-67.2730729999999966
0
LINE
8
BLACK
6
CONTINUOUS
10
135.8240399999999966
20
-67.2730729999999966
11
136.0619259999999997
21
-67.5109589999999997
0
LINE
8
BLACK
6
CONTINUOUS
10
136.0619259999999997
20
-67.5109589999999997
11
136.2716829999999959
21
-67.7739849999999961
0
LINE
8
BLACK
6
CONTINUOUS
10
136.2716829999999959
20
-67.7739849999999961
11
136.4506700000000023
21
-68.0588419999999985
0
LINE
8
BLACK
6
CONTINUOUS
10
136.4506700000000023
20
-68.0588419999999985
11
136.5966389999999819
21
-68.3619489999999956
0
LINE
8
BLACK
6
CONTINUOUS
10
136.5966389999999819
20
-68.3619489999999956
11
136.7077519999999993
21
-68.6794919999999962
0
LINE
8
BLACK
6
CONTINUOUS
10
136.7077519999999993
20
-68.6794919999999962
11
136.7826129999999978
21
-69.007480000000001
0
LINE
8
BLACK
6
CONTINUOUS
10
136.7826129999999978
20
-69.007480000000001
11
136.8202799999999968
21
-69.341787999999994
0
LINE
8
BLACK
6
CONTINUOUS
10
136.8202799999999968
20
-69.341787999999994
11
136.8249999999999886
21
-69.5099989999999934
0
LINE
8
BLACK
6
CONTINUOUS
10
136.8249999999999886
20
-69.5099989999999934
11
136.8249999999999886
21
-72.5099989999999934
0
LINE
8
BLACK
6
CONTINUOUS
10
136.8249999999999886
20
-72.5099989999999934
11
136.8202799999999968
21
-72.6782099999999929
0
LINE
8
BLACK
6
CONTINUOUS
10
136.8202799999999968
20
-72.6782099999999929
11
136.7826129999999978
21
-73.012518
0
LINE
8
BLACK
6
CONTINUOUS
10
136.7826129999999978
20
-73.012518
11
136.7077519999999993
21
-73.3405059999999906
0
LINE
8
BLACK
6
CONTINUOUS
10
136.7077519999999993
20
-73.3405059999999906
11
136.5966389999999819
21
-73.6580489999999912
0
LINE
8
BLACK
6
CONTINUOUS
10
136.5966389999999819
20
-73.6580489999999912
11
136.4506700000000023
21
-73.9611560000000026
0
LINE
8
BLACK
6
CONTINUOUS
10
136.4506700000000023
20
-73.9611560000000026
11
136.2716829999999959
21
-74.2460129999999907
0
LINE
8
BLACK
6
CONTINUOUS
10
136.2716829999999959
20
-74.2460129999999907
11
136.0619259999999997
21
-74.5090390000000014
0
LINE
8
BLACK
6
CONTINUOUS
10
136.0619259999999997
20
-74.5090390000000014
11
135.8240399999999966
21
-74.7469249999999903
0
LINE
8
BLACK
6
CONTINUOUS
10
135.8240399999999966
20
-74.7469249999999903
11
135.5610140000000001
21
-74.9566820000000007
0
LINE
8
BLACK
6
CONTINUOUS
10
135.5610140000000001
20
-74.9566820000000007
11
135.2761569999999836
21
-75.1356689999999929
0
LINE
8
BLACK
6
CONTINUOUS
10
135.2761569999999836
20
-75.1356689999999929
11
134.9730500000000006
21
-75.2816380000000009
0
LINE
8
BLACK
6
CONTINUOUS
10
134.9730500000000006
20
-75.2816380000000009
11
134.6555070000000001
21
-75.3927509999999899
0
LINE
8
BLACK
6
CONTINUOUS
10
134.6555070000000001
20
-75.3927509999999899
11
134.3275189999999952
21
-75.4676120000000026
0
LINE
8
BLACK
6
CONTINUOUS
10
134.3275189999999952
20
-75.4676120000000026
11
133.9932110000000023
21
-75.5052790000000016
0
LINE
8
BLACK
6
CONTINUOUS
10
133.9932110000000023
20
-75.5052790000000016
11
133.6567890000000034
21
-75.5052790000000016
0
LINE
8
BLACK
6
CONTINUOUS
10
133.6567890000000034
20
-75.5052790000000016
11
133.322480999999982
21
-75.4676120000000026
0
LINE
8
BLACK
6
CONTINUOUS
10
133.322480999999982
20
-75.4676120000000026
11
132.9944930000000056
21
-75.3927509999999899
0
LINE
8
BLACK
6
CONTINUOUS
10
132.9944930000000056
20
-75.3927509999999899
11
132.676950000000005
21
-75.2816380000000009
0
LINE
8
BLACK
6
CONTINUOUS
10
132.676950000000005
20
-75.2816380000000009
11
132.3738429999999937
21
-75.1356689999999929
0
LINE
8
BLACK
6
CONTINUOUS
10
132.3738429999999937
20
-75.1356689999999929
11
132.0889860000000056
21
-74.9566820000000007
0
LINE
8
BLACK
6
CONTINUOUS
10
132.0889860000000056
20
-74.9566820000000007
11
131.8259599999999807
21
-74.7469249999999903
0
LINE
8
BLACK
6
CONTINUOUS
10
131.8259599999999807
20
-74.7469249999999903
11
131.588074000000006
21
-74.5090390000000014
0
LINE
8
BLACK
6
CONTINUOUS
10
131.588074000000006
20
-74.5090390000000014
11
131.3783169999999814
21
-74.2460129999999907
0
LINE
8
BLACK
6
CONTINUOUS
10
131.3783169999999814
20
-74.2460129999999907
11
131.1993300000000033
21
-73.9611560000000026
0
LINE
8
BLACK
6
CONTINUOUS
10
131.1993300000000033
20
-73.9611560000000026
11
131.0533609999999953
21
-73.6580489999999912
0
LINE
8
BLACK
6
CONTINUOUS
10
131.0533609999999953
20
-73.6580489999999912
11
130.9422480000000064
21
-73.3405059999999906
0
LINE
8
BLACK
6
CONTINUOUS
10
130.9422480000000064
20
-73.3405059999999906
11
130.8673870000000079
21
-73.012518
0
LINE
8
BLACK
6
CONTINUOUS
10
130.8673870000000079
20
-73.012518
11
130.8297199999999805
21
-72.6782099999999929
0
LINE
8
BLACK
6
CONTINUOUS
10
130.8297199999999805
20
-72.6782099999999929
11
130.8249999999999886
21
-72.5099989999999934
0
LINE
8
BLACK
6
CONTINUOUS
10
130.8249999999999886
20
-72.5099989999999934
11
130.8249999999999886
21
-70.9754289999999912
0
LINE
8
BLACK
6
CONTINUOUS
10
130.8249999999999886
20
-70.9754289999999912
11
130.6579109999999844
21
-70.9372919999999993
0
LINE
8
BLACK
6
CONTINUOUS
10
130.6579109999999844
20
-70.9372919999999993
11
130.3932910000000049
21
-70.844697999999994
0
LINE
8
BLACK
6
CONTINUOUS
10
130.3932910000000049
20
-70.844697999999994
11
130.140703000000002
21
-70.7230579999999946
0
LINE
8
BLACK
6
CONTINUOUS
10
130.140703000000002
20
-70.7230579999999946
11
129.9033220000000028
21
-70.5739009999999922
0
LINE
8
BLACK
6
CONTINUOUS
10
129.9033220000000028
20
-70.5739009999999922
11
129.6841340000000002
21
-70.3991039999999941
0
LINE
8
BLACK
6
CONTINUOUS
10
129.6841340000000002
20
-70.3991039999999941
11
129.4858949999999993
21
-70.2008649999999932
0
LINE
8
BLACK
6
CONTINUOUS
10
129.4858949999999993
20
-70.2008649999999932
11
129.311097999999987
21
-69.9816769999999906
0
LINE
8
BLACK
6
CONTINUOUS
10
129.311097999999987
20
-69.9816769999999906
11
129.1619409999999846
21
-69.7442959999999914
0
LINE
8
BLACK
6
CONTINUOUS
10
129.1619409999999846
20
-69.7442959999999914
11
129.0403009999999995
21
-69.4917080000000027
0
LINE
8
BLACK
6
CONTINUOUS
10
129.0403009999999995
20
-69.4917080000000027
11
128.9477070000000083
21
-69.2270879999999948
0
LINE
8
BLACK
6
CONTINUOUS
10
128.9477070000000083
20
-69.2270879999999948
11
128.8853220000000022
21
-68.95376499999999
0
LINE
8
BLACK
6
CONTINUOUS
10
128.8853220000000022
20
-68.95376499999999
11
128.8539329999999836
21
-68.6751749999999959
0
LINE
8
BLACK
6
CONTINUOUS
10
128.8539329999999836
20
-68.6751749999999959
11
128.8499999999999943
21
-68.5349989999999991
0
LINE
8
BLACK
6
CONTINUOUS
10
128.8499999999999943
20
-68.5349989999999991
11
128.8499999999999943
21
-64.1624999999999943
0
LINE
8
BLACK
6
CONTINUOUS
10
128.8499999999999943
20
-64.1624999999999943
11
128.8539329999999836
21
-64.0223239999999976
0
LINE
8
BLACK
6
CONTINUOUS
10
128.8539329999999836
20
-64.0223239999999976
11
128.8853220000000022
21
-63.7437339999999963
0
LINE
8
BLACK
6
CONTINUOUS
10
128.8853220000000022
20
-63.7437339999999963
11
128.9477070000000083
21
-63.4704109999999986
0
LINE
8
BLACK
6
CONTINUOUS
10
128.9477070000000083
20
-63.4704109999999986
11
129.0403009999999995
21
-63.2057909999999978
0
LINE
8
BLACK
6
CONTINUOUS
10
129.0403009999999995
20
-63.2057909999999978
11
129.1619409999999846
21
-62.9532029999999949
0
LINE
8
BLACK
6
CONTINUOUS
10
129.1619409999999846
20
-62.9532029999999949
11
129.311097999999987
21
-62.7158219999999957
0
LINE
8
BLACK
6
CONTINUOUS
10
129.311097999999987
20
-62.7158219999999957
11
129.4858949999999993
21
-62.4966340000000002
0
LINE
8
BLACK
6
CONTINUOUS
10
129.4858949999999993
20
-62.4966340000000002
11
129.6841340000000002
21
-62.2983949999999993
0
LINE
8
BLACK
6
CONTINUOUS
10
129.6841340000000002
20
-62.2983949999999993
11
129.9033220000000028
21
-62.1235979999999941
0
LINE
8
BLACK
6
CONTINUOUS
10
129.9033220000000028
20
-62.1235979999999941
11
130.140703000000002
21
-61.9744409999999988
0
LINE
8
BLACK
6
CONTINUOUS
10
130.140703000000002
20
-61.9744409999999988
11
130.3932910000000049
21
-61.8528009999999995
0
LINE
8
BLACK
6
CONTINUOUS
10
130.3932910000000049
20
-61.8528009999999995
11
130.6579109999999844
21
-61.7602069999999941
0
LINE
8
BLACK
6
CONTINUOUS
10
130.6579109999999844
20
-61.7602069999999941
11
130.9312339999999892
21
-61.6978219999999951
0
LINE
8
BLACK
6
CONTINUOUS
10
130.9312339999999892
20
-61.6978219999999951
11
131.2098239999999976
21
-61.6664329999999978
0
LINE
8
BLACK
6
CONTINUOUS
10
131.2098239999999976
20
-61.6664329999999978
11
131.4901759999999911
21
-61.6664329999999978
0
LINE
8
BLACK
6
CONTINUOUS
10
131.4901759999999911
20
-61.6664329999999978
11
131.7687659999999994
21
-61.6978219999999951
0
LINE
8
BLACK
6
CONTINUOUS
10
121.2651509999999888
20
-56.6498009999999965
11
121.4666229999999985
21
-56.7152630000000002
0
LINE
8
BLACK
6
CONTINUOUS
10
121.4666229999999985
20
-56.7152630000000002
11
121.6553729999999973
21
-56.8114360000000005
0
LINE
8
BLACK
6
CONTINUOUS
10
121.6553729999999973
20
-56.8114360000000005
11
121.8267549999999915
21
-56.9359520000000003
0
LINE
8
BLACK
6
CONTINUOUS
10
121.8267549999999915
20
-56.9359520000000003
11
121.976547999999994
21
-57.0857449999999957
0
LINE
8
BLACK
6
CONTINUOUS
10
121.976547999999994
20
-57.0857449999999957
11
122.1010639999999938
21
-57.257126999999997
0
LINE
8
BLACK
6
CONTINUOUS
10
122.1010639999999938
20
-57.257126999999997
11
122.1972370000000012
21
-57.4458769999999959
0
LINE
8
BLACK
6
CONTINUOUS
10
122.1972370000000012
20
-57.4458769999999959
11
122.2626989999999978
21
-57.6473489999999984
0
LINE
8
BLACK
6
CONTINUOUS
10
122.2626989999999978
20
-57.6473489999999984
11
122.2958379999999892
21
-57.8565799999999939
0
LINE
8
BLACK
6
CONTINUOUS
10
122.2958379999999892
20
-57.8565799999999939
11
122.2958379999999892
21
-58.0684199999999962
0
LINE
8
BLACK
6
CONTINUOUS
10
122.2958379999999892
20
-58.0684199999999962
11
122.2626989999999978
21
-58.2776509999999988
0
LINE
8
BLACK
6
CONTINUOUS
10
122.2626989999999978
20
-58.2776509999999988
11
122.1972370000000012
21
-58.4791229999999942
0
LINE
8
BLACK
6
CONTINUOUS
10
122.1972370000000012
20
-58.4791229999999942
11
122.1010639999999938
21
-58.6678730000000002
0
LINE
8
BLACK
6
CONTINUOUS
10
122.1010639999999938
20
-58.6678730000000002
11
121.976547999999994
21
-58.8392549999999943
0
LINE
8
BLACK
6
CONTINUOUS
10
121.976547999999994
20
-58.8392549999999943
11
121.8267549999999915
21
-58.9890479999999968
0
LINE
8
BLACK
6
CONTINUOUS
10
121.8267549999999915
20
-58.9890479999999968
11
121.6553729999999973
21
-59.1135639999999967
0
LINE
8
BLACK
6
CONTINUOUS
10
121.6553729999999973
20
-59.1135639999999967
11
121.4666229999999985
21
-59.209736999999997
0
LINE
8
BLACK
6
CONTINUOUS
10
121.4666229999999985
20
-59.209736999999997
11
121.2651509999999888
21
-59.2751990000000006
0
LINE
8
BLACK
6
CONTINUOUS
10
121.2651509999999888
20
-59.2751990000000006
11
121.0559200000000004
21
-59.3083379999999991
0
LINE
8
BLACK
6
CONTINUOUS
10
121.0559200000000004
20
-59.3083379999999991
11
120.8440799999999911
21
-59.3083379999999991
0
LINE
8
BLACK
6
CONTINUOUS
10
120.8440799999999911
20
-59.3083379999999991
11
120.6348489999999885
21
-59.2751990000000006
0
LINE
8
BLACK
6
CONTINUOUS
10
120.6348489999999885
20
-59.2751990000000006
11
120.433376999999993
21
-59.209736999999997
0
LINE
8
BLACK
6
CONTINUOUS
10
120.433376999999993
20
-59.209736999999997
11
120.2446269999999942
21
-59.1135639999999967
0
LINE
8
BLACK
6
CONTINUOUS
10
120.2446269999999942
20
-59.1135639999999967
11
120.073245
21
-58.9890479999999968
0
LINE
8
BLACK
6
CONTINUOUS
10
120.073245
20
-58.9890479999999968
11
119.9234519999999975
21
-58.8392549999999943
0
LINE
8
BLACK
6
CONTINUOUS
10
119.9234519999999975
20
-58.8392549999999943
11
119.7989359999999976
21
-58.6678730000000002
0
LINE
8
BLACK
6
CONTINUOUS
10
119.7989359999999976
20
-58.6678730000000002
11
119.7027629999999903
21
-58.4791229999999942
0
LINE
8
BLACK
6
CONTINUOUS
10
119.7027629999999903
20
-58.4791229999999942
11
119.6373009999999937
21
-58.2776509999999988
0
LINE
8
BLACK
6
CONTINUOUS
10
119.6373009999999937
20
-58.2776509999999988
11
119.6041619999999881
21
-58.0684199999999962
0
LINE
8
BLACK
6
CONTINUOUS
10
119.6041619999999881
20
-58.0684199999999962
11
119.6041619999999881
21
-57.8565799999999939
0
LINE
8
BLACK
6
CONTINUOUS
10
119.6041619999999881
20
-57.8565799999999939
11
119.6373009999999937
21
-57.6473489999999984
0
LINE
8
BLACK
6
CONTINUOUS
10
119.6373009999999937
20
-57.6473489999999984
11
119.7027629999999903
21
-57.4458769999999959
0
LINE
8
BLACK
6
CONTINUOUS
10
119.7027629999999903
20
-57.4458769999999959
11
119.7989359999999976
21
-57.257126999999997
0
LINE
8
BLACK
6
CONTINUOUS
10
119.7989359999999976
20
-57.257126999999997
11
119.9234519999999975
21
-57.0857449999999957
0
LINE
8
BLACK
6
CONTINUOUS
10
119.9234519999999975
20
-57.0857449999999957
11
120.073245
21
-56.9359520000000003
0
LINE
8
BLACK
6
CONTINUOUS
10
120.073245
20
-56.9359520000000003
11
120.2446269999999942
21
-56.8114360000000005
0
LINE
8
BLACK
6
CONTINUOUS
10
120.2446269999999942
20
-56.8114360000000005
11
120.433376999999993
21
-56.7152630000000002
0
LINE
8
BLACK
6
CONTINUOUS
10
120.433376999999993
20
-56.7152630000000002
11
120.6348489999999885
21
-56.6498009999999965
0
LINE
8
BLACK
6
CONTINUOUS
10
120.6348489999999885
20
-56.6498009999999965
11
120.8440799999999911
21
-56.616661999999998
0
LINE
8
BLACK
6
CONTINUOUS
10
120.8440799999999911
20
-56.616661999999998
11
121.0559200000000004
21
-56.616661999999998
0
LINE
8
BLACK
6
CONTINUOUS
10
121.0559200000000004
20
-56.616661999999998
11
121.2651509999999888
21
-56.6498009999999965
0
LINE
8
BLACK
6
CONTINUOUS
10
134.765151000000003
20
-56.6498009999999965
11
134.9666229999999985
21
-56.7152630000000002
0
LINE
8
BLACK
6
CONTINUOUS
10
134.9666229999999985
20
-56.7152630000000002
11
135.1553729999999973
21
-56.8114360000000005
0
LINE
8
BLACK
6
CONTINUOUS
10
135.1553729999999973
20
-56.8114360000000005
11
135.3267549999999915
21
-56.9359520000000003
0
LINE
8
BLACK
6
CONTINUOUS
10
135.3267549999999915
20
-56.9359520000000003
11
135.4765479999999798
21
-57.0857449999999957
0
LINE
8
BLACK
6
CONTINUOUS
10
135.4765479999999798
20
-57.0857449999999957
11
135.601064000000008
21
-57.257126999999997
0
LINE
8
BLACK
6
CONTINUOUS
10
135.601064000000008
20
-57.257126999999997
11
135.6972370000000012
21
-57.4458769999999959
0
LINE
8
BLACK
6
CONTINUOUS
10
135.6972370000000012
20
-57.4458769999999959
11
135.7626989999999978
21
-57.6473489999999984
0
LINE
8
BLACK
6
CONTINUOUS
10
135.7626989999999978
20
-57.6473489999999984
11
135.7958380000000034
21
-57.8565799999999939
0
LINE
8
BLACK
6
CONTINUOUS
10
135.7958380000000034
20
-57.8565799999999939
11
135.7958380000000034
21
-58.0684199999999962
0
LINE
8
BLACK
6
CONTINUOUS
10
135.7958380000000034
20
-58.0684199999999962
11
135.7626989999999978
21
-58.2776509999999988
0
LINE
8
BLACK
6
CONTINUOUS
10
135.7626989999999978
20
-58.2776509999999988
11
135.6972370000000012
21
-58.4791229999999942
0
LINE
8
BLACK
6
CONTINUOUS
10
135.6972370000000012
20
-58.4791229999999942
11
135.601064000000008
21
-58.6678730000000002
0
LINE
8
BLACK
6
CONTINUOUS
10
135.601064000000008
20
-58.6678730000000002
11
135.4765479999999798
21
-58.8392549999999943
0
LINE
8
BLACK
6
CONTINUOUS
10
135.4765479999999798
20
-58.8392549999999943
11
135.3267549999999915
21
-58.9890479999999968
0
LINE
8
BLACK
6
CONTINUOUS
10
135.3267549999999915
20
-58.9890479999999968
11
135.1553729999999973
21
-59.1135639999999967
0
LINE
8
BLACK
6
CONTINUOUS
10
135.1553729999999973
20
-59.1135639999999967
11
134.9666229999999985
21
-59.209736999999997
0
LINE
8
BLACK
6
CONTINUOUS
10
134.9666229999999985
20
-59.209736999999997
11
134.765151000000003
21
-59.2751990000000006
0
LINE
8
BLACK
6
CONTINUOUS
10
134.765151000000003
20
-59.2751990000000006
11
134.5559199999999862
21
-59.3083379999999991
0
LINE
8
BLACK
6
CONTINUOUS
10
134.5559199999999862
20
-59.3083379999999991
11
134.3440799999999911
21
-59.3083379999999991
0
LINE
8
BLACK
6
CONTINUOUS
10
134.3440799999999911
20
-59.3083379999999991
11
134.1348490000000027
21
-59.2751990000000006
0
LINE
8
BLACK
6
CONTINUOUS
10
134.1348490000000027
20
-59.2751990000000006
11
133.9333770000000072
21
-59.209736999999997
0
LINE
8
BLACK
6
CONTINUOUS
10
133.9333770000000072
20
-59.209736999999997
11
133.7446269999999799
21
-59.1135639999999967
0
LINE
8
BLACK
6
CONTINUOUS
10
133.7446269999999799
20
-59.1135639999999967
11
133.5732449999999858
21
-58.9890479999999968
0
LINE
8
BLACK
6
CONTINUOUS
10
133.5732449999999858
20
-58.9890479999999968
11
133.4234519999999975
21
-58.8392549999999943
0
LINE
8
BLACK
6
CONTINUOUS
10
133.4234519999999975
20
-58.8392549999999943
11
133.2989359999999976
21
-58.6678730000000002
0
LINE
8
BLACK
6
CONTINUOUS
10
133.2989359999999976
20
-58.6678730000000002
11
133.2027630000000045
21
-58.4791229999999942
0
LINE
8
BLACK
6
CONTINUOUS
10
133.2027630000000045
20
-58.4791229999999942
11
133.1373010000000079
21
-58.2776509999999988
0
LINE
8
BLACK
6
CONTINUOUS
10
133.1373010000000079
20
-58.2776509999999988
11
133.1041620000000023
21
-58.0684199999999962
0
LINE
8
BLACK
6
CONTINUOUS
10
133.1041620000000023
20
-58.0684199999999962
11
133.1041620000000023
21
-57.8565799999999939
0
LINE
8
BLACK
6
CONTINUOUS
10
133.1041620000000023
20
-57.8565799999999939
11
133.1373010000000079
21
-57.6473489999999984
0
LINE
8
BLACK
6
CONTINUOUS
10
133.1373010000000079
20
-57.6473489999999984
11
133.2027630000000045
21
-57.4458769999999959
0
LINE
8
BLACK
6
CONTINUOUS
10
133.2027630000000045
20
-57.4458769999999959
11
133.2989359999999976
21
-57.257126999999997
0
LINE
8
BLACK
6
CONTINUOUS
10
133.2989359999999976
20
-57.257126999999997
11
133.4234519999999975
21
-57.0857449999999957
0
LINE
8
BLACK
6
CONTINUOUS
10
133.4234519999999975
20
-57.0857449999999957
11
133.5732449999999858
21
-56.9359520000000003
0
LINE
8
BLACK
6
CONTINUOUS
10
133.5732449999999858
20
-56.9359520000000003
11
133.7446269999999799
21
-56.8114360000000005
0
LINE
8
BLACK
6
CONTINUOUS
10
133.7446269999999799
20
-56.8114360000000005
11
133.9333770000000072
21
-56.7152630000000002
0
LINE
8
BLACK
6
CONTINUOUS
10
133.9333770000000072
20
-56.7152630000000002
11
134.1348490000000027
21
-56.6498009999999965
0
LINE
8
BLACK
6
CONTINUOUS
10
134.1348490000000027
20
-56.6498009999999965
11
134.3440799999999911
21
-56.616661999999998
0
LINE
8
BLACK
6
CONTINUOUS
10
134.3440799999999911
20
-56.616661999999998
11
134.5559199999999862
21
-56.616661999999998
0
LINE
8
BLACK
6
CONTINUOUS
10
134.5559199999999862
20
-56.616661999999998
11
134.765151000000003
21
-56.6498009999999965
0
CIRCLE
8
BLACK
10
112.4249999999999972
20
-74.0999989999999968
40
0.4
0
CIRCLE
8
BLACK
10
112.4250019999999921
20
-76.0100020000000001
40
0.4
0
CIRCLE
8
BLACK
10
112.4249999999999972
20
-77.91999899999999
40
0.4
0
CIRCLE
8
BLACK
10
133.1950039999999831
20
-77.0600019999999972
40
0.25
0
CIRCLE
8
BLACK
10
134.4549989999999866
20
-77.0600029999999947
40
0.25
0
CIRCLE
8
BLACK
10
135.4849999999999852
20
-77.8099989999999906
40
0.25
0
CIRCLE
8
BLACK
10
132.165001999999987
20
-77.8100000000000023
40
0.25
0
CIRCLE
8
BLACK
10
135.8750009999999975
20
-79.009996000000001
40
0.25
0
CIRCLE
8
BLACK
10
131.7750020000000006
20
-79.0100020000000001
40
0.25
0
CIRCLE
8
BLACK
10
135.874998000000005
20
-80.3399969999999968
40
0.25
0
CIRCLE
8
BLACK
10
131.7750020000000006
20
-80.3400010000000009
40
0.25
0
LINE
8
BLACK
6
CONTINUOUS
10
134.8201849999999808
20
-83.1080139999999972
11
134.7819399999999916
21
-83.3002819999999957
0
LINE
8
BLACK
6
CONTINUOUS
10
134.7819399999999916
20
-83.3002819999999957
11
134.7069209999999941
21
-83.4813939999999945
0
LINE
8
BLACK
6
CONTINUOUS
10
134.7069209999999941
20
-83.4813939999999945
11
134.5980099999999879
21
-83.6443900000000014
0
LINE
8
BLACK
6
CONTINUOUS
10
134.5980099999999879
20
-83.6443900000000014
11
134.4593930000000057
21
-83.7830069999999978
0
LINE
8
BLACK
6
CONTINUOUS
10
134.4593930000000057
20
-83.7830069999999978
11
134.2963969999999847
21
-83.8919179999999898
0
LINE
8
BLACK
6
CONTINUOUS
10
134.2963969999999847
20
-83.8919179999999898
11
134.1152850000000001
21
-83.9669370000000015
0
LINE
8
BLACK
6
CONTINUOUS
10
134.1152850000000001
20
-83.9669370000000015
11
133.9230169999999873
21
-84.0051819999999907
0
LINE
8
BLACK
6
CONTINUOUS
10
133.9230169999999873
20
-84.0051819999999907
11
133.7269829999999899
21
-84.0051819999999907
0
LINE
8
BLACK
6
CONTINUOUS
10
133.7269829999999899
20
-84.0051819999999907
11
133.5347150000000056
21
-83.9669370000000015
0
LINE
8
BLACK
6
CONTINUOUS
10
133.5347150000000056
20
-83.9669370000000015
11
133.3536029999999926
21
-83.8919179999999898
0
LINE
8
BLACK
6
CONTINUOUS
10
133.3536029999999926
20
-83.8919179999999898
11
133.190607
21
-83.7830069999999978
0
LINE
8
BLACK
6
CONTINUOUS
10
133.190607
20
-83.7830069999999978
11
133.0519899999999893
21
-83.6443900000000014
0
LINE
8
BLACK
6
CONTINUOUS
10
133.0519899999999893
20
-83.6443900000000014
11
132.9430789999999831
21
-83.4813939999999945
0
LINE
8
BLACK
6
CONTINUOUS
10
132.9430789999999831
20
-83.4813939999999945
11
132.8680599999999856
21
-83.3002819999999957
0
LINE
8
BLACK
6
CONTINUOUS
10
132.8680599999999856
20
-83.3002819999999957
11
132.8298149999999964
21
-83.1080139999999972
0
LINE
8
BLACK
6
CONTINUOUS
10
132.8298149999999964
20
-83.1080139999999972
11
132.8249999999999886
21
-83.0099969999999985
0
LINE
8
BLACK
6
CONTINUOUS
10
132.8249999999999886
20
-83.0099969999999985
11
132.8249999999999886
21
-79.0099969999999985
0
LINE
8
BLACK
6
CONTINUOUS
10
132.8249999999999886
20
-79.0099969999999985
11
132.8298149999999964
21
-78.9119799999999998
0
LINE
8
BLACK
6
CONTINUOUS
10
132.8298149999999964
20
-78.9119799999999998
11
132.8680599999999856
21
-78.7197120000000012
0
LINE
8
BLACK
6
CONTINUOUS
10
132.8680599999999856
20
-78.7197120000000012
11
132.9430789999999831
21
-78.5386000000000024
0
LINE
8
BLACK
6
CONTINUOUS
10
132.9430789999999831
20
-78.5386000000000024
11
133.0519899999999893
21
-78.3756039999999956
0
LINE
8
BLACK
6
CONTINUOUS
10
133.0519899999999893
20
-78.3756039999999956
11
133.190607
21
-78.2369869999999992
0
LINE
8
BLACK
6
CONTINUOUS
10
133.190607
20
-78.2369869999999992
11
133.3536029999999926
21
-78.128075999999993
0
LINE
8
BLACK
6
CONTINUOUS
10
133.3536029999999926
20
-78.128075999999993
11
133.5347150000000056
21
-78.0530569999999955
0
LINE
8
BLACK
6
CONTINUOUS
10
133.5347150000000056
20
-78.0530569999999955
11
133.7269829999999899
21
-78.0148119999999921
0
LINE
8
BLACK
6
CONTINUOUS
10
133.7269829999999899
20
-78.0148119999999921
11
133.9230169999999873
21
-78.0148119999999921
0
LINE
8
BLACK
6
CONTINUOUS
10
133.9230169999999873
20
-78.0148119999999921
11
134.1152850000000001
21
-78.0530569999999955
0
LINE
8
BLACK
6
CONTINUOUS
10
134.1152850000000001
20
-78.0530569999999955
11
134.2963969999999847
21
-78.128075999999993
0
LINE
8
BLACK
6
CONTINUOUS
10
134.2963969999999847
20
-78.128075999999993
11
134.4593930000000057
21
-78.2369869999999992
0
LINE
8
BLACK
6
CONTINUOUS
10
134.4593930000000057
20
-78.2369869999999992
11
134.5980099999999879
21
-78.3756039999999956
0
LINE
8
BLACK
6
CONTINUOUS
10
134.5980099999999879
20
-78.3756039999999956
11
134.7069209999999941
21
-78.5386000000000024
0
LINE
8
BLACK
6
CONTINUOUS
10
134.7069209999999941
20
-78.5386000000000024
11
134.7819399999999916
21
-78.7197120000000012
0
LINE
8
BLACK
6
CONTINUOUS
10
134.7819399999999916
20
-78.7197120000000012
11
134.8201849999999808
21
-78.9119799999999998
0
LINE
8
BLACK
6
CONTINUOUS
10
134.8201849999999808
20
-78.9119799999999998
11
134.8249999999999886
21
-79.0099969999999985
0
LINE
8
BLACK
6
CONTINUOUS
10
134.8249999999999886
20
-79.0099969999999985
11
134.8249999999999886
21
-83.0099969999999985
0
LINE
8
BLACK
6
CONTINUOUS
10
134.8249999999999886
20
-83.0099969999999985
11
134.8201849999999808
21
-83.1080139999999972
0
CIRCLE
8
BLACK
10
135.875
20
-81.6799989999999951
40
0.25
0
CIRCLE
8
BLACK
10
131.7750000000000057
20
-81.6799989999999951
40
0.25
0
CIRCLE
8
BLACK
10
135.875
20
-83.0099969999999985
40
0.25
0
CIRCLE
8
BLACK
10
131.7749979999999823
20
-83.009997999999996
40
0.25
0
CIRCLE
8
BLACK
10
135.4850009999999827
20
-84.2099959999999896
40
0.25
0
CIRCLE
8
BLACK
10
132.1650029999999845
20
-84.2099959999999896
40
0.25
0
CIRCLE
8
BLACK
10
134.4549999999999841
20
-84.9599970000000013
40
0.25
0
CIRCLE
8
BLACK
10
133.1949999999999932
20
-84.9599989999999963
40
0.25
0
CIRCLE
8
BLACK
10
134.4549999999999841
20
-67.0600009999999997
40
0.25
0
CIRCLE
8
BLACK
10
133.1949970000000008
20
-67.0600009999999997
40
0.25
0
CIRCLE
8
BLACK
10
135.4849999999999852
20
-67.8099989999999906
40
0.25
0
CIRCLE
8
BLACK
10
132.164999999999992
20
-67.8100009999999997
40
0.25
0
CIRCLE
8
BLACK
10
135.875
20
-69.009997999999996
40
0.25
0
CIRCLE
8
BLACK
10
131.7750020000000006
20
-69.009997999999996
40
0.25
0
CIRCLE
8
BLACK
10
135.875
20
-70.3399929999999927
40
0.25
0
CIRCLE
8
BLACK
10
131.7750000000000057
20
-70.3399989999999917
40
0.25
0
LINE
8
BLACK
6
CONTINUOUS
10
134.8201849999999808
20
-73.1080159999999921
11
134.7819399999999916
21
-73.3002839999999907
0
LINE
8
BLACK
6
CONTINUOUS
10
134.7819399999999916
20
-73.3002839999999907
11
134.7069209999999941
21
-73.4813960000000037
0
LINE
8
BLACK
6
CONTINUOUS
10
134.7069209999999941
20
-73.4813960000000037
11
134.5980099999999879
21
-73.6443919999999963
0
LINE
8
BLACK
6
CONTINUOUS
10
134.5980099999999879
20
-73.6443919999999963
11
134.4593930000000057
21
-73.7830089999999927
0
LINE
8
BLACK
6
CONTINUOUS
10
134.4593930000000057
20
-73.7830089999999927
11
134.2963969999999847
21
-73.8919199999999989
0
LINE
8
BLACK
6
CONTINUOUS
10
134.2963969999999847
20
-73.8919199999999989
11
134.1152850000000001
21
-73.9669389999999964
0
LINE
8
BLACK
6
CONTINUOUS
10
134.1152850000000001
20
-73.9669389999999964
11
133.9230169999999873
21
-74.0051839999999999
0
LINE
8
BLACK
6
CONTINUOUS
10
133.9230169999999873
20
-74.0051839999999999
11
133.7269829999999899
21
-74.0051839999999999
0
LINE
8
BLACK
6
CONTINUOUS
10
133.7269829999999899
20
-74.0051839999999999
11
133.5347150000000056
21
-73.9669389999999964
0
LINE
8
BLACK
6
CONTINUOUS
10
133.5347150000000056
20
-73.9669389999999964
11
133.3536029999999926
21
-73.8919199999999989
0
LINE
8
BLACK
6
CONTINUOUS
10
133.3536029999999926
20
-73.8919199999999989
11
133.190607
21
-73.7830089999999927
0
LINE
8
BLACK
6
CONTINUOUS
10
133.190607
20
-73.7830089999999927
11
133.0519899999999893
21
-73.6443919999999963
0
LINE
8
BLACK
6
CONTINUOUS
10
133.0519899999999893
20
-73.6443919999999963
11
132.9430789999999831
21
-73.4813960000000037
0
LINE
8
BLACK
6
CONTINUOUS
10
132.9430789999999831
20
-73.4813960000000037
11
132.8680599999999856
21
-73.3002839999999907
0
LINE
8
BLACK
6
CONTINUOUS
10
132.8680599999999856
20
-73.3002839999999907
11
132.8298149999999964
21
-73.1080159999999921
0
LINE
8
BLACK
6
CONTINUOUS
10
132.8298149999999964
20
-73.1080159999999921
11
132.8249999999999886
21
-73.0099989999999934
0
LINE
8
BLACK
6
CONTINUOUS
10
132.8249999999999886
20
-73.0099989999999934
11
132.8249999999999886
21
-69.0099989999999934
0
LINE
8
BLACK
6
CONTINUOUS
10
132.8249999999999886
20
-69.0099989999999934
11
132.8298149999999964
21
-68.9119819999999947
0
LINE
8
BLACK
6
CONTINUOUS
10
132.8298149999999964
20
-68.9119819999999947
11
132.8680599999999856
21
-68.7197139999999962
0
LINE
8
BLACK
6
CONTINUOUS
10
132.8680599999999856
20
-68.7197139999999962
11
132.9430789999999831
21
-68.5386019999999974
0
LINE
8
BLACK
6
CONTINUOUS
10
132.9430789999999831
20
-68.5386019999999974
11
133.0519899999999893
21
-68.3756059999999906
0
LINE
8
BLACK
6
CONTINUOUS
10
133.0519899999999893
20
-68.3756059999999906
11
133.190607
21
-68.2369889999999941
0
LINE
8
BLACK
6
CONTINUOUS
10
133.190607
20
-68.2369889999999941
11
133.3536029999999926
21
-68.1280780000000021
0
LINE
8
BLACK
6
CONTINUOUS
10
133.3536029999999926
20
-68.1280780000000021
11
133.5347150000000056
21
-68.0530589999999904
0
LINE
8
BLACK
6
CONTINUOUS
10
133.5347150000000056
20
-68.0530589999999904
11
133.7269829999999899
21
-68.0148140000000012
0
LINE
8
BLACK
6
CONTINUOUS
10
133.7269829999999899
20
-68.0148140000000012
11
133.9230169999999873
21
-68.0148140000000012
0
LINE
8
BLACK
6
CONTINUOUS
10
133.9230169999999873
20
-68.0148140000000012
11
134.1152850000000001
21
-68.0530589999999904
0
LINE
8
BLACK
6
CONTINUOUS
10
134.1152850000000001
20
-68.0530589999999904
11
134.2963969999999847
21
-68.1280780000000021
0
LINE
8
BLACK
6
CONTINUOUS
10
134.2963969999999847
20
-68.1280780000000021
11
134.4593930000000057
21
-68.2369889999999941
0
LINE
8
BLACK
6
CONTINUOUS
10
134.4593930000000057
20
-68.2369889999999941
11
134.5980099999999879
21
-68.3756059999999906
0
LINE
8
BLACK
6
CONTINUOUS
10
134.5980099999999879
20
-68.3756059999999906
11
134.7069209999999941
21
-68.5386019999999974
0
LINE
8
BLACK
6
CONTINUOUS
10
134.7069209999999941
20
-68.5386019999999974
11
134.7819399999999916
21
-68.7197139999999962
0
LINE
8
BLACK
6
CONTINUOUS
10
134.7819399999999916
20
-68.7197139999999962
11
134.8201849999999808
21
-68.9119819999999947
0
LINE
8
BLACK
6
CONTINUOUS
10
134.8201849999999808
20
-68.9119819999999947
11
134.8249999999999886
21
-69.0099989999999934
0
LINE
8
BLACK
6
CONTINUOUS
10
134.8249999999999886
20
-69.0099989999999934
11
134.8249999999999886
21
-73.0099989999999934
0
LINE
8
BLACK
6
CONTINUOUS
10
134.8249999999999886
20
-73.0099989999999934
11
134.8201849999999808
21
-73.1080159999999921
0
CIRCLE
8
BLACK
10
135.875
20
-71.6799989999999951
40
0.25
0
CIRCLE
8
BLACK
10
131.7749949999999899
20
-71.6799989999999951
40
0.25
0
CIRCLE
8
BLACK
10
131.7750000000000057
20
-73.009996000000001
40
0.25
0
CIRCLE
8
BLACK
10
135.874998000000005
20
-73.0099969999999985
40
0.25
0
CIRCLE
8
BLACK
10
132.164999999999992
20
-74.2099989999999963
40
0.25
0
CIRCLE
8
BLACK
10
135.4849989999999877
20
-74.2099999999999937
40
0.25
0
CIRCLE
8
BLACK
10
133.1950019999999881
20
-74.9599989999999963
40
0.25
0
CIRCLE
8
BLACK
10
134.4550009999999816
20
-74.9600030000000004
40
0.25
0
CIRCLE
8
BLACK
10
115.25
20
-85.
40
0.75
0
CIRCLE
8
BLACK
10
111.
20
-95.5
40
0.75
0
CIRCLE
8
BLACK
10
131.1499990000000082
20
-90.2999969999999905
40
1.3499999999999999
0
CIRCLE
8
BLACK
10
123.9499989999999912
20
-90.2999969999999905
40
1.3499999999999999
0
CIRCLE
8
BLACK
10
134.2999999999999829
20
-96.2999999999999972
40
0.8999999999999999
0
CIRCLE
8
BLACK
10
120.7999989999999997
20
-96.2999969999999905
40
0.8999999999999999
0
CIRCLE
8
BLACK
10
115.25
20
-95.5
40
0.75
0
CIRCLE
8
BLACK
10
110.75
20
-85.
40
0.75
0
CIRCLE
8
BLACK
10
124.0999999999999943
20
-63.9624999999999986
40
1.3499999999999999
0
CIRCLE
8
BLACK
10
131.2999999999999829
20
-63.9624999999999986
40
1.3499999999999999
0
CIRCLE
8
BLACK
10
120.9499999999999886
20
-57.9624999999999986
40
0.8999999999999999
0
CIRCLE
8
BLACK
10
134.4499999999999886
20
-57.9624999999999986
40
0.8999999999999999
0
CIRCLE
8
BLACK
10
115.25
20
-90.
40
0.75
0
CIRCLE
8
BLACK
10
111.
20
-90.
40
0.75
  0
ENDSEC
  0
EOF
