#VRML V2.0 utf8
WorldInfo {
  title "D:/BeckUP/MPe_V6_WORK/CeB_CURR_PCB/CeB_CURR_PCB/3D_MODEL/CeB_CURR_PCB.wrl - Generated by Pcbnew"
}
Transform {
  scale 2.54 2.54 2.54
  children [
Transform {
  rotation 0 0 -1 1.5708
  translation -3.69094 -1.72244 0.314961
  scale 1 1 1
  children [
    Inline {
      url "shapes3D/C_0603_1608Metric.wrl"
    } ]
  }
Transform {
  rotation 0 0 1 3.14159
  translation -4.77362 -1.32874 0.314961
  scale 1 1 1
  children [
    Inline {
      url "shapes3D/R_0603_1608Metric.wrl"
    } ]
  }
Transform {
  rotation -1 1.22465e-16 1.22465e-16 4.71239
  translation 2.23425 -5.15157 0.30315
  scale 1 1 1
  children [
    Inline {
      url "shapes3D/XT60PW-F.wrl"
    } ]
  }
Transform {
  rotation 0 0 -1 1.5708
  translation -5.65945 0.738189 0.314961
  scale 1 1 1
  children [
    Inline {
      url "shapes3D/C_0603_1608Metric.wrl"
    } ]
  }
Transform {
  rotation 1 0 0 3.14159
  translation 2.29331 6.11909 0.496063
  scale 1 1 1
  children [
    Inline {
      url "shapes3D/XT60PW-M.wrl"
    } ]
  }
Transform {
  rotation 6.12323e-17 1 6.12323e-17 3.14159
  translation 2.11614 -6.54528 -0.314961
  scale 1 1 1
  children [
    Inline {
      url "shapes3D/R_0603_1608Metric.wrl"
    } ]
  }
Transform {
  children [
    Group {
      children [
        Shape {
          appearance Appearance {
            material Material {
              diffuseColor 0 0 0
              specularColor 0.1 0.1 0.1
              emissiveColor 0 0 0
              ambientIntensity 0.7
              transparency 0
              shininess 0.01
            }
          }
          geometry IndexedFaceSet {
            solid TRUE
            coord Coordinate {
              point [
4.849331 -3.084644 0.310039, 4.857203 -3.045065 0.310039,
4.879623 -3.011512 0.310039, 4.913177 -2.989092 0.310039,
4.952756 -2.981219 0.310039, 4.992335 -2.989092 0.310039,
5.025889 -3.011512 0.310039, 5.048308 -3.045065 0.310039,
5.056181 -3.084644 0.310039, 5.048308 -3.124224 0.310039,
5.025889 -3.157777 0.310039, 4.992335 -3.180197 0.310039,
4.952756 -3.18807 0.310039, 4.913177 -3.180197 0.310039,
4.879623 -3.157777 0.310039, 4.857203 -3.124224 0.310039,
4.84933 0.025589 0.310039, 4.857203 0.065168 0.310039,
4.879623 0.098722 0.310039, 4.913176 0.121142 0.310039,
4.952756 0.129015 0.310039, 4.992335 0.121142 0.310039,
5.025888 0.098722 0.310039, 5.048308 0.065168 0.310039,
5.056181 0.025589 0.310039, 5.048308 -0.01399 0.310039,
5.025888 -0.047543 0.310039, 4.992335 -0.069963 0.310039,
4.952756 -0.077836 0.310039, 4.913176 -0.069963 0.310039,
4.879623 -0.047543 0.310039, 4.857203 -0.01399 0.310039,
4.849331 3.962598 0.310039, 4.857203 4.002177 0.310039,
4.879623 4.035731 0.310039, 4.913177 4.05815 0.310039,
4.952756 4.066023 0.310039, 4.992335 4.05815 0.310039,
5.025889 4.035731 0.310039, 5.048308 4.002177 0.310039,
5.056181 3.962598 0.310039, 5.048308 3.923019 0.310039,
5.025889 3.889465 0.310039, 4.992335 3.867046 0.310039,
4.952756 3.859173 0.310039, 4.913177 3.867046 0.310039,
4.879623 3.889465 0.310039, 4.857203 3.923019 0.310039,
-2.307992 -3.100394 0.310039, -2.330849 -3.215304 0.310039,
-2.395941 -3.312721 0.310039, -2.493357 -3.377812 0.310039,
-2.608268 -3.400669 0.310039, -2.723178 -3.377812 0.310039,
-2.820595 -3.312721 0.310039, -2.885686 -3.215304 0.310039,
-2.908543 -3.100394 0.310039, -2.885686 -2.985483 0.310039,
-2.820595 -2.888067 0.310039, -2.723178 -2.822975 0.310039,
-2.608268 -2.800118 0.310039, -2.493357 -2.822975 0.310039,
-2.395941 -2.888067 0.310039, -2.330849 -2.985483 0.310039,
-2.307992 -5.068898 0.310039, -2.330849 -5.183808 0.310039,
-2.395941 -5.281225 0.310039, -2.493357 -5.346316 0.310039,
-2.608268 -5.369173 0.310039, -2.723178 -5.346316 0.310039,
-2.820595 -5.281225 0.310039, -2.885686 -5.183808 0.310039,
-2.908543 -5.068898 0.310039, -2.885686 -4.953987 0.310039,
-2.820595 -4.856571 0.310039, -2.723178 -4.791479 0.310039,
-2.608268 -4.768622 0.310039, -2.493357 -4.791479 0.310039,
-2.395941 -4.856571 0.310039, -2.330849 -4.953987 0.310039,
-3.919291 4.643275 0.310039, -4.043691 4.651102 0.310039,
-4.166129 4.674458 0.310039, -4.284674 4.712976 0.310039,
-4.397457 4.766047 0.310039, -4.502698 4.832836 0.310039,
-4.59874 4.912288 0.310039, -4.684065 5.00315 0.310039,
-4.75733 5.103991 0.310039, -4.817379 5.213219 0.310039,
-4.863264 5.329111 0.310039, -4.894262 5.449841 0.310039,
-4.909884 5.573504 0.310039, -4.909884 5.69815 0.310039,
-4.894262 5.821812 0.310039, -4.863264 5.942542 0.310039,
-4.817379 6.058435 0.310039, -4.75733 6.167663 0.310039,
-4.684065 6.268503 0.310039, -4.59874 6.359366 0.310039,
-4.502698 6.438818 0.310039, -4.397457 6.505606 0.310039,
-4.284674 6.558678 0.310039, -4.166129 6.597196 0.310039,
-4.043691 6.620552 0.310039, -3.919291 6.628378 0.310039,
-3.794892 6.620552 0.310039, -3.672454 6.597196 0.310039,
-3.553909 6.558678 0.310039, -3.441126 6.505606 0.310039,
-3.335884 6.438818 0.310039, -3.239843 6.359366 0.310039,
-3.154517 6.268503 0.310039, -3.081252 6.167663 0.310039,
-3.021204 6.058435 0.310039, -2.975319 5.942542 0.310039,
-2.94432 5.821812 0.310039, -2.928698 5.69815 0.310039,
-2.92772 5.635827 0.310039, -2.928698 5.573504 0.310039,
-2.94432 5.449841 0.310039, -2.975319 5.329111 0.310039,
-3.021204 5.213219 0.310039, -3.081252 5.103991 0.310039,
-3.154517 5.00315 0.310039, -3.239843 4.912288 0.310039,
-3.335884 4.832836 0.310039, -3.441126 4.766047 0.310039,
-3.553909 4.712976 0.310039, -3.672454 4.674458 0.310039,
-3.794892 4.651102 0.310039, -3.98122 -5.068898 0.310039,
-4.004078 -5.183808 0.310039, -4.069169 -5.281225 0.310039,
-4.166586 -5.346316 0.310039, -4.281496 -5.369173 0.310039,
-4.396407 -5.346316 0.310039, -4.493823 -5.281225 0.310039,
-4.558915 -5.183808 0.310039, -4.581772 -5.068898 0.310039,
-4.558915 -4.953987 0.310039, -4.493823 -4.856571 0.310039,
-4.396407 -4.791479 0.310039, -4.281496 -4.768622 0.310039,
-4.166586 -4.791479 0.310039, -4.069169 -4.856571 0.310039,
-4.004078 -4.953987 0.310039, -4.680197 -3.100394 0.310039,
-4.65734 -2.985483 0.310039, -4.592248 -2.888067 0.310039,
-4.494832 -2.822975 0.310039, -4.379921 -2.800118 0.310039,
-4.265011 -2.822975 0.310039, -4.167594 -2.888067 0.310039,
-4.102503 -2.985483 0.310039, -4.079646 -3.100394 0.310039,
-4.102503 -3.215304 0.310039, -4.167594 -3.312721 0.310039,
-4.265011 -3.377812 0.310039, -4.379921 -3.400669 0.310039,
-4.494832 -3.377812 0.310039, -4.592248 -3.312721 0.310039,
-4.65734 -3.215304 0.310039, -2.908543 -7.234252 0.310039,
-2.885686 -7.119341 0.310039, -2.820595 -7.021925 0.310039,
-2.723178 -6.956833 0.310039, -2.608268 -6.933976 0.310039,
-2.493357 -6.956833 0.310039, -2.395941 -7.021925 0.310039,
-2.330849 -7.119341 0.310039, -2.307992 -7.234252 0.310039,
-2.330849 -7.349162 0.310039, -2.395941 -7.446579 0.310039,
-2.493357 -7.51167 0.310039, -2.608268 -7.534528 0.310039,
-2.723178 -7.51167 0.310039, -2.820595 -7.446579 0.310039,
-2.885686 -7.349162 0.310039, -3.557991 0.438976 0.310039,
-3.570359 0.376797 0.310039, -3.605581 0.324085 0.310039,
-3.658293 0.288863 0.310039, -3.720472 0.276495 0.310039,
-3.78265 0.288863 0.310039, -3.835363 0.324085 0.310039,
-3.870584 0.376797 0.310039, -3.882952 0.438976 0.310039,
-3.870584 0.501154 0.310039, -3.835363 0.553867 0.310039,
-3.78265 0.589088 0.310039, -3.720472 0.601456 0.310039,
-3.658293 0.589088 0.310039, -3.605581 0.553867 0.310039,
-3.570359 0.501154 0.310039, -3.882953 1.190945 0.310039,
-3.870585 1.253124 0.310039, -3.835363 1.305836 0.310039,
-3.782651 1.341058 0.310039, -3.720472 1.353426 0.310039,
-3.658294 1.341058 0.310039, -3.605582 1.305836 0.310039,
-3.57036 1.253124 0.310039, -3.557992 1.190945 0.310039,
-3.57036 1.128767 0.310039, -3.605582 1.076054 0.310039,
-3.658294 1.040833 0.310039, -3.720472 1.028465 0.310039,
-3.782651 1.040833 0.310039, -3.835363 1.076054 0.310039,
-3.870585 1.128767 0.310039, -3.882953 -0.312992 0.310039,
-3.870585 -0.250813 0.310039, -3.835363 -0.198101 0.310039,
-3.782651 -0.162879 0.310039, -3.720472 -0.150511 0.310039,
-3.658294 -0.162879 0.310039, -3.605582 -0.198101 0.310039,
-3.57036 -0.250813 0.310039, -3.557992 -0.312992 0.310039,
-3.57036 -0.37517 0.310039, -3.605582 -0.427883 0.310039,
-3.658294 -0.463104 0.310039, -3.720472 -0.475472 0.310039,
-3.782651 -0.463104 0.310039, -3.835363 -0.427883 0.310039,
-3.870585 -0.37517 0.310039, -6.25 8.218504 0.310039,
-6.25 -8.218504 0.310039, 6.25 -8.218504 0.310039,
6.25 8.218504 0.310039, 5.408386 -1.793307 0.310039,
5.416259 -1.753728 0.310039, 5.438678 -1.720174 0.310039,
5.472232 -1.697754 0.310039, 5.511811 -1.689881 0.310039,
5.55139 -1.697754 0.310039, 5.584944 -1.720174 0.310039,
5.607363 -1.753728 0.310039, 5.615236 -1.793307 0.310039,
5.607363 -1.832886 0.310039, 5.584944 -1.866439 0.310039,
5.55139 -1.888859 0.310039, 5.511811 -1.896732 0.310039,
5.472232 -1.888859 0.310039, 5.438678 -1.866439 0.310039,
5.416259 -1.832886 0.310039, 5.472232 -2.41248 0.310039,
5.438678 -2.390061 0.310039, 5.416259 -2.356507 0.310039,
5.408386 -2.316928 0.310039, 5.416259 -2.277349 0.310039,
5.438678 -2.243795 0.310039, 5.472232 -2.221376 0.310039,
5.511811 -2.213503 0.310039, 5.55139 -2.221376 0.310039,
5.584944 -2.243795 0.310039, 5.607363 -2.277349 0.310039,
5.615236 -2.316928 0.310039, 5.607363 -2.356507 0.310039,
5.584944 -2.390061 0.310039, 5.55139 -2.41248 0.310039,
5.511811 -2.420353 0.310039, 5.408385 -1.265747 0.310039,
5.416258 -1.226168 0.310039, 5.438678 -1.192614 0.310039,
5.472231 -1.170194 0.310039, 5.51181 -1.162322 0.310039,
5.551389 -1.170194 0.310039, 5.584943 -1.192614 0.310039,
5.607363 -1.226168 0.310039, 5.615235 -1.265747 0.310039,
5.607363 -1.305326 0.310039, 5.584943 -1.33888 0.310039,
5.551389 -1.361299 0.310039, 5.51181 -1.369172 0.310039,
5.472231 -1.361299 0.310039, 5.438678 -1.33888 0.310039,
5.416258 -1.305326 0.310039, 5.254843 -2.789369 0.310039,
5.262716 -2.749789 0.310039, 5.285135 -2.716236 0.310039,
5.318689 -2.693816 0.310039, 5.358268 -2.685943 0.310039,
5.397847 -2.693816 0.310039, 5.431401 -2.716236 0.310039,
5.453821 -2.749789 0.310039, 5.461693 -2.789369 0.310039,
5.453821 -2.828948 0.310039, 5.431401 -2.862501 0.310039,
5.397847 -2.884921 0.310039, 5.358268 -2.892794 0.310039,
5.318689 -2.884921 0.310039, 5.285135 -2.862501 0.310039,
5.262716 -2.828948 0.310039, 5.345387 -4.826567 0.310039,
5.250522 -4.802543 0.310039, 5.160904 -4.763233 0.310039,
5.078979 -4.709709 0.310039, 5.006981 -4.64343 0.310039,
4.946874 -4.566205 0.310039, 4.900298 -4.480139 0.310039,
4.868522 -4.387581 0.310039, 4.852415 -4.291056 0.310039,
4.852415 -4.193196 0.310039, 4.868522 -4.09667 0.310039,
4.900298 -4.004113 0.310039, 4.946874 -3.918047 0.310039,
5.006981 -3.840822 0.310039, 5.078979 -3.774543 0.310039,
5.160904 -3.721019 0.310039, 5.250522 -3.681709 0.310039,
5.345387 -3.657685 0.310039, 5.442913 -3.649604 0.310039,
5.540439 -3.657685 0.310039, 5.635305 -3.681709 0.310039,
5.724922 -3.721019 0.310039, 5.806848 -3.774543 0.310039,
5.878846 -3.840822 0.310039, 5.938953 -3.918047 0.310039,
5.985529 -4.004113 0.310039, 6.017304 -4.09667 0.310039,
6.033411 -4.193196 0.310039, 6.034422 -4.242126 0.310039,
6.033411 -4.291056 0.310039, 6.017304 -4.387581 0.310039,
5.985529 -4.480139 0.310039, 5.938953 -4.566205 0.310039,
5.878846 -4.64343 0.310039, 5.806848 -4.709709 0.310039,
5.724922 -4.763233 0.310039, 5.635305 -4.802543 0.310039,
5.540439 -4.826567 0.310039, 5.442913 -4.834648 0.310039,
4.529826 -3.157778 0.310039, 4.496272 -3.180198 0.310039,
4.456693 -3.18807 0.310039, 4.417114 -3.180198 0.310039,
4.38356 -3.157778 0.310039, 4.36114 -3.124224 0.310039,
4.353268 -3.084645 0.310039, 4.36114 -3.045066 0.310039,
4.38356 -3.011513 0.310039, 4.417114 -2.989093 0.310039,
4.456693 -2.98122 0.310039, 4.496272 -2.989093 0.310039,
4.529826 -3.011513 0.310039, 4.552245 -3.045066 0.310039,
4.560118 -3.084645 0.310039, 4.552245 -3.124224 0.310039,
4.532402 -7.549213 0.310039, 4.559754 -7.411703 0.310039,
4.637647 -7.295127 0.310039, 4.754222 -7.217234 0.310039,
4.891732 -7.189882 0.310039, 5.029242 -7.217234 0.310039,
5.145817 -7.295127 0.310039, 5.223711 -7.411703 0.310039,
5.251063 -7.549213 0.310039, 5.223711 -7.686723 0.310039,
5.145817 -7.803298 0.310039, 5.029242 -7.881191 0.310039,
4.891732 -7.908543 0.310039, 4.754222 -7.881191 0.310039,
4.637647 -7.803298 0.310039, 4.559754 -7.686723 0.310039,
4.353267 3.962598 0.310039, 4.361139 4.002177 0.310039,
4.383559 4.035731 0.310039, 4.417113 4.05815 0.310039,
4.456692 4.066023 0.310039, 4.496271 4.05815 0.310039,
4.529824 4.035731 0.310039, 4.552244 4.002177 0.310039,
4.560117 3.962598 0.310039, 4.552244 3.923019 0.310039,
4.529824 3.889465 0.310039, 4.496271 3.867046 0.310039,
4.456692 3.859173 0.310039, 4.417113 3.867046 0.310039,
4.383559 3.889465 0.310039, 4.361139 3.923019 0.310039,
5.077031 -0.606616 0.310039, 5.100925 -0.742125 0.310039,
5.100925 -2.316928 0.310039, 5.077031 -2.452437 0.310039,
5.008232 -2.571601 0.310039, 4.902825 -2.660048 0.310039,
4.773524 -2.70711 0.310039, 4.635925 -2.70711 0.310039,
4.506624 -2.660048 0.310039, 4.401217 -2.571601 0.310039,
4.332417 -2.452437 0.310039, 4.308524 -2.316928 0.310039,
4.308524 -0.742125 0.310039, 4.332417 -0.606616 0.310039,
4.401217 -0.487452 0.310039, 4.506624 -0.399005 0.310039,
4.635925 -0.351943 0.310039, 4.773524 -0.351943 0.310039,
4.902825 -0.399005 0.310039, 5.008232 -0.487452 0.310039,
5.056181 0.852361 0.310039, 5.048309 0.812782 0.310039,
5.025889 0.779228 0.310039, 4.992335 0.756809 0.310039,
4.952756 0.748936 0.310039, 4.913177 0.756809 0.310039,
4.879624 0.779228 0.310039, 4.857204 0.812782 0.310039,
4.849331 0.852361 0.310039, 4.857204 0.89194 0.310039,
4.879624 0.925494 0.310039, 4.913177 0.947913 0.310039,
4.952756 0.955786 0.310039, 4.992335 0.947913 0.310039,
5.025889 0.925494 0.310039, 5.048309 0.89194 0.310039,
4.56012 0.02559 0.310039, 4.552247 -0.013989 0.310039,
4.529827 -0.047543 0.310039, 4.496274 -0.069963 0.310039,
4.456694 -0.077835 0.310039, 4.417115 -0.069963 0.310039,
4.383562 -0.047543 0.310039, 4.361142 -0.013989 0.310039,
4.353269 0.02559 0.310039, 4.361142 0.065169 0.310039,
4.383562 0.098722 0.310039, 4.417115 0.121142 0.310039,
4.456694 0.129015 0.310039, 4.496274 0.121142 0.310039,
4.529827 0.098722 0.310039, 4.552247 0.065169 0.310039,
4.332417 1.48457 0.310039, 4.308524 1.620079 0.310039,
4.308524 3.194882 0.310039, 4.332417 3.330391 0.310039,
4.401217 3.449555 0.310039, 4.506624 3.538002 0.310039,
4.635925 3.585064 0.310039, 4.773524 3.585064 0.310039,
4.902825 3.538002 0.310039, 5.008232 3.449555 0.310039,
5.077031 3.330391 0.310039, 5.100925 3.194882 0.310039,
5.100925 1.620079 0.310039, 5.077031 1.48457 0.310039,
5.008232 1.365406 0.310039, 4.902825 1.276959 0.310039,
4.773524 1.229898 0.310039, 4.635925 1.229898 0.310039,
4.506624 1.276959 0.310039, 4.401217 1.365406 0.310039,
4.353269 0.852363 0.310039, 4.361141 0.891942 0.310039,
4.383561 0.925495 0.310039, 4.417115 0.947915 0.310039,
4.456694 0.955788 0.310039, 4.496273 0.947915 0.310039,
4.529826 0.925495 0.310039, 4.552246 0.891942 0.310039,
4.560119 0.852363 0.310039, 4.552246 0.812783 0.310039,
4.529826 0.77923 0.310039, 4.496273 0.75681 0.310039,
4.456694 0.748937 0.310039, 4.417115 0.75681 0.310039,
4.383561 0.77923 0.310039, 4.361141 0.812783 0.310039,
5.615237 -0.742124 0.310039, 5.607364 -0.781704 0.310039,
5.584944 -0.815257 0.310039, 5.551391 -0.837677 0.310039,
5.511811 -0.84555 0.310039, 5.472232 -0.837677 0.310039,
5.438679 -0.815257 0.310039, 5.416259 -0.781704 0.310039,
5.408386 -0.742124 0.310039, 5.416259 -0.702545 0.310039,
5.438679 -0.668992 0.310039, 5.472232 -0.646572 0.310039,
5.511811 -0.638699 0.310039, 5.551391 -0.646572 0.310039,
5.584944 -0.668992 0.310039, 5.607364 -0.702545 0.310039,
5.408386 3.194883 0.310039, 5.416259 3.234462 0.310039,
5.438678 3.268015 0.310039, 5.472232 3.290435 0.310039,
5.511811 3.298308 0.310039, 5.55139 3.290435 0.310039,
5.584944 3.268015 0.310039, 5.607363 3.234462 0.310039,
5.615236 3.194883 0.310039, 5.607363 3.155304 0.310039,
5.584944 3.12175 0.310039, 5.55139 3.09933 0.310039,
5.511811 3.091457 0.310039, 5.472232 3.09933 0.310039,
5.438678 3.12175 0.310039, 5.416259 3.155304 0.310039,
5.408386 2.671263 0.310039, 5.416259 2.710842 0.310039,
5.438678 2.744395 0.310039, 5.472232 2.766815 0.310039,
5.511811 2.774688 0.310039, 5.55139 2.766815 0.310039,
5.584944 2.744395 0.310039, 5.607363 2.710842 0.310039,
5.615236 2.671263 0.310039, 5.607363 2.631683 0.310039,
5.584944 2.59813 0.310039, 5.55139 2.57571 0.310039,
5.511811 2.567837 0.310039, 5.472232 2.57571 0.310039,
5.438678 2.59813 0.310039, 5.416259 2.631683 0.310039,
5.408386 2.143701 0.310039, 5.416259 2.18328 0.310039,
5.438678 2.216834 0.310039, 5.472232 2.239254 0.310039,
5.511811 2.247126 0.310039, 5.55139 2.239254 0.310039,
5.584944 2.216834 0.310039, 5.607363 2.18328 0.310039,
5.615236 2.143701 0.310039, 5.607363 2.104122 0.310039,
5.584944 2.070569 0.310039, 5.55139 2.048149 0.310039,
5.511811 2.040276 0.310039, 5.472232 2.048149 0.310039,
5.438678 2.070569 0.310039, 5.416259 2.104122 0.310039,
5.318689 3.762876 0.310039, 5.358268 3.770748 0.310039,
5.397847 3.762876 0.310039, 5.4314 3.740456 0.310039,
5.45382 3.706902 0.310039, 5.461693 3.667323 0.310039,
5.45382 3.627744 0.310039, 5.4314 3.594191 0.310039,
5.397847 3.571771 0.310039, 5.358268 3.563898 0.310039,
5.318689 3.571771 0.310039, 5.285135 3.594191 0.310039,
5.262715 3.627744 0.310039, 5.254843 3.667323 0.310039,
5.262715 3.706902 0.310039, 5.285135 3.740456 0.310039,
5.310118 7.544291 0.310039, 5.282766 7.406781 0.310039,
5.204873 7.290206 0.310039, 5.088297 7.212313 0.310039,
4.950787 7.184961 0.310039, 4.813277 7.212313 0.310039,
4.696702 7.290206 0.310039, 4.618809 7.406781 0.310039,
4.591457 7.544291 0.310039, 4.618809 7.681801 0.310039,
4.696702 7.798377 0.310039, 4.813277 7.87627 0.310039,
4.950787 7.903622 0.310039, 5.088297 7.87627 0.310039,
5.204873 7.798377 0.310039, 5.282766 7.681801 0.310039,
5.472231 1.524527 0.310039, 5.438678 1.546947 0.310039,
5.416258 1.580501 0.310039, 5.408385 1.62008 0.310039,
5.416258 1.659659 0.310039, 5.438678 1.693213 0.310039,
5.472231 1.715632 0.310039, 5.51181 1.723505 0.310039,
5.551389 1.715632 0.310039, 5.584943 1.693213 0.310039,
5.607363 1.659659 0.310039, 5.615235 1.62008 0.310039,
5.607363 1.580501 0.310039, 5.584943 1.546947 0.310039,
5.551389 1.524527 0.310039, 5.51181 1.516655 0.310039,
5.461693 -0.269685 0.310039, 5.45382 -0.309264 0.310039,
5.4314 -0.342817 0.310039, 5.397847 -0.365237 0.310039,
5.358268 -0.37311 0.310039, 5.318689 -0.365237 0.310039,
5.285135 -0.342817 0.310039, 5.262715 -0.309264 0.310039,
5.254843 -0.269685 0.310039, 5.262715 -0.230106 0.310039,
5.285135 -0.196552 0.310039, 5.318689 -0.174132 0.310039,
5.358268 -0.166259 0.310039, 5.397847 -0.174132 0.310039,
5.4314 -0.196552 0.310039, 5.45382 -0.230106 0.310039,
5.461693 1.147638 0.310039, 5.45382 1.108059 0.310039,
5.4314 1.074505 0.310039, 5.397846 1.052085 0.310039,
5.358267 1.044213 0.310039, 5.318688 1.052085 0.310039,
5.285135 1.074505 0.310039, 5.262715 1.108059 0.310039,
5.254842 1.147638 0.310039, 5.262715 1.187217 0.310039,
5.285135 1.22077 0.310039, 5.318688 1.24319 0.310039,
5.358267 1.251063 0.310039, 5.397846 1.24319 0.310039,
5.4314 1.22077 0.310039, 5.45382 1.187217 0.310039,
3.794213 -0.742127 0.310039, 3.802086 -0.702548 0.310039,
3.824506 -0.668994 0.310039, 3.858059 -0.646574 0.310039,
3.897639 -0.638702 0.310039, 3.937218 -0.646574 0.310039,
3.970771 -0.668994 0.310039, 3.993191 -0.702548 0.310039,
4.001064 -0.742127 0.310039, 3.993191 -0.781706 0.310039,
3.970771 -0.815259 0.310039, 3.937218 -0.837679 0.310039,
3.897639 -0.845552 0.310039, 3.858059 -0.837679 0.310039,
3.824506 -0.815259 0.310039, 3.802086 -0.781706 0.310039,
4.001064 -1.265748 0.310039, 3.993191 -1.305328 0.310039,
3.970771 -1.338881 0.310039, 3.937218 -1.361301 0.310039,
3.897639 -1.369174 0.310039, 3.858059 -1.361301 0.310039,
3.824506 -1.338881 0.310039, 3.802086 -1.305328 0.310039,
3.794213 -1.265748 0.310039, 3.802086 -1.226169 0.310039,
3.824506 -1.192616 0.310039, 3.858059 -1.170196 0.310039,
3.897639 -1.162323 0.310039, 3.937218 -1.170196 0.310039,
3.970771 -1.192616 0.310039, 3.993191 -1.226169 0.310039,
3.794213 -1.793307 0.310039, 3.802085 -1.753728 0.310039,
3.824505 -1.720174 0.310039, 3.858059 -1.697754 0.310039,
3.897638 -1.689881 0.310039, 3.937217 -1.697754 0.310039,
3.97077 -1.720174 0.310039, 3.99319 -1.753728 0.310039,
4.001063 -1.793307 0.310039, 3.99319 -1.832886 0.310039,
3.97077 -1.866439 0.310039, 3.937217 -1.888859 0.310039,
3.897638 -1.896732 0.310039, 3.858059 -1.888859 0.310039,
3.824505 -1.866439 0.310039, 3.802085 -1.832886 0.310039,
3.937216 -2.412481 0.310039, 3.897637 -2.420354 0.310039,
3.858058 -2.412481 0.310039, 3.824504 -2.390061 0.310039,
3.802085 -2.356507 0.310039, 3.794212 -2.316928 0.310039,
3.802085 -2.277349 0.310039, 3.824504 -2.243796 0.310039,
3.858058 -2.221376 0.310039, 3.897637 -2.213503 0.310039,
3.937216 -2.221376 0.310039, 3.97077 -2.243796 0.310039,
3.993189 -2.277349 0.310039, 4.001062 -2.316928 0.310039,
3.993189 -2.356507 0.310039, 3.97077 -2.390061 0.310039,
4.154607 -2.789369 0.310039, 4.146735 -2.828948 0.310039,
4.124315 -2.862501 0.310039, 4.090761 -2.884921 0.310039,
4.051182 -2.892794 0.310039, 4.011603 -2.884921 0.310039,
3.97805 -2.862501 0.310039, 3.95563 -2.828948 0.310039,
3.947757 -2.789369 0.310039, 3.95563 -2.749789 0.310039,
3.97805 -2.716236 0.310039, 4.011603 -2.693816 0.310039,
4.051182 -2.685943 0.310039, 4.090761 -2.693816 0.310039,
4.124315 -2.716236 0.310039, 4.146735 -2.749789 0.310039,
4.154607 -0.269685 0.310039, 4.146734 -0.309264 0.310039,
4.124315 -0.342818 0.310039, 4.090761 -0.365237 0.310039,
4.051182 -0.37311 0.310039, 4.011603 -0.365237 0.310039,
3.978049 -0.342818 0.310039, 3.955629 -0.309264 0.310039,
3.947757 -0.269685 0.310039, 3.955629 -0.230106 0.310039,
3.978049 -0.196552 0.310039, 4.011603 -0.174133 0.310039,
4.051182 -0.16626 0.310039, 4.090761 -0.174133 0.310039,
4.124315 -0.196552 0.310039, 4.146734 -0.230106 0.310039,
4.154606 3.667322 0.310039, 4.146734 3.627743 0.310039,
4.124314 3.59419 0.310039, 4.09076 3.57177 0.310039,
4.051181 3.563897 0.310039, 4.011602 3.57177 0.310039,
3.978048 3.59419 0.310039, 3.955629 3.627743 0.310039,
3.947756 3.667322 0.310039, 3.955629 3.706902 0.310039,
3.978048 3.740455 0.310039, 4.011602 3.762875 0.310039,
4.051181 3.770748 0.310039, 4.09076 3.762875 0.310039,
4.124314 3.740455 0.310039, 4.146734 3.706902 0.310039,
4.154606 1.147638 0.310039, 4.146734 1.108059 0.310039,
4.124314 1.074506 0.310039, 4.09076 1.052086 0.310039,
4.051181 1.044213 0.310039, 4.011602 1.052086 0.310039,
3.978048 1.074506 0.310039, 3.955629 1.108059 0.310039,
3.947756 1.147638 0.310039, 3.955629 1.187217 0.310039,
3.978048 1.220771 0.310039, 4.011602 1.243191 0.310039,
4.051181 1.251063 0.310039, 4.09076 1.243191 0.310039,
4.124314 1.220771 0.310039, 4.146734 1.187217 0.310039,
4.001063 1.62008 0.310039, 3.99319 1.580501 0.310039,
3.97077 1.546948 0.310039, 3.937217 1.524528 0.310039,
3.897638 1.516655 0.310039, 3.858059 1.524528 0.310039,
3.824505 1.546948 0.310039, 3.802085 1.580501 0.310039,
3.794213 1.62008 0.310039, 3.802085 1.659659 0.310039,
3.824505 1.693213 0.310039, 3.858059 1.715633 0.310039,
3.897638 1.723506 0.310039, 3.937217 1.715633 0.310039,
3.97077 1.693213 0.310039, 3.99319 1.659659 0.310039,
3.794213 3.194883 0.310039, 3.802086 3.234462 0.310039,
3.824506 3.268015 0.310039, 3.858059 3.290435 0.310039,
3.897639 3.298308 0.310039, 3.937218 3.290435 0.310039,
3.970771 3.268015 0.310039, 3.993191 3.234462 0.310039,
4.001064 3.194883 0.310039, 3.993191 3.155304 0.310039,
3.970771 3.12175 0.310039, 3.937218 3.09933 0.310039,
3.897639 3.091457 0.310039, 3.858059 3.09933 0.310039,
3.824506 3.12175 0.310039, 3.802086 3.155304 0.310039,
3.794213 2.67126 0.310039, 3.802085 2.710839 0.310039,
3.824505 2.744393 0.310039, 3.858059 2.766813 0.310039,
3.897638 2.774685 0.310039, 3.937217 2.766813 0.310039,
3.97077 2.744393 0.310039, 3.99319 2.710839 0.310039,
4.001063 2.67126 0.310039, 3.99319 2.631681 0.310039,
3.97077 2.598128 0.310039, 3.937217 2.575708 0.310039,
3.897638 2.567835 0.310039, 3.858059 2.575708 0.310039,
3.824505 2.598128 0.310039, 3.802085 2.631681 0.310039,
-0.723504 7.544291 0.310039, -0.696152 7.681801 0.310039,
-0.618258 7.798377 0.310039, -0.501683 7.87627 0.310039,
-0.364173 7.903622 0.310039, -0.226663 7.87627 0.310039,
-0.110088 7.798377 0.310039, -0.032195 7.681801 0.310039,
-0.004843 7.544291 0.310039, -0.032195 7.406781 0.310039,
-0.110088 7.290206 0.310039, -0.226663 7.212313 0.310039,
-0.364173 7.184961 0.310039, -0.501683 7.212313 0.310039,
-0.618258 7.290206 0.310039, -0.696152 7.406781 0.310039,
-0.755207 -7.411702 0.310039, -0.677314 -7.295126 0.310039,
-0.560739 -7.217233 0.310039, -0.423229 -7.189881 0.310039,
-0.285719 -7.217233 0.310039, -0.169144 -7.295126 0.310039,
-0.09125 -7.411702 0.310039, -0.063898 -7.549211 0.310039,
-0.09125 -7.686721 0.310039, -0.169144 -7.803297 0.310039,
-0.285719 -7.88119 0.310039, -0.423229 -7.908542 0.310039,
-0.560739 -7.88119 0.310039, -0.677314 -7.803297 0.310039,
-0.755207 -7.686721 0.310039, -0.782559 -7.549211 0.310039,
0.339488 5.182087 0.310039, 0.380327 5.387395 0.310039,
0.496624 5.561447 0.310039, 0.670676 5.677744 0.310039,
0.875984 5.718583 0.310039, 1.081292 5.677744 0.310039,
1.255344 5.561447 0.310039, 1.371642 5.387395 0.310039,
1.41248 5.182087 0.310039, 1.371642 4.976778 0.310039,
1.255344 4.802727 0.310039, 1.081292 4.686429 0.310039,
0.875984 4.645591 0.310039, 0.670676 4.686429 0.310039,
0.496624 4.802727 0.310039, 0.380327 4.976778 0.310039,
0.321271 -4.981699 0.310039, 0.437569 -4.807647 0.310039,
0.611621 -4.691349 0.310039, 0.816929 -4.650511 0.310039,
1.022237 -4.691349 0.310039, 1.196289 -4.807647 0.310039,
1.312586 -4.981699 0.310039, 1.353425 -5.187007 0.310039,
1.312586 -5.392315 0.310039, 1.196289 -5.566367 0.310039,
1.022237 -5.682664 0.310039, 0.816929 -5.723503 0.310039,
0.611621 -5.682664 0.310039, 0.437569 -5.566367 0.310039,
0.321271 -5.392315 0.310039, 0.280433 -5.187007 0.310039,
3.174134 5.182087 0.310039, 3.214972 5.387395 0.310039,
3.33127 5.561447 0.310039, 3.505322 5.677744 0.310039,
3.71063 5.718583 0.310039, 3.915938 5.677744 0.310039,
4.08999 5.561447 0.310039, 4.206288 5.387395 0.310039,
4.247126 5.182087 0.310039, 4.206288 4.976778 0.310039,
4.08999 4.802727 0.310039, 3.915938 4.686429 0.310039,
3.71063 4.645591 0.310039, 3.505322 4.686429 0.310039,
3.33127 4.802727 0.310039, 3.214972 4.976778 0.310039,
3.155917 -4.981699 0.310039, 3.272214 -4.807647 0.310039,
3.446266 -4.691349 0.310039, 3.651574 -4.650511 0.310039,
3.856883 -4.691349 0.310039, 4.030934 -4.807647 0.310039,
4.147232 -4.981699 0.310039, 4.18807 -5.187007 0.310039,
4.147232 -5.392315 0.310039, 4.030934 -5.566367 0.310039,
3.856883 -5.682664 0.310039, 3.651574 -5.723503 0.310039,
3.446266 -5.682664 0.310039, 3.272214 -5.566367 0.310039,
3.155917 -5.392315 0.310039, 3.115078 -5.187007 0.310039,
-4.581772 -7.234252 0.310039, -4.558915 -7.119341 0.310039,
-4.493823 -7.021925 0.310039, -4.396407 -6.956833 0.310039,
-4.281496 -6.933976 0.310039, -4.166586 -6.956833 0.310039,
-4.069169 -7.021925 0.310039, -4.004078 -7.119341 0.310039,
-3.98122 -7.234252 0.310039, -4.004078 -7.349162 0.310039,
-4.069169 -7.446579 0.310039, -4.166586 -7.51167 0.310039,
-4.281496 -7.534528 0.310039, -4.396407 -7.51167 0.310039,
-4.493823 -7.446579 0.310039, -4.558915 -7.349162 0.310039,
3.794211 2.143701 0.310039, 3.802083 2.18328 0.310039,
3.824503 2.216834 0.310039, 3.858057 2.239254 0.310039,
3.897636 2.247126 0.310039, 3.937215 2.239254 0.310039,
3.970768 2.216834 0.310039, 3.993188 2.18328 0.310039,
4.001061 2.143701 0.310039, 3.993188 2.104122 0.310039,
3.970768 2.070569 0.310039, 3.937215 2.048149 0.310039,
3.897636 2.040276 0.310039, 3.858057 2.048149 0.310039,
3.824503 2.070569 0.310039, 3.802083 2.104122 0.310039,
4.849331 -3.084644 -0.310039, 4.857203 -3.045065 -0.310039,
4.879623 -3.011512 -0.310039, 4.913177 -2.989092 -0.310039,
4.952756 -2.981219 -0.310039, 4.992335 -2.989092 -0.310039,
5.025889 -3.011512 -0.310039, 5.048308 -3.045065 -0.310039,
5.056181 -3.084644 -0.310039, 5.048308 -3.124224 -0.310039,
5.025889 -3.157777 -0.310039, 4.992335 -3.180197 -0.310039,
4.952756 -3.18807 -0.310039, 4.913177 -3.180197 -0.310039,
4.879623 -3.157777 -0.310039, 4.857203 -3.124224 -0.310039,
4.84933 0.025589 -0.310039, 4.857203 0.065168 -0.310039,
4.879623 0.098722 -0.310039, 4.913176 0.121142 -0.310039,
4.952756 0.129015 -0.310039, 4.992335 0.121142 -0.310039,
5.025888 0.098722 -0.310039, 5.048308 0.065168 -0.310039,
5.056181 0.025589 -0.310039, 5.048308 -0.01399 -0.310039,
5.025888 -0.047543 -0.310039, 4.992335 -0.069963 -0.310039,
4.952756 -0.077836 -0.310039, 4.913176 -0.069963 -0.310039,
4.879623 -0.047543 -0.310039, 4.857203 -0.01399 -0.310039,
4.849331 3.962598 -0.310039, 4.857203 4.002177 -0.310039,
4.879623 4.035731 -0.310039, 4.913177 4.05815 -0.310039,
4.952756 4.066023 -0.310039, 4.992335 4.05815 -0.310039,
5.025889 4.035731 -0.310039, 5.048308 4.002177 -0.310039,
5.056181 3.962598 -0.310039, 5.048308 3.923019 -0.310039,
5.025889 3.889465 -0.310039, 4.992335 3.867046 -0.310039,
4.952756 3.859173 -0.310039, 4.913177 3.867046 -0.310039,
4.879623 3.889465 -0.310039, 4.857203 3.923019 -0.310039,
-2.307992 -3.100394 -0.310039, -2.330849 -3.215304 -0.310039,
-2.395941 -3.312721 -0.310039, -2.493357 -3.377812 -0.310039,
-2.608268 -3.400669 -0.310039, -2.723178 -3.377812 -0.310039,
-2.820595 -3.312721 -0.310039, -2.885686 -3.215304 -0.310039,
-2.908543 -3.100394 -0.310039, -2.885686 -2.985483 -0.310039,
-2.820595 -2.888067 -0.310039, -2.723178 -2.822975 -0.310039,
-2.608268 -2.800118 -0.310039, -2.493357 -2.822975 -0.310039,
-2.395941 -2.888067 -0.310039, -2.330849 -2.985483 -0.310039,
-2.307992 -5.068898 -0.310039, -2.330849 -5.183808 -0.310039,
-2.395941 -5.281225 -0.310039, -2.493357 -5.346316 -0.310039,
-2.608268 -5.369173 -0.310039, -2.723178 -5.346316 -0.310039,
-2.820595 -5.281225 -0.310039, -2.885686 -5.183808 -0.310039,
-2.908543 -5.068898 -0.310039, -2.885686 -4.953987 -0.310039,
-2.820595 -4.856571 -0.310039, -2.723178 -4.791479 -0.310039,
-2.608268 -4.768622 -0.310039, -2.493357 -4.791479 -0.310039,
-2.395941 -4.856571 -0.310039, -2.330849 -4.953987 -0.310039,
-3.919291 4.643275 -0.310039, -4.043691 4.651102 -0.310039,
-4.166129 4.674458 -0.310039, -4.284674 4.712976 -0.310039,
-4.397457 4.766047 -0.310039, -4.502698 4.832836 -0.310039,
-4.59874 4.912288 -0.310039, -4.684065 5.00315 -0.310039,
-4.75733 5.103991 -0.310039, -4.817379 5.213219 -0.310039,
-4.863264 5.329111 -0.310039, -4.894262 5.449841 -0.310039,
-4.909884 5.573504 -0.310039, -4.909884 5.69815 -0.310039,
-4.894262 5.821812 -0.310039, -4.863264 5.942542 -0.310039,
-4.817379 6.058435 -0.310039, -4.75733 6.167663 -0.310039,
-4.684065 6.268503 -0.310039, -4.59874 6.359366 -0.310039,
-4.502698 6.438818 -0.310039, -4.397457 6.505606 -0.310039,
-4.284674 6.558678 -0.310039, -4.166129 6.597196 -0.310039,
-4.043691 6.620552 -0.310039, -3.919291 6.628378 -0.310039,
-3.794892 6.620552 -0.310039, -3.672454 6.597196 -0.310039,
-3.553909 6.558678 -0.310039, -3.441126 6.505606 -0.310039,
-3.335884 6.438818 -0.310039, -3.239843 6.359366 -0.310039,
-3.154517 6.268503 -0.310039, -3.081252 6.167663 -0.310039,
-3.021204 6.058435 -0.310039, -2.975319 5.942542 -0.310039,
-2.94432 5.821812 -0.310039, -2.928698 5.69815 -0.310039,
-2.92772 5.635827 -0.310039, -2.928698 5.573504 -0.310039,
-2.94432 5.449841 -0.310039, -2.975319 5.329111 -0.310039,
-3.021204 5.213219 -0.310039, -3.081252 5.103991 -0.310039,
-3.154517 5.00315 -0.310039, -3.239843 4.912288 -0.310039,
-3.335884 4.832836 -0.310039, -3.441126 4.766047 -0.310039,
-3.553909 4.712976 -0.310039, -3.672454 4.674458 -0.310039,
-3.794892 4.651102 -0.310039, -3.98122 -5.068898 -0.310039,
-4.004078 -5.183808 -0.310039, -4.069169 -5.281225 -0.310039,
-4.166586 -5.346316 -0.310039, -4.281496 -5.369173 -0.310039,
-4.396407 -5.346316 -0.310039, -4.493823 -5.281225 -0.310039,
-4.558915 -5.183808 -0.310039, -4.581772 -5.068898 -0.310039,
-4.558915 -4.953987 -0.310039, -4.493823 -4.856571 -0.310039,
-4.396407 -4.791479 -0.310039, -4.281496 -4.768622 -0.310039,
-4.166586 -4.791479 -0.310039, -4.069169 -4.856571 -0.310039,
-4.004078 -4.953987 -0.310039, -4.680197 -3.100394 -0.310039,
-4.65734 -2.985483 -0.310039, -4.592248 -2.888067 -0.310039,
-4.494832 -2.822975 -0.310039, -4.379921 -2.800118 -0.310039,
-4.265011 -2.822975 -0.310039, -4.167594 -2.888067 -0.310039,
-4.102503 -2.985483 -0.310039, -4.079646 -3.100394 -0.310039,
-4.102503 -3.215304 -0.310039, -4.167594 -3.312721 -0.310039,
-4.265011 -3.377812 -0.310039, -4.379921 -3.400669 -0.310039,
-4.494832 -3.377812 -0.310039, -4.592248 -3.312721 -0.310039,
-4.65734 -3.215304 -0.310039, -2.908543 -7.234252 -0.310039,
-2.885686 -7.119341 -0.310039, -2.820595 -7.021925 -0.310039,
-2.723178 -6.956833 -0.310039, -2.608268 -6.933976 -0.310039,
-2.493357 -6.956833 -0.310039, -2.395941 -7.021925 -0.310039,
-2.330849 -7.119341 -0.310039, -2.307992 -7.234252 -0.310039,
-2.330849 -7.349162 -0.310039, -2.395941 -7.446579 -0.310039,
-2.493357 -7.51167 -0.310039, -2.608268 -7.534528 -0.310039,
-2.723178 -7.51167 -0.310039, -2.820595 -7.446579 -0.310039,
-2.885686 -7.349162 -0.310039, -3.557991 0.438976 -0.310039,
-3.570359 0.376797 -0.310039, -3.605581 0.324085 -0.310039,
-3.658293 0.288863 -0.310039, -3.720472 0.276495 -0.310039,
-3.78265 0.288863 -0.310039, -3.835363 0.324085 -0.310039,
-3.870584 0.376797 -0.310039, -3.882952 0.438976 -0.310039,
-3.870584 0.501154 -0.310039, -3.835363 0.553867 -0.310039,
-3.78265 0.589088 -0.310039, -3.720472 0.601456 -0.310039,
-3.658293 0.589088 -0.310039, -3.605581 0.553867 -0.310039,
-3.570359 0.501154 -0.310039, -3.882953 1.190945 -0.310039,
-3.870585 1.253124 -0.310039, -3.835363 1.305836 -0.310039,
-3.782651 1.341058 -0.310039, -3.720472 1.353426 -0.310039,
-3.658294 1.341058 -0.310039, -3.605582 1.305836 -0.310039,
-3.57036 1.253124 -0.310039, -3.557992 1.190945 -0.310039,
-3.57036 1.128767 -0.310039, -3.605582 1.076054 -0.310039,
-3.658294 1.040833 -0.310039, -3.720472 1.028465 -0.310039,
-3.782651 1.040833 -0.310039, -3.835363 1.076054 -0.310039,
-3.870585 1.128767 -0.310039, -3.882953 -0.312992 -0.310039,
-3.870585 -0.250813 -0.310039, -3.835363 -0.198101 -0.310039,
-3.782651 -0.162879 -0.310039, -3.720472 -0.150511 -0.310039,
-3.658294 -0.162879 -0.310039, -3.605582 -0.198101 -0.310039,
-3.57036 -0.250813 -0.310039, -3.557992 -0.312992 -0.310039,
-3.57036 -0.37517 -0.310039, -3.605582 -0.427883 -0.310039,
-3.658294 -0.463104 -0.310039, -3.720472 -0.475472 -0.310039,
-3.782651 -0.463104 -0.310039, -3.835363 -0.427883 -0.310039,
-3.870585 -0.37517 -0.310039, -6.25 8.218504 -0.310039,
-6.25 -8.218504 -0.310039, 6.25 -8.218504 -0.310039,
6.25 8.218504 -0.310039, 5.408386 -1.793307 -0.310039,
5.416259 -1.753728 -0.310039, 5.438678 -1.720174 -0.310039,
5.472232 -1.697754 -0.310039, 5.511811 -1.689881 -0.310039,
5.55139 -1.697754 -0.310039, 5.584944 -1.720174 -0.310039,
5.607363 -1.753728 -0.310039, 5.615236 -1.793307 -0.310039,
5.607363 -1.832886 -0.310039, 5.584944 -1.866439 -0.310039,
5.55139 -1.888859 -0.310039, 5.511811 -1.896732 -0.310039,
5.472232 -1.888859 -0.310039, 5.438678 -1.866439 -0.310039,
5.416259 -1.832886 -0.310039, 5.472232 -2.41248 -0.310039,
5.438678 -2.390061 -0.310039, 5.416259 -2.356507 -0.310039,
5.408386 -2.316928 -0.310039, 5.416259 -2.277349 -0.310039,
5.438678 -2.243795 -0.310039, 5.472232 -2.221376 -0.310039,
5.511811 -2.213503 -0.310039, 5.55139 -2.221376 -0.310039,
5.584944 -2.243795 -0.310039, 5.607363 -2.277349 -0.310039,
5.615236 -2.316928 -0.310039, 5.607363 -2.356507 -0.310039,
5.584944 -2.390061 -0.310039, 5.55139 -2.41248 -0.310039,
5.511811 -2.420353 -0.310039, 5.408385 -1.265747 -0.310039,
5.416258 -1.226168 -0.310039, 5.438678 -1.192614 -0.310039,
5.472231 -1.170194 -0.310039, 5.51181 -1.162322 -0.310039,
5.551389 -1.170194 -0.310039, 5.584943 -1.192614 -0.310039,
5.607363 -1.226168 -0.310039, 5.615235 -1.265747 -0.310039,
5.607363 -1.305326 -0.310039, 5.584943 -1.33888 -0.310039,
5.551389 -1.361299 -0.310039, 5.51181 -1.369172 -0.310039,
5.472231 -1.361299 -0.310039, 5.438678 -1.33888 -0.310039,
5.416258 -1.305326 -0.310039, 5.254843 -2.789369 -0.310039,
5.262716 -2.749789 -0.310039, 5.285135 -2.716236 -0.310039,
5.318689 -2.693816 -0.310039, 5.358268 -2.685943 -0.310039,
5.397847 -2.693816 -0.310039, 5.431401 -2.716236 -0.310039,
5.453821 -2.749789 -0.310039, 5.461693 -2.789369 -0.310039,
5.453821 -2.828948 -0.310039, 5.431401 -2.862501 -0.310039,
5.397847 -2.884921 -0.310039, 5.358268 -2.892794 -0.310039,
5.318689 -2.884921 -0.310039, 5.285135 -2.862501 -0.310039,
5.262716 -2.828948 -0.310039, 5.345387 -4.826567 -0.310039,
5.250522 -4.802543 -0.310039, 5.160904 -4.763233 -0.310039,
5.078979 -4.709709 -0.310039, 5.006981 -4.64343 -0.310039,
4.946874 -4.566205 -0.310039, 4.900298 -4.480139 -0.310039,
4.868522 -4.387581 -0.310039, 4.852415 -4.291056 -0.310039,
4.852415 -4.193196 -0.310039, 4.868522 -4.09667 -0.310039,
4.900298 -4.004113 -0.310039, 4.946874 -3.918047 -0.310039,
5.006981 -3.840822 -0.310039, 5.078979 -3.774543 -0.310039,
5.160904 -3.721019 -0.310039, 5.250522 -3.681709 -0.310039,
5.345387 -3.657685 -0.310039, 5.442913 -3.649604 -0.310039,
5.540439 -3.657685 -0.310039, 5.635305 -3.681709 -0.310039,
5.724922 -3.721019 -0.310039, 5.806848 -3.774543 -0.310039,
5.878846 -3.840822 -0.310039, 5.938953 -3.918047 -0.310039,
5.985529 -4.004113 -0.310039, 6.017304 -4.09667 -0.310039,
6.033411 -4.193196 -0.310039, 6.034422 -4.242126 -0.310039,
6.033411 -4.291056 -0.310039, 6.017304 -4.387581 -0.310039,
5.985529 -4.480139 -0.310039, 5.938953 -4.566205 -0.310039,
5.878846 -4.64343 -0.310039, 5.806848 -4.709709 -0.310039,
5.724922 -4.763233 -0.310039, 5.635305 -4.802543 -0.310039,
5.540439 -4.826567 -0.310039, 5.442913 -4.834648 -0.310039,
4.529826 -3.157778 -0.310039, 4.496272 -3.180198 -0.310039,
4.456693 -3.18807 -0.310039, 4.417114 -3.180198 -0.310039,
4.38356 -3.157778 -0.310039, 4.36114 -3.124224 -0.310039,
4.353268 -3.084645 -0.310039, 4.36114 -3.045066 -0.310039,
4.38356 -3.011513 -0.310039, 4.417114 -2.989093 -0.310039,
4.456693 -2.98122 -0.310039, 4.496272 -2.989093 -0.310039,
4.529826 -3.011513 -0.310039, 4.552245 -3.045066 -0.310039,
4.560118 -3.084645 -0.310039, 4.552245 -3.124224 -0.310039,
4.532402 -7.549213 -0.310039, 4.559754 -7.411703 -0.310039,
4.637647 -7.295127 -0.310039, 4.754222 -7.217234 -0.310039,
4.891732 -7.189882 -0.310039, 5.029242 -7.217234 -0.310039,
5.145817 -7.295127 -0.310039, 5.223711 -7.411703 -0.310039,
5.251063 -7.549213 -0.310039, 5.223711 -7.686723 -0.310039,
5.145817 -7.803298 -0.310039, 5.029242 -7.881191 -0.310039,
4.891732 -7.908543 -0.310039, 4.754222 -7.881191 -0.310039,
4.637647 -7.803298 -0.310039, 4.559754 -7.686723 -0.310039,
4.353267 3.962598 -0.310039, 4.361139 4.002177 -0.310039,
4.383559 4.035731 -0.310039, 4.417113 4.05815 -0.310039,
4.456692 4.066023 -0.310039, 4.496271 4.05815 -0.310039,
4.529824 4.035731 -0.310039, 4.552244 4.002177 -0.310039,
4.560117 3.962598 -0.310039, 4.552244 3.923019 -0.310039,
4.529824 3.889465 -0.310039, 4.496271 3.867046 -0.310039,
4.456692 3.859173 -0.310039, 4.417113 3.867046 -0.310039,
4.383559 3.889465 -0.310039, 4.361139 3.923019 -0.310039,
5.077031 -0.606616 -0.310039, 5.100925 -0.742125 -0.310039,
5.100925 -2.316928 -0.310039, 5.077031 -2.452437 -0.310039,
5.008232 -2.571601 -0.310039, 4.902825 -2.660048 -0.310039,
4.773524 -2.70711 -0.310039, 4.635925 -2.70711 -0.310039,
4.506624 -2.660048 -0.310039, 4.401217 -2.571601 -0.310039,
4.332417 -2.452437 -0.310039, 4.308524 -2.316928 -0.310039,
4.308524 -0.742125 -0.310039, 4.332417 -0.606616 -0.310039,
4.401217 -0.487452 -0.310039, 4.506624 -0.399005 -0.310039,
4.635925 -0.351943 -0.310039, 4.773524 -0.351943 -0.310039,
4.902825 -0.399005 -0.310039, 5.008232 -0.487452 -0.310039,
5.056181 0.852361 -0.310039, 5.048309 0.812782 -0.310039,
5.025889 0.779228 -0.310039, 4.992335 0.756809 -0.310039,
4.952756 0.748936 -0.310039, 4.913177 0.756809 -0.310039,
4.879624 0.779228 -0.310039, 4.857204 0.812782 -0.310039,
4.849331 0.852361 -0.310039, 4.857204 0.89194 -0.310039,
4.879624 0.925494 -0.310039, 4.913177 0.947913 -0.310039,
4.952756 0.955786 -0.310039, 4.992335 0.947913 -0.310039,
5.025889 0.925494 -0.310039, 5.048309 0.89194 -0.310039,
4.56012 0.02559 -0.310039, 4.552247 -0.013989 -0.310039,
4.529827 -0.047543 -0.310039, 4.496274 -0.069963 -0.310039,
4.456694 -0.077835 -0.310039, 4.417115 -0.069963 -0.310039,
4.383562 -0.047543 -0.310039, 4.361142 -0.013989 -0.310039,
4.353269 0.02559 -0.310039, 4.361142 0.065169 -0.310039,
4.383562 0.098722 -0.310039, 4.417115 0.121142 -0.310039,
4.456694 0.129015 -0.310039, 4.496274 0.121142 -0.310039,
4.529827 0.098722 -0.310039, 4.552247 0.065169 -0.310039,
4.332417 1.48457 -0.310039, 4.308524 1.620079 -0.310039,
4.308524 3.194882 -0.310039, 4.332417 3.330391 -0.310039,
4.401217 3.449555 -0.310039, 4.506624 3.538002 -0.310039,
4.635925 3.585064 -0.310039, 4.773524 3.585064 -0.310039,
4.902825 3.538002 -0.310039, 5.008232 3.449555 -0.310039,
5.077031 3.330391 -0.310039, 5.100925 3.194882 -0.310039,
5.100925 1.620079 -0.310039, 5.077031 1.48457 -0.310039,
5.008232 1.365406 -0.310039, 4.902825 1.276959 -0.310039,
4.773524 1.229898 -0.310039, 4.635925 1.229898 -0.310039,
4.506624 1.276959 -0.310039, 4.401217 1.365406 -0.310039,
4.353269 0.852363 -0.310039, 4.361141 0.891942 -0.310039,
4.383561 0.925495 -0.310039, 4.417115 0.947915 -0.310039,
4.456694 0.955788 -0.310039, 4.496273 0.947915 -0.310039,
4.529826 0.925495 -0.310039, 4.552246 0.891942 -0.310039,
4.560119 0.852363 -0.310039, 4.552246 0.812783 -0.310039,
4.529826 0.77923 -0.310039, 4.496273 0.75681 -0.310039,
4.456694 0.748937 -0.310039, 4.417115 0.75681 -0.310039,
4.383561 0.77923 -0.310039, 4.361141 0.812783 -0.310039,
5.615237 -0.742124 -0.310039, 5.607364 -0.781704 -0.310039,
5.584944 -0.815257 -0.310039, 5.551391 -0.837677 -0.310039,
5.511811 -0.84555 -0.310039, 5.472232 -0.837677 -0.310039,
5.438679 -0.815257 -0.310039, 5.416259 -0.781704 -0.310039,
5.408386 -0.742124 -0.310039, 5.416259 -0.702545 -0.310039,
5.438679 -0.668992 -0.310039, 5.472232 -0.646572 -0.310039,
5.511811 -0.638699 -0.310039, 5.551391 -0.646572 -0.310039,
5.584944 -0.668992 -0.310039, 5.607364 -0.702545 -0.310039,
5.408386 3.194883 -0.310039, 5.416259 3.234462 -0.310039,
5.438678 3.268015 -0.310039, 5.472232 3.290435 -0.310039,
5.511811 3.298308 -0.310039, 5.55139 3.290435 -0.310039,
5.584944 3.268015 -0.310039, 5.607363 3.234462 -0.310039,
5.615236 3.194883 -0.310039, 5.607363 3.155304 -0.310039,
5.584944 3.12175 -0.310039, 5.55139 3.09933 -0.310039,
5.511811 3.091457 -0.310039, 5.472232 3.09933 -0.310039,
5.438678 3.12175 -0.310039, 5.416259 3.155304 -0.310039,
5.408386 2.671263 -0.310039, 5.416259 2.710842 -0.310039,
5.438678 2.744395 -0.310039, 5.472232 2.766815 -0.310039,
5.511811 2.774688 -0.310039, 5.55139 2.766815 -0.310039,
5.584944 2.744395 -0.310039, 5.607363 2.710842 -0.310039,
5.615236 2.671263 -0.310039, 5.607363 2.631683 -0.310039,
5.584944 2.59813 -0.310039, 5.55139 2.57571 -0.310039,
5.511811 2.567837 -0.310039, 5.472232 2.57571 -0.310039,
5.438678 2.59813 -0.310039, 5.416259 2.631683 -0.310039,
5.408386 2.143701 -0.310039, 5.416259 2.18328 -0.310039,
5.438678 2.216834 -0.310039, 5.472232 2.239254 -0.310039,
5.511811 2.247126 -0.310039, 5.55139 2.239254 -0.310039,
5.584944 2.216834 -0.310039, 5.607363 2.18328 -0.310039,
5.615236 2.143701 -0.310039, 5.607363 2.104122 -0.310039,
5.584944 2.070569 -0.310039, 5.55139 2.048149 -0.310039,
5.511811 2.040276 -0.310039, 5.472232 2.048149 -0.310039,
5.438678 2.070569 -0.310039, 5.416259 2.104122 -0.310039,
5.318689 3.762876 -0.310039, 5.358268 3.770748 -0.310039,
5.397847 3.762876 -0.310039, 5.4314 3.740456 -0.310039,
5.45382 3.706902 -0.310039, 5.461693 3.667323 -0.310039,
5.45382 3.627744 -0.310039, 5.4314 3.594191 -0.310039,
5.397847 3.571771 -0.310039, 5.358268 3.563898 -0.310039,
5.318689 3.571771 -0.310039, 5.285135 3.594191 -0.310039,
5.262715 3.627744 -0.310039, 5.254843 3.667323 -0.310039,
5.262715 3.706902 -0.310039, 5.285135 3.740456 -0.310039,
5.310118 7.544291 -0.310039, 5.282766 7.406781 -0.310039,
5.204873 7.290206 -0.310039, 5.088297 7.212313 -0.310039,
4.950787 7.184961 -0.310039, 4.813277 7.212313 -0.310039,
4.696702 7.290206 -0.310039, 4.618809 7.406781 -0.310039,
4.591457 7.544291 -0.310039, 4.618809 7.681801 -0.310039,
4.696702 7.798377 -0.310039, 4.813277 7.87627 -0.310039,
4.950787 7.903622 -0.310039, 5.088297 7.87627 -0.310039,
5.204873 7.798377 -0.310039, 5.282766 7.681801 -0.310039,
5.472231 1.524527 -0.310039, 5.438678 1.546947 -0.310039,
5.416258 1.580501 -0.310039, 5.408385 1.62008 -0.310039,
5.416258 1.659659 -0.310039, 5.438678 1.693213 -0.310039,
5.472231 1.715632 -0.310039, 5.51181 1.723505 -0.310039,
5.551389 1.715632 -0.310039, 5.584943 1.693213 -0.310039,
5.607363 1.659659 -0.310039, 5.615235 1.62008 -0.310039,
5.607363 1.580501 -0.310039, 5.584943 1.546947 -0.310039,
5.551389 1.524527 -0.310039, 5.51181 1.516655 -0.310039,
5.461693 -0.269685 -0.310039, 5.45382 -0.309264 -0.310039,
5.4314 -0.342817 -0.310039, 5.397847 -0.365237 -0.310039,
5.358268 -0.37311 -0.310039, 5.318689 -0.365237 -0.310039,
5.285135 -0.342817 -0.310039, 5.262715 -0.309264 -0.310039,
5.254843 -0.269685 -0.310039, 5.262715 -0.230106 -0.310039,
5.285135 -0.196552 -0.310039, 5.318689 -0.174132 -0.310039,
5.358268 -0.166259 -0.310039, 5.397847 -0.174132 -0.310039,
5.4314 -0.196552 -0.310039, 5.45382 -0.230106 -0.310039,
5.461693 1.147638 -0.310039, 5.45382 1.108059 -0.310039,
5.4314 1.074505 -0.310039, 5.397846 1.052085 -0.310039,
5.358267 1.044213 -0.310039, 5.318688 1.052085 -0.310039,
5.285135 1.074505 -0.310039, 5.262715 1.108059 -0.310039,
5.254842 1.147638 -0.310039, 5.262715 1.187217 -0.310039,
5.285135 1.22077 -0.310039, 5.318688 1.24319 -0.310039,
5.358267 1.251063 -0.310039, 5.397846 1.24319 -0.310039,
5.4314 1.22077 -0.310039, 5.45382 1.187217 -0.310039,
3.794213 -0.742127 -0.310039, 3.802086 -0.702548 -0.310039,
3.824506 -0.668994 -0.310039, 3.858059 -0.646574 -0.310039,
3.897639 -0.638702 -0.310039, 3.937218 -0.646574 -0.310039,
3.970771 -0.668994 -0.310039, 3.993191 -0.702548 -0.310039,
4.001064 -0.742127 -0.310039, 3.993191 -0.781706 -0.310039,
3.970771 -0.815259 -0.310039, 3.937218 -0.837679 -0.310039,
3.897639 -0.845552 -0.310039, 3.858059 -0.837679 -0.310039,
3.824506 -0.815259 -0.310039, 3.802086 -0.781706 -0.310039,
4.001064 -1.265748 -0.310039, 3.993191 -1.305328 -0.310039,
3.970771 -1.338881 -0.310039, 3.937218 -1.361301 -0.310039,
3.897639 -1.369174 -0.310039, 3.858059 -1.361301 -0.310039,
3.824506 -1.338881 -0.310039, 3.802086 -1.305328 -0.310039,
3.794213 -1.265748 -0.310039, 3.802086 -1.226169 -0.310039,
3.824506 -1.192616 -0.310039, 3.858059 -1.170196 -0.310039,
3.897639 -1.162323 -0.310039, 3.937218 -1.170196 -0.310039,
3.970771 -1.192616 -0.310039, 3.993191 -1.226169 -0.310039,
3.794213 -1.793307 -0.310039, 3.802085 -1.753728 -0.310039,
3.824505 -1.720174 -0.310039, 3.858059 -1.697754 -0.310039,
3.897638 -1.689881 -0.310039, 3.937217 -1.697754 -0.310039,
3.97077 -1.720174 -0.310039, 3.99319 -1.753728 -0.310039,
4.001063 -1.793307 -0.310039, 3.99319 -1.832886 -0.310039,
3.97077 -1.866439 -0.310039, 3.937217 -1.888859 -0.310039,
3.897638 -1.896732 -0.310039, 3.858059 -1.888859 -0.310039,
3.824505 -1.866439 -0.310039, 3.802085 -1.832886 -0.310039,
3.937216 -2.412481 -0.310039, 3.897637 -2.420354 -0.310039,
3.858058 -2.412481 -0.310039, 3.824504 -2.390061 -0.310039,
3.802085 -2.356507 -0.310039, 3.794212 -2.316928 -0.310039,
3.802085 -2.277349 -0.310039, 3.824504 -2.243796 -0.310039,
3.858058 -2.221376 -0.310039, 3.897637 -2.213503 -0.310039,
3.937216 -2.221376 -0.310039, 3.97077 -2.243796 -0.310039,
3.993189 -2.277349 -0.310039, 4.001062 -2.316928 -0.310039,
3.993189 -2.356507 -0.310039, 3.97077 -2.390061 -0.310039,
4.154607 -2.789369 -0.310039, 4.146735 -2.828948 -0.310039,
4.124315 -2.862501 -0.310039, 4.090761 -2.884921 -0.310039,
4.051182 -2.892794 -0.310039, 4.011603 -2.884921 -0.310039,
3.97805 -2.862501 -0.310039, 3.95563 -2.828948 -0.310039,
3.947757 -2.789369 -0.310039, 3.95563 -2.749789 -0.310039,
3.97805 -2.716236 -0.310039, 4.011603 -2.693816 -0.310039,
4.051182 -2.685943 -0.310039, 4.090761 -2.693816 -0.310039,
4.124315 -2.716236 -0.310039, 4.146735 -2.749789 -0.310039,
4.154607 -0.269685 -0.310039, 4.146734 -0.309264 -0.310039,
4.124315 -0.342818 -0.310039, 4.090761 -0.365237 -0.310039,
4.051182 -0.37311 -0.310039, 4.011603 -0.365237 -0.310039,
3.978049 -0.342818 -0.310039, 3.955629 -0.309264 -0.310039,
3.947757 -0.269685 -0.310039, 3.955629 -0.230106 -0.310039,
3.978049 -0.196552 -0.310039, 4.011603 -0.174133 -0.310039,
4.051182 -0.16626 -0.310039, 4.090761 -0.174133 -0.310039,
4.124315 -0.196552 -0.310039, 4.146734 -0.230106 -0.310039,
4.154606 3.667322 -0.310039, 4.146734 3.627743 -0.310039,
4.124314 3.59419 -0.310039, 4.09076 3.57177 -0.310039,
4.051181 3.563897 -0.310039, 4.011602 3.57177 -0.310039,
3.978048 3.59419 -0.310039, 3.955629 3.627743 -0.310039,
3.947756 3.667322 -0.310039, 3.955629 3.706902 -0.310039,
3.978048 3.740455 -0.310039, 4.011602 3.762875 -0.310039,
4.051181 3.770748 -0.310039, 4.09076 3.762875 -0.310039,
4.124314 3.740455 -0.310039, 4.146734 3.706902 -0.310039,
4.154606 1.147638 -0.310039, 4.146734 1.108059 -0.310039,
4.124314 1.074506 -0.310039, 4.09076 1.052086 -0.310039,
4.051181 1.044213 -0.310039, 4.011602 1.052086 -0.310039,
3.978048 1.074506 -0.310039, 3.955629 1.108059 -0.310039,
3.947756 1.147638 -0.310039, 3.955629 1.187217 -0.310039,
3.978048 1.220771 -0.310039, 4.011602 1.243191 -0.310039,
4.051181 1.251063 -0.310039, 4.09076 1.243191 -0.310039,
4.124314 1.220771 -0.310039, 4.146734 1.187217 -0.310039,
4.001063 1.62008 -0.310039, 3.99319 1.580501 -0.310039,
3.97077 1.546948 -0.310039, 3.937217 1.524528 -0.310039,
3.897638 1.516655 -0.310039, 3.858059 1.524528 -0.310039,
3.824505 1.546948 -0.310039, 3.802085 1.580501 -0.310039,
3.794213 1.62008 -0.310039, 3.802085 1.659659 -0.310039,
3.824505 1.693213 -0.310039, 3.858059 1.715633 -0.310039,
3.897638 1.723506 -0.310039, 3.937217 1.715633 -0.310039,
3.97077 1.693213 -0.310039, 3.99319 1.659659 -0.310039,
3.794213 3.194883 -0.310039, 3.802086 3.234462 -0.310039,
3.824506 3.268015 -0.310039, 3.858059 3.290435 -0.310039,
3.897639 3.298308 -0.310039, 3.937218 3.290435 -0.310039,
3.970771 3.268015 -0.310039, 3.993191 3.234462 -0.310039,
4.001064 3.194883 -0.310039, 3.993191 3.155304 -0.310039,
3.970771 3.12175 -0.310039, 3.937218 3.09933 -0.310039,
3.897639 3.091457 -0.310039, 3.858059 3.09933 -0.310039,
3.824506 3.12175 -0.310039, 3.802086 3.155304 -0.310039,
3.794213 2.67126 -0.310039, 3.802085 2.710839 -0.310039,
3.824505 2.744393 -0.310039, 3.858059 2.766813 -0.310039,
3.897638 2.774685 -0.310039, 3.937217 2.766813 -0.310039,
3.97077 2.744393 -0.310039, 3.99319 2.710839 -0.310039,
4.001063 2.67126 -0.310039, 3.99319 2.631681 -0.310039,
3.97077 2.598128 -0.310039, 3.937217 2.575708 -0.310039,
3.897638 2.567835 -0.310039, 3.858059 2.575708 -0.310039,
3.824505 2.598128 -0.310039, 3.802085 2.631681 -0.310039,
-0.723504 7.544291 -0.310039, -0.696152 7.681801 -0.310039,
-0.618258 7.798377 -0.310039, -0.501683 7.87627 -0.310039,
-0.364173 7.903622 -0.310039, -0.226663 7.87627 -0.310039,
-0.110088 7.798377 -0.310039, -0.032195 7.681801 -0.310039,
-0.004843 7.544291 -0.310039, -0.032195 7.406781 -0.310039,
-0.110088 7.290206 -0.310039, -0.226663 7.212313 -0.310039,
-0.364173 7.184961 -0.310039, -0.501683 7.212313 -0.310039,
-0.618258 7.290206 -0.310039, -0.696152 7.406781 -0.310039,
-0.755207 -7.411702 -0.310039, -0.677314 -7.295126 -0.310039,
-0.560739 -7.217233 -0.310039, -0.423229 -7.189881 -0.310039,
-0.285719 -7.217233 -0.310039, -0.169144 -7.295126 -0.310039,
-0.09125 -7.411702 -0.310039, -0.063898 -7.549211 -0.310039,
-0.09125 -7.686721 -0.310039, -0.169144 -7.803297 -0.310039,
-0.285719 -7.88119 -0.310039, -0.423229 -7.908542 -0.310039,
-0.560739 -7.88119 -0.310039, -0.677314 -7.803297 -0.310039,
-0.755207 -7.686721 -0.310039, -0.782559 -7.549211 -0.310039,
0.339488 5.182087 -0.310039, 0.380327 5.387395 -0.310039,
0.496624 5.561447 -0.310039, 0.670676 5.677744 -0.310039,
0.875984 5.718583 -0.310039, 1.081292 5.677744 -0.310039,
1.255344 5.561447 -0.310039, 1.371642 5.387395 -0.310039,
1.41248 5.182087 -0.310039, 1.371642 4.976778 -0.310039,
1.255344 4.802727 -0.310039, 1.081292 4.686429 -0.310039,
0.875984 4.645591 -0.310039, 0.670676 4.686429 -0.310039,
0.496624 4.802727 -0.310039, 0.380327 4.976778 -0.310039,
0.321271 -4.981699 -0.310039, 0.437569 -4.807647 -0.310039,
0.611621 -4.691349 -0.310039, 0.816929 -4.650511 -0.310039,
1.022237 -4.691349 -0.310039, 1.196289 -4.807647 -0.310039,
1.312586 -4.981699 -0.310039, 1.353425 -5.187007 -0.310039,
1.312586 -5.392315 -0.310039, 1.196289 -5.566367 -0.310039,
1.022237 -5.682664 -0.310039, 0.816929 -5.723503 -0.310039,
0.611621 -5.682664 -0.310039, 0.437569 -5.566367 -0.310039,
0.321271 -5.392315 -0.310039, 0.280433 -5.187007 -0.310039,
3.174134 5.182087 -0.310039, 3.214972 5.387395 -0.310039,
3.33127 5.561447 -0.310039, 3.505322 5.677744 -0.310039,
3.71063 5.718583 -0.310039, 3.915938 5.677744 -0.310039,
4.08999 5.561447 -0.310039, 4.206288 5.387395 -0.310039,
4.247126 5.182087 -0.310039, 4.206288 4.976778 -0.310039,
4.08999 4.802727 -0.310039, 3.915938 4.686429 -0.310039,
3.71063 4.645591 -0.310039, 3.505322 4.686429 -0.310039,
3.33127 4.802727 -0.310039, 3.214972 4.976778 -0.310039,
3.155917 -4.981699 -0.310039, 3.272214 -4.807647 -0.310039,
3.446266 -4.691349 -0.310039, 3.651574 -4.650511 -0.310039,
3.856883 -4.691349 -0.310039, 4.030934 -4.807647 -0.310039,
4.147232 -4.981699 -0.310039, 4.18807 -5.187007 -0.310039,
4.147232 -5.392315 -0.310039, 4.030934 -5.566367 -0.310039,
3.856883 -5.682664 -0.310039, 3.651574 -5.723503 -0.310039,
3.446266 -5.682664 -0.310039, 3.272214 -5.566367 -0.310039,
3.155917 -5.392315 -0.310039, 3.115078 -5.187007 -0.310039,
-4.581772 -7.234252 -0.310039, -4.558915 -7.119341 -0.310039,
-4.493823 -7.021925 -0.310039, -4.396407 -6.956833 -0.310039,
-4.281496 -6.933976 -0.310039, -4.166586 -6.956833 -0.310039,
-4.069169 -7.021925 -0.310039, -4.004078 -7.119341 -0.310039,
-3.98122 -7.234252 -0.310039, -4.004078 -7.349162 -0.310039,
-4.069169 -7.446579 -0.310039, -4.166586 -7.51167 -0.310039,
-4.281496 -7.534528 -0.310039, -4.396407 -7.51167 -0.310039,
-4.493823 -7.446579 -0.310039, -4.558915 -7.349162 -0.310039,
3.794211 2.143701 -0.310039, 3.802083 2.18328 -0.310039,
3.824503 2.216834 -0.310039, 3.858057 2.239254 -0.310039,
3.897636 2.247126 -0.310039, 3.937215 2.239254 -0.310039,
3.970768 2.216834 -0.310039, 3.993188 2.18328 -0.310039,
4.001061 2.143701 -0.310039, 3.993188 2.104122 -0.310039,
3.970768 2.070569 -0.310039, 3.937215 2.048149 -0.310039,
3.897636 2.040276 -0.310039, 3.858057 2.048149 -0.310039,
3.824503 2.070569 -0.310039, 3.802083 2.104122 -0.310039
              ]
            }
            coordIndex [
127, 128, 163, -1, 163, 128, 179, -1, 163, 179, 219, -1, 219, 179, 180, -1,
219, 180, 218, -1, 218, 180, 181, -1, 218, 181, 217, -1, 217, 181, 182, -1,
217, 182, 216, -1, 216, 182, 183, -1, 216, 183, 215, -1, 215, 183, 184, -1,
215, 184, 214, -1, 214, 184, 185, -1, 214, 185, 213, -1, 213, 185, 186, -1,
213, 186, 212, -1, 212, 186, 187, -1, 212, 187, 211, -1, 211, 187, 195, -1,
211, 195, 80, -1, 80, 195, 130, -1, 195, 187, 210, -1, 210, 187, 188, -1,
210, 188, 209, -1, 209, 188, 189, -1, 209, 189, 208, -1, 208, 189, 190, -1,
208, 190, 207, -1, 207, 190, 191, -1, 207, 191, 206, -1, 206, 191, 192, -1,
206, 192, 205, -1, 205, 192, 193, -1, 205, 193, 204, -1, 204, 193, 194, -1,
204, 194, 203, -1, 203, 194, 179, -1, 203, 179, 128, -1, 128, 129, 200, -1,
128, 200, 201, -1, 128, 201, 202, -1, 128, 202, 203, -1, 196, 197, 130, -1,
130, 197, 198, -1, 130, 198, 129, -1, 129, 198, 199, -1, 129, 199, 200, -1,
59, 790, 58, -1, 58, 790, 791, -1, 58, 791, 57, -1, 57, 791, 118, -1,
57, 118, 56, -1, 56, 118, 163, -1, 56, 163, 72, -1, 72, 163, 164, -1,
72, 164, 71, -1, 71, 164, 165, -1, 71, 165, 70, -1, 70, 165, 166, -1,
70, 166, 69, -1, 69, 166, 167, -1, 69, 167, 68, -1, 68, 167, 168, -1,
68, 168, 67, -1, 67, 168, 169, -1, 67, 169, 66, -1, 66, 169, 170, -1,
66, 170, 65, -1, 65, 170, 171, -1, 65, 171, 64, -1, 64, 171, 820, -1,
64, 820, 48, -1, 48, 820, 821, -1, 48, 821, 790, -1, 790, 821, 806, -1,
790, 806, 807, -1, 56, 73, 55, -1, 55, 73, 74, -1, 55, 74, 54, -1,
54, 74, 75, -1, 54, 75, 53, -1, 53, 75, 76, -1, 53, 76, 52, -1,
52, 76, 77, -1, 52, 77, 51, -1, 51, 77, 78, -1, 51, 78, 50, -1,
50, 78, 79, -1, 50, 79, 49, -1, 49, 79, 64, -1, 49, 64, 48, -1,
852, 853, 813, -1, 813, 853, 799, -1, 813, 799, 812, -1, 812, 799, 800, -1,
812, 800, 811, -1, 811, 800, 801, -1, 811, 801, 810, -1, 810, 801, 802, -1,
810, 802, 809, -1, 809, 802, 803, -1, 809, 803, 808, -1, 808, 803, 804, -1,
808, 804, 807, -1, 807, 804, 805, -1, 807, 805, 790, -1, 884, 885, 845, -1,
845, 885, 831, -1, 845, 831, 844, -1, 844, 831, 832, -1, 844, 832, 843, -1,
843, 832, 833, -1, 843, 833, 842, -1, 842, 833, 834, -1, 842, 834, 841, -1,
841, 834, 835, -1, 841, 835, 840, -1, 840, 835, 836, -1, 840, 836, 839, -1,
839, 836, 837, -1, 839, 837, 822, -1, 822, 823, 798, -1, 822, 798, 853, -1,
822, 853, 838, -1, 822, 838, 839, -1, 311, 279, 606, -1, 606, 279, 590, -1,
606, 590, 605, -1, 605, 590, 591, -1, 605, 591, 604, -1, 604, 591, 592, -1,
604, 592, 603, -1, 603, 592, 593, -1, 603, 593, 602, -1, 602, 593, 594, -1,
602, 594, 601, -1, 601, 594, 595, -1, 601, 595, 600, -1, 600, 595, 596, -1,
600, 596, 599, -1, 599, 596, 597, -1, 599, 597, 598, -1, 598, 597, 582, -1,
598, 582, 566, -1, 566, 582, 481, -1, 566, 481, 581, -1, 581, 481, 482, -1,
581, 482, 580, -1, 580, 482, 483, -1, 580, 483, 579, -1, 579, 483, 484, -1,
579, 484, 578, -1, 578, 484, 485, -1, 578, 485, 577, -1, 577, 485, 470, -1,
577, 470, 526, -1, 526, 470, 510, -1, 526, 510, 511, -1, 598, 566, 613, -1,
613, 566, 567, -1, 613, 567, 612, -1, 612, 567, 568, -1, 612, 568, 569, -1,
569, 570, 518, -1, 569, 518, 486, -1, 569, 486, 542, -1, 569, 542, 611, -1,
569, 611, 612, -1, 311, 606, 547, -1, 547, 606, 607, -1, 547, 607, 546, -1,
546, 607, 608, -1, 546, 608, 545, -1, 545, 608, 609, -1, 545, 609, 544, -1,
544, 609, 610, -1, 544, 610, 543, -1, 543, 610, 611, -1, 543, 611, 542, -1,
289, 313, 288, -1, 288, 313, 314, -1, 288, 314, 287, -1, 287, 314, 247, -1,
287, 247, 286, -1, 286, 247, 248, -1, 286, 248, 285, -1, 285, 248, 249, -1,
285, 249, 250, -1, 316, 230, 315, -1, 315, 230, 470, -1, 315, 470, 239, -1,
239, 470, 271, -1, 239, 271, 238, -1, 238, 271, 272, -1, 238, 272, 237, -1,
237, 272, 273, -1, 237, 273, 236, -1, 236, 273, 274, -1, 236, 274, 235, -1,
235, 274, 275, -1, 235, 275, 234, -1, 234, 275, 276, -1, 234, 276, 233, -1,
233, 276, 277, -1, 233, 277, 232, -1, 232, 277, 278, -1, 232, 278, 231, -1,
231, 278, 263, -1, 231, 263, 250, -1, 250, 263, 284, -1, 250, 284, 285, -1,
518, 570, 533, -1, 533, 570, 571, -1, 533, 571, 532, -1, 532, 571, 572, -1,
532, 572, 531, -1, 531, 572, 573, -1, 531, 573, 530, -1, 530, 573, 574, -1,
530, 574, 529, -1, 529, 574, 575, -1, 529, 575, 528, -1, 528, 575, 576, -1,
528, 576, 527, -1, 527, 576, 577, -1, 527, 577, 526, -1, 315, 239, 258, -1,
258, 239, 240, -1, 258, 240, 257, -1, 257, 240, 241, -1, 257, 241, 256, -1,
256, 241, 242, -1, 256, 242, 255, -1, 255, 242, 243, -1, 255, 243, 254, -1,
254, 243, 244, -1, 254, 244, 253, -1, 253, 244, 245, -1, 253, 245, 252, -1,
252, 245, 246, -1, 252, 246, 251, -1, 251, 246, 231, -1, 251, 231, 250, -1,
284, 263, 478, -1, 478, 263, 264, -1, 478, 264, 477, -1, 477, 264, 265, -1,
477, 265, 476, -1, 476, 265, 266, -1, 476, 266, 475, -1, 475, 266, 267, -1,
475, 267, 474, -1, 474, 267, 268, -1, 474, 268, 473, -1, 473, 268, 269, -1,
473, 269, 472, -1, 472, 269, 270, -1, 472, 270, 471, -1, 471, 270, 271, -1,
471, 271, 470, -1, 486, 518, 502, -1, 502, 518, 519, -1, 502, 519, 517, -1,
517, 519, 520, -1, 517, 520, 516, -1, 516, 520, 521, -1, 516, 521, 515, -1,
515, 521, 522, -1, 515, 522, 514, -1, 514, 522, 523, -1, 514, 523, 513, -1,
513, 523, 524, -1, 513, 524, 512, -1, 512, 524, 525, -1, 512, 525, 511, -1,
511, 525, 526, -1, 486, 503, 501, -1, 501, 503, 504, -1, 501, 504, 500, -1,
500, 504, 505, -1, 500, 505, 499, -1, 499, 505, 506, -1, 499, 506, 498, -1,
498, 506, 507, -1, 498, 507, 497, -1, 497, 507, 508, -1, 497, 508, 496, -1,
496, 508, 509, -1, 496, 509, 495, -1, 495, 509, 510, -1, 495, 510, 494, -1,
494, 510, 470, -1, 494, 470, 230, -1, 229, 230, 323, -1, 229, 323, 324, -1,
229, 324, 325, -1, 229, 325, 326, -1, 229, 326, 327, -1, 229, 327, 328, -1,
229, 328, 329, -1, 229, 329, 330, -1, 229, 330, 331, -1, 229, 331, 332, -1,
229, 332, 333, -1, 229, 333, 295, -1, 229, 295, 358, -1, 229, 358, 359, -1,
229, 359, 360, -1, 229, 360, 361, -1, 229, 361, 362, -1, 229, 362, 363, -1,
229, 363, 813, -1, 229, 813, 814, -1, 229, 814, 815, -1, 229, 815, 816, -1,
229, 816, 817, -1, 229, 817, 228, -1, 230, 316, 317, -1, 230, 317, 318, -1,
230, 318, 319, -1, 230, 319, 320, -1, 230, 320, 321, -1, 230, 321, 322, -1,
230, 322, 323, -1, 230, 227, 794, -1, 230, 794, 795, -1, 230, 795, 796, -1,
230, 796, 797, -1, 230, 797, 798, -1, 230, 798, 561, -1, 230, 561, 562, -1,
230, 562, 563, -1, 230, 563, 564, -1, 230, 564, 565, -1, 230, 565, 550, -1,
230, 550, 534, -1, 230, 534, 535, -1, 230, 535, 536, -1, 230, 536, 537, -1,
230, 537, 538, -1, 230, 538, 539, -1, 230, 539, 489, -1, 230, 489, 490, -1,
230, 490, 491, -1, 230, 491, 492, -1, 230, 492, 493, -1, 230, 493, 494, -1,
558, 559, 860, -1, 558, 860, 861, -1, 558, 861, 862, -1, 558, 862, 366, -1,
558, 366, 367, -1, 558, 367, 368, -1, 558, 368, 369, -1, 558, 369, 370, -1,
558, 370, 371, -1, 558, 371, 372, -1, 558, 372, 373, -1, 558, 373, 374, -1,
558, 374, 440, -1, 558, 440, 557, -1, 437, 366, 436, -1, 436, 366, 862, -1,
436, 862, 393, -1, 393, 862, 863, -1, 393, 863, 877, -1, 877, 863, 678, -1,
877, 678, 876, -1, 876, 678, 679, -1, 876, 679, 680, -1, 469, 454, 426, -1,
426, 454, 434, -1, 426, 434, 395, -1, 395, 434, 435, -1, 395, 435, 394, -1,
394, 435, 436, -1, 394, 436, 393, -1, 559, 560, 830, -1, 559, 830, 855, -1,
559, 855, 856, -1, 559, 856, 857, -1, 559, 857, 858, -1, 559, 858, 859, -1,
559, 859, 860, -1, 854, 855, 830, -1, 854, 830, 885, -1, 854, 885, 870, -1,
854, 870, 871, -1, 854, 871, 869, -1, 826, 827, 561, -1, 561, 827, 828, -1,
561, 828, 560, -1, 560, 828, 829, -1, 560, 829, 830, -1, 823, 824, 798, -1,
798, 824, 825, -1, 798, 825, 561, -1, 561, 825, 826, -1, 790, 59, 60, -1,
790, 60, 61, -1, 790, 61, 62, -1, 790, 62, 63, -1, 790, 63, 48, -1,
792, 793, 113, -1, 792, 113, 114, -1, 792, 114, 115, -1, 792, 115, 116, -1,
792, 116, 117, -1, 792, 117, 118, -1, 792, 118, 791, -1, 793, 794, 227, -1,
793, 227, 102, -1, 793, 102, 103, -1, 793, 103, 104, -1, 793, 104, 105, -1,
793, 105, 106, -1, 793, 106, 107, -1, 793, 107, 108, -1, 793, 108, 109, -1,
793, 109, 110, -1, 793, 110, 111, -1, 793, 111, 112, -1, 793, 112, 113, -1,
227, 228, 886, -1, 227, 886, 92, -1, 227, 92, 93, -1, 227, 93, 94, -1,
227, 94, 95, -1, 227, 95, 96, -1, 227, 96, 97, -1, 227, 97, 98, -1,
227, 98, 99, -1, 227, 99, 100, -1, 227, 100, 101, -1, 227, 101, 102, -1,
350, 351, 349, -1, 350, 349, 334, -1, 350, 334, 335, -1, 350, 335, 336, -1,
350, 336, 337, -1, 350, 337, 338, -1, 350, 338, 339, -1, 350, 339, 340, -1,
350, 340, 393, -1, 350, 393, 877, -1, 350, 877, 878, -1, 350, 878, 879, -1,
350, 879, 365, -1, 340, 341, 391, -1, 340, 391, 392, -1, 340, 392, 393, -1,
365, 879, 880, -1, 365, 880, 881, -1, 365, 881, 882, -1, 365, 882, 883, -1,
365, 883, 884, -1, 365, 884, 845, -1, 365, 845, 364, -1, 845, 846, 364, -1,
364, 846, 847, -1, 364, 847, 363, -1, 363, 847, 848, -1, 363, 848, 849, -1,
850, 851, 813, -1, 850, 813, 363, -1, 850, 363, 849, -1, 171, 172, 818, -1,
171, 818, 819, -1, 171, 819, 820, -1, 172, 173, 818, -1, 818, 173, 174, -1,
818, 174, 817, -1, 817, 174, 175, -1, 817, 175, 895, -1, 895, 175, 176, -1,
895, 176, 894, -1, 894, 176, 177, -1, 894, 177, 178, -1, 163, 118, 119, -1,
163, 119, 120, -1, 163, 120, 121, -1, 163, 121, 122, -1, 163, 122, 123, -1,
163, 123, 124, -1, 163, 124, 125, -1, 163, 125, 126, -1, 163, 126, 127, -1,
163, 219, 220, -1, 163, 220, 221, -1, 163, 221, 222, -1, 163, 222, 223, -1,
163, 223, 224, -1, 163, 224, 225, -1, 163, 225, 226, -1, 163, 226, 211, -1,
163, 211, 131, -1, 163, 131, 178, -1, 155, 145, 81, -1, 81, 145, 146, -1,
81, 146, 80, -1, 80, 146, 131, -1, 80, 131, 211, -1, 178, 131, 894, -1,
894, 131, 132, -1, 894, 132, 893, -1, 893, 132, 133, -1, 893, 133, 892, -1,
892, 133, 134, -1, 892, 134, 891, -1, 891, 134, 135, -1, 891, 135, 890, -1,
890, 135, 136, -1, 890, 136, 889, -1, 889, 136, 137, -1, 889, 137, 888, -1,
888, 137, 138, -1, 888, 138, 887, -1, 887, 138, 139, -1, 887, 139, 886, -1,
886, 139, 161, -1, 886, 161, 162, -1, 817, 895, 896, -1, 817, 896, 897, -1,
817, 897, 898, -1, 817, 898, 228, -1, 147, 148, 86, -1, 147, 86, 87, -1,
147, 87, 88, -1, 147, 88, 89, -1, 147, 89, 90, -1, 147, 90, 91, -1,
147, 91, 886, -1, 147, 886, 162, -1, 228, 898, 899, -1, 228, 899, 900, -1,
228, 900, 901, -1, 228, 901, 886, -1, 315, 258, 259, -1, 315, 259, 260, -1,
315, 260, 261, -1, 315, 261, 314, -1, 262, 247, 314, -1, 262, 314, 261, -1,
289, 290, 313, -1, 313, 290, 291, -1, 313, 291, 312, -1, 312, 291, 292, -1,
312, 292, 293, -1, 312, 293, 294, -1, 312, 294, 279, -1, 312, 279, 311, -1,
478, 479, 584, -1, 584, 479, 480, -1, 584, 480, 583, -1, 583, 480, 481, -1,
583, 481, 582, -1, 585, 586, 283, -1, 585, 283, 284, -1, 585, 284, 478, -1,
585, 478, 584, -1, 590, 279, 589, -1, 589, 279, 280, -1, 589, 280, 588, -1,
588, 280, 281, -1, 588, 281, 587, -1, 587, 281, 282, -1, 587, 282, 586, -1,
586, 282, 283, -1, 486, 487, 541, -1, 541, 487, 488, -1, 541, 488, 540, -1,
540, 488, 489, -1, 540, 489, 539, -1, 547, 548, 551, -1, 551, 548, 549, -1,
551, 549, 550, -1, 550, 549, 534, -1, 552, 553, 445, -1, 552, 445, 310, -1,
552, 310, 311, -1, 552, 311, 547, -1, 552, 547, 551, -1, 553, 554, 36, -1,
553, 36, 37, -1, 553, 37, 38, -1, 553, 38, 39, -1, 553, 39, 40, -1,
553, 40, 444, -1, 553, 444, 445, -1, 554, 555, 32, -1, 554, 32, 33, -1,
554, 33, 34, -1, 554, 34, 35, -1, 554, 35, 36, -1, 418, 398, 451, -1,
451, 398, 399, -1, 451, 399, 450, -1, 450, 399, 16, -1, 450, 16, 410, -1,
410, 16, 17, -1, 410, 17, 409, -1, 409, 17, 18, -1, 409, 18, 408, -1,
408, 18, 19, -1, 408, 19, 407, -1, 407, 19, 20, -1, 407, 20, 406, -1,
406, 20, 21, -1, 406, 21, 405, -1, 405, 21, 22, -1, 405, 22, 404, -1,
404, 22, 23, -1, 404, 23, 403, -1, 403, 23, 24, -1, 403, 24, 402, -1,
402, 24, 382, -1, 402, 382, 447, -1, 447, 382, 383, -1, 447, 383, 446, -1,
446, 383, 310, -1, 446, 310, 445, -1, 385, 386, 6, -1, 385, 6, 7, -1,
385, 7, 8, -1, 385, 8, 309, -1, 385, 309, 384, -1, 386, 387, 3, -1,
386, 3, 4, -1, 386, 4, 5, -1, 386, 5, 6, -1, 387, 388, 0, -1,
387, 0, 1, -1, 387, 1, 2, -1, 387, 2, 3, -1, 414, 415, 448, -1,
448, 415, 416, -1, 448, 416, 447, -1, 447, 416, 417, -1, 447, 417, 402, -1,
411, 412, 449, -1, 449, 412, 413, -1, 449, 413, 448, -1, 448, 413, 414, -1,
449, 450, 410, -1, 449, 410, 411, -1, 299, 355, 298, -1, 298, 355, 356, -1,
298, 356, 297, -1, 297, 356, 357, -1, 297, 357, 296, -1, 296, 357, 358, -1,
296, 358, 295, -1, 299, 300, 355, -1, 355, 300, 301, -1, 355, 301, 354, -1,
354, 301, 302, -1, 354, 302, 303, -1, 10, 11, 308, -1, 308, 11, 12, -1,
308, 12, 307, -1, 307, 12, 13, -1, 307, 13, 306, -1, 306, 13, 14, -1,
306, 14, 305, -1, 305, 14, 15, -1, 305, 15, 304, -1, 304, 15, 0, -1,
304, 0, 303, -1, 303, 0, 388, -1, 303, 388, 354, -1, 354, 388, 353, -1,
352, 353, 388, -1, 352, 388, 389, -1, 352, 389, 348, -1, 352, 348, 351, -1,
384, 309, 310, -1, 384, 310, 383, -1, 309, 8, 9, -1, 309, 9, 10, -1,
309, 10, 308, -1, 24, 25, 382, -1, 382, 25, 26, -1, 382, 26, 401, -1,
401, 26, 27, -1, 401, 27, 28, -1, 29, 30, 400, -1, 29, 400, 401, -1,
29, 401, 28, -1, 400, 30, 31, -1, 400, 31, 16, -1, 400, 16, 399, -1,
469, 427, 468, -1, 468, 427, 428, -1, 468, 428, 467, -1, 467, 428, 429, -1,
467, 429, 466, -1, 466, 429, 430, -1, 466, 430, 465, -1, 465, 430, 431, -1,
465, 431, 464, -1, 464, 431, 432, -1, 464, 432, 463, -1, 463, 432, 433, -1,
463, 433, 462, -1, 462, 433, 418, -1, 462, 418, 451, -1, 458, 459, 452, -1,
452, 459, 460, -1, 452, 460, 451, -1, 451, 460, 461, -1, 451, 461, 462, -1,
455, 456, 453, -1, 453, 456, 457, -1, 453, 457, 452, -1, 452, 457, 458, -1,
453, 434, 454, -1, 453, 454, 455, -1, 40, 41, 444, -1, 444, 41, 42, -1,
444, 42, 443, -1, 443, 42, 43, -1, 443, 43, 44, -1, 45, 46, 442, -1,
45, 442, 443, -1, 45, 443, 44, -1, 46, 47, 442, -1, 442, 47, 32, -1,
442, 32, 441, -1, 441, 32, 555, -1, 441, 555, 556, -1, 556, 557, 440, -1,
556, 440, 441, -1, 374, 375, 440, -1, 440, 375, 376, -1, 440, 376, 439, -1,
439, 376, 377, -1, 439, 377, 378, -1, 379, 380, 438, -1, 379, 438, 439, -1,
379, 439, 378, -1, 438, 380, 381, -1, 438, 381, 366, -1, 438, 366, 437, -1,
344, 345, 390, -1, 390, 345, 346, -1, 390, 346, 389, -1, 389, 346, 347, -1,
389, 347, 348, -1, 341, 342, 391, -1, 391, 342, 343, -1, 391, 343, 390, -1,
390, 343, 344, -1, 418, 419, 398, -1, 398, 419, 420, -1, 398, 420, 397, -1,
397, 420, 421, -1, 397, 421, 422, -1, 423, 424, 396, -1, 423, 396, 397, -1,
423, 397, 422, -1, 396, 424, 425, -1, 396, 425, 426, -1, 396, 426, 395, -1,
917, 902, 750, -1, 750, 902, 667, -1, 750, 667, 646, -1, 646, 667, 668, -1,
646, 668, 661, -1, 661, 668, 669, -1, 661, 669, 660, -1, 660, 669, 670, -1,
660, 670, 659, -1, 659, 670, 671, -1, 659, 671, 658, -1, 658, 671, 672, -1,
658, 672, 657, -1, 657, 672, 673, -1, 657, 673, 656, -1, 656, 673, 674, -1,
656, 674, 655, -1, 655, 674, 675, -1, 655, 675, 654, -1, 654, 675, 689, -1,
654, 689, 630, -1, 630, 689, 622, -1, 630, 622, 623, -1, 750, 646, 638, -1,
638, 646, 647, -1, 638, 647, 637, -1, 637, 647, 648, -1, 637, 648, 636, -1,
636, 648, 649, -1, 636, 649, 635, -1, 635, 649, 650, -1, 635, 650, 634, -1,
634, 650, 651, -1, 634, 651, 633, -1, 633, 651, 652, -1, 633, 652, 632, -1,
632, 652, 653, -1, 632, 653, 631, -1, 631, 653, 654, -1, 631, 654, 630, -1,
865, 866, 758, -1, 758, 866, 902, -1, 758, 902, 774, -1, 774, 902, 903, -1,
774, 903, 789, -1, 789, 903, 904, -1, 789, 904, 788, -1, 788, 904, 905, -1,
788, 905, 787, -1, 787, 905, 906, -1, 787, 906, 786, -1, 786, 906, 907, -1,
786, 907, 785, -1, 785, 907, 908, -1, 785, 908, 784, -1, 784, 908, 909, -1,
784, 909, 783, -1, 783, 909, 910, -1, 783, 910, 782, -1, 782, 910, 742, -1,
782, 742, 737, -1, 737, 742, 743, -1, 737, 743, 736, -1, 736, 743, 744, -1,
736, 744, 735, -1, 735, 744, 734, -1, 678, 863, 694, -1, 694, 863, 710, -1,
694, 710, 726, -1, 726, 710, 711, -1, 726, 711, 741, -1, 741, 711, 712, -1,
741, 712, 740, -1, 740, 712, 713, -1, 740, 713, 739, -1, 739, 713, 714, -1,
739, 714, 738, -1, 738, 714, 715, -1, 738, 715, 737, -1, 737, 715, 766, -1,
737, 766, 782, -1, 782, 766, 767, -1, 782, 767, 781, -1, 781, 767, 768, -1,
781, 768, 780, -1, 780, 768, 769, -1, 780, 769, 779, -1, 779, 769, 770, -1,
779, 770, 778, -1, 778, 770, 771, -1, 778, 771, 777, -1, 777, 771, 772, -1,
777, 772, 776, -1, 776, 772, 773, -1, 776, 773, 775, -1, 775, 773, 758, -1,
775, 758, 774, -1, 750, 638, 614, -1, 614, 638, 639, -1, 614, 639, 629, -1,
629, 639, 640, -1, 629, 640, 628, -1, 628, 640, 641, -1, 628, 641, 627, -1,
627, 641, 642, -1, 627, 642, 626, -1, 626, 642, 643, -1, 626, 643, 625, -1,
625, 643, 644, -1, 625, 644, 624, -1, 624, 644, 645, -1, 624, 645, 623, -1,
623, 645, 630, -1, 678, 694, 693, -1, 693, 694, 695, -1, 693, 695, 692, -1,
692, 695, 696, -1, 692, 696, 691, -1, 691, 696, 697, -1, 691, 697, 690, -1,
690, 697, 698, -1, 690, 698, 689, -1, 689, 698, 699, -1, 689, 699, 622, -1,
622, 699, 621, -1, 700, 701, 620, -1, 700, 620, 621, -1, 700, 621, 699, -1,
702, 703, 733, -1, 702, 733, 734, -1, 702, 734, 619, -1, 702, 619, 620, -1,
702, 620, 701, -1, 766, 715, 765, -1, 765, 715, 716, -1, 765, 716, 764, -1,
764, 716, 717, -1, 764, 717, 718, -1, 718, 719, 864, -1, 718, 864, 865, -1,
718, 865, 763, -1, 718, 763, 764, -1, 863, 864, 723, -1, 863, 723, 724, -1,
863, 724, 725, -1, 863, 725, 710, -1, 864, 719, 720, -1, 864, 720, 721, -1,
864, 721, 722, -1, 864, 722, 723, -1, 865, 758, 759, -1, 865, 759, 760, -1,
865, 760, 761, -1, 865, 761, 762, -1, 865, 762, 763, -1, 680, 681, 876, -1,
876, 681, 682, -1, 876, 682, 875, -1, 875, 682, 683, -1, 875, 683, 684, -1,
875, 684, 685, -1, 875, 685, 686, -1, 875, 686, 663, -1, 875, 663, 664, -1,
875, 664, 874, -1, 686, 687, 677, -1, 686, 677, 662, -1, 686, 662, 663, -1,
874, 664, 665, -1, 874, 665, 666, -1, 874, 666, 667, -1, 874, 667, 873, -1,
869, 871, 868, -1, 868, 871, 872, -1, 868, 872, 867, -1, 867, 872, 873, -1,
867, 873, 866, -1, 866, 873, 667, -1, 866, 667, 902, -1, 676, 677, 688, -1,
676, 688, 689, -1, 676, 689, 675, -1, 733, 703, 732, -1, 732, 703, 704, -1,
732, 704, 731, -1, 731, 704, 705, -1, 731, 705, 730, -1, 730, 705, 706, -1,
730, 706, 729, -1, 729, 706, 707, -1, 729, 707, 728, -1, 728, 707, 708, -1,
728, 708, 727, -1, 727, 708, 709, -1, 727, 709, 726, -1, 726, 709, 694, -1,
745, 746, 618, -1, 745, 618, 619, -1, 745, 619, 734, -1, 745, 734, 744, -1,
750, 614, 749, -1, 749, 614, 615, -1, 749, 615, 748, -1, 748, 615, 616, -1,
748, 616, 747, -1, 747, 616, 617, -1, 747, 617, 746, -1, 746, 617, 618, -1,
742, 910, 757, -1, 757, 910, 911, -1, 757, 911, 756, -1, 756, 911, 912, -1,
756, 912, 755, -1, 755, 912, 913, -1, 755, 913, 754, -1, 754, 913, 914, -1,
754, 914, 753, -1, 753, 914, 915, -1, 753, 915, 752, -1, 752, 915, 916, -1,
752, 916, 751, -1, 751, 916, 917, -1, 751, 917, 750, -1, 152, 153, 82, -1,
82, 153, 154, -1, 82, 154, 81, -1, 81, 154, 155, -1, 86, 149, 85, -1,
85, 149, 150, -1, 85, 150, 84, -1, 84, 150, 151, -1, 84, 151, 83, -1,
83, 151, 152, -1, 83, 152, 82, -1, 156, 157, 144, -1, 156, 144, 145, -1,
156, 145, 155, -1, 141, 142, 159, -1, 159, 142, 143, -1, 159, 143, 158, -1,
158, 143, 144, -1, 158, 144, 157, -1, 160, 161, 139, -1, 160, 139, 140, -1,
160, 140, 141, -1, 160, 141, 159, -1, 86, 148, 149, -1, 677, 687, 688, -1,
469, 426, 427, -1, 349, 351, 348, -1, 542, 486, 541, -1, 92, 886, 91, -1,
813, 851, 852, -1, 799, 853, 798, -1, 831, 885, 830, -1, 503, 486, 502, -1,
73, 56, 72, -1, 130, 195, 196, -1, 1046, 1045, 1081, -1, 1046, 1081, 1097, -1,
1097, 1081, 1137, -1, 1097, 1137, 1098, -1, 1098, 1137, 1136, -1, 1098, 1136, 1099, -1,
1099, 1136, 1135, -1, 1099, 1135, 1100, -1, 1100, 1135, 1134, -1, 1100, 1134, 1101, -1,
1101, 1134, 1133, -1, 1101, 1133, 1102, -1, 1102, 1133, 1132, -1, 1102, 1132, 1103, -1,
1103, 1132, 1131, -1, 1103, 1131, 1104, -1, 1104, 1131, 1130, -1, 1104, 1130, 1105, -1,
1105, 1130, 1129, -1, 1105, 1129, 1113, -1, 1113, 1129, 998, -1, 1113, 998, 1048, -1,
1105, 1113, 1128, -1, 1105, 1128, 1106, -1, 1106, 1128, 1127, -1, 1106, 1127, 1107, -1,
1107, 1127, 1126, -1, 1107, 1126, 1108, -1, 1108, 1126, 1125, -1, 1108, 1125, 1109, -1,
1109, 1125, 1124, -1, 1109, 1124, 1110, -1, 1110, 1124, 1123, -1, 1110, 1123, 1111, -1,
1111, 1123, 1122, -1, 1111, 1122, 1112, -1, 1112, 1122, 1121, -1, 1112, 1121, 1097, -1,
1097, 1121, 1046, -1, 1047, 1046, 1118, -1, 1118, 1046, 1119, -1, 1119, 1046, 1120, -1,
1120, 1046, 1121, -1, 1115, 1114, 1048, -1, 1115, 1048, 1116, -1, 1116, 1048, 1047, -1,
1116, 1047, 1117, -1, 1117, 1047, 1118, -1, 1708, 977, 976, -1, 1708, 976, 1709, -1,
1709, 976, 975, -1, 1709, 975, 1036, -1, 1036, 975, 974, -1, 1036, 974, 1081, -1,
1081, 974, 990, -1, 1081, 990, 1082, -1, 1082, 990, 989, -1, 1082, 989, 1083, -1,
1083, 989, 988, -1, 1083, 988, 1084, -1, 1084, 988, 987, -1, 1084, 987, 1085, -1,
1085, 987, 986, -1, 1085, 986, 1086, -1, 1086, 986, 985, -1, 1086, 985, 1087, -1,
1087, 985, 984, -1, 1087, 984, 1088, -1, 1088, 984, 983, -1, 1088, 983, 1089, -1,
1089, 983, 982, -1, 1089, 982, 1738, -1, 1738, 982, 966, -1, 1738, 966, 1739, -1,
1739, 966, 1708, -1, 1739, 1708, 1724, -1, 1724, 1708, 1725, -1, 991, 974, 973, -1,
991, 973, 992, -1, 992, 973, 972, -1, 992, 972, 993, -1, 993, 972, 971, -1,
993, 971, 994, -1, 994, 971, 970, -1, 994, 970, 995, -1, 995, 970, 969, -1,
995, 969, 996, -1, 996, 969, 968, -1, 996, 968, 997, -1, 997, 968, 967, -1,
997, 967, 982, -1, 982, 967, 966, -1, 1771, 1770, 1731, -1, 1771, 1731, 1717, -1,
1717, 1731, 1730, -1, 1717, 1730, 1718, -1, 1718, 1730, 1729, -1, 1718, 1729, 1719, -1,
1719, 1729, 1728, -1, 1719, 1728, 1720, -1, 1720, 1728, 1727, -1, 1720, 1727, 1721, -1,
1721, 1727, 1726, -1, 1721, 1726, 1722, -1, 1722, 1726, 1725, -1, 1722, 1725, 1723, -1,
1723, 1725, 1708, -1, 1803, 1802, 1763, -1, 1803, 1763, 1749, -1, 1749, 1763, 1762, -1,
1749, 1762, 1750, -1, 1750, 1762, 1761, -1, 1750, 1761, 1751, -1, 1751, 1761, 1760, -1,
1751, 1760, 1752, -1, 1752, 1760, 1759, -1, 1752, 1759, 1753, -1, 1753, 1759, 1758, -1,
1753, 1758, 1754, -1, 1754, 1758, 1757, -1, 1754, 1757, 1755, -1, 1755, 1757, 1740, -1,
1741, 1740, 1716, -1, 1716, 1740, 1771, -1, 1771, 1740, 1756, -1, 1756, 1740, 1757, -1,
1197, 1229, 1524, -1, 1197, 1524, 1508, -1, 1508, 1524, 1523, -1, 1508, 1523, 1509, -1,
1509, 1523, 1522, -1, 1509, 1522, 1510, -1, 1510, 1522, 1521, -1, 1510, 1521, 1511, -1,
1511, 1521, 1520, -1, 1511, 1520, 1512, -1, 1512, 1520, 1519, -1, 1512, 1519, 1513, -1,
1513, 1519, 1518, -1, 1513, 1518, 1514, -1, 1514, 1518, 1517, -1, 1514, 1517, 1515, -1,
1515, 1517, 1516, -1, 1515, 1516, 1500, -1, 1500, 1516, 1484, -1, 1500, 1484, 1399, -1,
1399, 1484, 1499, -1, 1399, 1499, 1400, -1, 1400, 1499, 1498, -1, 1400, 1498, 1401, -1,
1401, 1498, 1497, -1, 1401, 1497, 1402, -1, 1402, 1497, 1496, -1, 1402, 1496, 1403, -1,
1403, 1496, 1495, -1, 1403, 1495, 1388, -1, 1388, 1495, 1444, -1, 1388, 1444, 1428, -1,
1428, 1444, 1429, -1, 1484, 1516, 1531, -1, 1484, 1531, 1485, -1, 1485, 1531, 1530, -1,
1485, 1530, 1486, -1, 1486, 1530, 1487, -1, 1488, 1487, 1436, -1, 1436, 1487, 1404, -1,
1404, 1487, 1460, -1, 1460, 1487, 1529, -1, 1529, 1487, 1530, -1, 1524, 1229, 1465, -1,
1524, 1465, 1525, -1, 1525, 1465, 1464, -1, 1525, 1464, 1526, -1, 1526, 1464, 1463, -1,
1526, 1463, 1527, -1, 1527, 1463, 1462, -1, 1527, 1462, 1528, -1, 1528, 1462, 1461, -1,
1528, 1461, 1529, -1, 1529, 1461, 1460, -1, 1231, 1207, 1206, -1, 1231, 1206, 1232, -1,
1232, 1206, 1205, -1, 1232, 1205, 1165, -1, 1165, 1205, 1204, -1, 1165, 1204, 1166, -1,
1166, 1204, 1203, -1, 1166, 1203, 1167, -1, 1167, 1203, 1168, -1, 1148, 1234, 1233, -1,
1148, 1233, 1388, -1, 1388, 1233, 1157, -1, 1388, 1157, 1189, -1, 1189, 1157, 1156, -1,
1189, 1156, 1190, -1, 1190, 1156, 1155, -1, 1190, 1155, 1191, -1, 1191, 1155, 1154, -1,
1191, 1154, 1192, -1, 1192, 1154, 1153, -1, 1192, 1153, 1193, -1, 1193, 1153, 1152, -1,
1193, 1152, 1194, -1, 1194, 1152, 1151, -1, 1194, 1151, 1195, -1, 1195, 1151, 1150, -1,
1195, 1150, 1196, -1, 1196, 1150, 1149, -1, 1196, 1149, 1181, -1, 1181, 1149, 1168, -1,
1181, 1168, 1202, -1, 1202, 1168, 1203, -1, 1488, 1436, 1451, -1, 1488, 1451, 1489, -1,
1489, 1451, 1450, -1, 1489, 1450, 1490, -1, 1490, 1450, 1449, -1, 1490, 1449, 1491, -1,
1491, 1449, 1448, -1, 1491, 1448, 1492, -1, 1492, 1448, 1447, -1, 1492, 1447, 1493, -1,
1493, 1447, 1446, -1, 1493, 1446, 1494, -1, 1494, 1446, 1445, -1, 1494, 1445, 1495, -1,
1495, 1445, 1444, -1, 1157, 1233, 1176, -1, 1157, 1176, 1158, -1, 1158, 1176, 1175, -1,
1158, 1175, 1159, -1, 1159, 1175, 1174, -1, 1159, 1174, 1160, -1, 1160, 1174, 1173, -1,
1160, 1173, 1161, -1, 1161, 1173, 1172, -1, 1161, 1172, 1162, -1, 1162, 1172, 1171, -1,
1162, 1171, 1163, -1, 1163, 1171, 1170, -1, 1163, 1170, 1164, -1, 1164, 1170, 1169, -1,
1164, 1169, 1149, -1, 1149, 1169, 1168, -1, 1181, 1202, 1396, -1, 1181, 1396, 1182, -1,
1182, 1396, 1395, -1, 1182, 1395, 1183, -1, 1183, 1395, 1394, -1, 1183, 1394, 1184, -1,
1184, 1394, 1393, -1, 1184, 1393, 1185, -1, 1185, 1393, 1392, -1, 1185, 1392, 1186, -1,
1186, 1392, 1391, -1, 1186, 1391, 1187, -1, 1187, 1391, 1390, -1, 1187, 1390, 1188, -1,
1188, 1390, 1389, -1, 1188, 1389, 1189, -1, 1189, 1389, 1388, -1, 1436, 1404, 1420, -1,
1436, 1420, 1437, -1, 1437, 1420, 1435, -1, 1437, 1435, 1438, -1, 1438, 1435, 1434, -1,
1438, 1434, 1439, -1, 1439, 1434, 1433, -1, 1439, 1433, 1440, -1, 1440, 1433, 1432, -1,
1440, 1432, 1441, -1, 1441, 1432, 1431, -1, 1441, 1431, 1442, -1, 1442, 1431, 1430, -1,
1442, 1430, 1443, -1, 1443, 1430, 1429, -1, 1443, 1429, 1444, -1, 1421, 1404, 1419, -1,
1421, 1419, 1422, -1, 1422, 1419, 1418, -1, 1422, 1418, 1423, -1, 1423, 1418, 1417, -1,
1423, 1417, 1424, -1, 1424, 1417, 1416, -1, 1424, 1416, 1425, -1, 1425, 1416, 1415, -1,
1425, 1415, 1426, -1, 1426, 1415, 1414, -1, 1426, 1414, 1427, -1, 1427, 1414, 1413, -1,
1427, 1413, 1428, -1, 1428, 1413, 1412, -1, 1428, 1412, 1388, -1, 1388, 1412, 1148, -1,
1148, 1147, 1241, -1, 1241, 1147, 1242, -1, 1242, 1147, 1243, -1, 1243, 1147, 1244, -1,
1244, 1147, 1245, -1, 1245, 1147, 1246, -1, 1246, 1147, 1247, -1, 1247, 1147, 1248, -1,
1248, 1147, 1249, -1, 1249, 1147, 1250, -1, 1250, 1147, 1251, -1, 1251, 1147, 1213, -1,
1213, 1147, 1276, -1, 1276, 1147, 1277, -1, 1277, 1147, 1278, -1, 1278, 1147, 1279, -1,
1279, 1147, 1280, -1, 1280, 1147, 1281, -1, 1281, 1147, 1731, -1, 1731, 1147, 1732, -1,
1732, 1147, 1733, -1, 1733, 1147, 1734, -1, 1734, 1147, 1735, -1, 1735, 1147, 1146, -1,
1234, 1148, 1235, -1, 1235, 1148, 1236, -1, 1236, 1148, 1237, -1, 1237, 1148, 1238, -1,
1238, 1148, 1239, -1, 1239, 1148, 1240, -1, 1240, 1148, 1241, -1, 1145, 1148, 1712, -1,
1712, 1148, 1713, -1, 1713, 1148, 1714, -1, 1714, 1148, 1715, -1, 1715, 1148, 1716, -1,
1716, 1148, 1479, -1, 1479, 1148, 1480, -1, 1480, 1148, 1481, -1, 1481, 1148, 1482, -1,
1482, 1148, 1483, -1, 1483, 1148, 1468, -1, 1468, 1148, 1452, -1, 1452, 1148, 1453, -1,
1453, 1148, 1454, -1, 1454, 1148, 1455, -1, 1455, 1148, 1456, -1, 1456, 1148, 1457, -1,
1457, 1148, 1407, -1, 1407, 1148, 1408, -1, 1408, 1148, 1409, -1, 1409, 1148, 1410, -1,
1410, 1148, 1411, -1, 1411, 1148, 1412, -1, 1477, 1476, 1778, -1, 1778, 1476, 1779, -1,
1779, 1476, 1780, -1, 1780, 1476, 1284, -1, 1284, 1476, 1285, -1, 1285, 1476, 1286, -1,
1286, 1476, 1287, -1, 1287, 1476, 1288, -1, 1288, 1476, 1289, -1, 1289, 1476, 1290, -1,
1290, 1476, 1291, -1, 1291, 1476, 1292, -1, 1292, 1476, 1358, -1, 1358, 1476, 1475, -1,
1284, 1355, 1354, -1, 1284, 1354, 1780, -1, 1780, 1354, 1311, -1, 1780, 1311, 1781, -1,
1781, 1311, 1795, -1, 1781, 1795, 1596, -1, 1596, 1795, 1794, -1, 1596, 1794, 1597, -1,
1597, 1794, 1598, -1, 1372, 1387, 1344, -1, 1372, 1344, 1352, -1, 1352, 1344, 1313, -1,
1352, 1313, 1353, -1, 1353, 1313, 1312, -1, 1353, 1312, 1354, -1, 1354, 1312, 1311, -1,
1478, 1477, 1748, -1, 1748, 1477, 1773, -1, 1773, 1477, 1774, -1, 1774, 1477, 1775, -1,
1775, 1477, 1776, -1, 1776, 1477, 1777, -1, 1777, 1477, 1778, -1, 1773, 1772, 1748, -1,
1748, 1772, 1803, -1, 1803, 1772, 1788, -1, 1788, 1772, 1789, -1, 1789, 1772, 1787, -1,
1745, 1744, 1479, -1, 1745, 1479, 1746, -1, 1746, 1479, 1478, -1, 1746, 1478, 1747, -1,
1747, 1478, 1748, -1, 1742, 1741, 1716, -1, 1742, 1716, 1743, -1, 1743, 1716, 1479, -1,
1743, 1479, 1744, -1, 977, 1708, 978, -1, 978, 1708, 979, -1, 979, 1708, 980, -1,
980, 1708, 981, -1, 981, 1708, 966, -1, 1711, 1710, 1031, -1, 1031, 1710, 1032, -1,
1032, 1710, 1033, -1, 1033, 1710, 1034, -1, 1034, 1710, 1035, -1, 1035, 1710, 1036, -1,
1036, 1710, 1709, -1, 1712, 1711, 1145, -1, 1145, 1711, 1020, -1, 1020, 1711, 1021, -1,
1021, 1711, 1022, -1, 1022, 1711, 1023, -1, 1023, 1711, 1024, -1, 1024, 1711, 1025, -1,
1025, 1711, 1026, -1, 1026, 1711, 1027, -1, 1027, 1711, 1028, -1, 1028, 1711, 1029, -1,
1029, 1711, 1030, -1, 1030, 1711, 1031, -1, 1146, 1145, 1804, -1, 1804, 1145, 1010, -1,
1010, 1145, 1011, -1, 1011, 1145, 1012, -1, 1012, 1145, 1013, -1, 1013, 1145, 1014, -1,
1014, 1145, 1015, -1, 1015, 1145, 1016, -1, 1016, 1145, 1017, -1, 1017, 1145, 1018, -1,
1018, 1145, 1019, -1, 1019, 1145, 1020, -1, 1269, 1268, 1267, -1, 1267, 1268, 1252, -1,
1252, 1268, 1253, -1, 1253, 1268, 1254, -1, 1254, 1268, 1255, -1, 1255, 1268, 1256, -1,
1256, 1268, 1257, -1, 1257, 1268, 1258, -1, 1258, 1268, 1311, -1, 1311, 1268, 1795, -1,
1795, 1268, 1796, -1, 1796, 1268, 1797, -1, 1797, 1268, 1283, -1, 1259, 1258, 1309, -1,
1309, 1258, 1310, -1, 1310, 1258, 1311, -1, 1797, 1283, 1798, -1, 1798, 1283, 1799, -1,
1799, 1283, 1800, -1, 1800, 1283, 1801, -1, 1801, 1283, 1802, -1, 1802, 1283, 1763, -1,
1763, 1283, 1282, -1, 1764, 1763, 1282, -1, 1764, 1282, 1765, -1, 1765, 1282, 1281, -1,
1765, 1281, 1766, -1, 1766, 1281, 1767, -1, 1769, 1768, 1731, -1, 1731, 1768, 1281, -1,
1281, 1768, 1767, -1, 1090, 1089, 1736, -1, 1736, 1089, 1737, -1, 1737, 1089, 1738, -1,
1091, 1090, 1736, -1, 1091, 1736, 1092, -1, 1092, 1736, 1735, -1, 1092, 1735, 1093, -1,
1093, 1735, 1813, -1, 1093, 1813, 1094, -1, 1094, 1813, 1812, -1, 1094, 1812, 1095, -1,
1095, 1812, 1096, -1, 1036, 1081, 1037, -1, 1037, 1081, 1038, -1, 1038, 1081, 1039, -1,
1039, 1081, 1040, -1, 1040, 1081, 1041, -1, 1041, 1081, 1042, -1, 1042, 1081, 1043, -1,
1043, 1081, 1044, -1, 1044, 1081, 1045, -1, 1137, 1081, 1138, -1, 1138, 1081, 1139, -1,
1139, 1081, 1140, -1, 1140, 1081, 1141, -1, 1141, 1081, 1142, -1, 1142, 1081, 1143, -1,
1143, 1081, 1144, -1, 1144, 1081, 1129, -1, 1129, 1081, 1049, -1, 1049, 1081, 1096, -1,
1063, 1073, 999, -1, 1063, 999, 1064, -1, 1064, 999, 998, -1, 1064, 998, 1049, -1,
1049, 998, 1129, -1, 1049, 1096, 1812, -1, 1049, 1812, 1050, -1, 1050, 1812, 1811, -1,
1050, 1811, 1051, -1, 1051, 1811, 1810, -1, 1051, 1810, 1052, -1, 1052, 1810, 1809, -1,
1052, 1809, 1053, -1, 1053, 1809, 1808, -1, 1053, 1808, 1054, -1, 1054, 1808, 1807, -1,
1054, 1807, 1055, -1, 1055, 1807, 1806, -1, 1055, 1806, 1056, -1, 1056, 1806, 1805, -1,
1056, 1805, 1057, -1, 1057, 1805, 1804, -1, 1057, 1804, 1079, -1, 1079, 1804, 1080, -1,
1813, 1735, 1814, -1, 1814, 1735, 1815, -1, 1815, 1735, 1816, -1, 1816, 1735, 1146, -1,
1066, 1065, 1004, -1, 1004, 1065, 1005, -1, 1005, 1065, 1006, -1, 1006, 1065, 1007, -1,
1007, 1065, 1008, -1, 1008, 1065, 1009, -1, 1009, 1065, 1804, -1, 1804, 1065, 1080, -1,
1816, 1146, 1817, -1, 1817, 1146, 1818, -1, 1818, 1146, 1819, -1, 1819, 1146, 1804, -1,
1176, 1233, 1177, -1, 1177, 1233, 1178, -1, 1178, 1233, 1179, -1, 1179, 1233, 1232, -1,
1165, 1180, 1232, -1, 1232, 1180, 1179, -1, 1208, 1207, 1231, -1, 1208, 1231, 1209, -1,
1209, 1231, 1230, -1, 1209, 1230, 1210, -1, 1210, 1230, 1211, -1, 1211, 1230, 1212, -1,
1212, 1230, 1197, -1, 1197, 1230, 1229, -1, 1397, 1396, 1502, -1, 1397, 1502, 1398, -1,
1398, 1502, 1501, -1, 1398, 1501, 1399, -1, 1399, 1501, 1500, -1, 1504, 1503, 1201, -1,
1201, 1503, 1202, -1, 1202, 1503, 1396, -1, 1396, 1503, 1502, -1, 1197, 1508, 1507, -1,
1197, 1507, 1198, -1, 1198, 1507, 1506, -1, 1198, 1506, 1199, -1, 1199, 1506, 1505, -1,
1199, 1505, 1200, -1, 1200, 1505, 1504, -1, 1200, 1504, 1201, -1, 1405, 1404, 1459, -1,
1405, 1459, 1406, -1, 1406, 1459, 1458, -1, 1406, 1458, 1407, -1, 1407, 1458, 1457, -1,
1466, 1465, 1469, -1, 1466, 1469, 1467, -1, 1467, 1469, 1468, -1, 1467, 1468, 1452, -1,
1471, 1470, 1363, -1, 1363, 1470, 1228, -1, 1228, 1470, 1229, -1, 1229, 1470, 1465, -1,
1465, 1470, 1469, -1, 1472, 1471, 954, -1, 954, 1471, 955, -1, 955, 1471, 956, -1,
956, 1471, 957, -1, 957, 1471, 958, -1, 958, 1471, 1362, -1, 1362, 1471, 1363, -1,
1473, 1472, 950, -1, 950, 1472, 951, -1, 951, 1472, 952, -1, 952, 1472, 953, -1,
953, 1472, 954, -1, 1316, 1336, 1369, -1, 1316, 1369, 1317, -1, 1317, 1369, 1368, -1,
1317, 1368, 934, -1, 934, 1368, 1328, -1, 934, 1328, 935, -1, 935, 1328, 1327, -1,
935, 1327, 936, -1, 936, 1327, 1326, -1, 936, 1326, 937, -1, 937, 1326, 1325, -1,
937, 1325, 938, -1, 938, 1325, 1324, -1, 938, 1324, 939, -1, 939, 1324, 1323, -1,
939, 1323, 940, -1, 940, 1323, 1322, -1, 940, 1322, 941, -1, 941, 1322, 1321, -1,
941, 1321, 942, -1, 942, 1321, 1320, -1, 942, 1320, 1300, -1, 1300, 1320, 1365, -1,
1300, 1365, 1301, -1, 1301, 1365, 1364, -1, 1301, 1364, 1228, -1, 1228, 1364, 1363, -1,
1304, 1303, 924, -1, 924, 1303, 925, -1, 925, 1303, 926, -1, 926, 1303, 1227, -1,
1227, 1303, 1302, -1, 1305, 1304, 921, -1, 921, 1304, 922, -1, 922, 1304, 923, -1,
923, 1304, 924, -1, 1306, 1305, 918, -1, 918, 1305, 919, -1, 919, 1305, 920, -1,
920, 1305, 921, -1, 1333, 1332, 1366, -1, 1333, 1366, 1334, -1, 1334, 1366, 1365, -1,
1334, 1365, 1335, -1, 1335, 1365, 1320, -1, 1330, 1329, 1367, -1, 1330, 1367, 1331, -1,
1331, 1367, 1366, -1, 1331, 1366, 1332, -1, 1368, 1367, 1328, -1, 1328, 1367, 1329, -1,
1273, 1217, 1216, -1, 1273, 1216, 1274, -1, 1274, 1216, 1215, -1, 1274, 1215, 1275, -1,
1275, 1215, 1214, -1, 1275, 1214, 1276, -1, 1276, 1214, 1213, -1, 1218, 1217, 1273, -1,
1218, 1273, 1219, -1, 1219, 1273, 1272, -1, 1219, 1272, 1220, -1, 1220, 1272, 1221, -1,
929, 928, 1226, -1, 929, 1226, 930, -1, 930, 1226, 1225, -1, 930, 1225, 931, -1,
931, 1225, 1224, -1, 931, 1224, 932, -1, 932, 1224, 1223, -1, 932, 1223, 933, -1,
933, 1223, 1222, -1, 933, 1222, 918, -1, 918, 1222, 1221, -1, 918, 1221, 1306, -1,
1306, 1221, 1272, -1, 1306, 1272, 1271, -1, 1271, 1270, 1306, -1, 1306, 1270, 1307, -1,
1307, 1270, 1266, -1, 1266, 1270, 1269, -1, 1227, 1302, 1228, -1, 1228, 1302, 1301, -1,
926, 1227, 927, -1, 927, 1227, 928, -1, 928, 1227, 1226, -1, 943, 942, 1300, -1,
943, 1300, 944, -1, 944, 1300, 1319, -1, 944, 1319, 945, -1, 945, 1319, 946, -1,
948, 947, 1318, -1, 1318, 947, 1319, -1, 1319, 947, 946, -1, 948, 1318, 949, -1,
949, 1318, 934, -1, 934, 1318, 1317, -1, 1345, 1387, 1386, -1, 1345, 1386, 1346, -1,
1346, 1386, 1385, -1, 1346, 1385, 1347, -1, 1347, 1385, 1384, -1, 1347, 1384, 1348, -1,
1348, 1384, 1383, -1, 1348, 1383, 1349, -1, 1349, 1383, 1382, -1, 1349, 1382, 1350, -1,
1350, 1382, 1381, -1, 1350, 1381, 1351, -1, 1351, 1381, 1380, -1, 1351, 1380, 1336, -1,
1336, 1380, 1369, -1, 1377, 1376, 1370, -1, 1377, 1370, 1378, -1, 1378, 1370, 1369, -1,
1378, 1369, 1379, -1, 1379, 1369, 1380, -1, 1374, 1373, 1371, -1, 1374, 1371, 1375, -1,
1375, 1371, 1370, -1, 1375, 1370, 1376, -1, 1352, 1371, 1372, -1, 1372, 1371, 1373, -1,
959, 958, 1362, -1, 959, 1362, 960, -1, 960, 1362, 1361, -1, 960, 1361, 961, -1,
961, 1361, 962, -1, 964, 963, 1360, -1, 1360, 963, 1361, -1, 1361, 963, 962, -1,
965, 964, 1360, -1, 965, 1360, 950, -1, 950, 1360, 1359, -1, 950, 1359, 1473, -1,
1473, 1359, 1474, -1, 1475, 1474, 1358, -1, 1358, 1474, 1359, -1, 1293, 1292, 1358, -1,
1293, 1358, 1294, -1, 1294, 1358, 1357, -1, 1294, 1357, 1295, -1, 1295, 1357, 1296, -1,
1298, 1297, 1356, -1, 1356, 1297, 1357, -1, 1357, 1297, 1296, -1, 1298, 1356, 1299, -1,
1299, 1356, 1284, -1, 1284, 1356, 1355, -1, 1263, 1262, 1308, -1, 1263, 1308, 1264, -1,
1264, 1308, 1307, -1, 1264, 1307, 1265, -1, 1265, 1307, 1266, -1, 1260, 1259, 1309, -1,
1260, 1309, 1261, -1, 1261, 1309, 1308, -1, 1261, 1308, 1262, -1, 1337, 1336, 1316, -1,
1337, 1316, 1338, -1, 1338, 1316, 1315, -1, 1338, 1315, 1339, -1, 1339, 1315, 1340, -1,
1342, 1341, 1314, -1, 1314, 1341, 1315, -1, 1315, 1341, 1340, -1, 1342, 1314, 1343, -1,
1343, 1314, 1344, -1, 1344, 1314, 1313, -1, 1820, 1835, 1668, -1, 1820, 1668, 1585, -1,
1585, 1668, 1564, -1, 1585, 1564, 1586, -1, 1586, 1564, 1579, -1, 1586, 1579, 1587, -1,
1587, 1579, 1578, -1, 1587, 1578, 1588, -1, 1588, 1578, 1577, -1, 1588, 1577, 1589, -1,
1589, 1577, 1576, -1, 1589, 1576, 1590, -1, 1590, 1576, 1575, -1, 1590, 1575, 1591, -1,
1591, 1575, 1574, -1, 1591, 1574, 1592, -1, 1592, 1574, 1573, -1, 1592, 1573, 1593, -1,
1593, 1573, 1572, -1, 1593, 1572, 1607, -1, 1607, 1572, 1548, -1, 1607, 1548, 1540, -1,
1540, 1548, 1541, -1, 1564, 1668, 1556, -1, 1564, 1556, 1565, -1, 1565, 1556, 1555, -1,
1565, 1555, 1566, -1, 1566, 1555, 1554, -1, 1566, 1554, 1567, -1, 1567, 1554, 1553, -1,
1567, 1553, 1568, -1, 1568, 1553, 1552, -1, 1568, 1552, 1569, -1, 1569, 1552, 1551, -1,
1569, 1551, 1570, -1, 1570, 1551, 1550, -1, 1570, 1550, 1571, -1, 1571, 1550, 1549, -1,
1571, 1549, 1572, -1, 1572, 1549, 1548, -1, 1784, 1783, 1676, -1, 1784, 1676, 1820, -1,
1820, 1676, 1692, -1, 1820, 1692, 1821, -1, 1821, 1692, 1707, -1, 1821, 1707, 1822, -1,
1822, 1707, 1706, -1, 1822, 1706, 1823, -1, 1823, 1706, 1705, -1, 1823, 1705, 1824, -1,
1824, 1705, 1704, -1, 1824, 1704, 1825, -1, 1825, 1704, 1703, -1, 1825, 1703, 1826, -1,
1826, 1703, 1702, -1, 1826, 1702, 1827, -1, 1827, 1702, 1701, -1, 1827, 1701, 1828, -1,
1828, 1701, 1700, -1, 1828, 1700, 1660, -1, 1660, 1700, 1655, -1, 1660, 1655, 1661, -1,
1661, 1655, 1654, -1, 1661, 1654, 1662, -1, 1662, 1654, 1653, -1, 1662, 1653, 1652, -1,
1781, 1596, 1612, -1, 1781, 1612, 1628, -1, 1628, 1612, 1644, -1, 1628, 1644, 1629, -1,
1629, 1644, 1659, -1, 1629, 1659, 1630, -1, 1630, 1659, 1658, -1, 1630, 1658, 1631, -1,
1631, 1658, 1657, -1, 1631, 1657, 1632, -1, 1632, 1657, 1656, -1, 1632, 1656, 1633, -1,
1633, 1656, 1655, -1, 1633, 1655, 1684, -1, 1684, 1655, 1700, -1, 1684, 1700, 1685, -1,
1685, 1700, 1699, -1, 1685, 1699, 1686, -1, 1686, 1699, 1698, -1, 1686, 1698, 1687, -1,
1687, 1698, 1697, -1, 1687, 1697, 1688, -1, 1688, 1697, 1696, -1, 1688, 1696, 1689, -1,
1689, 1696, 1695, -1, 1689, 1695, 1690, -1, 1690, 1695, 1694, -1, 1690, 1694, 1691, -1,
1691, 1694, 1693, -1, 1691, 1693, 1676, -1, 1676, 1693, 1692, -1, 1556, 1668, 1532, -1,
1556, 1532, 1557, -1, 1557, 1532, 1547, -1, 1557, 1547, 1558, -1, 1558, 1547, 1546, -1,
1558, 1546, 1559, -1, 1559, 1546, 1545, -1, 1559, 1545, 1560, -1, 1560, 1545, 1544, -1,
1560, 1544, 1561, -1, 1561, 1544, 1543, -1, 1561, 1543, 1562, -1, 1562, 1543, 1542, -1,
1562, 1542, 1563, -1, 1563, 1542, 1541, -1, 1563, 1541, 1548, -1, 1612, 1596, 1611, -1,
1612, 1611, 1613, -1, 1613, 1611, 1610, -1, 1613, 1610, 1614, -1, 1614, 1610, 1609, -1,
1614, 1609, 1615, -1, 1615, 1609, 1608, -1, 1615, 1608, 1616, -1, 1616, 1608, 1607, -1,
1616, 1607, 1617, -1, 1617, 1607, 1540, -1, 1617, 1540, 1539, -1, 1619, 1618, 1538, -1,
1538, 1618, 1539, -1, 1539, 1618, 1617, -1, 1621, 1620, 1651, -1, 1651, 1620, 1652, -1,
1652, 1620, 1537, -1, 1537, 1620, 1538, -1, 1538, 1620, 1619, -1, 1633, 1684, 1683, -1,
1633, 1683, 1634, -1, 1634, 1683, 1682, -1, 1634, 1682, 1635, -1, 1635, 1682, 1636, -1,
1637, 1636, 1782, -1, 1782, 1636, 1783, -1, 1783, 1636, 1681, -1, 1681, 1636, 1682, -1,
1782, 1781, 1641, -1, 1641, 1781, 1642, -1, 1642, 1781, 1643, -1, 1643, 1781, 1628, -1,
1637, 1782, 1638, -1, 1638, 1782, 1639, -1, 1639, 1782, 1640, -1, 1640, 1782, 1641, -1,
1676, 1783, 1677, -1, 1677, 1783, 1678, -1, 1678, 1783, 1679, -1, 1679, 1783, 1680, -1,
1680, 1783, 1681, -1, 1599, 1598, 1794, -1, 1599, 1794, 1600, -1, 1600, 1794, 1793, -1,
1600, 1793, 1601, -1, 1601, 1793, 1602, -1, 1602, 1793, 1603, -1, 1603, 1793, 1604, -1,
1604, 1793, 1581, -1, 1581, 1793, 1582, -1, 1582, 1793, 1792, -1, 1605, 1604, 1595, -1,
1595, 1604, 1580, -1, 1580, 1604, 1581, -1, 1582, 1792, 1583, -1, 1583, 1792, 1584, -1,
1584, 1792, 1585, -1, 1585, 1792, 1791, -1, 1789, 1787, 1786, -1, 1789, 1786, 1790, -1,
1790, 1786, 1785, -1, 1790, 1785, 1791, -1, 1791, 1785, 1784, -1, 1791, 1784, 1585, -1,
1585, 1784, 1820, -1, 1595, 1594, 1606, -1, 1606, 1594, 1607, -1, 1607, 1594, 1593, -1,
1621, 1651, 1650, -1, 1621, 1650, 1622, -1, 1622, 1650, 1649, -1, 1622, 1649, 1623, -1,
1623, 1649, 1648, -1, 1623, 1648, 1624, -1, 1624, 1648, 1647, -1, 1624, 1647, 1625, -1,
1625, 1647, 1646, -1, 1625, 1646, 1626, -1, 1626, 1646, 1645, -1, 1626, 1645, 1627, -1,
1627, 1645, 1644, -1, 1627, 1644, 1612, -1, 1664, 1663, 1536, -1, 1536, 1663, 1537, -1,
1537, 1663, 1652, -1, 1652, 1663, 1662, -1, 1532, 1668, 1667, -1, 1532, 1667, 1533, -1,
1533, 1667, 1666, -1, 1533, 1666, 1534, -1, 1534, 1666, 1665, -1, 1534, 1665, 1535, -1,
1535, 1665, 1664, -1, 1535, 1664, 1536, -1, 1828, 1660, 1675, -1, 1828, 1675, 1829, -1,
1829, 1675, 1674, -1, 1829, 1674, 1830, -1, 1830, 1674, 1673, -1, 1830, 1673, 1831, -1,
1831, 1673, 1672, -1, 1831, 1672, 1832, -1, 1832, 1672, 1671, -1, 1832, 1671, 1833, -1,
1833, 1671, 1670, -1, 1833, 1670, 1834, -1, 1834, 1670, 1669, -1, 1834, 1669, 1835, -1,
1835, 1669, 1668, -1, 1071, 1070, 1000, -1, 1071, 1000, 1072, -1, 1072, 1000, 999, -1,
1072, 999, 1073, -1, 1067, 1004, 1003, -1, 1067, 1003, 1068, -1, 1068, 1003, 1002, -1,
1068, 1002, 1069, -1, 1069, 1002, 1001, -1, 1069, 1001, 1070, -1, 1070, 1001, 1000, -1,
1075, 1074, 1062, -1, 1062, 1074, 1063, -1, 1063, 1074, 1073, -1, 1060, 1059, 1077, -1,
1060, 1077, 1061, -1, 1061, 1077, 1076, -1, 1061, 1076, 1062, -1, 1062, 1076, 1075, -1,
1079, 1078, 1057, -1, 1057, 1078, 1058, -1, 1058, 1078, 1059, -1, 1059, 1078, 1077, -1,
1066, 1004, 1067, -1, 1605, 1595, 1606, -1, 1344, 1387, 1345, -1, 1269, 1267, 1266, -1,
1404, 1460, 1459, -1, 1804, 1010, 1009, -1, 1769, 1731, 1770, -1, 1771, 1717, 1716, -1,
1803, 1749, 1748, -1, 1404, 1421, 1420, -1, 974, 991, 990, -1, 1113, 1048, 1114, -1,
81, 80, 999, -1, 999, 80, 998, -1, 82, 81, 1000, -1, 1000, 81, 999, -1,
83, 82, 1001, -1, 1001, 82, 1000, -1, 84, 83, 1002, -1, 1002, 83, 1001, -1,
85, 84, 1003, -1, 1003, 84, 1002, -1, 86, 85, 1004, -1, 1004, 85, 1003, -1,
87, 86, 1005, -1, 1005, 86, 1004, -1, 88, 87, 1006, -1, 1006, 87, 1005, -1,
89, 88, 1007, -1, 1007, 88, 1006, -1, 90, 89, 1008, -1, 1008, 89, 1007, -1,
91, 90, 1009, -1, 1009, 90, 1008, -1, 92, 91, 1010, -1, 1010, 91, 1009, -1,
93, 92, 1011, -1, 1011, 92, 1010, -1, 94, 93, 1012, -1, 1012, 93, 1011, -1,
95, 94, 1013, -1, 1013, 94, 1012, -1, 96, 95, 1014, -1, 1014, 95, 1013, -1,
97, 96, 1015, -1, 1015, 96, 1014, -1, 98, 97, 1016, -1, 1016, 97, 1015, -1,
99, 98, 1017, -1, 1017, 98, 1016, -1, 100, 99, 1018, -1, 1018, 99, 1017, -1,
101, 100, 1019, -1, 1019, 100, 1018, -1, 102, 101, 1020, -1, 1020, 101, 1019, -1,
103, 102, 1021, -1, 1021, 102, 1020, -1, 104, 103, 1022, -1, 1022, 103, 1021, -1,
105, 104, 1023, -1, 1023, 104, 1022, -1, 106, 105, 1024, -1, 1024, 105, 1023, -1,
107, 106, 1025, -1, 1025, 106, 1024, -1, 108, 107, 1026, -1, 1026, 107, 1025, -1,
109, 108, 1027, -1, 1027, 108, 1026, -1, 110, 109, 1028, -1, 1028, 109, 1027, -1,
111, 110, 1029, -1, 1029, 110, 1028, -1, 112, 111, 1030, -1, 1030, 111, 1029, -1,
113, 112, 1031, -1, 1031, 112, 1030, -1, 114, 113, 1032, -1, 1032, 113, 1031, -1,
115, 114, 1033, -1, 1033, 114, 1032, -1, 116, 115, 1034, -1, 1034, 115, 1033, -1,
117, 116, 1035, -1, 1035, 116, 1034, -1, 118, 117, 1036, -1, 1036, 117, 1035, -1,
119, 118, 1037, -1, 1037, 118, 1036, -1, 120, 119, 1038, -1, 1038, 119, 1037, -1,
121, 120, 1039, -1, 1039, 120, 1038, -1, 122, 121, 1040, -1, 1040, 121, 1039, -1,
123, 122, 1041, -1, 1041, 122, 1040, -1, 124, 123, 1042, -1, 1042, 123, 1041, -1,
125, 124, 1043, -1, 1043, 124, 1042, -1, 126, 125, 1044, -1, 1044, 125, 1043, -1,
127, 126, 1045, -1, 1045, 126, 1044, -1, 128, 127, 1046, -1, 1046, 127, 1045, -1,
129, 128, 1047, -1, 1047, 128, 1046, -1, 130, 129, 1048, -1, 1048, 129, 1047, -1,
80, 130, 998, -1, 998, 130, 1048, -1, 228, 227, 1146, -1, 1146, 227, 1145, -1, 229, 228, 1147, -1, 1147, 228, 1146, -1, 230, 229, 1148, -1, 1148, 229, 1147, -1,
227, 230, 1145, -1, 1145, 230, 1148, -1, 296, 295, 1214, -1, 1214, 295, 1213, -1, 297, 296, 1215, -1, 1215, 296, 1214, -1, 298, 297, 1216, -1, 1216, 297, 1215, -1,
299, 298, 1217, -1, 1217, 298, 1216, -1, 300, 299, 1218, -1, 1218, 299, 1217, -1,
301, 300, 1219, -1, 1219, 300, 1218, -1, 302, 301, 1220, -1, 1220, 301, 1219, -1,
303, 302, 1221, -1, 1221, 302, 1220, -1, 304, 303, 1222, -1, 1222, 303, 1221, -1,
305, 304, 1223, -1, 1223, 304, 1222, -1, 306, 305, 1224, -1, 1224, 305, 1223, -1,
307, 306, 1225, -1, 1225, 306, 1224, -1, 308, 307, 1226, -1, 1226, 307, 1225, -1,
309, 308, 1227, -1, 1227, 308, 1226, -1, 310, 309, 1228, -1, 1228, 309, 1227, -1,
311, 310, 1229, -1, 1229, 310, 1228, -1, 312, 311, 1230, -1, 1230, 311, 1229, -1,
313, 312, 1231, -1, 1231, 312, 1230, -1, 314, 313, 1232, -1, 1232, 313, 1231, -1,
315, 314, 1233, -1, 1233, 314, 1232, -1, 316, 315, 1234, -1, 1234, 315, 1233, -1,
317, 316, 1235, -1, 1235, 316, 1234, -1, 318, 317, 1236, -1, 1236, 317, 1235, -1,
319, 318, 1237, -1, 1237, 318, 1236, -1, 320, 319, 1238, -1, 1238, 319, 1237, -1,
321, 320, 1239, -1, 1239, 320, 1238, -1, 322, 321, 1240, -1, 1240, 321, 1239, -1,
323, 322, 1241, -1, 1241, 322, 1240, -1, 324, 323, 1242, -1, 1242, 323, 1241, -1,
325, 324, 1243, -1, 1243, 324, 1242, -1, 326, 325, 1244, -1, 1244, 325, 1243, -1,
327, 326, 1245, -1, 1245, 326, 1244, -1, 328, 327, 1246, -1, 1246, 327, 1245, -1,
329, 328, 1247, -1, 1247, 328, 1246, -1, 330, 329, 1248, -1, 1248, 329, 1247, -1,
331, 330, 1249, -1, 1249, 330, 1248, -1, 332, 331, 1250, -1, 1250, 331, 1249, -1,
333, 332, 1251, -1, 1251, 332, 1250, -1, 295, 333, 1213, -1, 1213, 333, 1251, -1
            ]
          }
        }
      ]
    }
  ]
}
Transform {
  children [
    Group {
      children [
        Shape {
          appearance Appearance {
            material Material {
              diffuseColor 0.75 0.61 0.23
              specularColor 0.9 0.844 0.692
              emissiveColor 0 0 0
              ambientIntensity 0.7
              transparency 0
              shininess 0.9
            }
          }
          geometry IndexedFaceSet {
            solid TRUE
            coord Coordinate {
              point [
-3.59252 -3.048787 0.314961, -3.59252 -3.152 0.314961,
-3.59252 -3.152006 0.314961, -3.605993 -3.254334 0.314961,
-3.605993 -3.254339 0.314961, -3.632707 -3.354037 0.314961,
-3.672207 -3.449398 0.314961, -3.672209 -3.449402 0.314961,
-3.723815 -3.538786 0.314961, -3.723819 -3.538793 0.314961,
-3.757906 -3.583215 0.314961, -3.757907 -3.583215 0.314961,
-3.899863 -3.441258 0.314961, -3.876394 -3.408956 0.314961,
-3.834323 -3.326388 0.314961, -3.805687 -3.238255 0.314961,
-3.791191 -3.146728 0.314961, -3.791191 -3.054059 0.314961,
-3.805687 -2.962532 0.314961, -3.834323 -2.8744 0.314961,
-3.876394 -2.791831 0.314961, -3.888148 -2.775653 0.314961,
-3.745819 -2.633324 0.314961, -3.723817 -2.661998 0.314961,
-3.723815 -2.662001 0.314961, -3.672209 -2.751385 0.314961,
-3.672207 -2.751389 0.314961, -3.632707 -2.84675 0.314961,
-3.605993 -2.946448 0.314961, -3.605993 -2.946453 0.314961,
-3.59252 -3.048781 0.314961, -3.907793 0.667227 0.314961,
-3.948723 0.626296 0.314961, -3.980881 0.578168 0.314961,
-3.989614 0.557086 0.314961, -4.199547 0.557086 0.314961,
-4.176542 0.627889 0.314961, -4.142821 0.69407 0.314961,
-4.138615 0.705858 0.314961, -4.140579 0.733296 0.314961,
-4.154539 0.751942 0.314961, -4.154045 0.752435 0.314961,
-4.156515 0.754904 0.314961, -4.19047 0.800262 0.314961,
-4.190472 0.800265 0.314961, -4.206794 0.844029 0.314961,
-4.208128 0.847249 0.314961, -4.226142 0.868038 0.314961,
-4.252535 0.875788 0.314961, -5.252394 0.875788 0.314961,
-5.257676 0.875501 0.314961, -5.283076 0.864941 0.314961,
-5.298735 0.842326 0.314961, -5.300824 0.836018 0.314961,
-5.336481 0.778209 0.314961, -5.34212 0.772571 0.314961,
-5.353341 0.755111 0.314961, -5.355303 0.727674 0.314961,
-5.34212 0.703531 0.314961, -5.336635 0.698046 0.314961,
-5.336634 0.698044 0.314961, -5.301004 0.64028 0.314961,
-5.301002 0.640275 0.314961, -5.279653 0.575847 0.314961,
-5.277736 0.557086 0.314961, -5.466536 0.557086 0.314961,
-5.481938 0.556076 0.314961, -5.499827 0.582849 0.314961,
-5.530162 0.603118 0.314961, -5.565944 0.610235 0.314961,
-5.752952 0.610235 0.314961, -5.788734 0.603118 0.314961,
-5.819069 0.582849 0.314961, -5.839338 0.552514 0.314961,
-5.846456 0.516731 0.314961, -5.846456 0.320865 0.314961,
-5.846456 0.280511 0.314961, -5.839338 0.244729 0.314961,
-5.819069 0.214394 0.314961, -5.788734 0.194125 0.314961,
-5.777559 0.191902 0.314961, -5.777559 0.191902 0.314961,
-5.777559 -0.009306 0.314961, -5.812067 -0.00578 0.314961,
-5.876496 0.015569 0.314961, -5.8765 0.015571 0.314961,
-5.934265 0.051201 0.314961, -5.934267 0.051202 0.314961,
-5.969614 0.08655 0.314961, -5.972164 0.088924 0.314961,
-5.997186 0.100352 0.314961, -6.024414 0.096437 0.314961,
-6.045203 0.078423 0.314961, -6.052953 0.05203 0.314961,
-6.052953 -2.466291 0.314961, -6.052953 -3.048781 0.314961,
-6.052953 -3.722408 0.314961, -6.052953 -7.972638 0.314961,
-6.048541 -7.992918 0.314961, -6.030527 -8.013707 0.314961,
-6.004134 -8.021457 0.314961, -4.675409 -8.021457 0.314961,
-4.659441 -8.018772 0.314961, -4.637034 -8.002815 0.314961,
-4.626811 -7.977278 0.314961, -4.632017 -7.950268 0.314961,
-4.650999 -7.930359 0.314961, -4.720002 -7.890521 0.314961,
-4.80191 -7.82767 0.314961, -4.801913 -7.827667 0.314961,
-4.874911 -7.754669 0.314961, -4.874914 -7.754666 0.314961,
-4.937766 -7.672757 0.314961, -4.989387 -7.583346 0.314961,
-4.989389 -7.583343 0.314961, -5.028896 -7.487964 0.314961,
-5.028897 -7.48796 0.314961, -5.05065 -7.406776 0.314961,
-5.055618 -7.388235 0.314961, -5.058613 -7.365488 0.314961,
-5.069094 -7.285877 0.314961, -5.069094 -7.182627 0.314961,
-5.055618 -7.08027 0.314961, -5.052281 -7.067816 0.314961,
-5.028897 -6.980544 0.314961, -5.028896 -6.98054 0.314961,
-4.989389 -6.885161 0.314961, -4.989387 -6.885157 0.314961,
-4.937766 -6.795746 0.314961, -4.874914 -6.713838 0.314961,
-4.80191 -6.640834 0.314961, -4.720002 -6.577982 0.314961,
-4.630591 -6.526361 0.314961, -4.630587 -6.526359 0.314961,
-4.535208 -6.486852 0.314961, -4.535204 -6.486851 0.314961,
-4.435479 -6.46013 0.314961, -4.424106 -6.458632 0.314961,
-4.333121 -6.446654 0.314961, -4.333118 -6.446654 0.314961,
-4.229874 -6.446654 0.314961, -4.229871 -6.446654 0.314961,
-4.15026 -6.457135 0.314961, -4.127513 -6.46013 0.314961,
-4.027788 -6.486851 0.314961, -4.027787 -6.486852 0.314961,
-4.027784 -6.486852 0.314961, -3.932406 -6.526359 0.314961,
-3.932402 -6.526361 0.314961, -3.842991 -6.577982 0.314961,
-3.761082 -6.640834 0.314961, -3.761079 -6.640837 0.314961,
-3.688081 -6.713835 0.314961, -3.688078 -6.713838 0.314961,
-3.625227 -6.795746 0.314961, -3.573606 -6.885157 0.314961,
-3.573604 -6.885161 0.314961, -3.549998 -6.94215 0.314961,
-3.534095 -6.980544 0.314961, -3.507374 -7.080269 0.314961,
-3.493898 -7.18263 0.314961, -3.493898 -7.285874 0.314961,
-3.507374 -7.388235 0.314961, -3.534095 -7.48796 0.314961,
-3.573605 -7.583345 0.314961, -3.625227 -7.672757 0.314961,
-3.688078 -7.754666 0.314961, -3.68808 -7.754667 0.314961,
-3.688081 -7.754669 0.314961, -3.761079 -7.827667 0.314961,
-3.761081 -7.827668 0.314961, -3.761082 -7.82767 0.314961,
-3.842991 -7.890521 0.314961, -3.911993 -7.930359 0.314961,
-3.924478 -7.940668 0.314961, -3.935906 -7.96569 0.314961,
-3.931991 -7.992918 0.314961, -3.913977 -8.013707 0.314961,
-3.887583 -8.021457 0.314961, -3.00218 -8.021457 0.314961,
-2.986213 -8.018772 0.314961, -2.963806 -8.002815 0.314961,
-2.953582 -7.977278 0.314961, -2.958789 -7.950268 0.314961,
-2.977771 -7.930359 0.314961, -3.046773 -7.890521 0.314961,
-3.128682 -7.82767 0.314961, -3.128685 -7.827667 0.314961,
-3.201683 -7.754669 0.314961, -3.201686 -7.754666 0.314961,
-3.264537 -7.672757 0.314961, -3.316158 -7.583346 0.314961,
-3.31616 -7.583343 0.314961, -3.355667 -7.487964 0.314961,
-3.355669 -7.48796 0.314961, -3.377422 -7.406776 0.314961,
-3.38239 -7.388235 0.314961, -3.385385 -7.365488 0.314961,
-3.395866 -7.285877 0.314961, -3.395866 -7.182627 0.314961,
-3.38239 -7.08027 0.314961, -3.379053 -7.067816 0.314961,
-3.355669 -6.980544 0.314961, -3.355667 -6.98054 0.314961,
-3.31616 -6.885161 0.314961, -3.316158 -6.885157 0.314961,
-3.264537 -6.795746 0.314961, -3.201686 -6.713838 0.314961,
-3.128682 -6.640834 0.314961, -3.046773 -6.577982 0.314961,
-3.011867 -6.55783 0.314961, -2.999381 -6.547521 0.314961,
-2.987954 -6.522499 0.314961, -2.991869 -6.495271 0.314961,
-3.009883 -6.474482 0.314961, -3.036276 -6.466732 0.314961,
-3.229859 -6.466732 0.314961, -3.229859 -6.466732 0.314961,
-3.229861 -6.466732 0.314961, -3.290745 -6.454621 0.314961,
-3.290745 -6.454621 0.314961, -3.290747 -6.454621 0.314961,
-3.309982 -6.446654 0.314961, -3.3481 -6.430865 0.314961,
-3.348105 -6.430862 0.314961, -3.39972 -6.396374 0.314961,
-3.399722 -6.396372 0.314961, -3.445319 -6.350776 0.314961,
-3.445327 -6.350767 0.314961, -3.970786 -5.825307 0.314961,
-3.972041 -5.824096 0.314961, -3.99664 -5.811783 0.314961,
-4.02399 -5.814725 0.314961, -4.027788 -5.816298 0.314961,
-4.127513 -5.84302 0.314961, -4.229874 -5.856496 0.314961,
-4.229877 -5.856496 0.314961, -4.333115 -5.856496 0.314961,
-4.333118 -5.856496 0.314961, -4.435479 -5.84302 0.314961,
-4.535204 -5.816298 0.314961, -4.535208 -5.816297 0.314961,
-4.630587 -5.77679 0.314961, -4.630591 -5.776788 0.314961,
-4.720002 -5.725167 0.314961, -4.80191 -5.662315 0.314961,
-4.801913 -5.662313 0.314961, -4.874911 -5.589315 0.314961,
-4.874914 -5.589311 0.314961, -4.937766 -5.507403 0.314961,
-4.989387 -5.417992 0.314961, -4.989389 -5.417988 0.314961,
-5.028896 -5.322609 0.314961, -5.028897 -5.322606 0.314961,
-5.055618 -5.22288 0.314961, -5.058613 -5.200133 0.314961,
-5.069094 -5.120522 0.314961, -5.069094 -5.017272 0.314961,
-5.055618 -4.914915 0.314961, -5.028897 -4.815189 0.314961,
-5.028896 -4.815185 0.314961, -4.989389 -4.719807 0.314961,
-4.989387 -4.719803 0.314961, -4.937766 -4.630392 0.314961,
-4.874914 -4.548483 0.314961, -4.80191 -4.47548 0.314961,
-4.720002 -4.412628 0.314961, -4.630591 -4.361007 0.314961,
-4.630587 -4.361005 0.314961, -4.535208 -4.321498 0.314961,
-4.535204 -4.321497 0.314961, -4.501582 -4.312488 0.314961,
-4.435479 -4.294776 0.314961, -4.424106 -4.293278 0.314961,
-4.333121 -4.281299 0.314961, -4.333118 -4.281299 0.314961,
-4.229874 -4.281299 0.314961, -4.229871 -4.281299 0.314961,
-4.15026 -4.291781 0.314961, -4.127513 -4.294776 0.314961,
-4.027788 -4.321497 0.314961, -4.027787 -4.321497 0.314961,
-4.027784 -4.321498 0.314961, -3.932406 -4.361005 0.314961,
-3.932402 -4.361007 0.314961, -3.842991 -4.412628 0.314961,
-3.761082 -4.47548 0.314961, -3.761079 -4.475483 0.314961,
-3.688081 -4.54848 0.314961, -3.688078 -4.548483 0.314961,
-3.625227 -4.630392 0.314961, -3.573606 -4.719803 0.314961,
-3.573604 -4.719807 0.314961, -3.535669 -4.81139 0.314961,
-3.534095 -4.815189 0.314961, -3.507374 -4.914915 0.314961,
-3.493898 -5.017276 0.314961, -3.493898 -5.12052 0.314961,
-3.507374 -5.22288 0.314961, -3.534095 -5.322606 0.314961,
-3.535669 -5.326404 0.314961, -3.536307 -5.328027 0.314961,
-3.53827 -5.355465 0.314961, -3.525087 -5.379607 0.314961,
-3.345398 -5.559296 0.314961, -3.344567 -5.560108 0.314961,
-3.320117 -5.572713 0.314961, -3.292734 -5.570098 0.314961,
-3.271111 -5.553094 0.314961, -3.262114 -5.527099 0.314961,
-3.2686 -5.500367 0.314961, -3.316158 -5.417992 0.314961,
-3.31616 -5.417988 0.314961, -3.355667 -5.322609 0.314961,
-3.355669 -5.322606 0.314961, -3.38239 -5.22288 0.314961,
-3.385385 -5.200133 0.314961, -3.395866 -5.120522 0.314961,
-3.395866 -5.017272 0.314961, -3.38239 -4.914915 0.314961,
-3.355669 -4.815189 0.314961, -3.355667 -4.815185 0.314961,
-3.31616 -4.719807 0.314961, -3.316158 -4.719803 0.314961,
-3.264537 -4.630392 0.314961, -3.201686 -4.548483 0.314961,
-3.128682 -4.47548 0.314961, -3.046773 -4.412628 0.314961,
-2.957363 -4.361007 0.314961, -2.957359 -4.361005 0.314961,
-2.86198 -4.321498 0.314961, -2.861976 -4.321497 0.314961,
-2.828354 -4.312488 0.314961, -2.76225 -4.294776 0.314961,
-2.750877 -4.293278 0.314961, -2.659893 -4.281299 0.314961,
-2.65989 -4.281299 0.314961, -2.556646 -4.281299 0.314961,
-2.556643 -4.281299 0.314961, -2.477032 -4.291781 0.314961,
-2.454285 -4.294776 0.314961, -2.412137 -4.306069 0.314961,
-2.35456 -4.321496 0.314961, -2.352404 -4.32239 0.314961,
-2.350754 -4.323073 0.314961, -2.349139 -4.323709 0.314961,
-2.321702 -4.325671 0.314961, -2.297559 -4.312488 0.314961,
-1.953472 -3.968402 0.314961, -1.946923 -3.960275 0.314961,
-1.939173 -3.933881 0.314961, -1.939173 -3.662991 0.314961,
-1.939298 -3.659508 0.314961, -1.948911 -3.633735 0.314961,
-1.970931 -3.61725 0.314961, -1.998369 -3.615287 0.314961,
-2.022512 -3.62847 0.314961, -2.08785 -3.693809 0.314961,
-2.087852 -3.69381 0.314961, -2.087854 -3.693812 0.314961,
-2.169763 -3.756663 0.314961, -2.259174 -3.808285 0.314961,
-2.354559 -3.847794 0.314961, -2.454285 -3.874516 0.314961,
-2.556646 -3.887992 0.314961, -2.556648 -3.887992 0.314961,
-2.659887 -3.887992 0.314961, -2.65989 -3.887992 0.314961,
-2.661388 -3.887795 0.314961, -2.664493 -3.887386 0.314961,
-2.76225 -3.874516 0.314961, -2.861976 -3.847794 0.314961,
-2.86198 -3.847793 0.314961, -2.957359 -3.808286 0.314961,
-2.957363 -3.808284 0.314961, -3.046773 -3.756663 0.314961,
-3.128682 -3.693811 0.314961, -3.128685 -3.693809 0.314961,
-3.201683 -3.620811 0.314961, -3.201686 -3.620807 0.314961,
-3.264537 -3.538899 0.314961, -3.316158 -3.449488 0.314961,
-3.31616 -3.449484 0.314961, -3.355667 -3.354106 0.314961,
-3.355669 -3.354102 0.314961, -3.362194 -3.329749 0.314961,
-3.38239 -3.254376 0.314961, -3.391323 -3.186522 0.314961,
-3.395866 -3.152019 0.314961, -3.395866 -3.048769 0.314961,
-3.382395 -2.946453 0.314961, -3.38239 -2.946411 0.314961,
-3.355669 -2.846685 0.314961, -3.355667 -2.846681 0.314961,
-3.31616 -2.751303 0.314961, -3.316158 -2.751299 0.314961,
-3.264537 -2.661888 0.314961, -3.201686 -2.57998 0.314961,
-3.128682 -2.506976 0.314961, -3.046773 -2.444124 0.314961,
-2.957363 -2.392503 0.314961, -2.957359 -2.392501 0.314961,
-2.86198 -2.352994 0.314961, -2.861976 -2.352993 0.314961,
-2.842616 -2.347806 0.314961, -2.76225 -2.326272 0.314961,
-2.746267 -2.324167 0.314961, -2.659893 -2.312795 0.314961,
-2.65989 -2.312795 0.314961, -2.556646 -2.312795 0.314961,
-2.556643 -2.312795 0.314961, -2.477032 -2.323277 0.314961,
-2.454285 -2.326272 0.314961, -2.354559 -2.352993 0.314961,
-2.354559 -2.352993 0.314961, -2.354556 -2.352994 0.314961,
-2.259177 -2.392501 0.314961, -2.259173 -2.392503 0.314961,
-2.1768 -2.440061 0.314961, -2.175787 -2.44063 0.314961,
-2.148907 -2.446478 0.314961, -2.123134 -2.436865 0.314961,
-2.106649 -2.414844 0.314961, -2.104687 -2.387406 0.314961,
-2.11787 -2.363263 0.314961, -2.768804 -1.71233 0.314961,
-2.77693 -1.705781 0.314961, -2.803324 -1.698031 0.314961,
-3.320478 -1.698031 0.314961, -3.339932 -1.702074 0.314961,
-3.361051 -1.7197 0.314961, -3.369288 -1.745946 0.314961,
-3.362028 -1.772478 0.314961, -3.3325 -1.82035 0.314961,
-3.332498 -1.820355 0.314961, -3.311149 -1.884783 0.314961,
-3.307087 -1.924546 0.314961, -3.307086 -1.924552 0.314961,
-3.307086 -1.963583 0.314961, -3.503936 -1.963583 0.314961,
-3.503936 -1.943898 0.314961, -3.511054 -1.908116 0.314961,
-3.531323 -1.877781 0.314961, -3.561658 -1.857512 0.314961,
-3.59744 -1.850394 0.314961, -3.784448 -1.850394 0.314961,
-3.82023 -1.857512 0.314961, -3.850565 -1.877781 0.314961,
-3.870834 -1.908116 0.314961, -3.877952 -1.943898 0.314961,
-3.877952 -1.963583 0.314961, -4.074802 -1.963583 0.314961,
-4.074802 -1.924546 0.314961, -4.07074 -1.884783 0.314961,
-4.049391 -1.820355 0.314961, -4.049389 -1.82035 0.314961,
-4.01986 -1.772478 0.314961, -4.013089 -1.753797 0.314961,
-4.017004 -1.72657 0.314961, -4.035017 -1.705781 0.314961,
-4.061411 -1.698031 0.314961, -4.216625 -1.698031 0.314961,
-4.23198 -1.700508 0.314961, -4.256791 -1.70873 0.314961,
-4.274792 -1.710569 0.314961, -4.29658 -1.712794 0.314961,
-4.296581 -1.712794 0.314961, -4.296585 -1.712795 0.314961,
-4.532157 -1.712795 0.314961, -4.57195 -1.70873 0.314961,
-4.636424 -1.687365 0.314961, -4.694233 -1.651709 0.314961,
-4.739102 -1.606839 0.314961, -4.756561 -1.595619 0.314961,
-4.783999 -1.593656 0.314961, -4.808142 -1.606839 0.314961,
-4.853011 -1.651709 0.314961, -4.91082 -1.687365 0.314961,
-4.975294 -1.70873 0.314961, -4.993295 -1.710569 0.314961,
-5.015083 -1.712794 0.314961, -5.015085 -1.712794 0.314961,
-5.015088 -1.712795 0.314961, -5.25066 -1.712795 0.314961,
-5.290454 -1.70873 0.314961, -5.354927 -1.687365 0.314961,
-5.412736 -1.651709 0.314961, -5.460763 -1.603681 0.314961,
-5.49642 -1.545872 0.314961, -5.5035 -1.524507 0.314961,
-5.517785 -1.481398 0.314961, -5.52185 -1.441609 0.314961,
-5.52185 -1.441602 0.314961, -5.52185 -1.215872 0.314961,
-5.517785 -1.176082 0.314961, -5.517785 -1.176082 0.314961,
-5.517785 -1.176081 0.314961, -5.49642 -1.111608 0.314961,
-5.49642 -1.111607 0.314961, -5.460763 -1.053798 0.314961,
-5.459 -1.05157 0.314961, -5.459166 -1.051439 0.314961,
-5.455781 -1.047239 0.314961, -5.448031 -1.020846 0.314961,
-5.448031 -0.771123 0.314961, -5.43592 -0.71024 0.314961,
-5.435919 -0.710235 0.314961, -5.412164 -0.652884 0.314961,
-5.412161 -0.652879 0.314961, -5.377673 -0.601264 0.314961,
-5.347434 -0.571025 0.314961, -5.333775 -0.557366 0.314961,
-4.844602 -0.068193 0.314961, -4.844602 -0.068193 0.314961,
-4.844601 -0.068192 0.314961, -4.792986 -0.033704 0.314961,
-4.792983 -0.033702 0.314961, -4.752428 -0.016904 0.314961,
-4.752428 -0.016904 0.314961, -4.735631 -0.009946 0.314961,
-4.735626 -0.009945 0.314961, -4.674742 0.002166 0.314961,
-4.121786 0.002166 0.314961, -4.111409 0.003281 0.314961,
-4.087266 0.016464 0.314961, -4.041199 0.062531 0.314961,
-3.978506 0.108081 0.314961, -3.909459 0.143262 0.314961,
-3.872511 0.155268 0.314961, -3.853077 0.167177 0.314961,
-3.846953 0.173301 0.314961, -3.806186 0.156415 0.314961,
-3.749414 0.145122 0.314961, -3.69153 0.145122 0.314961,
-3.634757 0.156415 0.314961, -3.593991 0.173301 0.314961,
-3.587866 0.167176 0.314961, -3.568432 0.155267 0.314961,
-3.531485 0.143261 0.314961, -3.462439 0.108081 0.314961,
-3.399746 0.062531 0.314961, -3.34495 0.007735 0.314961,
-3.2994 -0.054958 0.314961, -3.282778 -0.08758 0.314961,
-3.26422 -0.124004 0.314961, -3.26422 -0.124004 0.314961,
-3.264219 -0.124006 0.314961, -3.251383 -0.16351 0.314961,
-3.240272 -0.197706 0.314961, -3.22815 -0.274243 0.314961,
-3.22815 -0.351741 0.314961, -3.240272 -0.428278 0.314961,
-3.264219 -0.501978 0.314961, -3.2994 -0.571025 0.314961,
-3.34495 -0.633719 0.314961, -3.399746 -0.688515 0.314961,
-3.462439 -0.734064 0.314961, -3.531486 -0.769245 0.314961,
-3.605187 -0.793192 0.314961, -3.681724 -0.805315 0.314961,
-3.759219 -0.805315 0.314961, -3.759221 -0.805315 0.314961,
-3.835759 -0.793192 0.314961, -3.869954 -0.782081 0.314961,
-3.909459 -0.769245 0.314961, -3.90946 -0.769244 0.314961,
-3.909461 -0.769244 0.314961, -3.945884 -0.750686 0.314961,
-3.978506 -0.734064 0.314961, -4.041199 -0.688515 0.314961,
-4.087266 -0.642448 0.314961, -4.095393 -0.635899 0.314961,
-4.121786 -0.628149 0.314961, -4.492937 -0.628149 0.314961,
-4.503314 -0.629265 0.314961, -4.527457 -0.642448 0.314961,
-4.803417 -0.918409 0.314961, -4.809966 -0.926535 0.314961,
-4.817716 -0.952929 0.314961, -4.817716 -1.011396 0.314961,
-4.817592 -1.014879 0.314961, -4.81698 -1.01652 0.314961,
-4.815739 -1.02515 0.314961, -4.811025 -1.032484 0.314961,
-4.807979 -1.040652 0.314961, -4.803734 -1.04383 0.314961,
-4.800867 -1.048291 0.314961, -4.792937 -1.051912 0.314961,
-4.785958 -1.057137 0.314961, -4.780669 -1.057515 0.314961,
-4.775845 -1.059718 0.314961, -4.767216 -1.058477 0.314961,
-4.75852 -1.059099 0.314961, -4.753866 -1.056557 0.314961,
-4.748617 -1.055803 0.314961, -4.74203 -1.050094 0.314961,
-4.734377 -1.045916 0.314961, -4.694233 -1.005772 0.314961,
-4.636425 -0.970115 0.314961, -4.636424 -0.970115 0.314961,
-4.57195 -0.94875 0.314961, -4.532161 -0.944685 0.314961,
-4.532154 -0.944685 0.314961, -4.296584 -0.944685 0.314961,
-4.256791 -0.94875 0.314961, -4.256791 -0.94875 0.314961,
-4.192887 -0.969926 0.314961, -4.192318 -0.970115 0.314961,
-4.192316 -0.970115 0.314961, -4.179085 -0.978277 0.314961,
-4.134508 -1.005772 0.314961, -4.134508 -1.005772 0.314961,
-4.086863 -1.053417 0.314961, -4.078736 -1.059966 0.314961,
-4.052343 -1.067716 0.314961, -4.018525 -1.067716 0.314961,
-4.008148 -1.0666 0.314961, -4.007213 -1.066089 0.314961,
-4.004771 -1.065738 0.314961, -3.994607 -1.059206 0.314961,
-3.984005 -1.053417 0.314961, -3.965887 -1.035299 0.314961,
-3.908079 -0.999642 0.314961, -3.908078 -0.999642 0.314961,
-3.843604 -0.978277 0.314961, -3.803815 -0.974212 0.314961,
-3.803808 -0.974212 0.314961, -3.57808 -0.974212 0.314961,
-3.538288 -0.978277 0.314961, -3.538287 -0.978277 0.314961,
-3.473813 -0.999642 0.314961, -3.416005 -1.035298 0.314961,
-3.416004 -1.035299 0.314961, -3.397886 -1.053417 0.314961,
-3.389759 -1.059966 0.314961, -3.363366 -1.067716 0.314961,
-2.62152 -1.067716 0.314961, -2.621519 -1.067716 0.314961,
-2.560635 -1.079826 0.314961, -2.56063 -1.079828 0.314961,
-2.50328 -1.103583 0.314961, -2.503274 -1.103585 0.314961,
-2.451659 -1.138074 0.314961, -2.451657 -1.138075 0.314961,
-1.530386 -2.059346 0.314961, -1.527836 -2.061721 0.314961,
-1.502814 -2.073148 0.314961, -1.475586 -2.069233 0.314961,
-1.454797 -2.05122 0.314961, -1.447047 -2.024826 0.314961,
-1.447047 -0.495252 0.314961, -1.448163 -0.484874 0.314961,
-1.461346 -0.460731 0.314961, -2.783567 0.861489 0.314961,
-2.791694 0.868038 0.314961, -2.818087 0.875788 0.314961,
-3.188409 0.875788 0.314961, -3.191893 0.875663 0.314961,
-3.217666 0.86605 0.314961, -3.23415 0.844029 0.314961,
-3.247579 0.808026 0.314961, -3.250474 0.800264 0.314961,
-3.284431 0.754904 0.314961, -3.284434 0.754902 0.314961,
-3.286898 0.752436 0.314961, -3.286872 0.752409 0.314961,
-3.292856 0.746594 0.314961, -3.3032 0.721106 0.314961,
-3.298123 0.69407 0.314961, -3.264402 0.627887 0.314961,
-3.240463 0.554214 0.314961, -3.228346 0.477709 0.314961,
-3.228346 0.400243 0.314961, -3.240463 0.323737 0.314961,
-3.264402 0.250064 0.314961, -3.299568 0.181045 0.314961,
-3.309575 0.167273 0.314961, -3.309575 0.167272 0.314961,
-3.454797 0.312495 0.314961, -3.437911 0.353261 0.314961,
-3.426618 0.410033 0.314961, -3.426618 0.467918 0.314961,
-3.437911 0.52469 0.314961, -3.460062 0.578168 0.314961,
-3.49222 0.626296 0.314961, -3.533151 0.667227 0.314961,
-3.58128 0.699385 0.314961, -3.634757 0.721537 0.314961,
-3.69153 0.73283 0.314961, -3.749414 0.73283 0.314961,
-3.806186 0.721537 0.314961, -3.859664 0.699385 0.314961,
-3.882952 0.438976 0.314961, -3.870584 0.501154 0.314961,
-3.835363 0.553867 0.314961, -3.78265 0.589088 0.314961,
-3.720472 0.601456 0.314961, -3.658293 0.589088 0.314961,
-3.605581 0.553867 0.314961, -3.570359 0.501154 0.314961,
-3.557991 0.438976 0.314961, -3.570359 0.376797 0.314961,
-3.605581 0.324085 0.314961, -3.658293 0.288863 0.314961,
-3.720472 0.276495 0.314961, -3.78265 0.288863 0.314961,
-3.835363 0.324085 0.314961, -3.870584 0.376797 0.314961,
-3.986147 0.312495 0.314961, -4.131369 0.167273 0.314961,
-4.13137 0.167273 0.314961, -4.141375 0.181044 0.314961,
-4.176542 0.250064 0.314961, -4.199547 0.320865 0.314961,
-3.989614 0.320865 0.314961, -3.882953 1.190945 0.314961,
-3.870585 1.253124 0.314961, -3.835363 1.305836 0.314961,
-3.782651 1.341058 0.314961, -3.720472 1.353426 0.314961,
-3.658294 1.341058 0.314961, -3.605582 1.305836 0.314961,
-3.57036 1.253124 0.314961, -3.557992 1.190945 0.314961,
-3.57036 1.128767 0.314961, -3.605582 1.076054 0.314961,
-3.658294 1.040833 0.314961, -3.720472 1.028465 0.314961,
-3.782651 1.040833 0.314961, -3.835363 1.076054 0.314961,
-3.870585 1.128767 0.314961, 1.465228 -5.807639 0.314961,
1.551522 -5.738821 0.314961, 1.629569 -5.660774 0.314961,
1.698387 -5.57448 0.314961, 1.75711 -5.481022 0.314961,
1.805 -5.381578 0.314961, 1.841454 -5.277397 0.314961,
1.866015 -5.16979 0.314961, 1.878373 -5.060109 0.314961,
1.879921 -5.004921 0.314961, 1.879921 5.103346 0.314961,
1.878373 5.158534 0.314961, 1.866015 5.268215 0.314961,
1.841454 5.375822 0.314961, 1.805 5.480004 0.314961,
1.75711 5.579448 0.314961, 1.698387 5.672905 0.314961,
1.673228 5.704452 0.314961, 1.673228 5.979331 0.314961,
1.34157 5.979331 0.314961, 1.272326 6.012677 0.314961,
1.168145 6.049131 0.314961, 1.060538 6.073692 0.314961,
0.950857 6.08605 0.314961, 0.840482 6.08605 0.314961,
0.730801 6.073692 0.314961, 0.623193 6.049131 0.314961,
0.519012 6.012677 0.314961, 0.449769 5.979331 0.314961,
0.07874 5.979331 0.314961, 0.07874 5.650287 0.314961,
0.034229 5.579448 0.314961, -0.013661 5.480004 0.314961,
-0.050115 5.375822 0.314961, -0.074676 5.268215 0.314961,
-0.087034 5.158534 0.314961, -0.088583 5.103346 0.314961,
-0.088583 -5.004921 0.314961, -0.087034 -5.060109 0.314961,
-0.074676 -5.16979 0.314961, -0.050115 -5.277397 0.314961,
-0.013661 -5.381578 0.314961, 0.034229 -5.481022 0.314961,
0.092952 -5.57448 0.314961, 0.16177 -5.660774 0.314961,
0.239817 -5.738821 0.314961, 0.25891 -5.754047 0.314961,
0.291269 -5.786407 0.314961, 0.374004 -5.849891 0.314961,
0.464317 -5.902033 0.314961, 0.560663 -5.941941 0.314961,
0.661394 -5.968932 0.314961, 0.764787 -5.982544 0.314961,
0.795385 -5.982544 0.314961, 0.840482 -5.987625 0.314961,
0.950857 -5.987625 0.314961, 1.060538 -5.975267 0.314961,
1.168145 -5.950706 0.314961, 1.272326 -5.914252 0.314961,
1.37177 -5.866362 0.314961, 1.41248 5.182087 0.314961,
1.371642 4.976778 0.314961, 1.255344 4.802727 0.314961,
1.081292 4.686429 0.314961, 0.875984 4.645591 0.314961,
0.670676 4.686429 0.314961, 0.496624 4.802727 0.314961,
0.380327 4.976778 0.314961, 0.339488 5.182087 0.314961,
0.380327 5.387395 0.314961, 0.496624 5.561447 0.314961,
0.670676 5.677744 0.314961, 0.875984 5.718583 0.314961,
1.081292 5.677744 0.314961, 1.255344 5.561447 0.314961,
1.371642 5.387395 0.314961, 0.321271 -4.981699 0.314961,
0.437569 -4.807647 0.314961, 0.611621 -4.691349 0.314961,
0.816929 -4.650511 0.314961, 1.022237 -4.691349 0.314961,
1.196289 -4.807647 0.314961, 1.312586 -4.981699 0.314961,
1.353425 -5.187007 0.314961, 1.312586 -5.392315 0.314961,
1.196289 -5.566367 0.314961, 1.022237 -5.682664 0.314961,
0.816929 -5.723503 0.314961, 0.611621 -5.682664 0.314961,
0.437569 -5.566367 0.314961, 0.321271 -5.392315 0.314961,
0.280433 -5.187007 0.314961, -5.27559 0.300196 0.314961,
-5.27559 0.261164 0.314961, -5.27559 0.261159 0.314961,
-5.279653 0.221396 0.314961, -5.301002 0.156968 0.314961,
-5.301004 0.156963 0.314961, -5.336634 0.099198 0.314961,
-5.336635 0.099197 0.314961, -5.38463 0.051202 0.314961,
-5.384631 0.051201 0.314961, -5.442396 0.015571 0.314961,
-5.442401 0.015569 0.314961, -5.506829 -0.00578 0.314961,
-5.541339 -0.009306 0.314961, -5.541339 0.191902 0.314961,
-5.530162 0.194125 0.314961, -5.499827 0.214394 0.314961,
-5.479558 0.244729 0.314961, -5.476034 0.262445 0.314961,
-5.438283 0.300196 0.314961, -3.473897 -2.445061 0.314961,
-3.538325 -2.46641 0.314961, -3.578088 -2.470472 0.314961,
-3.578094 -2.470473 0.314961, -3.589825 -2.470473 0.314961,
-3.581824 -2.456615 0.314961, -3.573844 -2.426833 0.314961,
-3.572834 -2.411417 0.314961, -3.572834 -2.268728 0.314961,
-3.561658 -2.266505 0.314961, -3.531323 -2.246236 0.314961,
-3.511054 -2.215901 0.314961, -3.503936 -2.180119 0.314961,
-3.503936 -2.160434 0.314961, -3.307086 -2.160434 0.314961,
-3.307086 -2.199466 0.314961, -3.307086 -2.199471 0.314961,
-3.311149 -2.239234 0.314961, -3.332498 -2.303662 0.314961,
-3.3325 -2.303667 0.314961, -3.36813 -2.361431 0.314961,
-3.368131 -2.361433 0.314961, -3.416126 -2.409428 0.314961,
-3.416128 -2.409429 0.314961, -3.473893 -2.445059 0.314961,
-4.071359 -3.603921 0.314961, -4.039057 -3.580452 0.314961,
-3.8971 -3.722408 0.314961, -3.8971 -3.722409 0.314961,
-3.941522 -3.756496 0.314961, -3.941529 -3.7565 0.314961,
-4.030913 -3.808106 0.314961, -4.030917 -3.808108 0.314961,
-4.126278 -3.847608 0.314961, -4.225976 -3.874322 0.314961,
-4.225981 -3.874322 0.314961, -4.328309 -3.887795 0.314961,
-4.328315 -3.887795 0.314961, -4.431528 -3.887795 0.314961,
-4.431533 -3.887795 0.314961, -4.533862 -3.874322 0.314961,
-4.533867 -3.874322 0.314961, -4.633565 -3.847608 0.314961,
-4.728926 -3.808108 0.314961, -4.72893 -3.808106 0.314961,
-4.818314 -3.7565 0.314961, -4.818317 -3.756498 0.314961,
-4.862743 -3.722409 0.314961, -4.862743 -3.722408 0.314961,
-4.720787 -3.580452 0.314961, -4.688483 -3.603921 0.314961,
-4.605915 -3.645992 0.314961, -4.517783 -3.674628 0.314961,
-4.426256 -3.689124 0.314961, -4.333587 -3.689124 0.314961,
-4.24206 -3.674628 0.314961, -4.153927 -3.645992 0.314961,
-4.688483 -2.596866 0.314961, -4.704662 -2.60862 0.314961,
-4.846991 -2.466291 0.314961, -4.818319 -2.44429 0.314961,
-4.72893 -2.392681 0.314961, -4.728926 -2.392679 0.314961,
-4.633565 -2.353179 0.314961, -4.533867 -2.326465 0.314961,
-4.533862 -2.326465 0.314961, -4.431533 -2.312992 0.314961,
-4.328309 -2.312992 0.314961, -4.225981 -2.326465 0.314961,
-4.225976 -2.326465 0.314961, -4.126276 -2.35318 0.314961,
-4.126277 -2.35318 0.314961, -4.116728 -2.357135 0.314961,
-4.089442 -2.360086 0.314961, -4.064828 -2.347806 0.314961,
-4.05076 -2.324167 0.314961, -4.051706 -2.296676 0.314961,
-4.07074 -2.239234 0.314961, -4.074802 -2.199471 0.314961,
-4.074802 -2.160434 0.314961, -3.877952 -2.160434 0.314961,
-3.877952 -2.180119 0.314961, -3.870834 -2.215901 0.314961,
-3.850565 -2.246236 0.314961, -3.82023 -2.266505 0.314961,
-3.809054 -2.268728 0.314961, -3.809054 -2.362494 0.314961,
-3.917033 -2.470473 0.314961, -4.055181 -2.60862 0.314961,
-4.071359 -2.596866 0.314961, -4.153927 -2.554796 0.314961,
-4.24206 -2.526159 0.314961, -4.333587 -2.511663 0.314961,
-4.426256 -2.511663 0.314961, -4.517783 -2.526159 0.314961,
-4.605915 -2.554796 0.314961, -4.680197 -3.100394 0.314961,
-4.65734 -2.985483 0.314961, -4.592248 -2.888067 0.314961,
-4.494832 -2.822975 0.314961, -4.379921 -2.800118 0.314961,
-4.265011 -2.822975 0.314961, -4.167594 -2.888067 0.314961,
-4.102503 -2.985483 0.314961, -4.079646 -3.100394 0.314961,
-4.102503 -3.215304 0.314961, -4.167594 -3.312721 0.314961,
-4.265011 -3.377812 0.314961, -4.379921 -3.400669 0.314961,
-4.494832 -3.377812 0.314961, -4.592248 -3.312721 0.314961,
-4.65734 -3.215304 0.314961, -5.087634 -3.449402 0.314961,
-5.087636 -3.449398 0.314961, -5.127136 -3.354037 0.314961,
-5.15385 -3.254339 0.314961, -5.15385 -3.254334 0.314961,
-5.167323 -3.152006 0.314961, -5.167323 -3.048781 0.314961,
-5.15385 -2.946453 0.314961, -5.15385 -2.946448 0.314961,
-5.127136 -2.84675 0.314961, -5.087636 -2.751389 0.314961,
-5.087634 -2.751385 0.314961, -5.036025 -2.661996 0.314961,
-5.014024 -2.633324 0.314961, -4.871695 -2.775653 0.314961,
-4.883449 -2.791831 0.314961, -4.925519 -2.8744 0.314961,
-4.954156 -2.962532 0.314961, -4.968652 -3.054059 0.314961,
-4.968652 -3.146728 0.314961, -4.954156 -3.238255 0.314961,
-4.925519 -3.326388 0.314961, -4.883449 -3.408956 0.314961,
-4.85998 -3.441257 0.314961, -4.859981 -3.441258 0.314961,
-5.001937 -3.583215 0.314961, -5.036026 -3.538789 0.314961,
-5.036028 -3.538786 0.314961, -3.907793 -0.084741 0.314961,
-3.948724 -0.125671 0.314961, -3.980882 -0.1738 0.314961,
-3.989615 -0.194881 0.314961, -4.6437 -0.194881 0.314961,
-4.659117 -0.195892 0.314961, -4.688899 -0.203872 0.314961,
-4.715601 -0.219289 0.314961, -4.727217 -0.229475 0.314961,
-5.21639 -0.718648 0.314961, -5.226577 -0.730264 0.314961,
-5.241993 -0.756966 0.314961, -5.249973 -0.786748 0.314961,
-5.250984 -0.802165 0.314961, -5.250984 -1.145648 0.314961,
-5.267081 -1.14885 0.314961, -5.297416 -1.169119 0.314961,
-5.317685 -1.199454 0.314961, -5.324803 -1.235236 0.314961,
-5.324803 -1.422244 0.314961, -5.317685 -1.458026 0.314961,
-5.297416 -1.488361 0.314961, -5.267081 -1.50863 0.314961,
-5.231299 -1.515748 0.314961, -5.034448 -1.515748 0.314961,
-4.998666 -1.50863 0.314961, -4.968331 -1.488361 0.314961,
-4.948062 -1.458026 0.314961, -4.940944 -1.422244 0.314961,
-4.940944 -1.235236 0.314961, -4.948062 -1.199454 0.314961,
-4.968331 -1.169119 0.314961, -4.998666 -1.14885 0.314961,
-5.014763 -1.145648 0.314961, -5.014763 -0.851088 0.314961,
-4.594778 -0.431102 0.314961, -3.989615 -0.431102 0.314961,
-3.980882 -0.452184 0.314961, -3.948724 -0.500313 0.314961,
-3.907793 -0.541243 0.314961, -3.859665 -0.573402 0.314961,
-3.806187 -0.595553 0.314961, -3.749415 -0.606846 0.314961,
-3.69153 -0.606846 0.314961, -3.634758 -0.595553 0.314961,
-3.58128 -0.573402 0.314961, -3.533152 -0.541243 0.314961,
-3.492221 -0.500313 0.314961, -3.460063 -0.452184 0.314961,
-3.437911 -0.398706 0.314961, -3.426619 -0.341934 0.314961,
-3.426619 -0.28405 0.314961, -3.437911 -0.227278 0.314961,
-3.460063 -0.1738 0.314961, -3.492221 -0.125671 0.314961,
-3.533152 -0.084741 0.314961, -3.58128 -0.052582 0.314961,
-3.634758 -0.030431 0.314961, -3.69153 -0.019138 0.314961,
-3.749415 -0.019138 0.314961, -3.806187 -0.030431 0.314961,
-3.859665 -0.052582 0.314961, -3.882953 -0.312992 0.314961,
-3.870585 -0.250813 0.314961, -3.835363 -0.198101 0.314961,
-3.782651 -0.162879 0.314961, -3.720472 -0.150511 0.314961,
-3.658294 -0.162879 0.314961, -3.605582 -0.198101 0.314961,
-3.57036 -0.250813 0.314961, -3.557992 -0.312992 0.314961,
-3.57036 -0.37517 0.314961, -3.605582 -0.427883 0.314961,
-3.658294 -0.463104 0.314961, -3.720472 -0.475472 0.314961,
-3.782651 -0.463104 0.314961, -3.835363 -0.427883 0.314961,
-3.870585 -0.37517 0.314961, 5.408386 -1.793307 0.314961,
5.416259 -1.753728 0.314961, 5.438678 -1.720174 0.314961,
5.472232 -1.697754 0.314961, 5.511811 -1.689881 0.314961,
5.55139 -1.697754 0.314961, 5.584944 -1.720174 0.314961,
5.607363 -1.753728 0.314961, 5.615236 -1.793307 0.314961,
5.607363 -1.832886 0.314961, 5.584944 -1.866439 0.314961,
5.55139 -1.888859 0.314961, 5.511811 -1.896732 0.314961,
5.472232 -1.888859 0.314961, 5.438678 -1.866439 0.314961,
5.416259 -1.832886 0.314961, 5.472232 -2.41248 0.314961,
5.438678 -2.390061 0.314961, 5.416259 -2.356507 0.314961,
5.408386 -2.316928 0.314961, 5.416259 -2.277349 0.314961,
5.438678 -2.243795 0.314961, 5.472232 -2.221376 0.314961,
5.511811 -2.213503 0.314961, 5.55139 -2.221376 0.314961,
5.584944 -2.243795 0.314961, 5.607363 -2.277349 0.314961,
5.615236 -2.316928 0.314961, 5.607363 -2.356507 0.314961,
5.584944 -2.390061 0.314961, 5.55139 -2.41248 0.314961,
5.511811 -2.420353 0.314961, 5.408386 -0.742124 0.314961,
5.416259 -0.702545 0.314961, 5.438679 -0.668992 0.314961,
5.472232 -0.646572 0.314961, 5.511811 -0.638699 0.314961,
5.551391 -0.646572 0.314961, 5.584944 -0.668992 0.314961,
5.607364 -0.702545 0.314961, 5.615237 -0.742124 0.314961,
5.607364 -0.781704 0.314961, 5.584944 -0.815257 0.314961,
5.551391 -0.837677 0.314961, 5.511811 -0.84555 0.314961,
5.472232 -0.837677 0.314961, 5.438679 -0.815257 0.314961,
5.416259 -0.781704 0.314961, 5.408385 -1.265747 0.314961,
5.416258 -1.226168 0.314961, 5.438678 -1.192614 0.314961,
5.472231 -1.170194 0.314961, 5.51181 -1.162322 0.314961,
5.551389 -1.170194 0.314961, 5.584943 -1.192614 0.314961,
5.607363 -1.226168 0.314961, 5.615235 -1.265747 0.314961,
5.607363 -1.305326 0.314961, 5.584943 -1.33888 0.314961,
5.551389 -1.361299 0.314961, 5.51181 -1.369172 0.314961,
5.472231 -1.361299 0.314961, 5.438678 -1.33888 0.314961,
5.416258 -1.305326 0.314961, 5.254843 -0.269685 0.314961,
5.262715 -0.230106 0.314961, 5.285135 -0.196552 0.314961,
5.318689 -0.174132 0.314961, 5.358268 -0.166259 0.314961,
5.397847 -0.174132 0.314961, 5.4314 -0.196552 0.314961,
5.45382 -0.230106 0.314961, 5.461693 -0.269685 0.314961,
5.45382 -0.309264 0.314961, 5.4314 -0.342817 0.314961,
5.397847 -0.365237 0.314961, 5.358268 -0.37311 0.314961,
5.318689 -0.365237 0.314961, 5.285135 -0.342817 0.314961,
5.262715 -0.309264 0.314961, 5.254843 -2.789369 0.314961,
5.262716 -2.749789 0.314961, 5.285135 -2.716236 0.314961,
5.318689 -2.693816 0.314961, 5.358268 -2.685943 0.314961,
5.397847 -2.693816 0.314961, 5.431401 -2.716236 0.314961,
5.453821 -2.749789 0.314961, 5.461693 -2.789369 0.314961,
5.453821 -2.828948 0.314961, 5.431401 -2.862501 0.314961,
5.397847 -2.884921 0.314961, 5.358268 -2.892794 0.314961,
5.318689 -2.884921 0.314961, 5.285135 -2.862501 0.314961,
5.262716 -2.828948 0.314961, 3.947757 -0.269685 0.314961,
3.955629 -0.230106 0.314961, 3.978049 -0.196552 0.314961,
4.011603 -0.174133 0.314961, 4.051182 -0.16626 0.314961,
4.090761 -0.174133 0.314961, 4.124315 -0.196552 0.314961,
4.146734 -0.230106 0.314961, 4.154607 -0.269685 0.314961,
4.146734 -0.309264 0.314961, 4.124315 -0.342818 0.314961,
4.090761 -0.365237 0.314961, 4.051182 -0.37311 0.314961,
4.011603 -0.365237 0.314961, 3.978049 -0.342818 0.314961,
3.955629 -0.309264 0.314961, 4.84933 0.025589 0.314961,
4.857203 0.065168 0.314961, 4.879623 0.098722 0.314961,
4.913176 0.121142 0.314961, 4.952756 0.129015 0.314961,
4.992335 0.121142 0.314961, 5.025888 0.098722 0.314961,
5.048308 0.065168 0.314961, 5.056181 0.025589 0.314961,
5.048308 -0.01399 0.314961, 5.025888 -0.047543 0.314961,
4.992335 -0.069963 0.314961, 4.952756 -0.077836 0.314961,
4.913176 -0.069963 0.314961, 4.879623 -0.047543 0.314961,
4.857203 -0.01399 0.314961, 4.353269 0.02559 0.314961,
4.361142 0.065169 0.314961, 4.383562 0.098722 0.314961,
4.417115 0.121142 0.314961, 4.456694 0.129015 0.314961,
4.496274 0.121142 0.314961, 4.529827 0.098722 0.314961,
4.552247 0.065169 0.314961, 4.56012 0.02559 0.314961,
4.552247 -0.013989 0.314961, 4.529827 -0.047543 0.314961,
4.496274 -0.069963 0.314961, 4.456694 -0.077835 0.314961,
4.417115 -0.069963 0.314961, 4.383562 -0.047543 0.314961,
4.361142 -0.013989 0.314961, 3.794213 -0.742127 0.314961,
3.802086 -0.702548 0.314961, 3.824506 -0.668994 0.314961,
3.858059 -0.646574 0.314961, 3.897639 -0.638702 0.314961,
3.937218 -0.646574 0.314961, 3.970771 -0.668994 0.314961,
3.993191 -0.702548 0.314961, 4.001064 -0.742127 0.314961,
3.993191 -0.781706 0.314961, 3.970771 -0.815259 0.314961,
3.937218 -0.837679 0.314961, 3.897639 -0.845552 0.314961,
3.858059 -0.837679 0.314961, 3.824506 -0.815259 0.314961,
3.802086 -0.781706 0.314961, 3.794213 -1.265748 0.314961,
3.802086 -1.226169 0.314961, 3.824506 -1.192616 0.314961,
3.858059 -1.170196 0.314961, 3.897639 -1.162323 0.314961,
3.937218 -1.170196 0.314961, 3.970771 -1.192616 0.314961,
3.993191 -1.226169 0.314961, 4.001064 -1.265748 0.314961,
3.993191 -1.305328 0.314961, 3.970771 -1.338881 0.314961,
3.937218 -1.361301 0.314961, 3.897639 -1.369174 0.314961,
3.858059 -1.361301 0.314961, 3.824506 -1.338881 0.314961,
3.802086 -1.305328 0.314961, 3.794213 -1.793307 0.314961,
3.802085 -1.753728 0.314961, 3.824505 -1.720174 0.314961,
3.858059 -1.697754 0.314961, 3.897638 -1.689881 0.314961,
3.937217 -1.697754 0.314961, 3.97077 -1.720174 0.314961,
3.99319 -1.753728 0.314961, 4.001063 -1.793307 0.314961,
3.99319 -1.832886 0.314961, 3.97077 -1.866439 0.314961,
3.937217 -1.888859 0.314961, 3.897638 -1.896732 0.314961,
3.858059 -1.888859 0.314961, 3.824505 -1.866439 0.314961,
3.802085 -1.832886 0.314961, 3.062331 -1.799644 0.314961,
2.976037 -1.868461 0.314961, 2.89799 -1.946508 0.314961,
2.829172 -2.032803 0.314961, 2.770449 -2.12626 0.314961,
2.722559 -2.225704 0.314961, 2.686105 -2.329885 0.314961,
2.661544 -2.437493 0.314961, 2.649186 -2.547174 0.314961,
2.647638 -2.602361 0.314961, 2.647638 -5.103346 0.314961,
2.649186 -5.158534 0.314961, 2.661544 -5.268215 0.314961,
2.686105 -5.375822 0.314961, 2.722559 -5.480004 0.314961,
2.770449 -5.579448 0.314961, 2.829172 -5.672905 0.314961,
2.85433 -5.704452 0.314961, 2.85433 -5.984251 0.314961,
3.196206 -5.984251 0.314961, 3.255233 -6.012677 0.314961,
3.359414 -6.049131 0.314961, 3.467021 -6.073692 0.314961,
3.576702 -6.08605 0.314961, 3.687077 -6.08605 0.314961,
3.796758 -6.073692 0.314961, 3.904366 -6.049131 0.314961,
4.008547 -6.012677 0.314961, 4.067574 -5.984251 0.314961,
4.448819 -5.984251 0.314961, 4.448819 -5.650287 0.314961,
4.49333 -5.579448 0.314961, 4.54122 -5.480004 0.314961,
4.577674 -5.375822 0.314961, 4.602235 -5.268215 0.314961,
4.614593 -5.158534 0.314961, 4.616142 -5.103346 0.314961,
4.616142 -3.296802 0.314961, 4.6385 -3.299322 0.314961,
4.770949 -3.299322 0.314961, 4.902567 -3.284492 0.314961,
5.031696 -3.255019 0.314961, 5.156713 -3.211274 0.314961,
5.276046 -3.153806 0.314961, 5.388194 -3.083339 0.314961,
5.491748 -3.000757 0.314961, 5.585404 -2.907101 0.314961,
5.667985 -2.803548 0.314961, 5.738453 -2.691399 0.314961,
5.795921 -2.572066 0.314961, 5.839666 -2.447049 0.314961,
5.869139 -2.31792 0.314961, 5.883969 -2.186302 0.314961,
5.885827 -2.120078 0.314961, 5.885827 -0.938975 0.314961,
5.883969 -0.87275 0.314961, 5.869139 -0.741133 0.314961,
5.839666 -0.612004 0.314961, 5.795921 -0.486987 0.314961,
5.738453 -0.367654 0.314961, 5.667985 -0.255505 0.314961,
5.585404 -0.151952 0.314961, 5.491748 -0.058296 0.314961,
5.388194 0.024286 0.314961, 5.276046 0.094753 0.314961,
5.156713 0.152221 0.314961, 5.031696 0.195967 0.314961,
4.902567 0.225439 0.314961, 4.770949 0.240269 0.314961,
4.6385 0.240269 0.314961, 4.506882 0.225439 0.314961,
4.377753 0.195967 0.314961, 4.252736 0.152221 0.314961,
4.133403 0.094753 0.314961, 4.021254 0.024286 0.314961,
3.917701 -0.058296 0.314961, 3.824045 -0.151952 0.314961,
3.741463 -0.255505 0.314961, 3.670996 -0.367654 0.314961,
3.613528 -0.486987 0.314961, 3.569783 -0.612004 0.314961,
3.54031 -0.741133 0.314961, 3.52548 -0.87275 0.314961,
3.523622 -0.938975 0.314961, 3.523622 -1.625638 0.314961,
3.467021 -1.632015 0.314961, 3.359414 -1.656576 0.314961,
3.255233 -1.693031 0.314961, 3.155789 -1.74092 0.314961,
3.115078 -5.187007 0.314961, 3.155917 -4.981699 0.314961,
3.272214 -4.807647 0.314961, 3.446266 -4.691349 0.314961,
3.651574 -4.650511 0.314961, 3.856883 -4.691349 0.314961,
4.030934 -4.807647 0.314961, 4.147232 -4.981699 0.314961,
4.18807 -5.187007 0.314961, 4.147232 -5.392315 0.314961,
4.030934 -5.566367 0.314961, 3.856883 -5.682664 0.314961,
3.651574 -5.723503 0.314961, 3.446266 -5.682664 0.314961,
3.272214 -5.566367 0.314961, 3.155917 -5.392315 0.314961,
4.332417 -2.452437 0.314961, 4.308524 -2.316928 0.314961,
4.308524 -0.742125 0.314961, 4.332417 -0.606616 0.314961,
4.401217 -0.487452 0.314961, 4.506624 -0.399005 0.314961,
4.635925 -0.351943 0.314961, 4.773524 -0.351943 0.314961,
4.902825 -0.399005 0.314961, 5.008232 -0.487452 0.314961,
5.077031 -0.606616 0.314961, 5.100925 -0.742125 0.314961,
5.100925 -2.316928 0.314961, 5.077031 -2.452437 0.314961,
5.008232 -2.571601 0.314961, 4.902825 -2.660048 0.314961,
4.773524 -2.70711 0.314961, 4.635925 -2.70711 0.314961,
4.506624 -2.660048 0.314961, 4.401217 -2.571601 0.314961,
4.353268 -3.084645 0.314961, 4.36114 -3.045066 0.314961,
4.38356 -3.011513 0.314961, 4.417114 -2.989093 0.314961,
4.456693 -2.98122 0.314961, 4.496272 -2.989093 0.314961,
4.529826 -3.011513 0.314961, 4.552245 -3.045066 0.314961,
4.560118 -3.084645 0.314961, 4.552245 -3.124224 0.314961,
4.529826 -3.157778 0.314961, 4.496272 -3.180198 0.314961,
4.456693 -3.18807 0.314961, 4.417114 -3.180198 0.314961,
4.38356 -3.157778 0.314961, 4.36114 -3.124224 0.314961,
4.849331 -3.084644 0.314961, 4.857203 -3.045065 0.314961,
4.879623 -3.011512 0.314961, 4.913177 -2.989092 0.314961,
4.952756 -2.981219 0.314961, 4.992335 -2.989092 0.314961,
5.025889 -3.011512 0.314961, 5.048308 -3.045065 0.314961,
5.056181 -3.084644 0.314961, 5.048308 -3.124224 0.314961,
5.025889 -3.157777 0.314961, 4.992335 -3.180197 0.314961,
4.952756 -3.18807 0.314961, 4.913177 -3.180197 0.314961,
4.879623 -3.157777 0.314961, 4.857203 -3.124224 0.314961,
3.937216 -2.412481 0.314961, 3.897637 -2.420354 0.314961,
3.858058 -2.412481 0.314961, 3.824504 -2.390061 0.314961,
3.802085 -2.356507 0.314961, 3.794212 -2.316928 0.314961,
3.802085 -2.277349 0.314961, 3.824504 -2.243796 0.314961,
3.858058 -2.221376 0.314961, 3.897637 -2.213503 0.314961,
3.937216 -2.221376 0.314961, 3.97077 -2.243796 0.314961,
3.993189 -2.277349 0.314961, 4.001062 -2.316928 0.314961,
3.993189 -2.356507 0.314961, 3.97077 -2.390061 0.314961,
3.947757 -2.789369 0.314961, 3.95563 -2.749789 0.314961,
3.97805 -2.716236 0.314961, 4.011603 -2.693816 0.314961,
4.051182 -2.685943 0.314961, 4.090761 -2.693816 0.314961,
4.124315 -2.716236 0.314961, 4.146735 -2.749789 0.314961,
4.154607 -2.789369 0.314961, 4.146735 -2.828948 0.314961,
4.124315 -2.862501 0.314961, 4.090761 -2.884921 0.314961,
4.051182 -2.892794 0.314961, 4.011603 -2.884921 0.314961,
3.97805 -2.862501 0.314961, 3.95563 -2.828948 0.314961,
3.160757 5.906064 0.314961, 3.074462 5.837246 0.314961,
2.996415 5.759199 0.314961, 2.927598 5.672905 0.314961,
2.868874 5.579448 0.314961, 2.820985 5.480004 0.314961,
2.78453 5.375822 0.314961, 2.759969 5.268215 0.314961,
2.747611 5.158534 0.314961, 2.746063 5.103346 0.314961,
2.746063 3.38189 0.314961, 2.747611 3.326703 0.314961,
2.759969 3.217022 0.314961, 2.78453 3.109414 0.314961,
2.820985 3.005233 0.314961, 2.868874 2.905789 0.314961,
2.927598 2.812332 0.314961, 2.996415 2.726037 0.314961,
3.074462 2.647991 0.314961, 3.160757 2.579173 0.314961,
3.254214 2.52045 0.314961, 3.353658 2.47256 0.314961,
3.457839 2.436106 0.314961, 3.523622 2.421091 0.314961,
3.523622 1.81693 0.314961, 3.52548 1.750705 0.314961,
3.54031 1.619087 0.314961, 3.569783 1.489958 0.314961,
3.613528 1.364941 0.314961, 3.670996 1.245608 0.314961,
3.741463 1.133459 0.314961, 3.824045 1.029906 0.314961,
3.917701 0.93625 0.314961, 4.021254 0.853669 0.314961,
4.133403 0.783201 0.314961, 4.252736 0.725733 0.314961,
4.377753 0.681988 0.314961, 4.506882 0.652515 0.314961,
4.6385 0.637685 0.314961, 4.770949 0.637685 0.314961,
4.902567 0.652515 0.314961, 5.031696 0.681988 0.314961,
5.156713 0.725733 0.314961, 5.276046 0.783201 0.314961,
5.388194 0.853669 0.314961, 5.491748 0.93625 0.314961,
5.585404 1.029906 0.314961, 5.667985 1.133459 0.314961,
5.738453 1.245608 0.314961, 5.795921 1.364941 0.314961,
5.839666 1.489958 0.314961, 5.869139 1.619087 0.314961,
5.883969 1.750705 0.314961, 5.885827 1.81693 0.314961,
5.885827 2.998032 0.314961, 5.883969 3.064257 0.314961,
5.869139 3.195874 0.314961, 5.839666 3.325003 0.314961,
5.795921 3.45002 0.314961, 5.738453 3.569354 0.314961,
5.667985 3.681502 0.314961, 5.585404 3.785056 0.314961,
5.491748 3.878711 0.314961, 5.388194 3.961293 0.314961,
5.276046 4.03176 0.314961, 5.156713 4.089228 0.314961,
5.031696 4.132974 0.314961, 4.902567 4.162446 0.314961,
4.770949 4.177276 0.314961, 4.714567 4.177276 0.314961,
4.714567 5.103346 0.314961, 4.713019 5.158534 0.314961,
4.700661 5.268215 0.314961, 4.6761 5.375822 0.314961,
4.639645 5.480004 0.314961, 4.591756 5.579448 0.314961,
4.533032 5.672905 0.314961, 4.464215 5.759199 0.314961,
4.386168 5.837246 0.314961, 4.299873 5.906064 0.314961,
4.206416 5.964787 0.314961, 4.106972 6.012677 0.314961,
4.002791 6.049131 0.314961, 3.895183 6.073692 0.314961,
3.785502 6.08605 0.314961, 3.675128 6.08605 0.314961,
3.565446 6.073692 0.314961, 3.457839 6.049131 0.314961,
3.353658 6.012677 0.314961, 3.254214 5.964787 0.314961,
3.174134 5.182087 0.314961, 3.214972 5.387395 0.314961,
3.33127 5.561447 0.314961, 3.505322 5.677744 0.314961,
3.71063 5.718583 0.314961, 3.915938 5.677744 0.314961,
4.08999 5.561447 0.314961, 4.206288 5.387395 0.314961,
4.247126 5.182087 0.314961, 4.206288 4.976778 0.314961,
4.08999 4.802727 0.314961, 3.915938 4.686429 0.314961,
3.71063 4.645591 0.314961, 3.505322 4.686429 0.314961,
3.33127 4.802727 0.314961, 3.214972 4.976778 0.314961,
4.001064 3.194883 0.314961, 3.993191 3.155304 0.314961,
3.970771 3.12175 0.314961, 3.937218 3.09933 0.314961,
3.897639 3.091457 0.314961, 3.858059 3.09933 0.314961,
3.824506 3.12175 0.314961, 3.802086 3.155304 0.314961,
3.794213 3.194883 0.314961, 3.802086 3.234462 0.314961,
3.824506 3.268015 0.314961, 3.858059 3.290435 0.314961,
3.897639 3.298308 0.314961, 3.937218 3.290435 0.314961,
3.970771 3.268015 0.314961, 3.993191 3.234462 0.314961,
4.001063 2.67126 0.314961, 3.99319 2.631681 0.314961,
3.97077 2.598128 0.314961, 3.937217 2.575708 0.314961,
3.897638 2.567835 0.314961, 3.858059 2.575708 0.314961,
3.824505 2.598128 0.314961, 3.802085 2.631681 0.314961,
3.794213 2.67126 0.314961, 3.802085 2.710839 0.314961,
3.824505 2.744393 0.314961, 3.858059 2.766813 0.314961,
3.897638 2.774685 0.314961, 3.937217 2.766813 0.314961,
3.97077 2.744393 0.314961, 3.99319 2.710839 0.314961,
3.794211 2.143701 0.314961, 3.802083 2.18328 0.314961,
3.824503 2.216834 0.314961, 3.858057 2.239254 0.314961,
3.897636 2.247126 0.314961, 3.937215 2.239254 0.314961,
3.970768 2.216834 0.314961, 3.993188 2.18328 0.314961,
4.001061 2.143701 0.314961, 3.993188 2.104122 0.314961,
3.970768 2.070569 0.314961, 3.937215 2.048149 0.314961,
3.897636 2.040276 0.314961, 3.858057 2.048149 0.314961,
3.824503 2.070569 0.314961, 3.802083 2.104122 0.314961,
4.154606 3.667322 0.314961, 4.146734 3.627743 0.314961,
4.124314 3.59419 0.314961, 4.09076 3.57177 0.314961,
4.051181 3.563897 0.314961, 4.011602 3.57177 0.314961,
3.978048 3.59419 0.314961, 3.955629 3.627743 0.314961,
3.947756 3.667322 0.314961, 3.955629 3.706902 0.314961,
3.978048 3.740455 0.314961, 4.011602 3.762875 0.314961,
4.051181 3.770748 0.314961, 4.09076 3.762875 0.314961,
4.124314 3.740455 0.314961, 4.146734 3.706902 0.314961,
3.937217 1.524528 0.314961, 3.897638 1.516655 0.314961,
3.858059 1.524528 0.314961, 3.824505 1.546948 0.314961,
3.802085 1.580501 0.314961, 3.794213 1.62008 0.314961,
3.802085 1.659659 0.314961, 3.824505 1.693213 0.314961,
3.858059 1.715633 0.314961, 3.897638 1.723506 0.314961,
3.937217 1.715633 0.314961, 3.97077 1.693213 0.314961,
3.99319 1.659659 0.314961, 4.001063 1.62008 0.314961,
3.99319 1.580501 0.314961, 3.97077 1.546948 0.314961,
3.947756 1.147638 0.314961, 3.955629 1.187217 0.314961,
3.978048 1.220771 0.314961, 4.011602 1.243191 0.314961,
4.051181 1.251063 0.314961, 4.09076 1.243191 0.314961,
4.124314 1.220771 0.314961, 4.146734 1.187217 0.314961,
4.154606 1.147638 0.314961, 4.146734 1.108059 0.314961,
4.124314 1.074506 0.314961, 4.09076 1.052086 0.314961,
4.051181 1.044213 0.314961, 4.011602 1.052086 0.314961,
3.978048 1.074506 0.314961, 3.955629 1.108059 0.314961,
4.849331 3.962598 0.314961, 4.857203 4.002177 0.314961,
4.879623 4.035731 0.314961, 4.913177 4.05815 0.314961,
4.952756 4.066023 0.314961, 4.992335 4.05815 0.314961,
5.025889 4.035731 0.314961, 5.048308 4.002177 0.314961,
5.056181 3.962598 0.314961, 5.048308 3.923019 0.314961,
5.025889 3.889465 0.314961, 4.992335 3.867046 0.314961,
4.952756 3.859173 0.314961, 4.913177 3.867046 0.314961,
4.879623 3.889465 0.314961, 4.857203 3.923019 0.314961,
4.353267 3.962598 0.314961, 4.361139 4.002177 0.314961,
4.383559 4.035731 0.314961, 4.417113 4.05815 0.314961,
4.456692 4.066023 0.314961, 4.496271 4.05815 0.314961,
4.529824 4.035731 0.314961, 4.552244 4.002177 0.314961,
4.560117 3.962598 0.314961, 4.552244 3.923019 0.314961,
4.529824 3.889465 0.314961, 4.496271 3.867046 0.314961,
4.456692 3.859173 0.314961, 4.417113 3.867046 0.314961,
4.383559 3.889465 0.314961, 4.361139 3.923019 0.314961,
5.408386 3.194883 0.314961, 5.416259 3.234462 0.314961,
5.438678 3.268015 0.314961, 5.472232 3.290435 0.314961,
5.511811 3.298308 0.314961, 5.55139 3.290435 0.314961,
5.584944 3.268015 0.314961, 5.607363 3.234462 0.314961,
5.615236 3.194883 0.314961, 5.607363 3.155304 0.314961,
5.584944 3.12175 0.314961, 5.55139 3.09933 0.314961,
5.511811 3.091457 0.314961, 5.472232 3.09933 0.314961,
5.438678 3.12175 0.314961, 5.416259 3.155304 0.314961,
5.408386 2.671263 0.314961, 5.416259 2.710842 0.314961,
5.438678 2.744395 0.314961, 5.472232 2.766815 0.314961,
5.511811 2.774688 0.314961, 5.55139 2.766815 0.314961,
5.584944 2.744395 0.314961, 5.607363 2.710842 0.314961,
5.615236 2.671263 0.314961, 5.607363 2.631683 0.314961,
5.584944 2.59813 0.314961, 5.55139 2.57571 0.314961,
5.511811 2.567837 0.314961, 5.472232 2.57571 0.314961,
5.438678 2.59813 0.314961, 5.416259 2.631683 0.314961,
5.408386 2.143701 0.314961, 5.416259 2.18328 0.314961,
5.438678 2.216834 0.314961, 5.472232 2.239254 0.314961,
5.511811 2.247126 0.314961, 5.55139 2.239254 0.314961,
5.584944 2.216834 0.314961, 5.607363 2.18328 0.314961,
5.615236 2.143701 0.314961, 5.607363 2.104122 0.314961,
5.584944 2.070569 0.314961, 5.55139 2.048149 0.314961,
5.511811 2.040276 0.314961, 5.472232 2.048149 0.314961,
5.438678 2.070569 0.314961, 5.416259 2.104122 0.314961,
5.472231 1.524527 0.314961, 5.438678 1.546947 0.314961,
5.416258 1.580501 0.314961, 5.408385 1.62008 0.314961,
5.416258 1.659659 0.314961, 5.438678 1.693213 0.314961,
5.472231 1.715632 0.314961, 5.51181 1.723505 0.314961,
5.551389 1.715632 0.314961, 5.584943 1.693213 0.314961,
5.607363 1.659659 0.314961, 5.615235 1.62008 0.314961,
5.607363 1.580501 0.314961, 5.584943 1.546947 0.314961,
5.551389 1.524527 0.314961, 5.51181 1.516655 0.314961,
5.254843 3.667323 0.314961, 5.262715 3.706902 0.314961,
5.285135 3.740456 0.314961, 5.318689 3.762876 0.314961,
5.358268 3.770748 0.314961, 5.397847 3.762876 0.314961,
5.4314 3.740456 0.314961, 5.45382 3.706902 0.314961,
5.461693 3.667323 0.314961, 5.45382 3.627744 0.314961,
5.4314 3.594191 0.314961, 5.397847 3.571771 0.314961,
5.358268 3.563898 0.314961, 5.318689 3.571771 0.314961,
5.285135 3.594191 0.314961, 5.262715 3.627744 0.314961,
5.254842 1.147638 0.314961, 5.262715 1.187217 0.314961,
5.285135 1.22077 0.314961, 5.318688 1.24319 0.314961,
5.358267 1.251063 0.314961, 5.397846 1.24319 0.314961,
5.4314 1.22077 0.314961, 5.45382 1.187217 0.314961,
5.461693 1.147638 0.314961, 5.45382 1.108059 0.314961,
5.4314 1.074505 0.314961, 5.397846 1.052085 0.314961,
5.358267 1.044213 0.314961, 5.318688 1.052085 0.314961,
5.285135 1.074505 0.314961, 5.262715 1.108059 0.314961,
4.773524 1.229898 0.314961, 4.635925 1.229898 0.314961,
4.506624 1.276959 0.314961, 4.401217 1.365406 0.314961,
4.332417 1.48457 0.314961, 4.308524 1.620079 0.314961,
4.308524 3.194882 0.314961, 4.332417 3.330391 0.314961,
4.401217 3.449555 0.314961, 4.506624 3.538002 0.314961,
4.635925 3.585064 0.314961, 4.773524 3.585064 0.314961,
4.902825 3.538002 0.314961, 5.008232 3.449555 0.314961,
5.077031 3.330391 0.314961, 5.100925 3.194882 0.314961,
5.100925 1.620079 0.314961, 5.077031 1.48457 0.314961,
5.008232 1.365406 0.314961, 4.902825 1.276959 0.314961,
4.849331 0.852361 0.314961, 4.857204 0.89194 0.314961,
4.879624 0.925494 0.314961, 4.913177 0.947913 0.314961,
4.952756 0.955786 0.314961, 4.992335 0.947913 0.314961,
5.025889 0.925494 0.314961, 5.048309 0.89194 0.314961,
5.056181 0.852361 0.314961, 5.048309 0.812782 0.314961,
5.025889 0.779228 0.314961, 4.992335 0.756809 0.314961,
4.952756 0.748936 0.314961, 4.913177 0.756809 0.314961,
4.879624 0.779228 0.314961, 4.857204 0.812782 0.314961,
4.353269 0.852363 0.314961, 4.361141 0.891942 0.314961,
4.383561 0.925495 0.314961, 4.417115 0.947915 0.314961,
4.456694 0.955788 0.314961, 4.496273 0.947915 0.314961,
4.529826 0.925495 0.314961, 4.552246 0.891942 0.314961,
4.560119 0.852363 0.314961, 4.552246 0.812783 0.314961,
4.529826 0.77923 0.314961, 4.496273 0.75681 0.314961,
4.456694 0.748937 0.314961, 4.417115 0.75681 0.314961,
4.383561 0.77923 0.314961, 4.361141 0.812783 0.314961,
-2.91683 -2.596866 0.314961, -2.9918 -2.651335 0.314961,
-3.057326 -2.716861 0.314961, -3.111795 -2.791831 0.314961,
-3.153866 -2.8744 0.314961, -3.182502 -2.962532 0.314961,
-3.196998 -3.054059 0.314961, -3.196998 -3.146728 0.314961,
-3.182502 -3.238255 0.314961, -3.153866 -3.326388 0.314961,
-3.111795 -3.408956 0.314961, -3.057326 -3.483926 0.314961,
-2.9918 -3.549452 0.314961, -2.91683 -3.603921 0.314961,
-2.834262 -3.645992 0.314961, -2.746129 -3.674628 0.314961,
-2.654602 -3.689124 0.314961, -2.561933 -3.689124 0.314961,
-2.470406 -3.674628 0.314961, -2.382274 -3.645992 0.314961,
-2.299706 -3.603921 0.314961, -2.224735 -3.549452 0.314961,
-2.159209 -3.483926 0.314961, -2.10474 -3.408956 0.314961,
-2.06267 -3.326388 0.314961, -2.034033 -3.238255 0.314961,
-2.019537 -3.146728 0.314961, -2.019537 -3.054059 0.314961,
-2.034033 -2.962532 0.314961, -2.06267 -2.8744 0.314961,
-2.10474 -2.791831 0.314961, -2.159209 -2.716861 0.314961,
-2.224735 -2.651335 0.314961, -2.299706 -2.596866 0.314961,
-2.382274 -2.554796 0.314961, -2.470406 -2.526159 0.314961,
-2.561933 -2.511663 0.314961, -2.654602 -2.511663 0.314961,
-2.746129 -2.526159 0.314961, -2.834262 -2.554796 0.314961,
-2.908543 -3.100394 0.314961, -2.885686 -2.985483 0.314961,
-2.820595 -2.888067 0.314961, -2.723178 -2.822975 0.314961,
-2.608268 -2.800118 0.314961, -2.493357 -2.822975 0.314961,
-2.395941 -2.888067 0.314961, -2.330849 -2.985483 0.314961,
-2.307992 -3.100394 0.314961, -2.330849 -3.215304 0.314961,
-2.395941 -3.312721 0.314961, -2.493357 -3.377812 0.314961,
-2.608268 -3.400669 0.314961, -2.723178 -3.377812 0.314961,
-2.820595 -3.312721 0.314961, -2.885686 -3.215304 0.314961,
-4.590058 -6.730724 0.314961, -4.665028 -6.785193 0.314961,
-4.730555 -6.85072 0.314961, -4.785024 -6.92569 0.314961,
-4.827094 -7.008258 0.314961, -4.85573 -7.096391 0.314961,
-4.870227 -7.187918 0.314961, -4.870227 -7.280586 0.314961,
-4.85573 -7.372113 0.314961, -4.827094 -7.460246 0.314961,
-4.785024 -7.542814 0.314961, -4.730555 -7.617784 0.314961,
-4.665028 -7.683311 0.314961, -4.590058 -7.73778 0.314961,
-4.50749 -7.77985 0.314961, -4.419357 -7.808486 0.314961,
-4.32783 -7.822983 0.314961, -4.235162 -7.822983 0.314961,
-4.143635 -7.808486 0.314961, -4.055502 -7.77985 0.314961,
-3.972934 -7.73778 0.314961, -3.897964 -7.683311 0.314961,
-3.832437 -7.617784 0.314961, -3.777969 -7.542814 0.314961,
-3.735898 -7.460246 0.314961, -3.707262 -7.372113 0.314961,
-3.692765 -7.280586 0.314961, -3.692765 -7.187918 0.314961,
-3.707262 -7.096391 0.314961, -3.735898 -7.008258 0.314961,
-3.777969 -6.92569 0.314961, -3.832437 -6.85072 0.314961,
-3.897964 -6.785193 0.314961, -3.972934 -6.730724 0.314961,
-4.055502 -6.688654 0.314961, -4.143635 -6.660018 0.314961,
-4.235162 -6.645521 0.314961, -4.32783 -6.645521 0.314961,
-4.419357 -6.660018 0.314961, -4.50749 -6.688654 0.314961,
-4.581772 -7.234252 0.314961, -4.558915 -7.119341 0.314961,
-4.493823 -7.021925 0.314961, -4.396407 -6.956833 0.314961,
-4.281496 -6.933976 0.314961, -4.166586 -6.956833 0.314961,
-4.069169 -7.021925 0.314961, -4.004078 -7.119341 0.314961,
-3.98122 -7.234252 0.314961, -4.004078 -7.349162 0.314961,
-4.069169 -7.446579 0.314961, -4.166586 -7.51167 0.314961,
-4.281496 -7.534528 0.314961, -4.396407 -7.51167 0.314961,
-4.493823 -7.446579 0.314961, -4.558915 -7.349162 0.314961,
4.48758 -7.204033 0.314961, 4.438557 -7.271507 0.314961,
4.400694 -7.345818 0.314961, 4.374922 -7.425137 0.314961,
4.361875 -7.507512 0.314961, 4.361875 -7.590913 0.314961,
4.374922 -7.673288 0.314961, 4.400694 -7.752607 0.314961,
4.438557 -7.826919 0.314961, 4.48758 -7.894392 0.314961,
4.546553 -7.953365 0.314961, 4.614026 -8.002387 0.314961,
4.688337 -8.040251 0.314961, 4.767657 -8.066023 0.314961,
4.850031 -8.07907 0.314961, 4.933433 -8.07907 0.314961,
5.015807 -8.066023 0.314961, 5.095127 -8.040251 0.314961,
5.169438 -8.002387 0.314961, 5.236911 -7.953365 0.314961,
5.295885 -7.894392 0.314961, 5.344907 -7.826919 0.314961,
5.38277 -7.752607 0.314961, 5.408543 -7.673288 0.314961,
5.42159 -7.590913 0.314961, 5.42159 -7.507512 0.314961,
5.408543 -7.425137 0.314961, 5.38277 -7.345818 0.314961,
5.344907 -7.271507 0.314961, 5.295885 -7.204033 0.314961,
5.236911 -7.14506 0.314961, 5.169438 -7.096038 0.314961,
5.095127 -7.058174 0.314961, 5.015807 -7.032402 0.314961,
4.933433 -7.019355 0.314961, 4.850031 -7.019355 0.314961,
4.767657 -7.032402 0.314961, 4.688337 -7.058174 0.314961,
4.614026 -7.096038 0.314961, 4.546553 -7.14506 0.314961,
4.532402 -7.549213 0.314961, 4.559754 -7.411703 0.314961,
4.637647 -7.295127 0.314961, 4.754222 -7.217234 0.314961,
4.891732 -7.189882 0.314961, 5.029242 -7.217234 0.314961,
5.145817 -7.295127 0.314961, 5.223711 -7.411703 0.314961,
5.251063 -7.549213 0.314961, 5.223711 -7.686723 0.314961,
5.145817 -7.803298 0.314961, 5.029242 -7.881191 0.314961,
4.891732 -7.908543 0.314961, 4.754222 -7.881191 0.314961,
4.637647 -7.803298 0.314961, 4.559754 -7.686723 0.314961,
-0.827381 -7.204032 0.314961, -0.876404 -7.271506 0.314961,
-0.914267 -7.345817 0.314961, -0.940039 -7.425136 0.314961,
-0.953086 -7.507511 0.314961, -0.953086 -7.590912 0.314961,
-0.940039 -7.673287 0.314961, -0.914267 -7.752606 0.314961,
-0.876404 -7.826917 0.314961, -0.827381 -7.894391 0.314961,
-0.768408 -7.953364 0.314961, -0.700935 -8.002386 0.314961,
-0.626624 -8.04025 0.314961, -0.547304 -8.066022 0.314961,
-0.46493 -8.079069 0.314961, -0.381528 -8.079069 0.314961,
-0.299154 -8.066022 0.314961, -0.219834 -8.04025 0.314961,
-0.145523 -8.002386 0.314961, -0.07805 -7.953364 0.314961,
-0.019076 -7.894391 0.314961, 0.029946 -7.826917 0.314961,
0.067809 -7.752606 0.314961, 0.093582 -7.673287 0.314961,
0.106629 -7.590912 0.314961, 0.106629 -7.507511 0.314961,
0.093582 -7.425136 0.314961, 0.067809 -7.345817 0.314961,
0.029946 -7.271506 0.314961, -0.019076 -7.204032 0.314961,
-0.07805 -7.145059 0.314961, -0.145523 -7.096037 0.314961,
-0.219834 -7.058173 0.314961, -0.299154 -7.032401 0.314961,
-0.381528 -7.019354 0.314961, -0.46493 -7.019354 0.314961,
-0.547304 -7.032401 0.314961, -0.626624 -7.058173 0.314961,
-0.700935 -7.096037 0.314961, -0.768408 -7.145059 0.314961,
-0.782559 -7.549211 0.314961, -0.755207 -7.411702 0.314961,
-0.677314 -7.295126 0.314961, -0.560739 -7.217233 0.314961,
-0.423229 -7.189881 0.314961, -0.285719 -7.217233 0.314961,
-0.169144 -7.295126 0.314961, -0.09125 -7.411702 0.314961,
-0.063898 -7.549211 0.314961, -0.09125 -7.686721 0.314961,
-0.169144 -7.803297 0.314961, -0.285719 -7.88119 0.314961,
-0.423229 -7.908542 0.314961, -0.560739 -7.88119 0.314961,
-0.677314 -7.803297 0.314961, -0.755207 -7.686721 0.314961,
-2.91683 -6.730724 0.314961, -2.9918 -6.785193 0.314961,
-3.057326 -6.85072 0.314961, -3.111795 -6.92569 0.314961,
-3.153866 -7.008258 0.314961, -3.182502 -7.096391 0.314961,
-3.196998 -7.187918 0.314961, -3.196998 -7.280586 0.314961,
-3.182502 -7.372113 0.314961, -3.153866 -7.460246 0.314961,
-3.111795 -7.542814 0.314961, -3.057326 -7.617784 0.314961,
-2.9918 -7.683311 0.314961, -2.91683 -7.73778 0.314961,
-2.834262 -7.77985 0.314961, -2.746129 -7.808486 0.314961,
-2.654602 -7.822983 0.314961, -2.561933 -7.822983 0.314961,
-2.470406 -7.808486 0.314961, -2.382274 -7.77985 0.314961,
-2.299706 -7.73778 0.314961, -2.224735 -7.683311 0.314961,
-2.159209 -7.617784 0.314961, -2.10474 -7.542814 0.314961,
-2.06267 -7.460246 0.314961, -2.034033 -7.372113 0.314961,
-2.019537 -7.280586 0.314961, -2.019537 -7.187918 0.314961,
-2.034033 -7.096391 0.314961, -2.06267 -7.008258 0.314961,
-2.10474 -6.92569 0.314961, -2.159209 -6.85072 0.314961,
-2.224735 -6.785193 0.314961, -2.299706 -6.730724 0.314961,
-2.382274 -6.688654 0.314961, -2.470406 -6.660018 0.314961,
-2.561933 -6.645521 0.314961, -2.654602 -6.645521 0.314961,
-2.746129 -6.660018 0.314961, -2.834262 -6.688654 0.314961,
-2.908543 -7.234252 0.314961, -2.885686 -7.119341 0.314961,
-2.820595 -7.021925 0.314961, -2.723178 -6.956833 0.314961,
-2.608268 -6.933976 0.314961, -2.493357 -6.956833 0.314961,
-2.395941 -7.021925 0.314961, -2.330849 -7.119341 0.314961,
-2.307992 -7.234252 0.314961, -2.330849 -7.349162 0.314961,
-2.395941 -7.446579 0.314961, -2.493357 -7.51167 0.314961,
-2.608268 -7.534528 0.314961, -2.723178 -7.51167 0.314961,
-2.820595 -7.446579 0.314961, -2.885686 -7.349162 0.314961,
-0.768326 7.88947 0.314961, -0.817348 7.821997 0.314961,
-0.855211 7.747686 0.314961, -0.880984 7.668367 0.314961,
-0.894031 7.585992 0.314961, -0.894031 7.502591 0.314961,
-0.880984 7.420216 0.314961, -0.855211 7.340896 0.314961,
-0.817348 7.266585 0.314961, -0.768326 7.199112 0.314961,
-0.709352 7.140139 0.314961, -0.641879 7.091117 0.314961,
-0.567568 7.053253 0.314961, -0.488248 7.027481 0.314961,
-0.405874 7.014434 0.314961, -0.322472 7.014434 0.314961,
-0.240098 7.027481 0.314961, -0.160778 7.053253 0.314961,
-0.086467 7.091117 0.314961, -0.018994 7.140139 0.314961,
0.03998 7.199112 0.314961, 0.089002 7.266585 0.314961,
0.126865 7.340896 0.314961, 0.152637 7.420216 0.314961,
0.165684 7.502591 0.314961, 0.165684 7.585992 0.314961,
0.152637 7.668367 0.314961, 0.126865 7.747686 0.314961,
0.089002 7.821997 0.314961, 0.03998 7.88947 0.314961,
-0.018994 7.948444 0.314961, -0.086467 7.997466 0.314961,
-0.160778 8.03533 0.314961, -0.240098 8.061102 0.314961,
-0.322472 8.074149 0.314961, -0.405874 8.074149 0.314961,
-0.488248 8.061102 0.314961, -0.567568 8.03533 0.314961,
-0.641879 7.997466 0.314961, -0.709352 7.948444 0.314961,
-0.723504 7.544291 0.314961, -0.696152 7.681801 0.314961,
-0.618258 7.798377 0.314961, -0.501683 7.87627 0.314961,
-0.364173 7.903622 0.314961, -0.226663 7.87627 0.314961,
-0.110088 7.798377 0.314961, -0.032195 7.681801 0.314961,
-0.004843 7.544291 0.314961, -0.032195 7.406781 0.314961,
-0.110088 7.290206 0.314961, -0.226663 7.212313 0.314961,
-0.364173 7.184961 0.314961, -0.501683 7.212313 0.314961,
-0.618258 7.290206 0.314961, -0.696152 7.406781 0.314961,
4.546635 7.88947 0.314961, 4.497613 7.821997 0.314961,
4.459749 7.747686 0.314961, 4.433977 7.668367 0.314961,
4.42093 7.585992 0.314961, 4.42093 7.502591 0.314961,
4.433977 7.420216 0.314961, 4.459749 7.340896 0.314961,
4.497613 7.266585 0.314961, 4.546635 7.199112 0.314961,
4.605608 7.140139 0.314961, 4.673081 7.091117 0.314961,
4.747393 7.053253 0.314961, 4.826712 7.027481 0.314961,
4.909087 7.014434 0.314961, 4.992488 7.014434 0.314961,
5.074863 7.027481 0.314961, 5.154182 7.053253 0.314961,
5.228493 7.091117 0.314961, 5.295967 7.140139 0.314961,
5.35494 7.199112 0.314961, 5.403962 7.266585 0.314961,
5.441826 7.340896 0.314961, 5.467598 7.420216 0.314961,
5.480645 7.502591 0.314961, 5.480645 7.585992 0.314961,
5.467598 7.668367 0.314961, 5.441826 7.747686 0.314961,
5.403962 7.821997 0.314961, 5.35494 7.88947 0.314961,
5.295967 7.948444 0.314961, 5.228493 7.997466 0.314961,
5.154182 8.03533 0.314961, 5.074863 8.061102 0.314961,
4.992488 8.074149 0.314961, 4.909087 8.074149 0.314961,
4.826712 8.061102 0.314961, 4.747393 8.03533 0.314961,
4.673081 7.997466 0.314961, 4.605608 7.948444 0.314961,
4.591457 7.544291 0.314961, 4.618809 7.681801 0.314961,
4.696702 7.798377 0.314961, 4.813277 7.87627 0.314961,
4.950787 7.903622 0.314961, 5.088297 7.87627 0.314961,
5.204873 7.798377 0.314961, 5.282766 7.681801 0.314961,
5.310118 7.544291 0.314961, 5.282766 7.406781 0.314961,
5.204873 7.290206 0.314961, 5.088297 7.212313 0.314961,
4.950787 7.184961 0.314961, 4.813277 7.212313 0.314961,
4.696702 7.290206 0.314961, 4.618809 7.406781 0.314961,
-2.91683 -4.56537 0.314961, -2.9918 -4.619839 0.314961,
-3.057326 -4.685365 0.314961, -3.111795 -4.760335 0.314961,
-3.153866 -4.842904 0.314961, -3.182502 -4.931036 0.314961,
-3.196998 -5.022563 0.314961, -3.196998 -5.115232 0.314961,
-3.182502 -5.206759 0.314961, -3.153866 -5.294892 0.314961,
-3.111795 -5.37746 0.314961, -3.057326 -5.45243 0.314961,
-2.9918 -5.517956 0.314961, -2.91683 -5.572425 0.314961,
-2.834262 -5.614496 0.314961, -2.746129 -5.643132 0.314961,
-2.654602 -5.657628 0.314961, -2.561933 -5.657628 0.314961,
-2.470406 -5.643132 0.314961, -2.382274 -5.614496 0.314961,
-2.299706 -5.572425 0.314961, -2.224735 -5.517956 0.314961,
-2.159209 -5.45243 0.314961, -2.10474 -5.37746 0.314961,
-2.06267 -5.294892 0.314961, -2.034033 -5.206759 0.314961,
-2.019537 -5.115232 0.314961, -2.019537 -5.022563 0.314961,
-2.034033 -4.931036 0.314961, -2.06267 -4.842904 0.314961,
-2.10474 -4.760335 0.314961, -2.116494 -4.744157 0.314961,
-1.540499 -4.168162 0.314961, -1.530313 -4.156546 0.314961,
-1.514896 -4.129844 0.314961, -1.506916 -4.100062 0.314961,
-1.505906 -4.084646 0.314961, -1.505906 -2.411417 0.314961,
-1.506916 -2.396001 0.314961, -1.514896 -2.366219 0.314961,
-1.530313 -2.339517 0.314961, -1.530313 -2.339516 0.314961,
-1.540499 -2.327901 0.314961, -2.569043 -1.299357 0.314961,
-2.580659 -1.28917 0.314961, -2.607361 -1.273754 0.314961,
-2.637143 -1.265774 0.314961, -2.65256 -1.264763 0.314961,
-3.503938 -1.264763 0.314961, -3.511056 -1.228981 0.314961,
-3.531324 -1.198646 0.314961, -3.561659 -1.178377 0.314961,
-3.597442 -1.171259 0.314961, -3.78445 -1.171259 0.314961,
-3.820232 -1.178377 0.314961, -3.850567 -1.198646 0.314961,
-3.870836 -1.228981 0.314961, -3.877954 -1.264763 0.314961,
-4.222441 -1.264763 0.314961, -4.222441 -1.235236 0.314961,
-4.229559 -1.199454 0.314961, -4.249828 -1.169119 0.314961,
-4.280163 -1.14885 0.314961, -4.315945 -1.141732 0.314961,
-4.512796 -1.141732 0.314961, -4.548578 -1.14885 0.314961,
-4.578913 -1.169119 0.314961, -4.599182 -1.199454 0.314961,
-4.6063 -1.235236 0.314961, -4.6063 -1.422244 0.314961,
-4.599182 -1.458026 0.314961, -4.578913 -1.488361 0.314961,
-4.548578 -1.50863 0.314961, -4.512796 -1.515748 0.314961,
-4.315945 -1.515748 0.314961, -4.280163 -1.50863 0.314961,
-4.268719 -1.500983 0.314961, -3.877954 -1.500983 0.314961,
-3.870836 -1.536766 0.314961, -3.850567 -1.567101 0.314961,
-3.820232 -1.58737 0.314961, -3.78445 -1.594487 0.314961,
-3.597442 -1.594487 0.314961, -3.561659 -1.58737 0.314961,
-3.531324 -1.567101 0.314961, -3.511056 -1.536766 0.314961,
-3.503938 -1.500983 0.314961, -2.701483 -1.500983 0.314961,
-1.742126 -2.46034 0.314961, -1.742126 -4.035723 0.314961,
-2.283528 -4.577124 0.314961, -2.299706 -4.56537 0.314961,
-2.382274 -4.5233 0.314961, -2.470406 -4.494663 0.314961,
-2.561933 -4.480167 0.314961, -2.654602 -4.480167 0.314961,
-2.746129 -4.494663 0.314961, -2.834262 -4.5233 0.314961,
-2.908543 -5.068898 0.314961, -2.885686 -4.953987 0.314961,
-2.820595 -4.856571 0.314961, -2.723178 -4.791479 0.314961,
-2.608268 -4.768622 0.314961, -2.493357 -4.791479 0.314961,
-2.395941 -4.856571 0.314961, -2.330849 -4.953987 0.314961,
-2.307992 -5.068898 0.314961, -2.330849 -5.183808 0.314961,
-2.395941 -5.281225 0.314961, -2.493357 -5.346316 0.314961,
-2.608268 -5.369173 0.314961, -2.723178 -5.346316 0.314961,
-2.820595 -5.281225 0.314961, -2.885686 -5.183808 0.314961,
-4.590058 -4.56537 0.314961, -4.665028 -4.619839 0.314961,
-4.730555 -4.685365 0.314961, -4.785024 -4.760335 0.314961,
-4.827094 -4.842904 0.314961, -4.85573 -4.931036 0.314961,
-4.870227 -5.022563 0.314961, -4.870227 -5.115232 0.314961,
-4.85573 -5.206759 0.314961, -4.827094 -5.294892 0.314961,
-4.785024 -5.37746 0.314961, -4.730555 -5.45243 0.314961,
-4.665028 -5.517956 0.314961, -4.590058 -5.572425 0.314961,
-4.50749 -5.614496 0.314961, -4.419357 -5.643132 0.314961,
-4.32783 -5.657628 0.314961, -4.235162 -5.657628 0.314961,
-4.143635 -5.643132 0.314961, -4.055502 -5.614496 0.314961,
-3.972934 -5.572425 0.314961, -3.956756 -5.560671 0.314961,
-3.282335 -6.235091 0.314961, -3.27072 -6.245278 0.314961,
-3.244018 -6.260694 0.314961, -3.214235 -6.268674 0.314961,
-3.198819 -6.269685 0.314961, -1.919291 -6.269685 0.314961,
-1.903875 -6.268674 0.314961, -1.874093 -6.260694 0.314961,
-1.847391 -6.245278 0.314961, -1.835775 -6.235091 0.314961,
-1.048373 -5.44769 0.314961, -1.038187 -5.436074 0.314961,
-1.02277 -5.409372 0.314961, -1.01479 -5.37959 0.314961,
-1.01378 -5.364173 0.314961, -1.01378 -0.344488 0.314961,
-1.01479 -0.329072 0.314961, -1.02277 -0.299289 0.314961,
-1.038187 -0.272587 0.314961, -1.048373 -0.260972 0.314961,
-2.583807 1.274462 0.314961, -2.595422 1.284648 0.314961,
-2.622124 1.300065 0.314961, -2.651907 1.308045 0.314961,
-2.667323 1.309056 0.314961, -3.425197 1.309056 0.314961,
-3.425197 1.486221 0.314961, -4.015748 1.486221 0.314961,
-4.015748 1.309056 0.314961, -5.772638 1.309056 0.314961,
-5.788055 1.308045 0.314961, -5.817837 1.300065 0.314961,
-5.823063 1.297048 0.314961, -5.828461 1.302446 0.314961,
-5.834427 1.307342 0.314961, -5.848619 1.313221 0.314961,
-5.863981 1.313221 0.314961, -5.878173 1.307342 0.314961,
-5.889035 1.29648 0.314961, -5.894914 1.282288 0.314961,
-5.894914 1.266926 0.314961, -5.889035 1.252734 0.314961,
-5.884139 1.246768 0.314961, -5.878741 1.24137 0.314961,
-5.881758 1.236144 0.314961, -5.889738 1.206362 0.314961,
-5.889738 1.175529 0.314961, -5.881758 1.145746 0.314961,
-5.866341 1.119044 0.314961, -5.846457 1.099161 0.314961,
-5.846457 0.959646 0.314961, -5.83934 0.923864 0.314961,
-5.819071 0.893529 0.314961, -5.788736 0.87326 0.314961,
-5.752954 0.866143 0.314961, -5.565946 0.866143 0.314961,
-5.530163 0.87326 0.314961, -5.499828 0.893529 0.314961,
-5.479559 0.923864 0.314961, -5.472442 0.959646 0.314961,
-5.472442 1.072835 0.314961, -4.015748 1.072835 0.314961,
-4.015748 0.89567 0.314961, -3.425197 0.89567 0.314961,
-3.425197 1.072835 0.314961, -2.716246 1.072835 0.314961,
-1.25 -0.393411 0.314961, -1.25 -5.31525 0.314961,
-1.968214 -6.033465 0.314961, -3.149896 -6.033465 0.314961,
-3.789723 -5.393638 0.314961, -3.777969 -5.37746 0.314961,
-3.735898 -5.294892 0.314961, -3.707262 -5.206759 0.314961,
-3.692765 -5.115232 0.314961, -3.692765 -5.022563 0.314961,
-3.707262 -4.931036 0.314961, -3.735898 -4.842904 0.314961,
-3.777969 -4.760335 0.314961, -3.832437 -4.685365 0.314961,
-3.897964 -4.619839 0.314961, -3.972934 -4.56537 0.314961,
-4.055502 -4.5233 0.314961, -4.143635 -4.494663 0.314961,
-4.235162 -4.480167 0.314961, -4.32783 -4.480167 0.314961,
-4.419357 -4.494663 0.314961, -4.50749 -4.5233 0.314961,
-4.581772 -5.068898 0.314961, -4.558915 -4.953987 0.314961,
-4.493823 -4.856571 0.314961, -4.396407 -4.791479 0.314961,
-4.281496 -4.768622 0.314961, -4.166586 -4.791479 0.314961,
-4.069169 -4.856571 0.314961, -4.004078 -4.953987 0.314961,
-3.98122 -5.068898 0.314961, -4.004078 -5.183808 0.314961,
-4.069169 -5.281225 0.314961, -4.166586 -5.346316 0.314961,
-4.281496 -5.369173 0.314961, -4.396407 -5.346316 0.314961,
-4.493823 -5.281225 0.314961, -4.558915 -5.183808 0.314961
              ]
            }
            coordIndex [
924, 925, 923, -1, 923, 925, 450, -1, 923, 450, 922, -1, 922, 450, 451, -1,
922, 451, 921, -1, 921, 451, 916, -1, 921, 916, 917, -1, 449, 925, 448, -1,
448, 925, 926, -1, 448, 926, 447, -1, 447, 926, 927, -1, 447, 927, 446, -1,
446, 927, 928, -1, 446, 928, 445, -1, 445, 928, 22, -1, 445, 22, 444, -1,
444, 22, 23, -1, 437, 438, 857, -1, 857, 438, 439, -1, 857, 439, 856, -1,
856, 439, 440, -1, 856, 440, 855, -1, 855, 440, 441, -1, 855, 441, 854, -1,
854, 441, 442, -1, 854, 442, 853, -1, 853, 442, 443, -1, 853, 443, 852, -1,
852, 443, 851, -1, 29, 30, 444, -1, 444, 30, 847, -1, 444, 847, 443, -1,
443, 847, 848, -1, 443, 848, 851, -1, 851, 848, 849, -1, 851, 849, 850, -1,
291, 846, 847, -1, 291, 847, 0, -1, 444, 24, 25, -1, 444, 26, 27, -1,
444, 27, 28, -1, 285, 11, 870, -1, 870, 11, 12, -1, 870, 12, 930, -1,
930, 12, 21, -1, 930, 21, 929, -1, 929, 21, 22, -1, 929, 22, 928, -1,
843, 844, 293, -1, 843, 293, 294, -1, 843, 294, 295, -1, 843, 295, 296, -1,
843, 296, 317, -1, 844, 845, 291, -1, 844, 292, 293, -1, 291, 0, 1, -1,
291, 2, 3, -1, 291, 4, 290, -1, 290, 4, 5, -1, 290, 5, 6, -1,
290, 7, 289, -1, 288, 7, 8, -1, 288, 9, 10, -1, 288, 11, 287, -1,
11, 285, 286, -1, 869, 870, 930, -1, 869, 930, 931, -1, 869, 931, 932, -1,
869, 932, 868, -1, 939, 940, 938, -1, 938, 940, 941, -1, 938, 941, 937, -1,
937, 941, 942, -1, 937, 942, 936, -1, 936, 942, 943, -1, 936, 943, 935, -1,
935, 943, 944, -1, 935, 944, 934, -1, 934, 944, 945, -1, 934, 945, 933, -1,
933, 945, 946, -1, 933, 946, 932, -1, 932, 946, 947, -1, 932, 947, 868, -1,
868, 947, 948, -1, 868, 948, 899, -1, 899, 948, 949, -1, 899, 949, 898, -1,
898, 949, 950, -1, 898, 950, 897, -1, 897, 950, 951, -1, 897, 951, 896, -1,
896, 951, 952, -1, 896, 952, 895, -1, 895, 952, 953, -1, 895, 953, 894, -1,
894, 953, 954, -1, 894, 954, 939, -1, 477, 969, 476, -1, 476, 969, 978, -1,
476, 978, 902, -1, 902, 978, 892, -1, 902, 892, 901, -1, 901, 892, 893, -1,
901, 893, 900, -1, 900, 893, 939, -1, 900, 939, 938, -1, 21, 13, 20, -1,
20, 13, 14, -1, 20, 14, 19, -1, 19, 14, 15, -1, 19, 15, 18, -1,
18, 15, 16, -1, 18, 16, 17, -1, 871, 872, 283, -1, 871, 284, 285, -1,
873, 874, 280, -1, 873, 282, 283, -1, 278, 279, 876, -1, 876, 279, 280, -1,
876, 280, 875, -1, 878, 277, 278, -1, 877, 278, 876, -1, 880, 275, 276, -1,
879, 276, 878, -1, 273, 274, 880, -1, 273, 880, 881, -1, 273, 882, 272, -1,
271, 272, 882, -1, 271, 882, 883, -1, 271, 884, 270, -1, 884, 885, 267, -1,
884, 268, 269, -1, 266, 267, 885, -1, 266, 885, 886, -1, 266, 887, 265, -1,
265, 887, 888, -1, 265, 889, 890, -1, 265, 890, 264, -1, 48, 49, 512, -1,
512, 49, 50, -1, 512, 50, 823, -1, 823, 50, 64, -1, 823, 64, 842, -1,
842, 64, 65, -1, 842, 65, 841, -1, 841, 65, 840, -1, 63, 64, 50, -1,
63, 50, 51, -1, 63, 51, 52, -1, 63, 52, 53, -1, 63, 53, 62, -1,
54, 60, 61, -1, 54, 61, 53, -1, 55, 56, 58, -1, 55, 58, 59, -1,
55, 59, 54, -1, 514, 515, 48, -1, 48, 516, 518, -1, 837, 838, 68, -1,
68, 838, 839, -1, 68, 839, 67, -1, 67, 839, 840, -1, 67, 840, 66, -1,
66, 840, 65, -1, 489, 490, 120, -1, 120, 490, 491, -1, 120, 491, 70, -1,
70, 492, 69, -1, 69, 492, 836, -1, 69, 836, 837, -1, 503, 504, 502, -1,
502, 504, 834, -1, 502, 834, 501, -1, 501, 834, 499, -1, 501, 499, 500, -1,
477, 478, 969, -1, 969, 478, 479, -1, 969, 479, 968, -1, 968, 479, 480, -1,
482, 483, 961, -1, 482, 961, 962, -1, 482, 963, 964, -1, 482, 964, 965, -1,
482, 966, 967, -1, 482, 967, 968, -1, 120, 959, 960, -1, 120, 960, 483, -1,
483, 960, 961, -1, 973, 975, 972, -1, 972, 975, 976, -1, 972, 976, 971, -1,
971, 976, 977, -1, 971, 977, 970, -1, 970, 977, 978, -1, 970, 978, 969, -1,
228, 229, 147, -1, 228, 148, 149, -1, 228, 149, 150, -1, 228, 151, 152, -1,
228, 153, 154, -1, 228, 154, 155, -1, 228, 156, 157, -1, 228, 157, 158, -1,
228, 158, 159, -1, 228, 159, 160, -1, 228, 160, 198, -1, 147, 229, 230, -1,
147, 230, 231, -1, 147, 231, 232, -1, 147, 232, 146, -1, 142, 143, 234, -1,
234, 143, 144, -1, 234, 144, 233, -1, 233, 145, 232, -1, 142, 234, 141, -1,
141, 234, 235, -1, 140, 236, 237, -1, 238, 239, 137, -1, 238, 137, 138, -1,
238, 139, 140, -1, 137, 239, 136, -1, 136, 239, 240, -1, 136, 240, 135, -1,
134, 241, 242, -1, 134, 242, 133, -1, 132, 243, 244, -1, 132, 244, 131, -1,
131, 244, 245, -1, 131, 245, 130, -1, 130, 246, 247, -1, 123, 124, 253, -1,
252, 125, 126, -1, 252, 126, 251, -1, 250, 127, 128, -1, 250, 128, 249, -1,
249, 128, 129, -1, 249, 129, 248, -1, 248, 129, 130, -1, 254, 255, 122, -1,
254, 122, 123, -1, 254, 123, 253, -1, 955, 120, 257, -1, 257, 120, 121, -1,
257, 121, 256, -1, 256, 121, 122, -1, 256, 122, 255, -1, 101, 102, 106, -1,
106, 102, 103, -1, 106, 103, 105, -1, 105, 103, 104, -1, 101, 106, 107, -1,
101, 107, 108, -1, 101, 109, 110, -1, 101, 111, 112, -1, 101, 112, 100, -1,
120, 956, 957, -1, 120, 957, 958, -1, 120, 483, 484, -1, 120, 484, 485, -1,
120, 485, 486, -1, 120, 486, 487, -1, 120, 487, 488, -1, 120, 488, 489, -1,
120, 70, 80, -1, 120, 81, 82, -1, 120, 82, 83, -1, 120, 83, 84, -1,
120, 85, 86, -1, 120, 87, 88, -1, 120, 88, 89, -1, 120, 89, 90, -1,
120, 90, 100, -1, 120, 100, 119, -1, 100, 112, 113, -1, 100, 114, 115, -1,
100, 116, 117, -1, 100, 117, 118, -1, 100, 118, 119, -1, 93, 98, 92, -1,
92, 98, 99, -1, 92, 99, 91, -1, 91, 99, 100, -1, 91, 100, 90, -1,
98, 93, 94, -1, 98, 94, 95, -1, 98, 95, 96, -1, 98, 96, 97, -1,
74, 77, 73, -1, 73, 77, 78, -1, 73, 78, 72, -1, 72, 78, 79, -1,
72, 79, 71, -1, 71, 79, 80, -1, 71, 80, 70, -1, 75, 76, 77, -1,
75, 77, 74, -1, 692, 693, 691, -1, 691, 693, 694, -1, 691, 694, 690, -1,
690, 694, 695, -1, 690, 695, 689, -1, 689, 695, 696, -1, 689, 696, 688, -1,
688, 696, 697, -1, 688, 697, 687, -1, 687, 697, 698, -1, 687, 698, 686, -1,
686, 698, 699, -1, 686, 699, 685, -1, 685, 699, 700, -1, 685, 700, 538, -1,
538, 700, 537, -1, 691, 31, 692, -1, 692, 31, 528, -1, 692, 528, 707, -1,
707, 528, 529, -1, 707, 529, 706, -1, 706, 529, 530, -1, 706, 530, 531, -1,
528, 31, 527, -1, 527, 31, 32, -1, 527, 32, 526, -1, 526, 32, 33, -1,
526, 33, 708, -1, 708, 33, 34, -1, 708, 34, 714, -1, 714, 34, 35, -1,
714, 35, 713, -1, 713, 35, 45, -1, 713, 45, 46, -1, 787, 788, 816, -1,
816, 788, 789, -1, 816, 789, 815, -1, 815, 789, 790, -1, 815, 790, 814, -1,
814, 790, 792, -1, 814, 792, 813, -1, 813, 792, 793, -1, 813, 793, 812, -1,
812, 793, 794, -1, 812, 794, 811, -1, 811, 794, 795, -1, 811, 795, 810, -1,
810, 795, 796, -1, 810, 796, 809, -1, 809, 796, 797, -1, 809, 797, 808, -1,
808, 797, 798, -1, 808, 798, 799, -1, 799, 800, 759, -1, 799, 759, 760, -1,
799, 760, 774, -1, 799, 774, 775, -1, 799, 775, 776, -1, 799, 776, 777, -1,
799, 777, 822, -1, 799, 822, 807, -1, 799, 807, 808, -1, 731, 732, 749, -1,
749, 732, 733, -1, 749, 733, 748, -1, 748, 733, 734, -1, 748, 734, 747, -1,
747, 734, 735, -1, 747, 735, 746, -1, 746, 735, 736, -1, 746, 736, 745, -1,
745, 736, 737, -1, 745, 737, 744, -1, 744, 737, 738, -1, 744, 738, 743, -1,
743, 738, 739, -1, 743, 739, 742, -1, 742, 739, 740, -1, 742, 740, 741, -1,
790, 731, 791, -1, 791, 731, 749, -1, 791, 749, 806, -1, 806, 749, 750, -1,
806, 750, 751, -1, 806, 751, 805, -1, 805, 751, 752, -1, 805, 752, 804, -1,
804, 752, 753, -1, 804, 753, 754, -1, 803, 804, 754, -1, 803, 754, 755, -1,
803, 755, 756, -1, 803, 756, 802, -1, 756, 757, 802, -1, 802, 757, 758, -1,
802, 758, 801, -1, 801, 758, 759, -1, 801, 759, 800, -1, 760, 761, 774, -1,
774, 761, 762, -1, 774, 762, 773, -1, 773, 762, 763, -1, 773, 763, 772, -1,
772, 763, 764, -1, 772, 764, 771, -1, 771, 764, 765, -1, 771, 765, 770, -1,
770, 765, 766, -1, 770, 766, 769, -1, 769, 766, 767, -1, 769, 767, 768, -1,
817, 818, 785, -1, 817, 785, 786, -1, 817, 786, 787, -1, 817, 787, 816, -1,
818, 819, 782, -1, 818, 782, 783, -1, 818, 783, 784, -1, 818, 784, 785, -1,
822, 778, 821, -1, 821, 778, 779, -1, 821, 779, 820, -1, 820, 779, 780, -1,
820, 780, 819, -1, 819, 780, 781, -1, 819, 781, 782, -1, 917, 918, 919, -1,
917, 919, 920, -1, 917, 920, 921, -1, 459, 455, 456, -1, 459, 456, 458, -1,
458, 456, 457, -1, 460, 461, 913, -1, 460, 913, 915, -1, 460, 915, 452, -1,
460, 452, 453, -1, 460, 453, 454, -1, 460, 454, 459, -1, 452, 915, 916, -1,
452, 916, 451, -1, 461, 462, 911, -1, 461, 912, 913, -1, 911, 462, 463, -1,
911, 463, 464, -1, 911, 464, 465, -1, 911, 467, 910, -1, 468, 908, 909, -1,
468, 909, 467, -1, 467, 909, 910, -1, 469, 470, 906, -1, 469, 906, 907, -1,
469, 907, 468, -1, 471, 472, 904, -1, 471, 905, 906, -1, 471, 906, 470, -1,
904, 472, 473, -1, 904, 473, 474, -1, 904, 474, 475, -1, 904, 475, 903, -1,
475, 476, 902, -1, 475, 902, 903, -1, 979, 980, 261, -1, 979, 262, 263, -1,
979, 263, 264, -1, 979, 264, 891, -1, 979, 891, 892, -1, 980, 981, 259, -1,
980, 260, 261, -1, 982, 955, 257, -1, 982, 257, 258, -1, 982, 258, 259, -1,
991, 992, 1017, -1, 1017, 992, 1007, -1, 1017, 1007, 1016, -1, 1016, 1007, 1008, -1,
1016, 1008, 1015, -1, 1015, 1008, 1009, -1, 1015, 1009, 1014, -1, 1014, 1009, 1010, -1,
1014, 1010, 1013, -1, 1013, 1010, 1011, -1, 1013, 1011, 1012, -1, 1053, 1029, 1038, -1,
1038, 1029, 1030, -1, 1038, 1030, 1037, -1, 1037, 1030, 1031, -1, 1037, 1031, 1036, -1,
1036, 1031, 1032, -1, 1036, 1032, 1035, -1, 1035, 1032, 1033, -1, 1035, 1033, 1034, -1,
1045, 1046, 1044, -1, 1044, 1046, 1047, -1, 1044, 1047, 1043, -1, 1043, 1047, 1048, -1,
1043, 1048, 1042, -1, 1042, 1048, 1049, -1, 1042, 1049, 1041, -1, 1041, 1049, 1050, -1,
1041, 1050, 1040, -1, 1040, 1050, 1051, -1, 1040, 1051, 1039, -1, 1039, 1051, 1052, -1,
1039, 1052, 1038, -1, 1038, 1052, 1053, -1, 983, 984, 1022, -1, 983, 1022, 1023, -1,
983, 1023, 1045, -1, 983, 1045, 1044, -1, 1060, 1023, 1059, -1, 1059, 1023, 1024, -1,
1059, 1024, 1058, -1, 1058, 1024, 1025, -1, 1058, 1025, 1057, -1, 1057, 1025, 1026, -1,
1057, 1026, 1056, -1, 1056, 1026, 1027, -1, 1056, 1027, 1055, -1, 1055, 1027, 1028, -1,
1055, 1028, 1054, -1, 1054, 1028, 1029, -1, 1054, 1029, 1053, -1, 1018, 1019, 986, -1,
986, 1019, 1020, -1, 986, 1020, 985, -1, 985, 1020, 1021, -1, 985, 1021, 984, -1,
984, 1021, 1022, -1, 1018, 986, 987, -1, 1018, 987, 988, -1, 1018, 988, 989, -1,
1018, 989, 990, -1, 1018, 990, 991, -1, 1018, 991, 1017, -1, 993, 994, 1006, -1,
993, 1006, 1007, -1, 993, 1007, 992, -1, 1006, 994, 995, -1, 1006, 995, 996, -1,
1006, 996, 997, -1, 1006, 997, 998, -1, 1006, 998, 1005, -1, 1001, 1003, 1000, -1,
1000, 1003, 1004, -1, 1000, 1004, 999, -1, 999, 1004, 1005, -1, 999, 1005, 998, -1,
1150, 1298, 1149, -1, 1149, 1298, 1077, -1, 1149, 1077, 1148, -1, 1148, 1077, 1078, -1,
1148, 1078, 1147, -1, 1147, 1078, 1079, -1, 1147, 1079, 1080, -1, 1306, 1308, 1305, -1,
1305, 1308, 1309, -1, 1305, 1309, 1304, -1, 1304, 1309, 1310, -1, 1304, 1310, 1303, -1,
1303, 1310, 1311, -1, 1303, 1311, 1302, -1, 1302, 1311, 1312, -1, 1302, 1312, 1301, -1,
1301, 1312, 1313, -1, 1301, 1313, 1300, -1, 1300, 1313, 1101, -1, 1300, 1101, 1069, -1,
1069, 1101, 1117, -1, 1069, 1117, 1068, -1, 1068, 1117, 1118, -1, 1068, 1118, 1067, -1,
1067, 1118, 1119, -1, 1067, 1119, 1066, -1, 1066, 1119, 1120, -1, 1066, 1120, 1065, -1,
1065, 1120, 1121, -1, 1065, 1121, 1064, -1, 1064, 1121, 1122, -1, 1064, 1122, 1063, -1,
1063, 1122, 1123, -1, 1063, 1123, 1062, -1, 1062, 1123, 1124, -1, 1062, 1124, 1061, -1,
1061, 1124, 1109, -1, 1061, 1109, 1080, -1, 1080, 1109, 1146, -1, 1080, 1146, 1147, -1,
1300, 1069, 1088, -1, 1088, 1069, 1070, -1, 1088, 1070, 1087, -1, 1087, 1070, 1071, -1,
1087, 1071, 1086, -1, 1086, 1071, 1072, -1, 1086, 1072, 1085, -1, 1085, 1072, 1073, -1,
1085, 1073, 1084, -1, 1084, 1073, 1074, -1, 1084, 1074, 1083, -1, 1083, 1074, 1075, -1,
1083, 1075, 1082, -1, 1082, 1075, 1076, -1, 1082, 1076, 1081, -1, 1081, 1076, 1061, -1,
1081, 1061, 1080, -1, 1146, 1109, 1093, -1, 1093, 1109, 1110, -1, 1093, 1110, 1108, -1,
1108, 1110, 1111, -1, 1108, 1111, 1107, -1, 1107, 1111, 1112, -1, 1107, 1112, 1106, -1,
1106, 1112, 1113, -1, 1106, 1113, 1105, -1, 1105, 1113, 1114, -1, 1105, 1114, 1104, -1,
1104, 1114, 1115, -1, 1104, 1115, 1103, -1, 1103, 1115, 1116, -1, 1103, 1116, 1102, -1,
1102, 1116, 1117, -1, 1102, 1117, 1101, -1, 1098, 1099, 1314, -1, 1314, 1099, 1100, -1,
1314, 1100, 1313, -1, 1313, 1100, 1101, -1, 1098, 1314, 1097, -1, 1097, 1314, 1315, -1,
1097, 1315, 1096, -1, 1096, 1315, 1133, -1, 1096, 1133, 1134, -1, 1315, 1316, 1130, -1,
1315, 1130, 1131, -1, 1315, 1131, 1132, -1, 1315, 1132, 1133, -1, 1316, 1317, 1127, -1,
1316, 1127, 1128, -1, 1316, 1128, 1129, -1, 1316, 1129, 1130, -1, 1295, 1141, 1318, -1,
1318, 1141, 1125, -1, 1318, 1125, 1317, -1, 1317, 1125, 1126, -1, 1317, 1126, 1127, -1,
1089, 1090, 1299, -1, 1089, 1299, 1300, -1, 1089, 1300, 1088, -1, 1077, 1298, 1092, -1,
1092, 1298, 1299, -1, 1092, 1299, 1091, -1, 1091, 1299, 1090, -1, 1150, 1151, 1298, -1,
1298, 1151, 1152, -1, 1298, 1152, 1297, -1, 1297, 1152, 1153, -1, 1297, 1153, 1154, -1,
1155, 1156, 1296, -1, 1155, 1296, 1297, -1, 1155, 1297, 1154, -1, 1141, 1295, 1296, -1,
1141, 1296, 1156, -1, 1295, 1318, 1369, -1, 1295, 1369, 1370, -1, 1295, 1370, 1371, -1,
1295, 1371, 1402, -1, 1295, 1402, 1403, -1, 1295, 1403, 1294, -1, 1368, 1369, 1318, -1,
1368, 1318, 1181, -1, 1368, 1181, 1182, -1, 1368, 1182, 1183, -1, 1368, 1183, 1367, -1,
1178, 1179, 1319, -1, 1319, 1179, 1180, -1, 1319, 1180, 1318, -1, 1318, 1180, 1181, -1,
1174, 1175, 1320, -1, 1320, 1175, 1176, -1, 1320, 1176, 1319, -1, 1319, 1176, 1177, -1,
1319, 1177, 1178, -1, 1187, 1188, 1366, -1, 1366, 1188, 1173, -1, 1366, 1173, 1365, -1,
1365, 1173, 1174, -1, 1365, 1174, 1321, -1, 1321, 1174, 1320, -1, 1322, 1323, 1195, -1,
1322, 1195, 1196, -1, 1322, 1196, 1197, -1, 1322, 1197, 1364, -1, 1322, 1364, 1365, -1,
1322, 1365, 1321, -1, 1323, 1324, 1191, -1, 1323, 1191, 1192, -1, 1323, 1192, 1193, -1,
1323, 1193, 1194, -1, 1323, 1194, 1195, -1, 1359, 1360, 1325, -1, 1325, 1360, 1189, -1,
1325, 1189, 1324, -1, 1324, 1189, 1190, -1, 1324, 1190, 1191, -1, 1203, 1204, 1362, -1,
1362, 1204, 1189, -1, 1362, 1189, 1361, -1, 1361, 1189, 1360, -1, 1093, 1094, 1135, -1,
1135, 1094, 1095, -1, 1135, 1095, 1134, -1, 1134, 1095, 1096, -1, 1136, 1137, 1145, -1,
1136, 1145, 1146, -1, 1136, 1146, 1093, -1, 1136, 1093, 1135, -1, 1125, 1141, 1140, -1,
1140, 1141, 1142, -1, 1140, 1142, 1139, -1, 1139, 1142, 1143, -1, 1139, 1143, 1138, -1,
1138, 1143, 1144, -1, 1138, 1144, 1137, -1, 1137, 1144, 1145, -1, 1253, 1254, 1342, -1,
1342, 1254, 1255, -1, 1342, 1255, 1270, -1, 1270, 1255, 1256, -1, 1270, 1256, 1269, -1,
1269, 1256, 1257, -1, 1269, 1257, 1268, -1, 1268, 1257, 1258, -1, 1268, 1258, 1267, -1,
1267, 1258, 1259, -1, 1267, 1259, 1266, -1, 1266, 1259, 1260, -1, 1266, 1260, 1265, -1,
1265, 1260, 1261, -1, 1265, 1261, 1264, -1, 1264, 1261, 1262, -1, 1264, 1262, 1263, -1,
1197, 1198, 1364, -1, 1364, 1198, 1199, -1, 1364, 1199, 1363, -1, 1363, 1199, 1200, -1,
1363, 1200, 1201, -1, 1202, 1203, 1362, -1, 1202, 1362, 1363, -1, 1202, 1363, 1201, -1,
1407, 1408, 1293, -1, 1293, 1408, 1409, -1, 1293, 1409, 1292, -1, 1292, 1409, 1374, -1,
1292, 1374, 1291, -1, 1291, 1374, 1375, -1, 1291, 1375, 1290, -1, 1290, 1375, 1386, -1,
1290, 1386, 1286, -1, 1286, 1386, 1387, -1, 1286, 1387, 1285, -1, 1285, 1387, 1388, -1,
1285, 1388, 1389, -1, 1285, 1389, 1284, -1, 1284, 1389, 1390, -1, 1284, 1390, 1283, -1,
1283, 1390, 1391, -1, 1283, 1391, 1282, -1, 1282, 1391, 1392, -1, 1282, 1392, 1393, -1,
1282, 1393, 1378, -1, 1282, 1378, 1358, -1, 1282, 1358, 1359, -1, 1282, 1359, 1350, -1,
1282, 1350, 1351, -1, 1282, 1351, 1281, -1, 1212, 1213, 1170, -1, 1170, 1213, 1429, -1,
1170, 1429, 1169, -1, 1169, 1429, 1430, -1, 1169, 1430, 1168, -1, 1168, 1430, 1431, -1,
1168, 1431, 1167, -1, 1167, 1431, 1432, -1, 1167, 1432, 1166, -1, 1166, 1432, 1433, -1,
1166, 1433, 1165, -1, 1165, 1433, 1434, -1, 1165, 1434, 1325, -1, 1325, 1434, 1350, -1,
1325, 1350, 1359, -1, 1352, 1353, 1279, -1, 1352, 1279, 1280, -1, 1352, 1280, 1281, -1,
1352, 1281, 1351, -1, 1275, 1276, 1354, -1, 1354, 1276, 1277, -1, 1354, 1277, 1353, -1,
1353, 1277, 1278, -1, 1353, 1278, 1279, -1, 1272, 1273, 1356, -1, 1356, 1273, 1274, -1,
1356, 1274, 1355, -1, 1355, 1274, 1275, -1, 1355, 1275, 1354, -1, 1272, 1356, 1357, -1,
1272, 1357, 1342, -1, 1272, 1342, 1270, -1, 1272, 1270, 1271, -1, 1398, 1399, 1372, -1,
1372, 1399, 1400, -1, 1372, 1400, 1371, -1, 1371, 1400, 1401, -1, 1371, 1401, 1402, -1,
1395, 1396, 1373, -1, 1373, 1396, 1397, -1, 1373, 1397, 1372, -1, 1372, 1397, 1398, -1,
1394, 1395, 1373, -1, 1394, 1373, 1374, -1, 1394, 1374, 1409, -1, 1294, 1403, 1404, -1,
1294, 1404, 1405, -1, 1294, 1405, 1406, -1, 1294, 1406, 1407, -1, 1294, 1407, 1293, -1,
1290, 1286, 1287, -1, 1290, 1287, 1288, -1, 1290, 1288, 1289, -1, 1382, 1383, 1376, -1,
1376, 1383, 1384, -1, 1376, 1384, 1375, -1, 1375, 1384, 1385, -1, 1375, 1385, 1386, -1,
1379, 1380, 1377, -1, 1377, 1380, 1381, -1, 1377, 1381, 1376, -1, 1376, 1381, 1382, -1,
1377, 1358, 1378, -1, 1377, 1378, 1379, -1, 1367, 1183, 1184, -1, 1367, 1184, 1185, -1,
1367, 1185, 1186, -1, 1367, 1186, 1366, -1, 1329, 1330, 1205, -1, 1205, 1330, 1415, -1,
1205, 1415, 1237, -1, 1237, 1415, 1416, -1, 1237, 1416, 1252, -1, 1252, 1416, 1417, -1,
1252, 1417, 1251, -1, 1251, 1417, 1418, -1, 1251, 1418, 1250, -1, 1250, 1418, 1419, -1,
1250, 1419, 1249, -1, 1249, 1419, 1420, -1, 1249, 1420, 1248, -1, 1248, 1420, 1421, -1,
1248, 1421, 1247, -1, 1247, 1421, 1422, -1, 1247, 1422, 1246, -1, 1246, 1422, 1423, -1,
1246, 1423, 1245, -1, 1245, 1423, 1429, -1, 1245, 1429, 1229, -1, 1229, 1429, 1213, -1,
1229, 1213, 1214, -1, 1205, 1237, 1221, -1, 1221, 1237, 1238, -1, 1221, 1238, 1236, -1,
1236, 1238, 1239, -1, 1236, 1239, 1235, -1, 1235, 1239, 1240, -1, 1235, 1240, 1234, -1,
1234, 1240, 1241, -1, 1234, 1241, 1233, -1, 1233, 1241, 1242, -1, 1233, 1242, 1232, -1,
1232, 1242, 1243, -1, 1232, 1243, 1231, -1, 1231, 1243, 1244, -1, 1231, 1244, 1230, -1,
1230, 1244, 1245, -1, 1230, 1245, 1229, -1, 1229, 1214, 1228, -1, 1228, 1214, 1215, -1,
1228, 1215, 1227, -1, 1227, 1215, 1216, -1, 1227, 1216, 1226, -1, 1226, 1216, 1217, -1,
1226, 1217, 1225, -1, 1225, 1217, 1218, -1, 1225, 1218, 1224, -1, 1224, 1218, 1219, -1,
1224, 1219, 1223, -1, 1223, 1219, 1220, -1, 1223, 1220, 1222, -1, 1222, 1220, 1205, -1,
1222, 1205, 1221, -1, 1171, 1172, 1211, -1, 1171, 1211, 1212, -1, 1171, 1212, 1170, -1,
1208, 1209, 1328, -1, 1328, 1209, 1210, -1, 1328, 1210, 1157, -1, 1157, 1210, 1211, -1,
1157, 1211, 1172, -1, 1162, 1163, 1326, -1, 1326, 1163, 1164, -1, 1326, 1164, 1325, -1,
1325, 1164, 1165, -1, 1159, 1160, 1327, -1, 1327, 1160, 1161, -1, 1327, 1161, 1326, -1,
1326, 1161, 1162, -1, 1158, 1159, 1327, -1, 1158, 1327, 1328, -1, 1158, 1328, 1157, -1,
1205, 1206, 1329, -1, 1329, 1206, 1207, -1, 1329, 1207, 1328, -1, 1328, 1207, 1208, -1,
1349, 1350, 1434, -1, 1349, 1434, 1435, -1, 1349, 1435, 1436, -1, 1349, 1436, 1437, -1,
1349, 1437, 1438, -1, 1349, 1438, 1348, -1, 1348, 1438, 1439, -1, 1348, 1439, 1440, -1,
1348, 1440, 1441, -1, 1348, 1441, 1426, -1, 1348, 1426, 1411, -1, 1348, 1411, 1412, -1,
1348, 1412, 1347, -1, 1426, 1427, 1425, -1, 1426, 1425, 1410, -1, 1426, 1410, 1411, -1,
1347, 1412, 1413, -1, 1347, 1413, 1414, -1, 1347, 1414, 1415, -1, 1347, 1415, 1331, -1,
1347, 1331, 1346, -1, 1346, 1331, 1332, -1, 1346, 1332, 1333, -1, 1346, 1333, 1334, -1,
1346, 1334, 1335, -1, 1346, 1335, 1336, -1, 1346, 1336, 1337, -1, 1346, 1337, 1338, -1,
1346, 1338, 1345, -1, 1253, 1342, 1341, -1, 1341, 1342, 1343, -1, 1341, 1343, 1340, -1,
1340, 1343, 1344, -1, 1340, 1344, 1339, -1, 1339, 1344, 1345, -1, 1339, 1345, 1338, -1,
1424, 1425, 1428, -1, 1424, 1428, 1429, -1, 1424, 1429, 1423, -1, 1511, 1512, 1513, -1,
1511, 1513, 1514, -1, 1511, 1514, 1515, -1, 1511, 1515, 1516, -1, 1511, 1516, 1782, -1,
1511, 1782, 1783, -1, 1511, 1783, 1510, -1, 1465, 1466, 1467, -1, 1465, 1467, 1544, -1,
1465, 1544, 1545, -1, 1465, 1545, 1464, -1, 1543, 1544, 1556, -1, 1556, 1544, 1472, -1,
1556, 1472, 1580, -1, 1580, 1472, 1617, -1, 1580, 1617, 1595, -1, 1595, 1617, 1618, -1,
1595, 1618, 1594, -1, 1594, 1618, 1619, -1, 1594, 1619, 1593, -1, 1593, 1619, 1620, -1,
1593, 1620, 1592, -1, 1592, 1620, 1621, -1, 1592, 1621, 1591, -1, 1591, 1621, 1622, -1,
1591, 1622, 1590, -1, 1590, 1622, 1623, -1, 1590, 1623, 1589, -1, 1589, 1623, 1624, -1,
1589, 1624, 1588, -1, 1588, 1624, 1625, -1, 1588, 1625, 1564, -1, 1564, 1625, 1631, -1,
1564, 1631, 1548, -1, 1548, 1631, 1601, -1, 1548, 1601, 1563, -1, 1563, 1601, 1602, -1,
1563, 1602, 1562, -1, 1562, 1602, 1603, -1, 1562, 1603, 1604, -1, 1556, 1580, 1572, -1,
1572, 1580, 1581, -1, 1572, 1581, 1571, -1, 1571, 1581, 1582, -1, 1571, 1582, 1570, -1,
1570, 1582, 1583, -1, 1570, 1583, 1569, -1, 1569, 1583, 1584, -1, 1569, 1584, 1568, -1,
1568, 1584, 1585, -1, 1568, 1585, 1567, -1, 1567, 1585, 1586, -1, 1567, 1586, 1566, -1,
1566, 1586, 1587, -1, 1566, 1587, 1565, -1, 1565, 1587, 1588, -1, 1565, 1588, 1564, -1,
1556, 1573, 1555, -1, 1555, 1573, 1574, -1, 1555, 1574, 1554, -1, 1554, 1574, 1575, -1,
1554, 1575, 1553, -1, 1553, 1575, 1576, -1, 1553, 1576, 1552, -1, 1552, 1576, 1577, -1,
1552, 1577, 1551, -1, 1551, 1577, 1578, -1, 1551, 1578, 1550, -1, 1550, 1578, 1579, -1,
1550, 1579, 1549, -1, 1549, 1579, 1564, -1, 1549, 1564, 1548, -1, 1540, 1541, 1477, -1,
1477, 1541, 1596, -1, 1477, 1596, 1636, -1, 1636, 1596, 1597, -1, 1636, 1597, 1635, -1,
1635, 1597, 1598, -1, 1635, 1598, 1634, -1, 1634, 1598, 1599, -1, 1634, 1599, 1633, -1,
1633, 1599, 1600, -1, 1633, 1600, 1632, -1, 1632, 1600, 1601, -1, 1632, 1601, 1631, -1,
1604, 1605, 1542, -1, 1604, 1542, 1543, -1, 1604, 1543, 1561, -1, 1604, 1561, 1562, -1,
1541, 1542, 1609, -1, 1541, 1609, 1610, -1, 1541, 1610, 1611, -1, 1541, 1611, 1596, -1,
1542, 1605, 1606, -1, 1542, 1606, 1607, -1, 1542, 1607, 1608, -1, 1542, 1608, 1609, -1,
1543, 1556, 1557, -1, 1543, 1557, 1558, -1, 1543, 1558, 1559, -1, 1543, 1559, 1560, -1,
1543, 1560, 1561, -1, 1544, 1467, 1468, -1, 1544, 1468, 1469, -1, 1544, 1469, 1470, -1,
1544, 1470, 1471, -1, 1544, 1471, 1472, -1, 1464, 1545, 1463, -1, 1463, 1545, 1546, -1,
1463, 1546, 1462, -1, 1462, 1546, 1547, -1, 1462, 1547, 1532, -1, 1532, 1533, 1531, -1,
1532, 1531, 1442, -1, 1532, 1442, 1461, -1, 1532, 1461, 1462, -1, 1451, 1453, 1450, -1,
1450, 1453, 1454, -1, 1450, 1454, 1449, -1, 1449, 1454, 1455, -1, 1449, 1455, 1448, -1,
1448, 1455, 1456, -1, 1448, 1456, 1447, -1, 1447, 1456, 1457, -1, 1447, 1457, 1446, -1,
1446, 1457, 1458, -1, 1446, 1458, 1445, -1, 1445, 1458, 1459, -1, 1445, 1459, 1444, -1,
1444, 1459, 1460, -1, 1444, 1460, 1443, -1, 1443, 1460, 1461, -1, 1443, 1461, 1442, -1,
1637, 1638, 1476, -1, 1637, 1476, 1477, -1, 1637, 1477, 1636, -1, 1638, 1639, 1476, -1,
1476, 1639, 1640, -1, 1476, 1640, 1475, -1, 1475, 1640, 1641, -1, 1475, 1641, 1642, -1,
1627, 1612, 1628, -1, 1628, 1612, 1474, -1, 1628, 1474, 1643, -1, 1643, 1474, 1475, -1,
1643, 1475, 1642, -1, 1474, 1612, 1613, -1, 1474, 1613, 1614, -1, 1474, 1614, 1615, -1,
1474, 1615, 1473, -1, 1473, 1615, 1616, -1, 1473, 1616, 1617, -1, 1473, 1617, 1472, -1,
1628, 1629, 1627, -1, 1627, 1629, 1630, -1, 1627, 1630, 1626, -1, 1626, 1630, 1631, -1,
1626, 1631, 1625, -1, 1765, 1487, 1764, -1, 1764, 1487, 1724, -1, 1764, 1724, 1763, -1,
1763, 1724, 1725, -1, 1763, 1725, 1762, -1, 1762, 1725, 1726, -1, 1762, 1726, 1727, -1,
1727, 1728, 1708, -1, 1727, 1708, 1676, -1, 1727, 1676, 1751, -1, 1727, 1751, 1761, -1,
1727, 1761, 1762, -1, 1787, 1484, 1507, -1, 1507, 1484, 1756, -1, 1507, 1756, 1740, -1,
1740, 1756, 1757, -1, 1740, 1757, 1755, -1, 1755, 1757, 1758, -1, 1755, 1758, 1754, -1,
1754, 1758, 1759, -1, 1754, 1759, 1753, -1, 1753, 1759, 1760, -1, 1753, 1760, 1752, -1,
1752, 1760, 1761, -1, 1752, 1761, 1751, -1, 1708, 1728, 1723, -1, 1723, 1728, 1729, -1,
1723, 1729, 1722, -1, 1722, 1729, 1730, -1, 1722, 1730, 1721, -1, 1721, 1730, 1731, -1,
1721, 1731, 1720, -1, 1720, 1731, 1732, -1, 1720, 1732, 1719, -1, 1719, 1732, 1733, -1,
1719, 1733, 1718, -1, 1718, 1733, 1734, -1, 1718, 1734, 1717, -1, 1717, 1734, 1735, -1,
1717, 1735, 1716, -1, 1716, 1735, 1489, -1, 1716, 1489, 1700, -1, 1700, 1489, 1684, -1,
1700, 1684, 1685, -1, 1676, 1708, 1692, -1, 1692, 1708, 1709, -1, 1692, 1709, 1707, -1,
1707, 1709, 1710, -1, 1707, 1710, 1706, -1, 1706, 1710, 1711, -1, 1706, 1711, 1705, -1,
1705, 1711, 1712, -1, 1705, 1712, 1704, -1, 1704, 1712, 1713, -1, 1704, 1713, 1703, -1,
1703, 1713, 1714, -1, 1703, 1714, 1702, -1, 1702, 1714, 1715, -1, 1702, 1715, 1701, -1,
1701, 1715, 1716, -1, 1701, 1716, 1700, -1, 1700, 1685, 1699, -1, 1699, 1685, 1686, -1,
1699, 1686, 1698, -1, 1698, 1686, 1687, -1, 1698, 1687, 1697, -1, 1697, 1687, 1688, -1,
1697, 1688, 1696, -1, 1696, 1688, 1689, -1, 1696, 1689, 1695, -1, 1695, 1689, 1690, -1,
1695, 1690, 1694, -1, 1694, 1690, 1691, -1, 1694, 1691, 1693, -1, 1693, 1691, 1676, -1,
1693, 1676, 1692, -1, 1684, 1489, 1502, -1, 1502, 1489, 1490, -1, 1502, 1490, 1501, -1,
1501, 1490, 1491, -1, 1501, 1491, 1500, -1, 1500, 1491, 1492, -1, 1500, 1492, 1499, -1,
1499, 1492, 1493, -1, 1499, 1493, 1498, -1, 1498, 1493, 1494, -1, 1498, 1494, 1497, -1,
1497, 1494, 1495, -1, 1497, 1495, 1496, -1, 1681, 1682, 1503, -1, 1503, 1682, 1683, -1,
1503, 1683, 1502, -1, 1502, 1683, 1684, -1, 1681, 1503, 1680, -1, 1680, 1503, 1504, -1,
1680, 1504, 1679, -1, 1679, 1504, 1748, -1, 1679, 1748, 1749, -1, 1504, 1505, 1745, -1,
1504, 1745, 1746, -1, 1504, 1746, 1747, -1, 1504, 1747, 1748, -1, 1505, 1506, 1742, -1,
1505, 1742, 1743, -1, 1505, 1743, 1744, -1, 1505, 1744, 1745, -1, 1506, 1507, 1740, -1,
1506, 1740, 1741, -1, 1506, 1741, 1742, -1, 1736, 1737, 1488, -1, 1736, 1488, 1489, -1,
1736, 1489, 1735, -1, 1724, 1487, 1739, -1, 1739, 1487, 1488, -1, 1739, 1488, 1738, -1,
1738, 1488, 1737, -1, 1765, 1766, 1487, -1, 1487, 1766, 1767, -1, 1487, 1767, 1486, -1,
1486, 1767, 1768, -1, 1486, 1768, 1769, -1, 1770, 1771, 1485, -1, 1770, 1485, 1486, -1,
1770, 1486, 1769, -1, 1756, 1484, 1485, -1, 1756, 1485, 1771, -1, 1786, 1787, 1507, -1,
1786, 1507, 1652, -1, 1786, 1652, 1653, -1, 1786, 1653, 1654, -1, 1786, 1654, 1785, -1,
1649, 1650, 1508, -1, 1508, 1650, 1651, -1, 1508, 1651, 1507, -1, 1507, 1651, 1652, -1,
1645, 1646, 1509, -1, 1509, 1646, 1647, -1, 1509, 1647, 1508, -1, 1508, 1647, 1648, -1,
1508, 1648, 1649, -1, 1658, 1659, 1784, -1, 1784, 1659, 1644, -1, 1784, 1644, 1783, -1,
1783, 1644, 1645, -1, 1783, 1645, 1510, -1, 1510, 1645, 1509, -1, 1782, 1516, 1517, -1,
1782, 1517, 1668, -1, 1782, 1668, 1669, -1, 1782, 1669, 1670, -1, 1782, 1670, 1781, -1,
1781, 1670, 1671, -1, 1781, 1671, 1672, -1, 1781, 1672, 1673, -1, 1781, 1673, 1780, -1,
1780, 1673, 1674, -1, 1780, 1674, 1675, -1, 1780, 1675, 1660, -1, 1780, 1660, 1779, -1,
1676, 1677, 1750, -1, 1750, 1677, 1678, -1, 1750, 1678, 1749, -1, 1749, 1678, 1679, -1,
1798, 1799, 1789, -1, 1789, 1799, 1800, -1, 1789, 1800, 1484, -1, 1484, 1800, 1801, -1,
1484, 1801, 1483, -1, 1483, 1801, 1802, -1, 1483, 1802, 1803, -1, 1790, 1791, 1795, -1,
1790, 1795, 1796, -1, 1790, 1796, 1797, -1, 1790, 1797, 1798, -1, 1790, 1798, 1789, -1,
1791, 1772, 1792, -1, 1791, 1792, 1793, -1, 1791, 1793, 1794, -1, 1791, 1794, 1795, -1,
1788, 1789, 1484, -1, 1788, 1484, 1787, -1, 1803, 1804, 1483, -1, 1483, 1804, 1805, -1,
1483, 1805, 1482, -1, 1482, 1805, 1806, -1, 1482, 1806, 1807, -1, 1772, 1773, 1480, -1,
1772, 1480, 1481, -1, 1772, 1481, 1807, -1, 1772, 1807, 1792, -1, 1814, 1815, 1773, -1,
1773, 1815, 1816, -1, 1773, 1816, 1480, -1, 1480, 1816, 1817, -1, 1480, 1817, 1818, -1,
1479, 1480, 1818, -1, 1479, 1818, 1819, -1, 1479, 1819, 1820, -1, 1479, 1820, 1821, -1,
1479, 1821, 1822, -1, 1479, 1822, 1478, -1, 1822, 1823, 1478, -1, 1478, 1823, 1808, -1,
1478, 1808, 1477, -1, 1477, 1808, 1777, -1, 1477, 1777, 1521, -1, 1521, 1777, 1778, -1,
1521, 1778, 1520, -1, 1520, 1778, 1779, -1, 1520, 1779, 1660, -1, 1808, 1809, 1775, -1,
1808, 1775, 1776, -1, 1808, 1776, 1777, -1, 1477, 1521, 1540, -1, 1540, 1521, 1522, -1,
1540, 1522, 1539, -1, 1539, 1522, 1523, -1, 1539, 1523, 1538, -1, 1538, 1523, 1524, -1,
1538, 1524, 1537, -1, 1537, 1524, 1525, -1, 1537, 1525, 1526, -1, 1536, 1537, 1526, -1,
1536, 1526, 1527, -1, 1536, 1527, 1528, -1, 1536, 1528, 1535, -1, 1528, 1529, 1535, -1,
1535, 1529, 1530, -1, 1535, 1530, 1534, -1, 1534, 1530, 1531, -1, 1534, 1531, 1533, -1,
1785, 1654, 1655, -1, 1785, 1655, 1656, -1, 1785, 1656, 1657, -1, 1785, 1657, 1784, -1,
1665, 1666, 1518, -1, 1518, 1666, 1667, -1, 1518, 1667, 1517, -1, 1517, 1667, 1668, -1,
1519, 1520, 1663, -1, 1519, 1663, 1664, -1, 1519, 1664, 1665, -1, 1519, 1665, 1518, -1,
1520, 1660, 1661, -1, 1520, 1661, 1662, -1, 1520, 1662, 1663, -1, 1774, 1775, 1811, -1,
1774, 1811, 1812, -1, 1774, 1812, 1813, -1, 1774, 1813, 1814, -1, 1774, 1814, 1773, -1,
1775, 1809, 1810, -1, 1775, 1810, 1811, -1, 1872, 1844, 1857, -1, 1857, 1844, 1845, -1,
1857, 1845, 1856, -1, 1856, 1845, 1846, -1, 1856, 1846, 1855, -1, 1855, 1846, 1847, -1,
1855, 1847, 1854, -1, 1854, 1847, 1848, -1, 1854, 1848, 1853, -1, 1853, 1848, 1849, -1,
1853, 1849, 1852, -1, 1852, 1849, 1850, -1, 1852, 1850, 1851, -1, 1864, 1865, 1863, -1,
1863, 1865, 1866, -1, 1863, 1866, 1862, -1, 1862, 1866, 1867, -1, 1862, 1867, 1861, -1,
1861, 1867, 1868, -1, 1861, 1868, 1860, -1, 1860, 1868, 1869, -1, 1860, 1869, 1859, -1,
1859, 1869, 1870, -1, 1859, 1870, 1858, -1, 1858, 1870, 1871, -1, 1858, 1871, 1857, -1,
1857, 1871, 1872, -1, 1830, 1832, 1829, -1, 1829, 1832, 1833, -1, 1829, 1833, 1828, -1,
1828, 1833, 1834, -1, 1828, 1834, 1827, -1, 1827, 1834, 1835, -1, 1827, 1835, 1826, -1,
1826, 1835, 1836, -1, 1826, 1836, 1825, -1, 1825, 1836, 1837, -1, 1825, 1837, 1824, -1,
1824, 1837, 1864, -1, 1824, 1864, 1863, -1, 1879, 1838, 1878, -1, 1878, 1838, 1839, -1,
1878, 1839, 1877, -1, 1877, 1839, 1840, -1, 1877, 1840, 1876, -1, 1876, 1840, 1841, -1,
1876, 1841, 1875, -1, 1875, 1841, 1842, -1, 1875, 1842, 1874, -1, 1874, 1842, 1843, -1,
1874, 1843, 1873, -1, 1873, 1843, 1844, -1, 1873, 1844, 1872, -1, 1864, 1837, 1838, -1,
1864, 1838, 1879, -1, 1928, 1900, 1913, -1, 1913, 1900, 1901, -1, 1913, 1901, 1912, -1,
1912, 1901, 1902, -1, 1912, 1902, 1911, -1, 1911, 1902, 1903, -1, 1911, 1903, 1910, -1,
1910, 1903, 1904, -1, 1910, 1904, 1909, -1, 1909, 1904, 1905, -1, 1909, 1905, 1908, -1,
1908, 1905, 1906, -1, 1908, 1906, 1907, -1, 1920, 1921, 1919, -1, 1919, 1921, 1922, -1,
1919, 1922, 1918, -1, 1918, 1922, 1923, -1, 1918, 1923, 1917, -1, 1917, 1923, 1924, -1,
1917, 1924, 1916, -1, 1916, 1924, 1925, -1, 1916, 1925, 1915, -1, 1915, 1925, 1926, -1,
1915, 1926, 1914, -1, 1914, 1926, 1927, -1, 1914, 1927, 1913, -1, 1913, 1927, 1928, -1,
1886, 1888, 1885, -1, 1885, 1888, 1889, -1, 1885, 1889, 1884, -1, 1884, 1889, 1890, -1,
1884, 1890, 1883, -1, 1883, 1890, 1891, -1, 1883, 1891, 1882, -1, 1882, 1891, 1892, -1,
1882, 1892, 1881, -1, 1881, 1892, 1893, -1, 1881, 1893, 1880, -1, 1880, 1893, 1920, -1,
1880, 1920, 1919, -1, 1935, 1894, 1934, -1, 1934, 1894, 1895, -1, 1934, 1895, 1933, -1,
1933, 1895, 1896, -1, 1933, 1896, 1932, -1, 1932, 1896, 1897, -1, 1932, 1897, 1931, -1,
1931, 1897, 1898, -1, 1931, 1898, 1930, -1, 1930, 1898, 1899, -1, 1930, 1899, 1929, -1,
1929, 1899, 1900, -1, 1929, 1900, 1928, -1, 1920, 1893, 1894, -1, 1920, 1894, 1935, -1,
1951, 1952, 1987, -1, 1987, 1952, 1953, -1, 1987, 1953, 1986, -1, 1986, 1953, 1954, -1,
1986, 1954, 1985, -1, 1985, 1954, 1955, -1, 1985, 1955, 1984, -1, 1984, 1955, 1956, -1,
1984, 1956, 1965, -1, 1965, 1956, 1957, -1, 1965, 1957, 1964, -1, 1964, 1957, 1958, -1,
1964, 1958, 1963, -1, 1963, 1958, 1959, -1, 1963, 1959, 1962, -1, 1962, 1959, 1960, -1,
1962, 1960, 1961, -1, 1969, 1981, 1968, -1, 1968, 1981, 1982, -1, 1968, 1982, 1967, -1,
1967, 1982, 1983, -1, 1967, 1983, 1966, -1, 1966, 1983, 1984, -1, 1966, 1984, 1965, -1,
1970, 1971, 1980, -1, 1970, 1980, 1981, -1, 1970, 1981, 1969, -1, 1945, 1946, 1936, -1,
1936, 1946, 1976, -1, 1936, 1976, 1975, -1, 1975, 1976, 1977, -1, 1975, 1977, 1974, -1,
1974, 1977, 1978, -1, 1974, 1978, 1973, -1, 1973, 1978, 1979, -1, 1973, 1979, 1972, -1,
1972, 1979, 1980, -1, 1972, 1980, 1971, -1, 1988, 1989, 1949, -1, 1988, 1949, 1950, -1,
1988, 1950, 1951, -1, 1988, 1951, 1987, -1, 1976, 1946, 1991, -1, 1991, 1946, 1947, -1,
1991, 1947, 1990, -1, 1990, 1947, 1948, -1, 1990, 1948, 1989, -1, 1989, 1948, 1949, -1,
1940, 1942, 1939, -1, 1939, 1942, 1943, -1, 1939, 1943, 1938, -1, 1938, 1943, 1944, -1,
1938, 1944, 1937, -1, 1937, 1944, 1945, -1, 1937, 1945, 1936, -1, 2007, 2008, 2043, -1,
2043, 2008, 2009, -1, 2043, 2009, 2042, -1, 2042, 2009, 2010, -1, 2042, 2010, 2041, -1,
2041, 2010, 2011, -1, 2041, 2011, 2040, -1, 2040, 2011, 2012, -1, 2040, 2012, 2021, -1,
2021, 2012, 2013, -1, 2021, 2013, 2020, -1, 2020, 2013, 2014, -1, 2020, 2014, 2019, -1,
2019, 2014, 2015, -1, 2019, 2015, 2018, -1, 2018, 2015, 2016, -1, 2018, 2016, 2017, -1,
2025, 2037, 2024, -1, 2024, 2037, 2038, -1, 2024, 2038, 2023, -1, 2023, 2038, 2039, -1,
2023, 2039, 2022, -1, 2022, 2039, 2040, -1, 2022, 2040, 2021, -1, 2026, 2027, 2036, -1,
2026, 2036, 2037, -1, 2026, 2037, 2025, -1, 2001, 2002, 1992, -1, 1992, 2002, 2032, -1,
1992, 2032, 2031, -1, 2031, 2032, 2033, -1, 2031, 2033, 2030, -1, 2030, 2033, 2034, -1,
2030, 2034, 2029, -1, 2029, 2034, 2035, -1, 2029, 2035, 2028, -1, 2028, 2035, 2036, -1,
2028, 2036, 2027, -1, 2044, 2045, 2005, -1, 2044, 2005, 2006, -1, 2044, 2006, 2007, -1,
2044, 2007, 2043, -1, 2032, 2002, 2047, -1, 2047, 2002, 2003, -1, 2047, 2003, 2046, -1,
2046, 2003, 2004, -1, 2046, 2004, 2045, -1, 2045, 2004, 2005, -1, 1996, 1998, 1995, -1,
1995, 1998, 1999, -1, 1995, 1999, 1994, -1, 1994, 1999, 2000, -1, 1994, 2000, 1993, -1,
1993, 2000, 2001, -1, 1993, 2001, 1992, -1, 2096, 2068, 2081, -1, 2081, 2068, 2069, -1,
2081, 2069, 2080, -1, 2080, 2069, 2070, -1, 2080, 2070, 2079, -1, 2079, 2070, 2071, -1,
2079, 2071, 2078, -1, 2078, 2071, 2072, -1, 2078, 2072, 2077, -1, 2077, 2072, 2073, -1,
2077, 2073, 2076, -1, 2076, 2073, 2074, -1, 2076, 2074, 2075, -1, 2088, 2089, 2087, -1,
2087, 2089, 2090, -1, 2087, 2090, 2086, -1, 2086, 2090, 2091, -1, 2086, 2091, 2085, -1,
2085, 2091, 2092, -1, 2085, 2092, 2084, -1, 2084, 2092, 2093, -1, 2084, 2093, 2083, -1,
2083, 2093, 2094, -1, 2083, 2094, 2082, -1, 2082, 2094, 2095, -1, 2082, 2095, 2081, -1,
2081, 2095, 2096, -1, 2054, 2056, 2053, -1, 2053, 2056, 2057, -1, 2053, 2057, 2052, -1,
2052, 2057, 2058, -1, 2052, 2058, 2051, -1, 2051, 2058, 2059, -1, 2051, 2059, 2050, -1,
2050, 2059, 2060, -1, 2050, 2060, 2049, -1, 2049, 2060, 2061, -1, 2049, 2061, 2048, -1,
2048, 2061, 2088, -1, 2048, 2088, 2087, -1, 2103, 2062, 2102, -1, 2102, 2062, 2063, -1,
2102, 2063, 2101, -1, 2101, 2063, 2064, -1, 2101, 2064, 2100, -1, 2100, 2064, 2065, -1,
2100, 2065, 2099, -1, 2099, 2065, 2066, -1, 2099, 2066, 2098, -1, 2098, 2066, 2067, -1,
2098, 2067, 2097, -1, 2097, 2067, 2068, -1, 2097, 2068, 2096, -1, 2088, 2061, 2062, -1,
2088, 2062, 2103, -1, 2119, 2120, 2155, -1, 2155, 2120, 2121, -1, 2155, 2121, 2154, -1,
2154, 2121, 2122, -1, 2154, 2122, 2153, -1, 2153, 2122, 2123, -1, 2153, 2123, 2152, -1,
2152, 2123, 2124, -1, 2152, 2124, 2133, -1, 2133, 2124, 2125, -1, 2133, 2125, 2132, -1,
2132, 2125, 2126, -1, 2132, 2126, 2131, -1, 2131, 2126, 2127, -1, 2131, 2127, 2130, -1,
2130, 2127, 2128, -1, 2130, 2128, 2129, -1, 2137, 2149, 2136, -1, 2136, 2149, 2150, -1,
2136, 2150, 2135, -1, 2135, 2150, 2151, -1, 2135, 2151, 2134, -1, 2134, 2151, 2152, -1,
2134, 2152, 2133, -1, 2138, 2139, 2148, -1, 2138, 2148, 2149, -1, 2138, 2149, 2137, -1,
2113, 2114, 2104, -1, 2104, 2114, 2144, -1, 2104, 2144, 2143, -1, 2143, 2144, 2145, -1,
2143, 2145, 2142, -1, 2142, 2145, 2146, -1, 2142, 2146, 2141, -1, 2141, 2146, 2147, -1,
2141, 2147, 2140, -1, 2140, 2147, 2148, -1, 2140, 2148, 2139, -1, 2156, 2157, 2117, -1,
2156, 2117, 2118, -1, 2156, 2118, 2119, -1, 2156, 2119, 2155, -1, 2144, 2114, 2159, -1,
2159, 2114, 2115, -1, 2159, 2115, 2158, -1, 2158, 2115, 2116, -1, 2158, 2116, 2157, -1,
2157, 2116, 2117, -1, 2108, 2110, 2107, -1, 2107, 2110, 2111, -1, 2107, 2111, 2106, -1,
2106, 2111, 2112, -1, 2106, 2112, 2105, -1, 2105, 2112, 2113, -1, 2105, 2113, 2104, -1,
2175, 2176, 2211, -1, 2211, 2176, 2177, -1, 2211, 2177, 2210, -1, 2210, 2177, 2178, -1,
2210, 2178, 2209, -1, 2209, 2178, 2179, -1, 2209, 2179, 2208, -1, 2208, 2179, 2180, -1,
2208, 2180, 2189, -1, 2189, 2180, 2181, -1, 2189, 2181, 2188, -1, 2188, 2181, 2182, -1,
2188, 2182, 2187, -1, 2187, 2182, 2183, -1, 2187, 2183, 2186, -1, 2186, 2183, 2184, -1,
2186, 2184, 2185, -1, 2193, 2205, 2192, -1, 2192, 2205, 2206, -1, 2192, 2206, 2191, -1,
2191, 2206, 2207, -1, 2191, 2207, 2190, -1, 2190, 2207, 2208, -1, 2190, 2208, 2189, -1,
2194, 2195, 2204, -1, 2194, 2204, 2205, -1, 2194, 2205, 2193, -1, 2169, 2170, 2160, -1,
2160, 2170, 2200, -1, 2160, 2200, 2199, -1, 2199, 2200, 2201, -1, 2199, 2201, 2198, -1,
2198, 2201, 2202, -1, 2198, 2202, 2197, -1, 2197, 2202, 2203, -1, 2197, 2203, 2196, -1,
2196, 2203, 2204, -1, 2196, 2204, 2195, -1, 2212, 2213, 2173, -1, 2212, 2173, 2174, -1,
2212, 2174, 2175, -1, 2212, 2175, 2211, -1, 2200, 2170, 2215, -1, 2215, 2170, 2171, -1,
2215, 2171, 2214, -1, 2214, 2171, 2172, -1, 2214, 2172, 2213, -1, 2213, 2172, 2173, -1,
2164, 2166, 2163, -1, 2163, 2166, 2167, -1, 2163, 2167, 2162, -1, 2162, 2167, 2168, -1,
2162, 2168, 2161, -1, 2161, 2168, 2169, -1, 2161, 2169, 2160, -1, 2275, 2276, 2274, -1,
2274, 2276, 2277, -1, 2274, 2277, 2292, -1, 2292, 2277, 2278, -1, 2292, 2278, 2291, -1,
2291, 2278, 2279, -1, 2291, 2279, 2290, -1, 2290, 2279, 2280, -1, 2290, 2280, 2289, -1,
2289, 2280, 2281, -1, 2289, 2281, 2288, -1, 2288, 2281, 2282, -1, 2288, 2282, 2287, -1,
2287, 2282, 2283, -1, 2287, 2283, 2286, -1, 2286, 2283, 2284, -1, 2286, 2284, 2285, -1,
42, 43, 36, -1, 42, 36, 37, -1, 42, 37, 40, -1, 42, 40, 41, -1,
2422, 2423, 2430, -1, 2430, 2423, 2424, -1, 2430, 2424, 2429, -1, 2429, 2424, 2425, -1,
2429, 2425, 2428, -1, 2428, 2425, 2426, -1, 2428, 2426, 2427, -1, 2430, 2431, 2422, -1,
2422, 2431, 2432, -1, 2422, 2432, 2351, -1, 2351, 2432, 2433, -1, 2351, 2433, 2350, -1,
2350, 2433, 2448, -1, 2350, 2448, 2449, -1, 208, 209, 215, -1, 215, 209, 210, -1,
215, 210, 214, -1, 214, 210, 211, -1, 214, 211, 213, -1, 213, 211, 212, -1,
207, 208, 215, -1, 207, 215, 216, -1, 207, 218, 206, -1, 206, 218, 219, -1,
206, 221, 222, -1, 206, 222, 205, -1, 204, 222, 223, -1, 204, 224, 203, -1,
224, 225, 199, -1, 224, 199, 200, -1, 224, 200, 201, -1, 224, 201, 202, -1,
198, 199, 225, -1, 198, 226, 227, -1, 179, 180, 184, -1, 184, 180, 181, -1,
184, 181, 183, -1, 183, 181, 182, -1, 179, 184, 185, -1, 179, 185, 186, -1,
179, 187, 188, -1, 179, 189, 190, -1, 179, 190, 162, -1, 179, 162, 163, -1,
179, 163, 164, -1, 179, 164, 165, -1, 179, 165, 166, -1, 179, 168, 169, -1,
179, 171, 172, -1, 179, 172, 178, -1, 160, 161, 192, -1, 160, 192, 193, -1,
160, 194, 195, -1, 160, 195, 196, -1, 160, 196, 197, -1, 160, 197, 198, -1,
161, 162, 190, -1, 161, 190, 191, -1, 175, 176, 174, -1, 174, 176, 177, -1,
174, 177, 173, -1, 173, 177, 178, -1, 173, 178, 172, -1, 682, 683, 678, -1,
682, 678, 679, -1, 682, 679, 680, -1, 682, 680, 681, -1, 354, 348, 353, -1,
353, 348, 349, -1, 353, 349, 352, -1, 352, 349, 350, -1, 352, 350, 351, -1,
348, 354, 355, -1, 348, 355, 356, -1, 348, 356, 357, -1, 348, 359, 360, -1,
348, 360, 361, -1, 348, 361, 347, -1, 361, 362, 343, -1, 361, 343, 344, -1,
361, 344, 345, -1, 361, 345, 346, -1, 361, 346, 347, -1, 339, 340, 363, -1,
363, 340, 341, -1, 363, 341, 362, -1, 362, 341, 342, -1, 362, 342, 343, -1,
339, 363, 338, -1, 338, 363, 364, -1, 337, 365, 366, -1, 367, 368, 335, -1,
367, 336, 337, -1, 332, 333, 370, -1, 370, 333, 334, -1, 370, 334, 369, -1,
369, 334, 335, -1, 369, 335, 368, -1, 376, 326, 327, -1, 376, 327, 375, -1,
375, 327, 328, -1, 375, 328, 374, -1, 373, 329, 330, -1, 373, 330, 372, -1,
371, 331, 332, -1, 371, 332, 370, -1, 377, 378, 326, -1, 326, 379, 325, -1,
325, 379, 380, -1, 325, 380, 324, -1, 324, 380, 381, -1, 324, 381, 323, -1,
322, 382, 383, -1, 322, 383, 321, -1, 320, 384, 385, -1, 320, 385, 386, -1,
319, 320, 386, -1, 319, 386, 387, -1, 319, 387, 388, -1, 319, 388, 318, -1,
424, 425, 410, -1, 424, 410, 411, -1, 424, 411, 412, -1, 424, 412, 413, -1,
424, 415, 416, -1, 424, 417, 418, -1, 424, 418, 419, -1, 424, 419, 420, -1,
424, 420, 421, -1, 424, 421, 422, -1, 424, 422, 423, -1, 426, 405, 425, -1,
425, 405, 407, -1, 425, 407, 410, -1, 427, 428, 435, -1, 427, 435, 436, -1,
427, 437, 857, -1, 427, 857, 396, -1, 427, 396, 397, -1, 427, 397, 398, -1,
427, 398, 399, -1, 427, 399, 400, -1, 427, 401, 402, -1, 427, 403, 404, -1,
427, 404, 405, -1, 427, 405, 426, -1, 428, 429, 433, -1, 428, 434, 435, -1,
430, 431, 432, -1, 430, 432, 433, -1, 430, 433, 429, -1, 396, 857, 858, -1,
396, 859, 860, -1, 396, 860, 395, -1, 394, 860, 861, -1, 394, 862, 393, -1,
392, 862, 863, -1, 392, 864, 391, -1, 865, 317, 389, -1, 865, 389, 864, -1,
864, 389, 390, -1, 864, 390, 391, -1, 389, 317, 318, -1, 389, 318, 388, -1,
310, 311, 307, -1, 310, 307, 308, -1, 310, 308, 309, -1, 312, 313, 304, -1,
312, 304, 305, -1, 312, 305, 306, -1, 312, 306, 307, -1, 304, 314, 315, -1,
304, 315, 316, -1, 304, 316, 317, -1, 304, 317, 296, -1, 304, 296, 297, -1,
304, 297, 298, -1, 304, 298, 303, -1, 303, 298, 299, -1, 303, 299, 300, -1,
303, 300, 301, -1, 303, 301, 302, -1, 667, 668, 666, -1, 666, 668, 669, -1,
666, 669, 665, -1, 665, 669, 663, -1, 665, 663, 664, -1, 546, 547, 673, -1,
673, 547, 548, -1, 673, 548, 672, -1, 672, 548, 549, -1, 672, 549, 671, -1,
671, 549, 658, -1, 671, 658, 659, -1, 670, 671, 659, -1, 670, 659, 660, -1,
670, 660, 661, -1, 670, 661, 669, -1, 662, 669, 661, -1, 646, 647, 652, -1,
652, 647, 648, -1, 652, 648, 651, -1, 651, 648, 649, -1, 651, 649, 650, -1,
652, 653, 636, -1, 652, 637, 638, -1, 652, 639, 640, -1, 652, 641, 642, -1,
652, 643, 644, -1, 652, 644, 645, -1, 652, 645, 646, -1, 636, 653, 654, -1,
636, 654, 655, -1, 636, 655, 656, -1, 636, 656, 657, -1, 636, 657, 658, -1,
636, 658, 549, -1, 636, 549, 550, -1, 636, 550, 551, -1, 636, 551, 552, -1,
636, 552, 553, -1, 636, 553, 554, -1, 636, 554, 635, -1, 555, 632, 633, -1,
555, 633, 554, -1, 554, 633, 634, -1, 554, 634, 635, -1, 557, 629, 630, -1,
557, 630, 556, -1, 556, 630, 631, -1, 556, 631, 555, -1, 627, 628, 557, -1,
627, 557, 558, -1, 627, 558, 559, -1, 627, 559, 560, -1, 627, 561, 626, -1,
563, 623, 624, -1, 563, 624, 562, -1, 562, 624, 625, -1, 562, 625, 561, -1,
622, 563, 564, -1, 622, 566, 567, -1, 622, 567, 621, -1, 568, 569, 615, -1,
568, 615, 616, -1, 568, 616, 617, -1, 568, 617, 618, -1, 568, 618, 619, -1,
568, 619, 620, -1, 568, 620, 621, -1, 568, 621, 567, -1, 569, 570, 612, -1,
569, 612, 613, -1, 569, 613, 614, -1, 569, 614, 615, -1, 572, 611, 612, -1,
572, 612, 571, -1, 571, 612, 570, -1, 572, 573, 603, -1, 572, 603, 604, -1,
572, 605, 606, -1, 572, 606, 607, -1, 572, 608, 609, -1, 572, 609, 610, -1,
575, 602, 603, -1, 575, 603, 574, -1, 574, 603, 573, -1, 575, 576, 586, -1,
575, 586, 587, -1, 575, 587, 588, -1, 575, 588, 589, -1, 575, 589, 590, -1,
575, 590, 591, -1, 575, 591, 592, -1, 575, 592, 593, -1, 575, 593, 594, -1,
575, 594, 595, -1, 575, 595, 596, -1, 575, 596, 597, -1, 575, 597, 598, -1,
575, 599, 600, -1, 575, 600, 601, -1, 582, 583, 577, -1, 577, 583, 584, -1,
577, 584, 576, -1, 576, 584, 585, -1, 576, 585, 586, -1, 577, 578, 580, -1,
577, 580, 581, -1, 577, 581, 582, -1, 544, 673, 674, -1, 544, 674, 543, -1,
542, 543, 674, -1, 542, 674, 675, -1, 542, 675, 676, -1, 542, 677, 541, -1,
541, 677, 540, -1, 540, 677, 678, -1, 540, 678, 539, -1, 539, 678, 683, -1,
539, 683, 684, -1, 684, 685, 538, -1, 684, 538, 539, -1, 701, 702, 535, -1,
701, 535, 536, -1, 701, 536, 537, -1, 701, 537, 700, -1, 706, 531, 705, -1,
705, 531, 532, -1, 705, 532, 704, -1, 704, 532, 533, -1, 704, 533, 703, -1,
703, 533, 534, -1, 703, 534, 702, -1, 702, 534, 535, -1, 708, 709, 522, -1,
708, 522, 523, -1, 708, 523, 524, -1, 708, 524, 525, -1, 708, 525, 526, -1,
522, 710, 711, -1, 522, 711, 712, -1, 522, 712, 713, -1, 522, 713, 521, -1,
520, 521, 48, -1, 48, 521, 713, -1, 48, 713, 47, -1, 47, 713, 46, -1,
48, 518, 519, -1, 512, 823, 824, -1, 512, 825, 826, -1, 512, 826, 827, -1,
512, 828, 511, -1, 509, 510, 830, -1, 830, 510, 511, -1, 829, 511, 828, -1,
832, 508, 509, -1, 831, 509, 830, -1, 832, 833, 505, -1, 832, 506, 507, -1,
834, 504, 505, -1, 835, 496, 497, -1, 835, 497, 834, -1, 834, 498, 499, -1,
493, 494, 835, -1, 493, 835, 836, -1, 493, 836, 492, -1, 2378, 2379, 718, -1,
2378, 718, 719, -1, 2378, 719, 720, -1, 2378, 720, 721, -1, 2378, 721, 722, -1,
2378, 722, 723, -1, 2378, 723, 2415, -1, 2378, 2415, 2416, -1, 2378, 2416, 2377, -1,
726, 727, 2415, -1, 2415, 727, 728, -1, 2415, 728, 2413, -1, 2413, 728, 729, -1,
2413, 729, 2380, -1, 2380, 729, 730, -1, 2380, 730, 2379, -1, 2379, 730, 715, -1,
2379, 715, 716, -1, 717, 718, 2379, -1, 717, 2379, 716, -1, 2418, 2362, 2371, -1,
2371, 2362, 2363, -1, 2371, 2363, 2370, -1, 2370, 2363, 2364, -1, 2370, 2364, 2369, -1,
2369, 2364, 2365, -1, 2369, 2365, 2368, -1, 2368, 2365, 2366, -1, 2368, 2366, 2367, -1,
2418, 2371, 2372, -1, 2418, 2372, 2373, -1, 2418, 2373, 2374, -1, 2418, 2374, 2375, -1,
2418, 2375, 2376, -1, 2418, 2376, 2417, -1, 2377, 2416, 2417, -1, 2377, 2417, 2376, -1,
2419, 2420, 2357, -1, 2419, 2357, 2358, -1, 2419, 2358, 2359, -1, 2419, 2359, 2360, -1,
2419, 2360, 2361, -1, 2419, 2361, 2362, -1, 2419, 2362, 2418, -1, 2421, 2422, 2352, -1,
2421, 2352, 2353, -1, 2421, 2353, 2354, -1, 2421, 2354, 2355, -1, 2421, 2355, 2356, -1,
2421, 2356, 2357, -1, 2421, 2357, 2420, -1, 2440, 2441, 2439, -1, 2439, 2441, 2442, -1,
2439, 2442, 2438, -1, 2438, 2442, 2443, -1, 2438, 2443, 2437, -1, 2437, 2443, 2444, -1,
2437, 2444, 2436, -1, 2436, 2444, 2445, -1, 2436, 2445, 2435, -1, 2435, 2445, 2446, -1,
2435, 2446, 2434, -1, 2434, 2446, 2447, -1, 2434, 2447, 2433, -1, 2433, 2447, 2448, -1,
2336, 2338, 2335, -1, 2335, 2338, 2339, -1, 2335, 2339, 2334, -1, 2334, 2339, 2340, -1,
2334, 2340, 2333, -1, 2333, 2340, 2341, -1, 2333, 2341, 2332, -1, 2332, 2341, 2342, -1,
2332, 2342, 2331, -1, 2331, 2342, 2343, -1, 2331, 2343, 2330, -1, 2330, 2343, 2440, -1,
2330, 2440, 2439, -1, 2415, 723, 724, -1, 2415, 724, 725, -1, 2415, 725, 726, -1,
39, 40, 37, -1, 39, 37, 38, -1, 44, 45, 35, -1, 44, 35, 36, -1,
2256, 2249, 2250, -1, 2256, 2250, 2255, -1, 2255, 2250, 2251, -1, 2255, 2251, 2254, -1,
2254, 2251, 2252, -1, 2254, 2252, 2253, -1, 2258, 2259, 2304, -1, 2258, 2304, 2248, -1,
2258, 2248, 2249, -1, 2258, 2249, 2257, -1, 2304, 2259, 2260, -1, 2304, 2260, 2261, -1,
2304, 2261, 2262, -1, 2304, 2262, 2263, -1, 2304, 2263, 2303, -1, 2274, 2293, 2273, -1,
2273, 2293, 2294, -1, 2273, 2294, 2272, -1, 2272, 2294, 2295, -1, 2272, 2295, 2271, -1,
2271, 2295, 2296, -1, 2271, 2296, 2270, -1, 2270, 2296, 2297, -1, 2270, 2297, 2269, -1,
2269, 2297, 2298, -1, 2269, 2298, 2268, -1, 2268, 2298, 2299, -1, 2268, 2299, 2267, -1,
2267, 2299, 2300, -1, 2267, 2300, 2266, -1, 2266, 2300, 2301, -1, 2266, 2301, 2265, -1,
2265, 2301, 2302, -1, 2265, 2302, 2264, -1, 2264, 2302, 2303, -1, 2264, 2303, 2263, -1,
2322, 2236, 2307, -1, 2307, 2236, 2237, -1, 2307, 2237, 2306, -1, 2306, 2237, 2247, -1,
2306, 2247, 2305, -1, 2305, 2247, 2248, -1, 2305, 2248, 2304, -1, 2237, 2238, 2247, -1,
2247, 2238, 2239, -1, 2247, 2239, 2246, -1, 2246, 2239, 2240, -1, 2246, 2240, 2245, -1,
2245, 2240, 2241, -1, 2245, 2241, 2244, -1, 2244, 2241, 2242, -1, 2244, 2242, 2243, -1,
2314, 2315, 2313, -1, 2313, 2315, 2316, -1, 2313, 2316, 2312, -1, 2312, 2316, 2317, -1,
2312, 2317, 2311, -1, 2311, 2317, 2318, -1, 2311, 2318, 2310, -1, 2310, 2318, 2319, -1,
2310, 2319, 2309, -1, 2309, 2319, 2320, -1, 2309, 2320, 2308, -1, 2308, 2320, 2321, -1,
2308, 2321, 2307, -1, 2307, 2321, 2322, -1, 2222, 2224, 2221, -1, 2221, 2224, 2225, -1,
2221, 2225, 2220, -1, 2220, 2225, 2226, -1, 2220, 2226, 2219, -1, 2219, 2226, 2227, -1,
2219, 2227, 2218, -1, 2218, 2227, 2228, -1, 2218, 2228, 2217, -1, 2217, 2228, 2229, -1,
2217, 2229, 2216, -1, 2216, 2229, 2314, -1, 2216, 2314, 2313, -1, 2329, 2230, 2328, -1,
2328, 2230, 2231, -1, 2328, 2231, 2327, -1, 2327, 2231, 2232, -1, 2327, 2232, 2326, -1,
2326, 2232, 2233, -1, 2326, 2233, 2325, -1, 2325, 2233, 2234, -1, 2325, 2234, 2324, -1,
2324, 2234, 2235, -1, 2324, 2235, 2323, -1, 2323, 2235, 2236, -1, 2323, 2236, 2322, -1,
2314, 2229, 2230, -1, 2314, 2230, 2329, -1, 2397, 2399, 2396, -1, 2396, 2399, 2400, -1,
2396, 2400, 2395, -1, 2395, 2400, 2389, -1, 2395, 2389, 2394, -1, 2394, 2389, 2390, -1,
2394, 2390, 2393, -1, 2393, 2390, 2391, -1, 2393, 2391, 2392, -1, 2401, 2402, 2403, -1,
2401, 2403, 2386, -1, 2401, 2386, 2387, -1, 2401, 2387, 2388, -1, 2401, 2388, 2400, -1,
2413, 2380, 2412, -1, 2412, 2380, 2381, -1, 2412, 2381, 2406, -1, 2406, 2381, 2382, -1,
2406, 2382, 2405, -1, 2405, 2382, 2383, -1, 2405, 2383, 2404, -1, 2404, 2383, 2384, -1,
2404, 2384, 2385, -1, 2412, 2406, 2407, -1, 2412, 2407, 2408, -1, 2412, 2408, 2409, -1,
2412, 2409, 2410, -1, 2412, 2410, 2411, -1, 2386, 2403, 2404, -1, 2386, 2404, 2385, -1,
2350, 2449, 2349, -1, 2349, 2449, 2450, -1, 2349, 2450, 2348, -1, 2348, 2450, 2451, -1,
2348, 2451, 2347, -1, 2347, 2451, 2452, -1, 2347, 2452, 2346, -1, 2346, 2452, 2453, -1,
2346, 2453, 2345, -1, 2345, 2453, 2454, -1, 2345, 2454, 2344, -1, 2344, 2454, 2455, -1,
2344, 2455, 2440, -1, 2338, 2336, 2337, -1, 2440, 2343, 2344, -1, 2399, 2397, 2398, -1,
2389, 2400, 2388, -1, 2224, 2222, 2223, -1, 2274, 2292, 2293, -1, 2415, 2413, 2414, -1,
2422, 2351, 2352, -1, 580, 578, 579, -1, 867, 317, 866, -1, 407, 405, 406, -1,
2166, 2164, 2165, -1, 2110, 2108, 2109, -1, 2056, 2054, 2055, -1, 1998, 1996, 1997, -1,
1942, 1940, 1941, -1, 1888, 1886, 1887, -1, 1832, 1830, 1831, -1, 1658, 1784, 1657, -1,
1807, 1481, 1482, -1, 1751, 1676, 1750, -1, 1453, 1451, 1452, -1, 1573, 1556, 1572, -1,
1425, 1427, 1428, -1, 1331, 1415, 1330, -1, 1187, 1366, 1186, -1, 1308, 1306, 1307, -1,
1003, 1001, 1002, -1, 1045, 1023, 1060, -1, 939, 893, 894, -1, 778, 822, 777, -1,
792, 790, 791, -1, 975, 973, 974, -1, 69, 837, 68, -1, 58, 56, 57, -1,
13, 21, 12, -1, 450, 925, 449, -1
            ]
          }
        }
      ]
    }
  ]
}
Transform {
  children [
    Group {
      children [
        Shape {
          appearance Appearance {
            material Material {
              diffuseColor 0.5 0.5 0.5
              specularColor 0.8 0.8 0.8
              emissiveColor 0 0 0
              ambientIntensity 0.7
              transparency 0
              shininess 0.7
            }
          }
          geometry IndexedFaceSet {
            solid TRUE
            coord Coordinate {
              point [
-3.503936 -1.943898 0.319882, -3.511054 -1.908116 0.319882,
-3.531323 -1.877781 0.319882, -3.561658 -1.857512 0.319882,
-3.59744 -1.850394 0.319882, -3.784448 -1.850394 0.319882,
-3.82023 -1.857512 0.319882, -3.850565 -1.877781 0.319882,
-3.870834 -1.908116 0.319882, -3.877952 -1.943898 0.319882,
-3.877952 -2.180119 0.319882, -3.870834 -2.215901 0.319882,
-3.850565 -2.246236 0.319882, -3.82023 -2.266505 0.319882,
-3.784448 -2.273623 0.319882, -3.59744 -2.273623 0.319882,
-3.561658 -2.266505 0.319882, -3.531323 -2.246236 0.319882,
-3.511054 -2.215901 0.319882, -3.503936 -2.180119 0.319882,
-3.503938 -1.264763 0.319882, -3.511056 -1.228981 0.319882,
-3.531324 -1.198646 0.319882, -3.561659 -1.178377 0.319882,
-3.597442 -1.171259 0.319882, -3.78445 -1.171259 0.319882,
-3.820232 -1.178377 0.319882, -3.850567 -1.198646 0.319882,
-3.870836 -1.228981 0.319882, -3.877954 -1.264763 0.319882,
-3.877954 -1.500983 0.319882, -3.870836 -1.536766 0.319882,
-3.850567 -1.567101 0.319882, -3.820232 -1.58737 0.319882,
-3.78445 -1.594487 0.319882, -3.597442 -1.594487 0.319882,
-3.561659 -1.58737 0.319882, -3.531324 -1.567101 0.319882,
-3.511056 -1.536766 0.319882, -3.503938 -1.500983 0.319882,
-4.222441 -1.235236 0.319882, -4.229559 -1.199454 0.319882,
-4.249828 -1.169119 0.319882, -4.280163 -1.14885 0.319882,
-4.315945 -1.141732 0.319882, -4.512796 -1.141732 0.319882,
-4.548578 -1.14885 0.319882, -4.578913 -1.169119 0.319882,
-4.599182 -1.199454 0.319882, -4.6063 -1.235236 0.319882,
-4.6063 -1.422244 0.319882, -4.599182 -1.458026 0.319882,
-4.578913 -1.488361 0.319882, -4.548578 -1.50863 0.319882,
-4.512796 -1.515748 0.319882, -4.315945 -1.515748 0.319882,
-4.280163 -1.50863 0.319882, -4.249828 -1.488361 0.319882,
-4.229559 -1.458026 0.319882, -4.222441 -1.422244 0.319882,
-4.940944 -1.235236 0.319882, -4.948062 -1.199454 0.319882,
-4.968331 -1.169119 0.319882, -4.998666 -1.14885 0.319882,
-5.034448 -1.141732 0.319882, -5.231299 -1.141732 0.319882,
-5.267081 -1.14885 0.319882, -5.297416 -1.169119 0.319882,
-5.317685 -1.199454 0.319882, -5.324803 -1.235236 0.319882,
-5.324803 -1.422244 0.319882, -5.317685 -1.458026 0.319882,
-5.297416 -1.488361 0.319882, -5.267081 -1.50863 0.319882,
-5.231299 -1.515748 0.319882, -5.034448 -1.515748 0.319882,
-4.998666 -1.50863 0.319882, -4.968331 -1.488361 0.319882,
-4.948062 -1.458026 0.319882, -4.940944 -1.422244 0.319882,
-5.47244 0.516731 0.319882, -5.479558 0.552514 0.319882,
-5.499827 0.582849 0.319882, -5.530162 0.603118 0.319882,
-5.565944 0.610235 0.319882, -5.752952 0.610235 0.319882,
-5.788734 0.603118 0.319882, -5.819069 0.582849 0.319882,
-5.839338 0.552514 0.319882, -5.846456 0.516731 0.319882,
-5.846456 0.280511 0.319882, -5.839338 0.244729 0.319882,
-5.819069 0.214394 0.319882, -5.788734 0.194125 0.319882,
-5.752952 0.187007 0.319882, -5.565944 0.187007 0.319882,
-5.530162 0.194125 0.319882, -5.499827 0.214394 0.319882,
-5.479558 0.244729 0.319882, -5.47244 0.280511 0.319882,
-5.472442 1.195867 0.319882, -5.479559 1.231649 0.319882,
-5.499828 1.261984 0.319882, -5.530163 1.282253 0.319882,
-5.565946 1.289371 0.319882, -5.752954 1.289371 0.319882,
-5.788736 1.282253 0.319882, -5.819071 1.261984 0.319882,
-5.83934 1.231649 0.319882, -5.846457 1.195867 0.319882,
-5.846457 0.959646 0.319882, -5.83934 0.923864 0.319882,
-5.819071 0.893529 0.319882, -5.788736 0.87326 0.319882,
-5.752954 0.866143 0.319882, -5.565946 0.866143 0.319882,
-5.530163 0.87326 0.319882, -5.499828 0.893529 0.319882,
-5.479559 0.923864 0.319882, -5.472442 0.959646 0.319882
              ]
            }
            coordIndex [
9, 11, 8, -1, 8, 11, 12, -1, 8, 12, 7, -1, 7, 12, 13, -1,
7, 13, 6, -1, 6, 13, 14, -1, 6, 14, 5, -1, 5, 14, 15, -1,
5, 15, 4, -1, 4, 15, 16, -1, 4, 16, 3, -1, 3, 16, 17, -1,
3, 17, 2, -1, 2, 17, 18, -1, 2, 18, 1, -1, 1, 18, 19, -1,
1, 19, 0, -1, 29, 31, 28, -1, 28, 31, 32, -1, 28, 32, 27, -1,
27, 32, 33, -1, 27, 33, 26, -1, 26, 33, 34, -1, 26, 34, 25, -1,
25, 34, 35, -1, 25, 35, 24, -1, 24, 35, 36, -1, 24, 36, 23, -1,
23, 36, 37, -1, 23, 37, 22, -1, 22, 37, 38, -1, 22, 38, 21, -1,
21, 38, 39, -1, 21, 39, 20, -1, 49, 51, 48, -1, 48, 51, 52, -1,
48, 52, 47, -1, 47, 52, 53, -1, 47, 53, 46, -1, 46, 53, 54, -1,
46, 54, 45, -1, 45, 54, 55, -1, 45, 55, 44, -1, 44, 55, 56, -1,
44, 56, 43, -1, 43, 56, 57, -1, 43, 57, 42, -1, 42, 57, 58, -1,
42, 58, 41, -1, 41, 58, 59, -1, 41, 59, 40, -1, 69, 71, 68, -1,
68, 71, 72, -1, 68, 72, 67, -1, 67, 72, 73, -1, 67, 73, 66, -1,
66, 73, 74, -1, 66, 74, 65, -1, 65, 74, 75, -1, 65, 75, 64, -1,
64, 75, 76, -1, 64, 76, 63, -1, 63, 76, 77, -1, 63, 77, 62, -1,
62, 77, 78, -1, 62, 78, 61, -1, 61, 78, 79, -1, 61, 79, 60, -1,
89, 91, 88, -1, 88, 91, 92, -1, 88, 92, 87, -1, 87, 92, 93, -1,
87, 93, 86, -1, 86, 93, 94, -1, 86, 94, 85, -1, 85, 94, 95, -1,
85, 95, 84, -1, 84, 95, 96, -1, 84, 96, 83, -1, 83, 96, 97, -1,
83, 97, 82, -1, 82, 97, 98, -1, 82, 98, 81, -1, 81, 98, 99, -1,
81, 99, 80, -1, 109, 111, 108, -1, 108, 111, 112, -1, 108, 112, 107, -1,
107, 112, 113, -1, 107, 113, 106, -1, 106, 113, 114, -1, 106, 114, 105, -1,
105, 114, 115, -1, 105, 115, 104, -1, 104, 115, 116, -1, 104, 116, 103, -1,
103, 116, 117, -1, 103, 117, 102, -1, 102, 117, 118, -1, 102, 118, 101, -1,
101, 118, 119, -1, 101, 119, 100, -1, 111, 109, 110, -1, 91, 89, 90, -1,
71, 69, 70, -1, 51, 49, 50, -1, 31, 29, 30, -1, 11, 9, 10, -1
            ]
          }
        }
      ]
    }
  ]
}
Transform {
  children [
    Group {
      children [
        Shape {
          appearance Appearance {
            material Material {
              diffuseColor 0.0784 0.2 0.141
              specularColor 0.355 0.44 0.399
              emissiveColor 0 0 0
              ambientIntensity 0.8
              transparency 0.17
              shininess 0.3
            }
          }
          geometry IndexedFaceSet {
            solid TRUE
            coord Coordinate {
              point [
-3.692765 -5.115232 0.319882, -3.707262 -5.206759 0.319882,
-3.735898 -5.294892 0.319882, -3.777969 -5.37746 0.319882,
-3.832437 -5.45243 0.319882, -3.897964 -5.517956 0.319882,
-3.972934 -5.572425 0.319882, -4.055502 -5.614496 0.319882,
-4.143635 -5.643132 0.319882, -4.235162 -5.657628 0.319882,
-4.32783 -5.657628 0.319882, -4.419357 -5.643132 0.319882,
-4.50749 -5.614496 0.319882, -4.590058 -5.572425 0.319882,
-4.665028 -5.517956 0.319882, -4.730555 -5.45243 0.319882,
-4.785024 -5.37746 0.319882, -4.827094 -5.294892 0.319882,
-4.85573 -5.206759 0.319882, -4.870227 -5.115232 0.319882,
-4.870227 -5.022563 0.319882, -4.85573 -4.931036 0.319882,
-4.827094 -4.842904 0.319882, -4.785024 -4.760335 0.319882,
-4.730555 -4.685365 0.319882, -4.665028 -4.619839 0.319882,
-4.590058 -4.56537 0.319882, -4.50749 -4.5233 0.319882,
-4.419357 -4.494663 0.319882, -4.32783 -4.480167 0.319882,
-4.235162 -4.480167 0.319882, -4.143635 -4.494663 0.319882,
-4.055502 -4.5233 0.319882, -3.972934 -4.56537 0.319882,
-3.897964 -4.619839 0.319882, -3.832437 -4.685365 0.319882,
-3.777969 -4.760335 0.319882, -3.735898 -4.842904 0.319882,
-3.707262 -4.931036 0.319882, -3.692765 -5.022563 0.319882,
-3.692765 -7.187918 0.319882, -3.692765 -7.280586 0.319882,
-3.707262 -7.372113 0.319882, -3.735898 -7.460246 0.319882,
-3.777969 -7.542814 0.319882, -3.832437 -7.617784 0.319882,
-3.897964 -7.683311 0.319882, -3.972934 -7.73778 0.319882,
-4.055502 -7.77985 0.319882, -4.143635 -7.808486 0.319882,
-4.235162 -7.822983 0.319882, -4.32783 -7.822983 0.319882,
-4.419357 -7.808486 0.319882, -4.50749 -7.77985 0.319882,
-4.590058 -7.73778 0.319882, -4.665028 -7.683311 0.319882,
-4.730555 -7.617784 0.319882, -4.785024 -7.542814 0.319882,
-4.827094 -7.460246 0.319882, -4.85573 -7.372113 0.319882,
-4.870227 -7.280586 0.319882, -4.870227 -7.187918 0.319882,
-4.85573 -7.096391 0.319882, -4.827094 -7.008258 0.319882,
-4.785024 -6.92569 0.319882, -4.730555 -6.85072 0.319882,
-4.665028 -6.785193 0.319882, -4.590058 -6.730724 0.319882,
-4.50749 -6.688654 0.319882, -4.419357 -6.660018 0.319882,
-4.32783 -6.645521 0.319882, -4.235162 -6.645521 0.319882,
-4.143635 -6.660018 0.319882, -4.055502 -6.688654 0.319882,
-3.972934 -6.730724 0.319882, -3.897964 -6.785193 0.319882,
-3.832437 -6.85072 0.319882, -3.777969 -6.92569 0.319882,
-3.735898 -7.008258 0.319882, -3.707262 -7.096391 0.319882,
-3.492221 -0.500313 0.319882, -3.533152 -0.541243 0.319882,
-3.58128 -0.573402 0.319882, -3.634758 -0.595553 0.319882,
-3.69153 -0.606846 0.319882, -3.749415 -0.606846 0.319882,
-3.806187 -0.595553 0.319882, -3.859665 -0.573402 0.319882,
-3.907793 -0.541243 0.319882, -3.948724 -0.500313 0.319882,
-3.980882 -0.452184 0.319882, -4.003033 -0.398706 0.319882,
-4.014326 -0.341934 0.319882, -4.014326 -0.28405 0.319882,
-4.003033 -0.227278 0.319882, -3.980882 -0.1738 0.319882,
-3.948724 -0.125671 0.319882, -3.907793 -0.084741 0.319882,
-3.859665 -0.052582 0.319882, -3.806187 -0.030431 0.319882,
-3.749415 -0.019138 0.319882, -3.69153 -0.019138 0.319882,
-3.634758 -0.030431 0.319882, -3.58128 -0.052582 0.319882,
-3.533152 -0.084741 0.319882, -3.492221 -0.125671 0.319882,
-3.460063 -0.1738 0.319882, -3.437911 -0.227278 0.319882,
-3.426619 -0.28405 0.319882, -3.426619 -0.341934 0.319882,
-3.437911 -0.398706 0.319882, -3.460063 -0.452184 0.319882,
-4.998666 -1.50863 0.319882, -5.034448 -1.515748 0.319882,
-5.231299 -1.515748 0.319882, -5.267081 -1.50863 0.319882,
-5.297416 -1.488361 0.319882, -5.317685 -1.458026 0.319882,
-5.324803 -1.422244 0.319882, -5.324803 -1.235236 0.319882,
-5.317685 -1.199454 0.319882, -5.297416 -1.169119 0.319882,
-5.267081 -1.14885 0.319882, -5.231299 -1.141732 0.319882,
-5.034448 -1.141732 0.319882, -4.998666 -1.14885 0.319882,
-4.968331 -1.169119 0.319882, -4.948062 -1.199454 0.319882,
-4.940944 -1.235236 0.319882, -4.940944 -1.422244 0.319882,
-4.948062 -1.458026 0.319882, -4.968331 -1.488361 0.319882,
-3.784448 -2.273623 0.319882, -3.82023 -2.266505 0.319882,
-3.850565 -2.246236 0.319882, -3.870834 -2.215901 0.319882,
-3.877952 -2.180119 0.319882, -3.877952 -1.943898 0.319882,
-3.870834 -1.908116 0.319882, -3.850565 -1.877781 0.319882,
-3.82023 -1.857512 0.319882, -3.784448 -1.850394 0.319882,
-3.59744 -1.850394 0.319882, -3.561658 -1.857512 0.319882,
-3.531323 -1.877781 0.319882, -3.511054 -1.908116 0.319882,
-3.503936 -1.943898 0.319882, -3.503936 -2.180119 0.319882,
-3.511054 -2.215901 0.319882, -3.531323 -2.246236 0.319882,
-3.561658 -2.266505 0.319882, -3.59744 -2.273623 0.319882,
-4.883449 -3.408956 0.319882, -4.925519 -3.326388 0.319882,
-4.954156 -3.238255 0.319882, -4.968652 -3.146728 0.319882,
-4.968652 -3.054059 0.319882, -4.954156 -2.962532 0.319882,
-4.925519 -2.8744 0.319882, -4.883449 -2.791831 0.319882,
-4.82898 -2.716861 0.319882, -4.763454 -2.651335 0.319882,
-4.688483 -2.596866 0.319882, -4.605915 -2.554796 0.319882,
-4.517783 -2.526159 0.319882, -4.426256 -2.511663 0.319882,
-4.333587 -2.511663 0.319882, -4.24206 -2.526159 0.319882,
-4.153927 -2.554796 0.319882, -4.071359 -2.596866 0.319882,
-3.996389 -2.651335 0.319882, -3.930863 -2.716861 0.319882,
-3.876394 -2.791831 0.319882, -3.834323 -2.8744 0.319882,
-3.805687 -2.962532 0.319882, -3.791191 -3.054059 0.319882,
-3.791191 -3.146728 0.319882, -3.805687 -3.238255 0.319882,
-3.834323 -3.326388 0.319882, -3.876394 -3.408956 0.319882,
-3.930863 -3.483926 0.319882, -3.996389 -3.549452 0.319882,
-4.071359 -3.603921 0.319882, -4.153927 -3.645992 0.319882,
-4.24206 -3.674628 0.319882, -4.333587 -3.689124 0.319882,
-4.426256 -3.689124 0.319882, -4.517783 -3.674628 0.319882,
-4.605915 -3.645992 0.319882, -4.688483 -3.603921 0.319882,
-4.763454 -3.549452 0.319882, -4.82898 -3.483926 0.319882,
-3.503938 -1.264763 0.319882, -3.503938 -1.500983 0.319882,
-3.511056 -1.536766 0.319882, -3.531324 -1.567101 0.319882,
-3.561659 -1.58737 0.319882, -3.597442 -1.594487 0.319882,
-3.78445 -1.594487 0.319882, -3.820232 -1.58737 0.319882,
-3.850567 -1.567101 0.319882, -3.870836 -1.536766 0.319882,
-3.877954 -1.500983 0.319882, -3.877954 -1.264763 0.319882,
-3.870836 -1.228981 0.319882, -3.850567 -1.198646 0.319882,
-3.820232 -1.178377 0.319882, -3.78445 -1.171259 0.319882,
-3.597442 -1.171259 0.319882, -3.561659 -1.178377 0.319882,
-3.531324 -1.198646 0.319882, -3.511056 -1.228981 0.319882,
-3.426618 0.410033 0.319882, -3.437911 0.353261 0.319882,
-3.460062 0.299783 0.319882, -3.49222 0.251655 0.319882,
-3.533151 0.210724 0.319882, -3.58128 0.178566 0.319882,
-3.634757 0.156415 0.319882, -3.69153 0.145122 0.319882,
-3.749414 0.145122 0.319882, -3.806186 0.156415 0.319882,
-3.859664 0.178566 0.319882, -3.907793 0.210724 0.319882,
-3.948723 0.251655 0.319882, -3.980881 0.299783 0.319882,
-4.003033 0.353261 0.319882, -4.014326 0.410033 0.319882,
-4.014326 0.467918 0.319882, -4.003033 0.52469 0.319882,
-3.980881 0.578168 0.319882, -3.948723 0.626296 0.319882,
-3.907793 0.667227 0.319882, -3.859664 0.699385 0.319882,
-3.806186 0.721537 0.319882, -3.749414 0.73283 0.319882,
-3.69153 0.73283 0.319882, -3.634757 0.721537 0.319882,
-3.58128 0.699385 0.319882, -3.533151 0.667227 0.319882,
-3.49222 0.626296 0.319882, -3.460062 0.578168 0.319882,
-3.437911 0.52469 0.319882, -3.426618 0.467918 0.319882,
-3.335884 4.832836 0.319882, -3.441126 4.766047 0.319882,
-3.553909 4.712976 0.319882, -3.672454 4.674458 0.319882,
-3.794892 4.651102 0.319882, -3.919291 4.643275 0.319882,
-4.043691 4.651102 0.319882, -4.166129 4.674458 0.319882,
-4.284674 4.712976 0.319882, -4.397457 4.766047 0.319882,
-4.502698 4.832836 0.319882, -4.59874 4.912288 0.319882,
-4.684065 5.00315 0.319882, -4.75733 5.103991 0.319882,
-4.817379 5.213219 0.319882, -4.863264 5.329111 0.319882,
-4.894262 5.449841 0.319882, -4.909884 5.573504 0.319882,
-4.909884 5.69815 0.319882, -4.894262 5.821812 0.319882,
-4.863264 5.942542 0.319882, -4.817379 6.058435 0.319882,
-4.75733 6.167663 0.319882, -4.684065 6.268503 0.319882,
-4.59874 6.359366 0.319882, -4.502698 6.438818 0.319882,
-4.397457 6.505606 0.319882, -4.284674 6.558678 0.319882,
-4.166129 6.597196 0.319882, -4.043691 6.620552 0.319882,
-3.919291 6.628378 0.319882, -3.794892 6.620552 0.319882,
-3.672454 6.597196 0.319882, -3.553909 6.558678 0.319882,
-3.441126 6.505606 0.319882, -3.335884 6.438818 0.319882,
-3.239843 6.359366 0.319882, -3.154517 6.268503 0.319882,
-3.081252 6.167663 0.319882, -3.021204 6.058435 0.319882,
-2.975319 5.942542 0.319882, -2.94432 5.821812 0.319882,
-2.928698 5.69815 0.319882, -2.92772 5.635827 0.319882,
-2.928698 5.573504 0.319882, -2.94432 5.449841 0.319882,
-2.975319 5.329111 0.319882, -3.021204 5.213219 0.319882,
-3.081252 5.103991 0.319882, -3.154517 5.00315 0.319882,
-3.239843 4.912288 0.319882, -3.425197 1.486221 0.319882,
-3.425197 0.89567 0.319882, -4.015748 0.89567 0.319882,
-4.015748 1.486221 0.319882, 2.915093 5.129944 0.319882,
2.915093 5.234229 0.319882, 2.928705 5.337621 0.319882,
2.955695 5.438352 0.319882, 2.995604 5.534699 0.319882,
3.047746 5.625012 0.319882, 3.11123 5.707746 0.319882,
3.18497 5.781487 0.319882, 3.267705 5.844971 0.319882,
3.358018 5.897113 0.319882, 3.454364 5.937021 0.319882,
3.555095 5.964012 0.319882, 3.658488 5.977624 0.319882,
3.762772 5.977624 0.319882, 3.866165 5.964012 0.319882,
3.966896 5.937021 0.319882, 4.063242 5.897113 0.319882,
4.153555 5.844971 0.319882, 4.236289 5.781487 0.319882,
4.31003 5.707746 0.319882, 4.373514 5.625012 0.319882,
4.425656 5.534699 0.319882, 4.465565 5.438352 0.319882,
4.492555 5.337621 0.319882, 4.506167 5.234229 0.319882,
4.506167 5.129944 0.319882, 4.492555 5.026552 0.319882,
4.465565 4.925821 0.319882, 4.425656 4.829474 0.319882,
4.373514 4.739161 0.319882, 4.31003 4.656427 0.319882,
4.236289 4.582687 0.319882, 4.153555 4.519202 0.319882,
4.063242 4.46706 0.319882, 3.966896 4.427152 0.319882,
3.866165 4.400161 0.319882, 3.762772 4.38655 0.319882,
3.658488 4.38655 0.319882, 3.555095 4.400161 0.319882,
3.454364 4.427152 0.319882, 3.358018 4.46706 0.319882,
3.267705 4.519202 0.319882, 3.18497 4.582687 0.319882,
3.11123 4.656427 0.319882, 3.047746 4.739161 0.319882,
2.995604 4.829474 0.319882, 2.955695 4.925821 0.319882,
2.928705 5.026552 0.319882, 2.85433 -5.984251 0.319882,
2.85433 -4.389763 0.319882, 4.448819 -4.389763 0.319882,
4.448819 -5.984251 0.319882, 6.25 -8.218504 0.319882,
6.25 8.218504 0.319882, -6.25 8.218504 0.319882,
-6.25 7.585992 0.319882, -6.25 5.69815 0.319882,
-6.25 4.384843 0.319882, -6.25 2.998032 0.319882,
-6.25 1.195867 0.319882, -6.25 0.516731 0.319882,
-6.25 -0.28405 0.319882, -6.25 -0.938975 0.319882,
-6.25 -1.235236 0.319882, -6.25 -1.943898 0.319882,
-6.25 -3.054059 0.319882, -6.25 -4.193196 0.319882,
-6.25 -5.022563 0.319882, -6.25 -5.984251 0.319882,
-6.25 -7.187918 0.319882, -6.25 -8.218504 0.319882,
6.034422 -4.242126 0.319882, 6.033411 -4.291056 0.319882,
6.017304 -4.387581 0.319882, 5.985529 -4.480139 0.319882,
5.938953 -4.566205 0.319882, 5.878846 -4.64343 0.319882,
5.806848 -4.709709 0.319882, 5.724922 -4.763233 0.319882,
5.635305 -4.802543 0.319882, 5.540439 -4.826567 0.319882,
5.442913 -4.834648 0.319882, 5.345387 -4.826567 0.319882,
5.250522 -4.802543 0.319882, 5.160904 -4.763233 0.319882,
5.078979 -4.709709 0.319882, 5.006981 -4.64343 0.319882,
4.946874 -4.566205 0.319882, 4.900298 -4.480139 0.319882,
4.868522 -4.387581 0.319882, 4.852415 -4.291056 0.319882,
4.852415 -4.193196 0.319882, 4.868522 -4.09667 0.319882,
4.900298 -4.004113 0.319882, 4.946874 -3.918047 0.319882,
5.006981 -3.840822 0.319882, 5.078979 -3.774543 0.319882,
5.160904 -3.721019 0.319882, 5.250522 -3.681709 0.319882,
5.345387 -3.657685 0.319882, 5.442913 -3.649604 0.319882,
5.540439 -3.657685 0.319882, 5.635305 -3.681709 0.319882,
5.724922 -3.721019 0.319882, 5.806848 -3.774543 0.319882,
5.878846 -3.840822 0.319882, 5.938953 -3.918047 0.319882,
5.985529 -4.004113 0.319882, 6.017304 -4.09667 0.319882,
6.033411 -4.193196 0.319882, -5.47244 0.516731 0.319882,
-5.47244 0.467918 0.319882, -5.47244 0.280511 0.319882,
-5.479558 0.244729 0.319882, -5.499827 0.214394 0.319882,
-5.530162 0.194125 0.319882, -5.565944 0.187007 0.319882,
-5.752952 0.187007 0.319882, -5.788734 0.194125 0.319882,
-5.819069 0.214394 0.319882, -5.839338 0.244729 0.319882,
-5.846456 0.280511 0.319882, -5.846456 0.516731 0.319882,
-5.839338 0.552514 0.319882, -5.819069 0.582849 0.319882,
-5.788734 0.603118 0.319882, -5.752952 0.610235 0.319882,
-5.565944 0.610235 0.319882, -5.530162 0.603118 0.319882,
-5.499827 0.582849 0.319882, -5.479558 0.552514 0.319882,
-5.472442 1.195867 0.319882, -5.472442 0.959646 0.319882,
-5.479559 0.923864 0.319882, -5.498398 0.89567 0.319882,
-5.499828 0.893529 0.319882, -5.530163 0.87326 0.319882,
-5.565946 0.866143 0.319882, -5.752954 0.866143 0.319882,
-5.788736 0.87326 0.319882, -5.819071 0.893529 0.319882,
-5.83934 0.923864 0.319882, -5.846457 0.959646 0.319882,
-5.846457 1.195867 0.319882, -5.83934 1.231649 0.319882,
-5.819071 1.261984 0.319882, -5.788736 1.282253 0.319882,
-5.752954 1.289371 0.319882, -5.565946 1.289371 0.319882,
-5.530163 1.282253 0.319882, -5.499828 1.261984 0.319882,
-5.479559 1.231649 0.319882, 4.850031 -7.019355 0.319882,
4.933433 -7.019355 0.319882, 5.015807 -7.032402 0.319882,
5.095127 -7.058174 0.319882, 5.169438 -7.096038 0.319882,
5.236911 -7.14506 0.319882, 5.295885 -7.204033 0.319882,
5.344907 -7.271507 0.319882, 5.38277 -7.345818 0.319882,
5.408543 -7.425137 0.319882, 5.42159 -7.507512 0.319882,
5.42159 -7.590913 0.319882, 5.408543 -7.673288 0.319882,
5.38277 -7.752607 0.319882, 5.344907 -7.826919 0.319882,
5.295885 -7.894392 0.319882, 5.236911 -7.953365 0.319882,
5.169438 -8.002387 0.319882, 5.095127 -8.040251 0.319882,
5.015807 -8.066023 0.319882, 4.933433 -8.07907 0.319882,
4.850031 -8.07907 0.319882, 4.767657 -8.066023 0.319882,
4.688337 -8.040251 0.319882, 4.614026 -8.002387 0.319882,
4.546553 -7.953365 0.319882, 4.48758 -7.894392 0.319882,
4.438557 -7.826919 0.319882, 4.400694 -7.752607 0.319882,
4.374922 -7.673288 0.319882, 4.361875 -7.590913 0.319882,
4.361875 -7.507512 0.319882, 4.374922 -7.425137 0.319882,
4.400694 -7.345818 0.319882, 4.438557 -7.271507 0.319882,
4.48758 -7.204033 0.319882, 4.546553 -7.14506 0.319882,
4.614026 -7.096038 0.319882, 4.688337 -7.058174 0.319882,
4.767657 -7.032402 0.319882, 0.07874 4.384843 0.319882,
0.07874 5.979331 0.319882, 1.673228 5.979331 0.319882,
1.673228 5.234229 0.319882, 1.673228 4.384843 0.319882,
-2.019537 -3.054059 0.319882, -2.019537 -3.146728 0.319882,
-2.034033 -3.238255 0.319882, -2.06267 -3.326388 0.319882,
-2.10474 -3.408956 0.319882, -2.159209 -3.483926 0.319882,
-2.224735 -3.549452 0.319882, -2.299706 -3.603921 0.319882,
-2.382274 -3.645992 0.319882, -2.470406 -3.674628 0.319882,
-2.561933 -3.689124 0.319882, -2.654602 -3.689124 0.319882,
-2.746129 -3.674628 0.319882, -2.834262 -3.645992 0.319882,
-2.91683 -3.603921 0.319882, -2.9918 -3.549452 0.319882,
-3.057326 -3.483926 0.319882, -3.111795 -3.408956 0.319882,
-3.153866 -3.326388 0.319882, -3.182502 -3.238255 0.319882,
-3.196998 -3.146728 0.319882, -3.196998 -3.054059 0.319882,
-3.182502 -2.962532 0.319882, -3.153866 -2.8744 0.319882,
-3.111795 -2.791831 0.319882, -3.057326 -2.716861 0.319882,
-2.9918 -2.651335 0.319882, -2.91683 -2.596866 0.319882,
-2.834262 -2.554796 0.319882, -2.746129 -2.526159 0.319882,
-2.654602 -2.511663 0.319882, -2.561933 -2.511663 0.319882,
-2.470406 -2.526159 0.319882, -2.382274 -2.554796 0.319882,
-2.299706 -2.596866 0.319882, -2.224735 -2.651335 0.319882,
-2.159209 -2.716861 0.319882, -2.10474 -2.791831 0.319882,
-2.06267 -2.8744 0.319882, -2.034033 -2.962532 0.319882,
0.154044 -5.629932 0.319882, 0.101902 -5.539619 0.319882,
0.061994 -5.443272 0.319882, 0.035004 -5.342541 0.319882,
0.021392 -5.239149 0.319882, 0.021392 -5.134865 0.319882,
0.035004 -5.031472 0.319882, 0.061994 -4.930741 0.319882,
0.101902 -4.834394 0.319882, 0.154044 -4.744081 0.319882,
0.217529 -4.661347 0.319882, 0.291269 -4.587607 0.319882,
0.374004 -4.524122 0.319882, 0.464317 -4.47198 0.319882,
0.560663 -4.432072 0.319882, 0.661394 -4.405081 0.319882,
0.764787 -4.39147 0.319882, 0.869071 -4.39147 0.319882,
0.972463 -4.405081 0.319882, 1.073194 -4.432072 0.319882,
1.169541 -4.47198 0.319882, 1.259854 -4.524122 0.319882,
1.342588 -4.587607 0.319882, 1.416329 -4.661347 0.319882,
1.479813 -4.744081 0.319882, 1.531955 -4.834394 0.319882,
1.571863 -4.930741 0.319882, 1.598854 -5.031472 0.319882,
1.612466 -5.134865 0.319882, 1.612466 -5.239149 0.319882,
1.598854 -5.342541 0.319882, 1.571863 -5.443272 0.319882,
1.531955 -5.539619 0.319882, 1.479813 -5.629932 0.319882,
1.416329 -5.712666 0.319882, 1.342588 -5.786407 0.319882,
1.259854 -5.849891 0.319882, 1.169541 -5.902033 0.319882,
1.073194 -5.941941 0.319882, 0.972463 -5.968932 0.319882,
0.869071 -5.982544 0.319882, 0.764787 -5.982544 0.319882,
0.661394 -5.968932 0.319882, 0.560663 -5.941941 0.319882,
0.464317 -5.902033 0.319882, 0.374004 -5.849891 0.319882,
0.291269 -5.786407 0.319882, 0.217529 -5.712666 0.319882,
-0.894031 7.502591 0.319882, -0.894031 7.585992 0.319882,
-0.880984 7.668367 0.319882, -0.855211 7.747686 0.319882,
-0.817348 7.821997 0.319882, -0.768326 7.88947 0.319882,
-0.709352 7.948444 0.319882, -0.641879 7.997466 0.319882,
-0.567568 8.03533 0.319882, -0.488248 8.061102 0.319882,
-0.405874 8.074149 0.319882, -0.322472 8.074149 0.319882,
-0.240098 8.061102 0.319882, -0.160778 8.03533 0.319882,
-0.086467 7.997466 0.319882, -0.018994 7.948444 0.319882,
0.03998 7.88947 0.319882, 0.089002 7.821997 0.319882,
0.126865 7.747686 0.319882, 0.152637 7.668367 0.319882,
0.165684 7.585992 0.319882, 0.165684 7.502591 0.319882,
0.152637 7.420216 0.319882, 0.126865 7.340896 0.319882,
0.089002 7.266585 0.319882, 0.03998 7.199112 0.319882,
-0.018994 7.140139 0.319882, -0.086467 7.091117 0.319882,
-0.160778 7.053253 0.319882, -0.240098 7.027481 0.319882,
-0.322472 7.014434 0.319882, -0.405874 7.014434 0.319882,
-0.488248 7.027481 0.319882, -0.567568 7.053253 0.319882,
-0.641879 7.091117 0.319882, -0.709352 7.140139 0.319882,
-0.768326 7.199112 0.319882, -0.817348 7.266585 0.319882,
-0.855211 7.340896 0.319882, -0.880984 7.420216 0.319882,
-0.914267 -7.345817 0.319882, -0.876404 -7.271506 0.319882,
-0.827381 -7.204032 0.319882, -0.768408 -7.145059 0.319882,
-0.700935 -7.096037 0.319882, -0.626624 -7.058173 0.319882,
-0.547304 -7.032401 0.319882, -0.46493 -7.019354 0.319882,
-0.381528 -7.019354 0.319882, -0.299154 -7.032401 0.319882,
-0.219834 -7.058173 0.319882, -0.145523 -7.096037 0.319882,
-0.07805 -7.145059 0.319882, -0.019076 -7.204032 0.319882,
0.029946 -7.271506 0.319882, 0.067809 -7.345817 0.319882,
0.093582 -7.425136 0.319882, 0.106629 -7.507511 0.319882,
0.106629 -7.507512 0.319882, 0.106629 -7.590912 0.319882,
0.093582 -7.673287 0.319882, 0.067809 -7.752606 0.319882,
0.029946 -7.826917 0.319882, -0.019076 -7.894391 0.319882,
-0.07805 -7.953364 0.319882, -0.145523 -8.002386 0.319882,
-0.219834 -8.04025 0.319882, -0.299154 -8.066022 0.319882,
-0.381528 -8.079069 0.319882, -0.46493 -8.079069 0.319882,
-0.547304 -8.066022 0.319882, -0.626624 -8.04025 0.319882,
-0.700935 -8.002386 0.319882, -0.768408 -7.953364 0.319882,
-0.827381 -7.894391 0.319882, -0.876404 -7.826917 0.319882,
-0.914267 -7.752606 0.319882, -0.940039 -7.673287 0.319882,
-0.953086 -7.590912 0.319882, -0.953086 -7.507511 0.319882,
-0.940039 -7.425136 0.319882, -3.196998 -5.115232 0.319882,
-3.196998 -5.022563 0.319882, -3.182502 -4.931036 0.319882,
-3.153866 -4.842904 0.319882, -3.111795 -4.760335 0.319882,
-3.057326 -4.685365 0.319882, -2.9918 -4.619839 0.319882,
-2.91683 -4.56537 0.319882, -2.834262 -4.5233 0.319882,
-2.746129 -4.494663 0.319882, -2.654602 -4.480167 0.319882,
-2.561933 -4.480167 0.319882, -2.470406 -4.494663 0.319882,
-2.382274 -4.5233 0.319882, -2.299706 -4.56537 0.319882,
-2.224735 -4.619839 0.319882, -2.159209 -4.685365 0.319882,
-2.10474 -4.760335 0.319882, -2.06267 -4.842904 0.319882,
-2.034033 -4.931036 0.319882, -2.019537 -5.022563 0.319882,
-2.019537 -5.115232 0.319882, -2.022646 -5.134865 0.319882,
-2.034033 -5.206759 0.319882, -2.06267 -5.294892 0.319882,
-2.10474 -5.37746 0.319882, -2.159209 -5.45243 0.319882,
-2.224735 -5.517956 0.319882, -2.299706 -5.572425 0.319882,
-2.382274 -5.614496 0.319882, -2.470406 -5.643132 0.319882,
-2.561933 -5.657628 0.319882, -2.654602 -5.657628 0.319882,
-2.746129 -5.643132 0.319882, -2.834262 -5.614496 0.319882,
-2.91683 -5.572425 0.319882, -2.9918 -5.517956 0.319882,
-3.057326 -5.45243 0.319882, -3.111795 -5.37746 0.319882,
-3.153866 -5.294892 0.319882, -3.182502 -5.206759 0.319882,
-3.196998 -7.187918 0.319882, -3.182502 -7.096391 0.319882,
-3.153866 -7.008258 0.319882, -3.111795 -6.92569 0.319882,
-3.057326 -6.85072 0.319882, -2.9918 -6.785193 0.319882,
-2.91683 -6.730724 0.319882, -2.834262 -6.688654 0.319882,
-2.746129 -6.660018 0.319882, -2.654602 -6.645521 0.319882,
-2.561933 -6.645521 0.319882, -2.470406 -6.660018 0.319882,
-2.382274 -6.688654 0.319882, -2.299706 -6.730724 0.319882,
-2.224735 -6.785193 0.319882, -2.159209 -6.85072 0.319882,
-2.10474 -6.92569 0.319882, -2.06267 -7.008258 0.319882,
-2.034033 -7.096391 0.319882, -2.019537 -7.187918 0.319882,
-2.019537 -7.280586 0.319882, -2.034033 -7.372113 0.319882,
-2.06267 -7.460246 0.319882, -2.086752 -7.507511 0.319882,
-2.10474 -7.542814 0.319882, -2.159209 -7.617784 0.319882,
-2.224735 -7.683311 0.319882, -2.299706 -7.73778 0.319882,
-2.382274 -7.77985 0.319882, -2.470406 -7.808486 0.319882,
-2.561933 -7.822983 0.319882, -2.654602 -7.822983 0.319882,
-2.746129 -7.808486 0.319882, -2.834262 -7.77985 0.319882,
-2.91683 -7.73778 0.319882, -2.9918 -7.683311 0.319882,
-3.057326 -7.617784 0.319882, -3.111795 -7.542814 0.319882,
-3.153866 -7.460246 0.319882, -3.182502 -7.372113 0.319882,
-3.196998 -7.280586 0.319882, 5.491748 3.878711 0.319882,
5.585404 3.785056 0.319882, 5.667985 3.681502 0.319882,
5.738453 3.569354 0.319882, 5.795921 3.45002 0.319882,
5.839666 3.325003 0.319882, 5.869139 3.195874 0.319882,
5.883969 3.064257 0.319882, 5.885827 2.998032 0.319882,
5.885827 1.81693 0.319882, 5.883969 1.750705 0.319882,
5.869139 1.619087 0.319882, 5.839666 1.489958 0.319882,
5.795921 1.364941 0.319882, 5.738453 1.245608 0.319882,
5.667985 1.133459 0.319882, 5.585404 1.029906 0.319882,
5.491748 0.93625 0.319882, 5.388194 0.853669 0.319882,
5.276046 0.783201 0.319882, 5.156713 0.725733 0.319882,
5.031696 0.681988 0.319882, 4.902567 0.652515 0.319882,
4.770949 0.637685 0.319882, 4.6385 0.637685 0.319882,
4.506882 0.652515 0.319882, 4.377753 0.681988 0.319882,
4.252736 0.725733 0.319882, 4.133403 0.783201 0.319882,
4.021254 0.853669 0.319882, 3.917701 0.93625 0.319882,
3.824045 1.029906 0.319882, 3.741463 1.133459 0.319882,
3.670996 1.245608 0.319882, 3.613528 1.364941 0.319882,
3.569783 1.489958 0.319882, 3.54031 1.619087 0.319882,
3.52548 1.750705 0.319882, 3.523622 1.81693 0.319882,
3.523622 2.998032 0.319882, 3.52548 3.064257 0.319882,
3.54031 3.195874 0.319882, 3.569783 3.325003 0.319882,
3.613528 3.45002 0.319882, 3.670996 3.569354 0.319882,
3.741463 3.681502 0.319882, 3.824045 3.785056 0.319882,
3.917701 3.878711 0.319882, 4.021254 3.961293 0.319882,
4.133403 4.03176 0.319882, 4.252736 4.089228 0.319882,
4.377753 4.132974 0.319882, 4.506882 4.162446 0.319882,
4.6385 4.177276 0.319882, 4.770949 4.177276 0.319882,
4.902567 4.162446 0.319882, 5.031696 4.132974 0.319882,
5.156713 4.089228 0.319882, 5.276046 4.03176 0.319882,
5.388194 3.961293 0.319882, 5.480645 7.585992 0.319882,
5.480645 7.502591 0.319882, 5.467598 7.420216 0.319882,
5.441826 7.340896 0.319882, 5.403962 7.266585 0.319882,
5.35494 7.199112 0.319882, 5.295967 7.140139 0.319882,
5.228493 7.091117 0.319882, 5.154182 7.053253 0.319882,
5.074863 7.027481 0.319882, 4.992488 7.014434 0.319882,
4.909087 7.014434 0.319882, 4.826712 7.027481 0.319882,
4.747393 7.053253 0.319882, 4.673081 7.091117 0.319882,
4.605608 7.140139 0.319882, 4.546635 7.199112 0.319882,
4.497613 7.266585 0.319882, 4.459749 7.340896 0.319882,
4.433977 7.420216 0.319882, 4.42093 7.502591 0.319882,
4.42093 7.585992 0.319882, 4.433977 7.668367 0.319882,
4.459749 7.747686 0.319882, 4.497613 7.821997 0.319882,
4.546635 7.88947 0.319882, 4.605608 7.948444 0.319882,
4.673081 7.997466 0.319882, 4.747393 8.03533 0.319882,
4.826712 8.061102 0.319882, 4.909087 8.074149 0.319882,
4.992488 8.074149 0.319882, 5.074863 8.061102 0.319882,
5.154182 8.03533 0.319882, 5.228493 7.997466 0.319882,
5.295967 7.948444 0.319882, 5.35494 7.88947 0.319882,
5.403962 7.821997 0.319882, 5.441826 7.747686 0.319882,
5.467598 7.668367 0.319882, 5.885827 -0.938975 0.319882,
5.885827 -2.120078 0.319882, 5.883969 -2.186302 0.319882,
5.869139 -2.31792 0.319882, 5.839666 -2.447049 0.319882,
5.795921 -2.572066 0.319882, 5.738453 -2.691399 0.319882,
5.667985 -2.803548 0.319882, 5.585404 -2.907101 0.319882,
5.491748 -3.000757 0.319882, 5.388194 -3.083339 0.319882,
5.276046 -3.153806 0.319882, 5.156713 -3.211274 0.319882,
5.031696 -3.255019 0.319882, 4.902567 -3.284492 0.319882,
4.770949 -3.299322 0.319882, 4.6385 -3.299322 0.319882,
4.506882 -3.284492 0.319882, 4.377753 -3.255019 0.319882,
4.252736 -3.211274 0.319882, 4.133403 -3.153806 0.319882,
4.021254 -3.083339 0.319882, 3.917701 -3.000757 0.319882,
3.824045 -2.907101 0.319882, 3.741463 -2.803548 0.319882,
3.670996 -2.691399 0.319882, 3.613528 -2.572066 0.319882,
3.569783 -2.447049 0.319882, 3.54031 -2.31792 0.319882,
3.52548 -2.186302 0.319882, 3.523622 -2.120078 0.319882,
3.523622 -0.938975 0.319882, 3.52548 -0.87275 0.319882,
3.54031 -0.741133 0.319882, 3.569783 -0.612004 0.319882,
3.613528 -0.486987 0.319882, 3.670996 -0.367654 0.319882,
3.741463 -0.255505 0.319882, 3.824045 -0.151952 0.319882,
3.917701 -0.058296 0.319882, 4.021254 0.024286 0.319882,
4.133403 0.094753 0.319882, 4.252736 0.152221 0.319882,
4.377753 0.195967 0.319882, 4.506882 0.225439 0.319882,
4.6385 0.240269 0.319882, 4.770949 0.240269 0.319882,
4.902567 0.225439 0.319882, 5.031696 0.195967 0.319882,
5.156713 0.152221 0.319882, 5.276046 0.094753 0.319882,
5.388194 0.024286 0.319882, 5.491748 -0.058296 0.319882,
5.585404 -0.151952 0.319882, 5.667985 -0.255505 0.319882,
5.738453 -0.367654 0.319882, 5.795921 -0.486987 0.319882,
5.839666 -0.612004 0.319882, 5.869139 -0.741133 0.319882,
5.883969 -0.87275 0.319882, -4.6063 -1.422244 0.319882,
-4.6063 -1.235236 0.319882, -4.599182 -1.199454 0.319882,
-4.578913 -1.169119 0.319882, -4.548578 -1.14885 0.319882,
-4.512796 -1.141732 0.319882, -4.315945 -1.141732 0.319882,
-4.280163 -1.14885 0.319882, -4.249828 -1.169119 0.319882,
-4.229559 -1.199454 0.319882, -4.222441 -1.235236 0.319882,
-4.222441 -1.264763 0.319882, -4.222441 -1.422244 0.319882,
-4.229559 -1.458026 0.319882, -4.249828 -1.488361 0.319882,
-4.280163 -1.50863 0.319882, -4.315945 -1.515748 0.319882,
-4.512796 -1.515748 0.319882, -4.548578 -1.50863 0.319882,
-4.578913 -1.488361 0.319882, -4.599182 -1.458026 0.319882
              ]
            }
            coordIndex [
176, 36, 175, -1, 175, 36, 132, -1, 175, 132, 174, -1, 174, 132, 133, -1,
174, 133, 173, -1, 173, 133, 134, -1, 173, 134, 135, -1, 173, 135, 172, -1,
172, 135, 136, -1, 172, 136, 88, -1, 88, 136, 202, -1, 88, 202, 203, -1,
171, 172, 88, -1, 171, 88, 89, -1, 171, 89, 90, -1, 171, 90, 170, -1,
916, 917, 251, -1, 251, 917, 168, -1, 251, 168, 250, -1, 250, 168, 169, -1,
250, 169, 92, -1, 92, 169, 170, -1, 92, 170, 91, -1, 91, 170, 90, -1,
297, 298, 250, -1, 297, 250, 92, -1, 297, 92, 93, -1, 297, 93, 228, -1,
297, 228, 229, -1, 297, 229, 230, -1, 297, 230, 231, -1, 297, 231, 232, -1,
297, 232, 233, -1, 297, 233, 296, -1, 168, 917, 918, -1, 168, 918, 919, -1,
168, 919, 920, -1, 168, 920, 167, -1, 167, 920, 921, -1, 167, 921, 922, -1,
167, 922, 923, -1, 167, 923, 166, -1, 166, 923, 165, -1, 165, 923, 924, -1,
165, 924, 164, -1, 164, 924, 925, -1, 164, 925, 926, -1, 909, 255, 908, -1,
908, 255, 256, -1, 908, 256, 907, -1, 907, 256, 163, -1, 907, 163, 927, -1,
927, 163, 164, -1, 927, 164, 926, -1, 163, 256, 162, -1, 162, 256, 257, -1,
162, 257, 161, -1, 161, 257, 258, -1, 161, 258, 160, -1, 160, 258, 259, -1,
160, 259, 159, -1, 159, 259, 260, -1, 159, 260, 261, -1, 158, 159, 261, -1,
158, 261, 262, -1, 158, 262, 128, -1, 158, 128, 129, -1, 158, 129, 130, -1,
158, 130, 157, -1, 150, 151, 746, -1, 746, 151, 39, -1, 746, 39, 745, -1,
745, 39, 0, -1, 745, 0, 40, -1, 40, 0, 1, -1, 40, 1, 79, -1,
79, 1, 2, -1, 79, 2, 78, -1, 78, 2, 3, -1, 78, 3, 77, -1,
77, 3, 4, -1, 77, 4, 76, -1, 76, 4, 5, -1, 76, 5, 75, -1,
75, 5, 6, -1, 75, 6, 74, -1, 74, 6, 7, -1, 74, 7, 73, -1,
73, 7, 8, -1, 73, 8, 72, -1, 72, 8, 9, -1, 72, 9, 71, -1,
71, 9, 10, -1, 71, 10, 70, -1, 70, 10, 11, -1, 70, 11, 69, -1,
69, 11, 12, -1, 69, 12, 68, -1, 68, 12, 13, -1, 68, 13, 67, -1,
67, 13, 14, -1, 67, 14, 66, -1, 66, 14, 15, -1, 66, 15, 65, -1,
65, 15, 16, -1, 65, 16, 64, -1, 64, 16, 17, -1, 64, 17, 63, -1,
63, 17, 18, -1, 63, 18, 62, -1, 62, 18, 19, -1, 62, 19, 61, -1,
61, 19, 20, -1, 61, 20, 60, -1, 60, 20, 152, -1, 60, 152, 153, -1,
151, 132, 36, -1, 151, 36, 37, -1, 151, 37, 38, -1, 151, 38, 39, -1,
177, 178, 35, -1, 177, 35, 36, -1, 177, 36, 176, -1, 22, 23, 190, -1,
190, 23, 24, -1, 190, 24, 189, -1, 189, 24, 25, -1, 189, 25, 188, -1,
188, 25, 26, -1, 188, 26, 187, -1, 187, 26, 27, -1, 187, 27, 186, -1,
186, 27, 28, -1, 186, 28, 185, -1, 185, 28, 29, -1, 185, 29, 184, -1,
184, 29, 30, -1, 184, 30, 183, -1, 183, 30, 31, -1, 183, 31, 182, -1,
182, 31, 32, -1, 182, 32, 181, -1, 181, 32, 33, -1, 181, 33, 180, -1,
180, 33, 34, -1, 180, 34, 179, -1, 179, 34, 35, -1, 179, 35, 178, -1,
191, 152, 20, -1, 191, 20, 21, -1, 191, 21, 22, -1, 191, 22, 190, -1,
210, 211, 80, -1, 80, 211, 192, -1, 80, 192, 146, -1, 146, 192, 193, -1,
146, 193, 145, -1, 145, 193, 194, -1, 145, 194, 144, -1, 144, 194, 195, -1,
144, 195, 143, -1, 143, 195, 196, -1, 143, 196, 142, -1, 142, 196, 197, -1,
142, 197, 141, -1, 141, 197, 198, -1, 141, 198, 140, -1, 140, 198, 199, -1,
140, 199, 139, -1, 139, 199, 200, -1, 139, 200, 138, -1, 138, 200, 201, -1,
138, 201, 137, -1, 137, 201, 202, -1, 137, 202, 136, -1, 83, 208, 82, -1,
82, 208, 209, -1, 82, 209, 81, -1, 81, 209, 210, -1, 81, 210, 80, -1,
205, 206, 86, -1, 86, 206, 207, -1, 86, 207, 85, -1, 85, 207, 208, -1,
85, 208, 84, -1, 84, 208, 83, -1, 87, 88, 203, -1, 87, 203, 204, -1,
87, 204, 205, -1, 87, 205, 86, -1, 241, 242, 296, -1, 296, 242, 243, -1,
296, 243, 746, -1, 746, 243, 212, -1, 746, 212, 108, -1, 108, 212, 213, -1,
108, 213, 107, -1, 107, 213, 214, -1, 107, 214, 106, -1, 106, 214, 215, -1,
106, 215, 105, -1, 105, 215, 216, -1, 105, 216, 104, -1, 104, 216, 217, -1,
104, 217, 103, -1, 103, 217, 218, -1, 103, 218, 102, -1, 102, 218, 219, -1,
102, 219, 101, -1, 101, 219, 220, -1, 101, 220, 100, -1, 100, 220, 221, -1,
100, 221, 99, -1, 99, 221, 222, -1, 99, 222, 98, -1, 98, 222, 223, -1,
98, 223, 97, -1, 97, 223, 224, -1, 97, 224, 96, -1, 96, 224, 225, -1,
96, 225, 95, -1, 95, 225, 226, -1, 95, 226, 94, -1, 94, 226, 227, -1,
94, 227, 93, -1, 93, 227, 228, -1, 296, 233, 234, -1, 296, 234, 235, -1,
296, 235, 236, -1, 296, 236, 237, -1, 296, 237, 238, -1, 296, 238, 239, -1,
296, 239, 240, -1, 296, 240, 241, -1, 295, 296, 746, -1, 295, 746, 244, -1,
295, 244, 245, -1, 295, 245, 246, -1, 295, 246, 247, -1, 295, 247, 248, -1,
295, 248, 249, -1, 295, 249, 298, -1, 114, 60, 113, -1, 113, 60, 155, -1,
113, 155, 112, -1, 112, 155, 156, -1, 112, 156, 131, -1, 131, 156, 157, -1,
131, 157, 130, -1, 448, 449, 263, -1, 263, 449, 450, -1, 263, 450, 262, -1,
262, 450, 430, -1, 262, 430, 409, -1, 409, 430, 431, -1, 409, 431, 429, -1,
429, 431, 432, -1, 429, 432, 433, -1, 429, 433, 428, -1, 428, 433, 434, -1,
428, 434, 427, -1, 427, 434, 435, -1, 427, 435, 426, -1, 426, 435, 436, -1,
426, 436, 425, -1, 425, 436, 437, -1, 425, 437, 424, -1, 424, 437, 438, -1,
424, 438, 423, -1, 423, 438, 439, -1, 423, 439, 422, -1, 422, 439, 440, -1,
422, 440, 421, -1, 421, 440, 441, -1, 421, 441, 420, -1, 420, 441, 353, -1,
420, 353, 354, -1, 380, 381, 459, -1, 380, 459, 460, -1, 380, 460, 461, -1,
380, 461, 351, -1, 380, 351, 379, -1, 455, 456, 382, -1, 382, 456, 457, -1,
382, 457, 381, -1, 381, 457, 458, -1, 381, 458, 459, -1, 385, 453, 384, -1,
384, 453, 454, -1, 384, 454, 383, -1, 383, 454, 455, -1, 383, 455, 382, -1,
386, 387, 452, -1, 386, 452, 453, -1, 386, 453, 385, -1, 861, 862, 390, -1,
390, 862, 451, -1, 390, 451, 389, -1, 389, 451, 452, -1, 389, 452, 388, -1,
388, 452, 387, -1, 753, 754, 352, -1, 352, 754, 755, -1, 352, 755, 405, -1,
405, 755, 756, -1, 405, 756, 847, -1, 847, 756, 757, -1, 847, 757, 906, -1,
906, 757, 758, -1, 906, 758, 905, -1, 905, 758, 759, -1, 905, 759, 904, -1,
904, 759, 760, -1, 904, 760, 903, -1, 903, 760, 761, -1, 903, 761, 902, -1,
902, 761, 762, -1, 902, 762, 901, -1, 901, 762, 763, -1, 901, 763, 900, -1,
900, 763, 764, -1, 900, 764, 899, -1, 899, 764, 765, -1, 899, 765, 898, -1,
898, 765, 766, -1, 898, 766, 897, -1, 897, 766, 767, -1, 897, 767, 896, -1,
896, 767, 768, -1, 896, 768, 895, -1, 895, 768, 769, -1, 895, 769, 894, -1,
894, 769, 770, -1, 894, 770, 893, -1, 893, 770, 771, -1, 893, 771, 892, -1,
892, 771, 772, -1, 892, 772, 891, -1, 891, 772, 773, -1, 891, 773, 890, -1,
890, 773, 774, -1, 890, 774, 889, -1, 889, 774, 775, -1, 889, 775, 888, -1,
888, 775, 776, -1, 888, 776, 887, -1, 887, 776, 777, -1, 887, 777, 886, -1,
886, 777, 778, -1, 886, 778, 885, -1, 885, 778, 779, -1, 885, 779, 884, -1,
884, 779, 780, -1, 884, 780, 883, -1, 883, 780, 781, -1, 883, 781, 882, -1,
882, 781, 782, -1, 882, 782, 881, -1, 881, 782, 783, -1, 881, 783, 880, -1,
880, 783, 784, -1, 880, 784, 879, -1, 879, 784, 785, -1, 879, 785, 878, -1,
878, 785, 786, -1, 878, 786, 877, -1, 877, 786, 338, -1, 877, 338, 339, -1,
351, 352, 370, -1, 351, 370, 371, -1, 351, 371, 372, -1, 351, 372, 373, -1,
351, 373, 374, -1, 351, 374, 375, -1, 351, 375, 376, -1, 351, 376, 377, -1,
351, 377, 378, -1, 351, 378, 379, -1, 352, 405, 406, -1, 352, 406, 407, -1,
352, 407, 408, -1, 352, 408, 370, -1, 352, 353, 594, -1, 352, 594, 595, -1,
352, 595, 596, -1, 352, 596, 597, -1, 352, 597, 598, -1, 352, 598, 599, -1,
352, 599, 600, -1, 352, 600, 601, -1, 352, 601, 602, -1, 352, 602, 603, -1,
352, 603, 604, -1, 352, 604, 837, -1, 352, 837, 838, -1, 352, 838, 839, -1,
352, 839, 840, -1, 352, 840, 841, -1, 352, 841, 842, -1, 352, 842, 843, -1,
352, 843, 844, -1, 352, 844, 845, -1, 352, 845, 846, -1, 352, 846, 807, -1,
352, 807, 747, -1, 352, 747, 748, -1, 352, 748, 749, -1, 352, 749, 750, -1,
352, 750, 751, -1, 352, 751, 752, -1, 352, 752, 753, -1, 824, 825, 321, -1,
321, 825, 826, -1, 321, 826, 320, -1, 320, 826, 827, -1, 320, 827, 319, -1,
319, 827, 828, -1, 319, 828, 318, -1, 318, 828, 317, -1, 313, 314, 829, -1,
829, 314, 315, -1, 829, 315, 828, -1, 828, 315, 316, -1, 828, 316, 317, -1,
830, 831, 309, -1, 830, 309, 310, -1, 830, 310, 311, -1, 830, 311, 312, -1,
830, 312, 313, -1, 830, 313, 829, -1, 831, 832, 493, -1, 831, 493, 304, -1,
831, 304, 305, -1, 831, 305, 306, -1, 831, 306, 307, -1, 831, 307, 308, -1,
831, 308, 309, -1, 348, 349, 873, -1, 348, 873, 874, -1, 348, 874, 875, -1,
348, 875, 876, -1, 348, 876, 299, -1, 348, 299, 300, -1, 348, 300, 493, -1,
348, 493, 347, -1, 493, 300, 301, -1, 493, 301, 302, -1, 493, 302, 303, -1,
493, 303, 304, -1, 493, 832, 833, -1, 493, 833, 834, -1, 493, 834, 604, -1,
493, 604, 605, -1, 493, 605, 606, -1, 493, 606, 607, -1, 493, 607, 608, -1,
493, 608, 492, -1, 604, 834, 835, -1, 604, 835, 836, -1, 604, 836, 837, -1,
585, 586, 527, -1, 585, 527, 528, -1, 585, 528, 529, -1, 585, 529, 530, -1,
585, 530, 531, -1, 585, 531, 532, -1, 585, 532, 533, -1, 585, 533, 534, -1,
585, 534, 535, -1, 585, 535, 496, -1, 585, 496, 663, -1, 585, 663, 664, -1,
585, 664, 624, -1, 585, 624, 584, -1, 706, 665, 517, -1, 517, 665, 666, -1,
517, 666, 516, -1, 516, 666, 667, -1, 516, 667, 515, -1, 515, 667, 668, -1,
515, 668, 514, -1, 514, 668, 669, -1, 514, 669, 513, -1, 513, 669, 670, -1,
513, 670, 512, -1, 512, 670, 671, -1, 512, 671, 511, -1, 511, 671, 672, -1,
511, 672, 510, -1, 510, 672, 673, -1, 510, 673, 509, -1, 509, 673, 674, -1,
509, 674, 508, -1, 508, 674, 675, -1, 508, 675, 507, -1, 507, 675, 676, -1,
507, 676, 506, -1, 506, 676, 677, -1, 506, 677, 505, -1, 505, 677, 678, -1,
505, 678, 504, -1, 504, 678, 679, -1, 504, 679, 503, -1, 503, 679, 680, -1,
503, 680, 502, -1, 502, 680, 681, -1, 502, 681, 501, -1, 501, 681, 682, -1,
501, 682, 500, -1, 500, 682, 683, -1, 500, 683, 499, -1, 499, 683, 684, -1,
499, 684, 498, -1, 498, 684, 685, -1, 498, 685, 497, -1, 497, 685, 661, -1,
497, 661, 496, -1, 496, 661, 662, -1, 496, 662, 663, -1, 586, 587, 287, -1,
586, 287, 523, -1, 586, 523, 524, -1, 586, 524, 525, -1, 586, 525, 526, -1,
586, 526, 527, -1, 285, 286, 589, -1, 589, 286, 287, -1, 589, 287, 588, -1,
588, 287, 587, -1, 590, 591, 281, -1, 590, 281, 282, -1, 590, 282, 283, -1,
590, 283, 284, -1, 590, 284, 285, -1, 590, 285, 589, -1, 591, 592, 277, -1,
591, 277, 278, -1, 591, 278, 279, -1, 591, 279, 280, -1, 591, 280, 281, -1,
592, 593, 353, -1, 592, 353, 271, -1, 592, 271, 272, -1, 592, 272, 273, -1,
592, 273, 274, -1, 592, 274, 275, -1, 592, 275, 276, -1, 592, 276, 277, -1,
262, 409, 119, -1, 262, 119, 120, -1, 262, 120, 121, -1, 262, 121, 122, -1,
262, 122, 123, -1, 262, 123, 124, -1, 262, 124, 125, -1, 262, 125, 126, -1,
262, 126, 127, -1, 262, 127, 128, -1, 119, 409, 118, -1, 118, 409, 410, -1,
118, 410, 60, -1, 60, 410, 411, -1, 60, 411, 412, -1, 263, 264, 353, -1,
263, 353, 443, -1, 263, 443, 444, -1, 263, 444, 445, -1, 263, 445, 446, -1,
263, 446, 447, -1, 263, 447, 448, -1, 442, 443, 353, -1, 442, 353, 441, -1,
353, 264, 265, -1, 353, 265, 266, -1, 353, 266, 267, -1, 353, 267, 268, -1,
353, 268, 269, -1, 353, 269, 270, -1, 353, 270, 271, -1, 351, 461, 462, -1,
351, 462, 463, -1, 351, 463, 464, -1, 351, 464, 465, -1, 351, 465, 466, -1,
351, 466, 467, -1, 351, 467, 468, -1, 351, 468, 469, -1, 351, 469, 470, -1,
351, 470, 471, -1, 351, 471, 472, -1, 351, 472, 644, -1, 351, 644, 645, -1,
351, 645, 646, -1, 351, 646, 647, -1, 351, 647, 648, -1, 351, 648, 649, -1,
351, 649, 650, -1, 351, 650, 651, -1, 351, 651, 652, -1, 351, 652, 653, -1,
351, 653, 369, -1, 347, 493, 494, -1, 347, 494, 495, -1, 347, 495, 564, -1,
347, 564, 477, -1, 347, 477, 478, -1, 347, 478, 479, -1, 347, 479, 480, -1,
347, 480, 481, -1, 347, 481, 482, -1, 347, 482, 350, -1, 476, 477, 564, -1,
476, 564, 565, -1, 476, 565, 566, -1, 476, 566, 567, -1, 476, 567, 568, -1,
476, 568, 569, -1, 476, 569, 570, -1, 476, 570, 475, -1, 475, 570, 571, -1,
475, 571, 572, -1, 475, 572, 573, -1, 475, 573, 574, -1, 475, 574, 575, -1,
475, 575, 576, -1, 475, 576, 577, -1, 475, 577, 578, -1, 475, 578, 579, -1,
475, 579, 474, -1, 472, 473, 641, -1, 641, 473, 474, -1, 641, 474, 580, -1,
580, 474, 579, -1, 641, 580, 581, -1, 641, 581, 582, -1, 641, 582, 583, -1,
641, 583, 536, -1, 641, 536, 537, -1, 641, 537, 640, -1, 472, 642, 643, -1,
472, 643, 644, -1, 661, 685, 660, -1, 660, 685, 686, -1, 660, 686, 725, -1,
725, 686, 687, -1, 725, 687, 688, -1, 725, 726, 656, -1, 725, 656, 657, -1,
725, 657, 658, -1, 725, 658, 659, -1, 725, 659, 660, -1, 727, 728, 655, -1,
727, 655, 656, -1, 727, 656, 726, -1, 655, 728, 729, -1, 655, 729, 730, -1,
655, 730, 731, -1, 655, 731, 654, -1, 654, 731, 732, -1, 654, 732, 733, -1,
654, 733, 734, -1, 654, 734, 653, -1, 653, 734, 735, -1, 653, 735, 736, -1,
653, 736, 737, -1, 653, 737, 46, -1, 653, 46, 47, -1, 653, 47, 48, -1,
653, 48, 49, -1, 653, 49, 50, -1, 653, 50, 51, -1, 653, 51, 369, -1,
244, 746, 294, -1, 294, 746, 517, -1, 294, 517, 293, -1, 293, 517, 518, -1,
293, 518, 519, -1, 746, 108, 109, -1, 746, 109, 110, -1, 746, 110, 111, -1,
746, 111, 80, -1, 746, 80, 146, -1, 746, 146, 147, -1, 746, 147, 148, -1,
746, 148, 149, -1, 746, 149, 150, -1, 40, 41, 740, -1, 40, 740, 741, -1,
40, 741, 742, -1, 40, 742, 743, -1, 40, 743, 744, -1, 40, 744, 745, -1,
42, 43, 739, -1, 42, 739, 740, -1, 42, 740, 41, -1, 44, 45, 738, -1,
44, 738, 739, -1, 44, 739, 43, -1, 46, 737, 738, -1, 46, 738, 45, -1,
154, 155, 60, -1, 154, 60, 153, -1, 60, 114, 115, -1, 60, 115, 116, -1,
60, 116, 117, -1, 60, 117, 118, -1, 60, 412, 413, -1, 60, 413, 414, -1,
60, 414, 415, -1, 60, 415, 416, -1, 60, 416, 417, -1, 60, 417, 418, -1,
60, 418, 419, -1, 60, 419, 420, -1, 60, 420, 357, -1, 60, 357, 358, -1,
60, 358, 59, -1, 420, 354, 355, -1, 420, 355, 356, -1, 420, 356, 357, -1,
59, 358, 359, -1, 59, 359, 360, -1, 59, 360, 361, -1, 59, 361, 362, -1,
59, 362, 363, -1, 59, 363, 364, -1, 59, 364, 365, -1, 59, 365, 58, -1,
54, 55, 368, -1, 368, 55, 56, -1, 368, 56, 367, -1, 367, 56, 57, -1,
367, 57, 366, -1, 366, 57, 58, -1, 366, 58, 365, -1, 51, 52, 369, -1,
369, 52, 53, -1, 369, 53, 368, -1, 368, 53, 54, -1, 847, 848, 405, -1,
405, 848, 849, -1, 405, 849, 404, -1, 404, 849, 850, -1, 404, 850, 851, -1,
403, 404, 851, -1, 403, 851, 852, -1, 403, 852, 853, -1, 403, 853, 402, -1,
396, 397, 858, -1, 858, 397, 398, -1, 858, 398, 857, -1, 857, 398, 399, -1,
857, 399, 856, -1, 856, 399, 400, -1, 856, 400, 855, -1, 855, 400, 401, -1,
855, 401, 854, -1, 854, 401, 402, -1, 854, 402, 853, -1, 393, 394, 860, -1,
860, 394, 395, -1, 860, 395, 859, -1, 859, 395, 396, -1, 859, 396, 858, -1,
861, 390, 391, -1, 861, 391, 392, -1, 861, 392, 393, -1, 861, 393, 860, -1,
487, 488, 863, -1, 863, 488, 489, -1, 863, 489, 862, -1, 862, 489, 490, -1,
862, 490, 451, -1, 864, 865, 349, -1, 864, 349, 486, -1, 864, 486, 487, -1,
864, 487, 863, -1, 349, 865, 866, -1, 349, 866, 867, -1, 349, 867, 868, -1,
349, 868, 869, -1, 349, 869, 870, -1, 349, 870, 871, -1, 349, 871, 872, -1,
349, 872, 873, -1, 340, 341, 876, -1, 340, 876, 877, -1, 340, 877, 339, -1,
876, 341, 342, -1, 876, 342, 343, -1, 876, 343, 344, -1, 876, 344, 345, -1,
876, 345, 346, -1, 876, 346, 299, -1, 747, 807, 808, -1, 747, 808, 809, -1,
747, 809, 810, -1, 747, 810, 811, -1, 747, 811, 806, -1, 811, 812, 806, -1,
806, 812, 813, -1, 806, 813, 805, -1, 805, 813, 814, -1, 805, 814, 804, -1,
804, 814, 815, -1, 804, 815, 816, -1, 803, 804, 816, -1, 803, 816, 817, -1,
803, 817, 818, -1, 803, 818, 802, -1, 819, 820, 801, -1, 819, 801, 802, -1,
819, 802, 818, -1, 821, 822, 800, -1, 821, 800, 801, -1, 821, 801, 820, -1,
823, 824, 323, -1, 823, 323, 799, -1, 823, 799, 800, -1, 823, 800, 822, -1,
824, 321, 322, -1, 824, 322, 323, -1, 799, 323, 324, -1, 799, 324, 325, -1,
799, 325, 326, -1, 799, 326, 327, -1, 799, 327, 798, -1, 327, 328, 798, -1,
798, 328, 329, -1, 798, 329, 797, -1, 797, 329, 330, -1, 797, 330, 331, -1,
791, 792, 335, -1, 335, 792, 793, -1, 335, 793, 334, -1, 334, 793, 794, -1,
334, 794, 333, -1, 333, 794, 795, -1, 333, 795, 332, -1, 332, 795, 796, -1,
332, 796, 331, -1, 331, 796, 797, -1, 336, 337, 789, -1, 336, 789, 790, -1,
336, 790, 791, -1, 336, 791, 335, -1, 337, 338, 786, -1, 337, 786, 787, -1,
337, 787, 788, -1, 337, 788, 789, -1, 350, 482, 483, -1, 350, 483, 484, -1,
350, 484, 485, -1, 350, 485, 486, -1, 350, 486, 349, -1, 639, 640, 537, -1,
639, 537, 538, -1, 639, 538, 539, -1, 639, 539, 638, -1, 619, 628, 618, -1,
618, 628, 629, -1, 618, 629, 617, -1, 617, 629, 630, -1, 617, 630, 616, -1,
616, 630, 631, -1, 616, 631, 615, -1, 615, 631, 632, -1, 615, 632, 614, -1,
614, 632, 633, -1, 614, 633, 613, -1, 613, 633, 634, -1, 613, 634, 612, -1,
612, 634, 635, -1, 612, 635, 611, -1, 611, 635, 636, -1, 611, 636, 610, -1,
610, 636, 637, -1, 610, 637, 540, -1, 540, 637, 638, -1, 540, 638, 539, -1,
623, 625, 622, -1, 622, 625, 626, -1, 622, 626, 621, -1, 621, 626, 627, -1,
621, 627, 620, -1, 620, 627, 628, -1, 620, 628, 619, -1, 584, 624, 625, -1,
584, 625, 623, -1, 495, 491, 544, -1, 495, 544, 545, -1, 495, 545, 546, -1,
495, 546, 547, -1, 495, 547, 548, -1, 495, 548, 549, -1, 495, 549, 550, -1,
495, 550, 551, -1, 495, 551, 552, -1, 495, 552, 553, -1, 495, 553, 554, -1,
495, 554, 555, -1, 495, 555, 556, -1, 495, 556, 557, -1, 495, 557, 558, -1,
495, 558, 559, -1, 495, 559, 560, -1, 495, 560, 561, -1, 495, 561, 562, -1,
495, 562, 563, -1, 495, 563, 564, -1, 543, 544, 491, -1, 543, 491, 492, -1,
543, 492, 609, -1, 543, 609, 542, -1, 541, 542, 609, -1, 541, 609, 610, -1,
541, 610, 540, -1, 725, 688, 724, -1, 724, 688, 689, -1, 724, 689, 723, -1,
723, 689, 690, -1, 723, 690, 722, -1, 722, 690, 691, -1, 722, 691, 721, -1,
721, 691, 692, -1, 721, 692, 720, -1, 720, 692, 693, -1, 720, 693, 719, -1,
719, 693, 694, -1, 719, 694, 718, -1, 718, 694, 695, -1, 718, 695, 717, -1,
717, 695, 696, -1, 717, 696, 716, -1, 716, 696, 697, -1, 716, 697, 715, -1,
715, 697, 698, -1, 715, 698, 714, -1, 714, 698, 699, -1, 714, 699, 713, -1,
713, 699, 700, -1, 713, 700, 712, -1, 712, 700, 701, -1, 712, 701, 711, -1,
711, 701, 702, -1, 711, 702, 710, -1, 710, 702, 703, -1, 710, 703, 709, -1,
709, 703, 704, -1, 709, 704, 708, -1, 708, 704, 705, -1, 708, 705, 707, -1,
707, 705, 665, -1, 707, 665, 706, -1, 523, 287, 288, -1, 523, 288, 289, -1,
523, 289, 290, -1, 523, 290, 522, -1, 519, 520, 292, -1, 292, 520, 521, -1,
292, 521, 291, -1, 291, 521, 522, -1, 291, 522, 290, -1, 253, 913, 252, -1,
252, 913, 914, -1, 252, 914, 251, -1, 251, 914, 915, -1, 251, 915, 916, -1,
254, 255, 910, -1, 254, 910, 911, -1, 254, 911, 912, -1, 254, 912, 913, -1,
254, 913, 253, -1, 255, 909, 910, -1, 517, 746, 706, -1, 293, 519, 292, -1,
609, 492, 608, -1, 594, 353, 593, -1, 250, 298, 249, -1
            ]
          }
        }
      ]
    }
  ]
}
Transform {
  children [
    Group {
      children [
        Shape {
          appearance Appearance {
            material Material {
              diffuseColor 0.75 0.61 0.23
              specularColor 0.9 0.844 0.692
              emissiveColor 0 0 0
              ambientIntensity 0.7
              transparency 0
              shininess 0.9
            }
          }
          geometry IndexedFaceSet {
            solid TRUE
            coord Coordinate {
              point [
-3.907793 0.667227 -0.314961, -3.948723 0.626296 -0.314961,
-3.980881 0.578168 -0.314961, -4.003033 0.52469 -0.314961,
-4.014326 0.467918 -0.314961, -4.014326 0.410033 -0.314961,
-4.003033 0.353261 -0.314961, -3.986147 0.312495 -0.314961,
-4.131369 0.167273 -0.314961, -4.13137 0.167273 -0.314961,
-4.141375 0.181044 -0.314961, -4.176542 0.250064 -0.314961,
-4.20048 0.323737 -0.314961, -4.212598 0.400243 -0.314961,
-4.212598 0.477709 -0.314961, -4.20048 0.554214 -0.314961,
-4.176542 0.627889 -0.314961, -4.142821 0.69407 -0.314961,
-4.138615 0.705858 -0.314961, -4.140579 0.733296 -0.314961,
-4.154539 0.751942 -0.314961, -4.154045 0.752435 -0.314961,
-4.156515 0.754904 -0.314961, -4.19047 0.800262 -0.314961,
-4.190472 0.800265 -0.314961, -4.210272 0.853354 -0.314961,
-4.212795 0.876821 -0.314961, -4.212795 0.876823 -0.314961,
-4.212795 1.505065 -0.314961, -4.212795 1.50507 -0.314961,
-4.212795 1.505073 -0.314961, -4.210272 1.528537 -0.314961,
-4.190472 1.581626 -0.314961, -4.19047 1.581629 -0.314961,
-4.156515 1.626987 -0.314961, -4.156514 1.626988 -0.314961,
-4.111156 1.660943 -0.314961, -4.111153 1.660944 -0.314961,
-4.058065 1.680745 -0.314961, -4.034597 1.683268 -0.314961,
-4.034595 1.683268 -0.314961, -3.406353 1.683268 -0.314961,
-3.406349 1.683268 -0.314961, -3.406346 1.683268 -0.314961,
-3.406345 1.683268 -0.314961, -3.382881 1.680745 -0.314961,
-3.382881 1.680745 -0.314961, -3.329792 1.660944 -0.314961,
-3.329789 1.660943 -0.314961, -3.284431 1.626988 -0.314961,
-3.28443 1.626987 -0.314961, -3.250475 1.581629 -0.314961,
-3.250474 1.581627 -0.314961, -3.250474 1.581627 -0.314961,
-3.230673 1.528537 -0.314961, -3.22815 1.505068 -0.314961,
-3.22815 0.876822 -0.314961, -3.230673 0.853354 -0.314961,
-3.250474 0.800264 -0.314961, -3.284431 0.754904 -0.314961,
-3.284434 0.754902 -0.314961, -3.286898 0.752436 -0.314961,
-3.286872 0.752409 -0.314961, -3.292856 0.746594 -0.314961,
-3.3032 0.721106 -0.314961, -3.298123 0.69407 -0.314961,
-3.264402 0.627887 -0.314961, -3.240463 0.554214 -0.314961,
-3.228346 0.477709 -0.314961, -3.228346 0.400243 -0.314961,
-3.240463 0.323737 -0.314961, -3.264402 0.250064 -0.314961,
-3.299568 0.181045 -0.314961, -3.309575 0.167273 -0.314961,
-3.309575 0.167272 -0.314961, -3.454797 0.312495 -0.314961,
-3.437911 0.353261 -0.314961, -3.426618 0.410033 -0.314961,
-3.426618 0.467918 -0.314961, -3.437911 0.52469 -0.314961,
-3.460062 0.578168 -0.314961, -3.49222 0.626296 -0.314961,
-3.533151 0.667227 -0.314961, -3.58128 0.699385 -0.314961,
-3.634757 0.721537 -0.314961, -3.69153 0.73283 -0.314961,
-3.749414 0.73283 -0.314961, -3.806186 0.721537 -0.314961,
-3.859664 0.699385 -0.314961, -3.882952 0.438976 -0.314961,
-3.870584 0.501154 -0.314961, -3.835363 0.553867 -0.314961,
-3.78265 0.589088 -0.314961, -3.720472 0.601456 -0.314961,
-3.658293 0.589088 -0.314961, -3.605581 0.553867 -0.314961,
-3.570359 0.501154 -0.314961, -3.557991 0.438976 -0.314961,
-3.570359 0.376797 -0.314961, -3.605581 0.324085 -0.314961,
-3.658293 0.288863 -0.314961, -3.720472 0.276495 -0.314961,
-3.78265 0.288863 -0.314961, -3.835363 0.324085 -0.314961,
-3.870584 0.376797 -0.314961, -4.071359 -3.603921 -0.314961,
-4.039057 -3.580452 -0.314961, -3.8971 -3.722408 -0.314961,
-3.8971 -3.722409 -0.314961, -3.941522 -3.756496 -0.314961,
-3.941529 -3.7565 -0.314961, -4.030913 -3.808106 -0.314961,
-4.030917 -3.808108 -0.314961, -4.126278 -3.847608 -0.314961,
-4.225976 -3.874322 -0.314961, -4.225981 -3.874322 -0.314961,
-4.328309 -3.887795 -0.314961, -4.328315 -3.887795 -0.314961,
-4.431528 -3.887795 -0.314961, -4.431533 -3.887795 -0.314961,
-4.533862 -3.874322 -0.314961, -4.533867 -3.874322 -0.314961,
-4.633565 -3.847608 -0.314961, -4.728926 -3.808108 -0.314961,
-4.72893 -3.808106 -0.314961, -4.818314 -3.7565 -0.314961,
-4.818317 -3.756498 -0.314961, -4.862743 -3.722409 -0.314961,
-4.862743 -3.722408 -0.314961, -4.720787 -3.580452 -0.314961,
-4.688483 -3.603921 -0.314961, -4.605915 -3.645992 -0.314961,
-4.517783 -3.674628 -0.314961, -4.426256 -3.689124 -0.314961,
-4.333587 -3.689124 -0.314961, -4.24206 -3.674628 -0.314961,
-4.153927 -3.645992 -0.314961, -4.688483 -2.596866 -0.314961,
-4.720786 -2.620335 -0.314961, -4.862743 -2.478378 -0.314961,
-4.862743 -2.478378 -0.314961, -4.818319 -2.44429 -0.314961,
-4.72893 -2.392681 -0.314961, -4.728926 -2.392679 -0.314961,
-4.633565 -2.353179 -0.314961, -4.533867 -2.326465 -0.314961,
-4.533862 -2.326465 -0.314961, -4.431533 -2.312992 -0.314961,
-4.328309 -2.312992 -0.314961, -4.225981 -2.326465 -0.314961,
-4.225976 -2.326465 -0.314961, -4.126278 -2.353179 -0.314961,
-4.030917 -2.392679 -0.314961, -4.030913 -2.392681 -0.314961,
-3.941529 -2.444287 -0.314961, -3.941526 -2.444289 -0.314961,
-3.8971 -2.478378 -0.314961, -4.039057 -2.620335 -0.314961,
-4.071359 -2.596866 -0.314961, -4.153927 -2.554796 -0.314961,
-4.24206 -2.526159 -0.314961, -4.333587 -2.511663 -0.314961,
-4.426256 -2.511663 -0.314961, -4.517783 -2.526159 -0.314961,
-4.605915 -2.554796 -0.314961, -4.680197 -3.100394 -0.314961,
-4.65734 -2.985483 -0.314961, -4.592248 -2.888067 -0.314961,
-4.494832 -2.822975 -0.314961, -4.379921 -2.800118 -0.314961,
-4.265011 -2.822975 -0.314961, -4.167594 -2.888067 -0.314961,
-4.102503 -2.985483 -0.314961, -4.079646 -3.100394 -0.314961,
-4.102503 -3.215304 -0.314961, -4.167594 -3.312721 -0.314961,
-4.265011 -3.377812 -0.314961, -4.379921 -3.400669 -0.314961,
-4.494832 -3.377812 -0.314961, -4.592248 -3.312721 -0.314961,
-4.65734 -3.215304 -0.314961, -3.22815 -0.274243 -0.314961,
-3.22815 -0.351741 -0.314961, -3.240272 -0.428278 -0.314961,
-3.264219 -0.501978 -0.314961, -3.2994 -0.571025 -0.314961,
-3.34495 -0.633719 -0.314961, -3.399746 -0.688515 -0.314961,
-3.462439 -0.734064 -0.314961, -3.531486 -0.769245 -0.314961,
-3.605187 -0.793192 -0.314961, -3.681724 -0.805315 -0.314961,
-3.759219 -0.805315 -0.314961, -3.759221 -0.805315 -0.314961,
-3.835759 -0.793192 -0.314961, -3.869954 -0.782081 -0.314961,
-3.909459 -0.769245 -0.314961, -3.90946 -0.769244 -0.314961,
-3.909461 -0.769244 -0.314961, -3.945884 -0.750686 -0.314961,
-3.978506 -0.734064 -0.314961, -4.041199 -0.688515 -0.314961,
-4.095995 -0.633719 -0.314961, -4.141545 -0.571025 -0.314961,
-4.176726 -0.50198 -0.314961, -4.200673 -0.428278 -0.314961,
-4.212795 -0.351741 -0.314961, -4.212795 -0.274243 -0.314961,
-4.200673 -0.197706 -0.314961, -4.176726 -0.124004 -0.314961,
-4.141545 -0.054958 -0.314961, -4.115557 -0.019189 -0.314961,
-4.095995 0.007735 -0.314961, -4.095994 0.007736 -0.314961,
-4.095994 0.007736 -0.314961, -4.0412 0.06253 -0.314961,
-4.0412 0.06253 -0.314961, -4.041199 0.062531 -0.314961,
-4.014275 0.082093 -0.314961, -3.978506 0.108081 -0.314961,
-3.909459 0.143262 -0.314961, -3.872511 0.155268 -0.314961,
-3.853077 0.167177 -0.314961, -3.846953 0.173301 -0.314961,
-3.806186 0.156415 -0.314961, -3.749414 0.145122 -0.314961,
-3.69153 0.145122 -0.314961, -3.634757 0.156415 -0.314961,
-3.593991 0.173301 -0.314961, -3.587866 0.167176 -0.314961,
-3.568432 0.155267 -0.314961, -3.531485 0.143261 -0.314961,
-3.462439 0.108081 -0.314961, -3.399746 0.062531 -0.314961,
-3.34495 0.007735 -0.314961, -3.2994 -0.054958 -0.314961,
-3.26422 -0.124004 -0.314961, -3.240272 -0.197706 -0.314961,
-3.201686 -2.57998 -0.314961, -3.128682 -2.506976 -0.314961,
-3.046773 -2.444124 -0.314961, -2.957363 -2.392503 -0.314961,
-2.957359 -2.392501 -0.314961, -2.86198 -2.352994 -0.314961,
-2.861976 -2.352993 -0.314961, -2.76225 -2.326272 -0.314961,
-2.750877 -2.324774 -0.314961, -2.659893 -2.312795 -0.314961,
-2.65989 -2.312795 -0.314961, -2.556646 -2.312795 -0.314961,
-2.556643 -2.312795 -0.314961, -2.477032 -2.323277 -0.314961,
-2.454285 -2.326272 -0.314961, -2.354559 -2.352993 -0.314961,
-2.354559 -2.352993 -0.314961, -2.354556 -2.352994 -0.314961,
-2.259177 -2.392501 -0.314961, -2.259173 -2.392503 -0.314961,
-2.169763 -2.444124 -0.314961, -2.087854 -2.506976 -0.314961,
-2.08785 -2.506979 -0.314961, -2.014853 -2.579976 -0.314961,
-2.014852 -2.579978 -0.314961, -2.01485 -2.57998 -0.314961,
-2.008531 -2.588215 -0.314961, -2.00795 -2.588972 -0.314961,
-1.995613 -2.600321 -0.314961, -1.96922 -2.608071 -0.314961,
-1.265338 -2.608071 -0.314961, -1.265337 -2.608071 -0.314961,
-1.227288 -2.615639 -0.314961, -1.189241 -2.623207 -0.314961,
-1.189239 -2.623208 -0.314961, -1.189238 -2.623208 -0.314961,
-1.168242 -2.631905 -0.314961, -1.146136 -2.641061 -0.314961,
-1.117555 -2.6529 -0.314961, -1.117551 -2.652902 -0.314961,
-1.053039 -2.696008 -0.314961, -1.053037 -2.696009 -0.314961,
-0.996473 -2.752574 -0.314961, -0.996465 -2.752582 -0.314961,
-0.624678 -3.12437 -0.314961, -0.622127 -3.126744 -0.314961,
-0.597105 -3.138172 -0.314961, -0.569878 -3.134257 -0.314961,
-0.549089 -3.116243 -0.314961, -0.541339 -3.08985 -0.314961,
-0.541339 2.489621 -0.314961, -0.542454 2.499998 -0.314961,
-0.555637 2.524141 -0.314961, -0.920741 2.889244 -0.314961,
-0.928867 2.895793 -0.314961, -0.955261 2.903543 -0.314961,
-6.004134 2.903543 -0.314961, -6.024414 2.899131 -0.314961,
-6.045203 2.881118 -0.314961, -6.052953 2.854724 -0.314961,
-6.052953 1.505065 -0.314961, -6.052953 -0.274243 -0.314961,
-6.052953 -2.478378 -0.314961, -6.052953 -3.048781 -0.314961,
-6.052953 -3.722408 -0.314961, -6.052953 -5.017272 -0.314961,
-6.052953 -7.972638 -0.314961, -6.048541 -7.992918 -0.314961,
-6.030527 -8.013707 -0.314961, -6.004134 -8.021457 -0.314961,
-4.675409 -8.021457 -0.314961, -4.659441 -8.018772 -0.314961,
-4.637034 -8.002815 -0.314961, -4.626811 -7.977278 -0.314961,
-4.632017 -7.950268 -0.314961, -4.650999 -7.930359 -0.314961,
-4.720002 -7.890521 -0.314961, -4.80191 -7.82767 -0.314961,
-4.801913 -7.827667 -0.314961, -4.874911 -7.754669 -0.314961,
-4.874914 -7.754666 -0.314961, -4.937766 -7.672757 -0.314961,
-4.989387 -7.583346 -0.314961, -4.989389 -7.583343 -0.314961,
-5.028896 -7.487964 -0.314961, -5.028897 -7.48796 -0.314961,
-5.05065 -7.406776 -0.314961, -5.055618 -7.388235 -0.314961,
-5.058613 -7.365488 -0.314961, -5.069094 -7.285877 -0.314961,
-5.069094 -7.182627 -0.314961, -5.055618 -7.08027 -0.314961,
-5.048315 -7.053016 -0.314961, -5.028897 -6.980544 -0.314961,
-5.028896 -6.98054 -0.314961, -4.989389 -6.885161 -0.314961,
-4.989387 -6.885157 -0.314961, -4.937766 -6.795746 -0.314961,
-4.874914 -6.713838 -0.314961, -4.80191 -6.640834 -0.314961,
-4.720002 -6.577982 -0.314961, -4.630591 -6.526361 -0.314961,
-4.630587 -6.526359 -0.314961, -4.535208 -6.486852 -0.314961,
-4.535204 -6.486851 -0.314961, -4.530707 -6.485646 -0.314961,
-4.435479 -6.46013 -0.314961, -4.424106 -6.458632 -0.314961,
-4.333121 -6.446654 -0.314961, -4.333118 -6.446654 -0.314961,
-4.229874 -6.446654 -0.314961, -4.229871 -6.446654 -0.314961,
-4.144621 -6.457878 -0.314961, -4.127513 -6.46013 -0.314961,
-4.112492 -6.464155 -0.314961, -4.104985 -6.466166 -0.314961,
-4.081974 -6.466714 -0.314961, -4.057831 -6.453531 -0.314961,
-3.449916 -5.845615 -0.314961, -3.449915 -5.845615 -0.314961,
-3.446031 -5.84302 -0.314961, -3.446031 -5.84302 -0.314961,
-3.385402 -5.802508 -0.314961, -3.385398 -5.802506 -0.314961,
-3.352632 -5.788934 -0.314961, -3.334711 -5.781511 -0.314961,
-3.334711 -5.781511 -0.314961, -3.313716 -5.772815 -0.314961,
-3.313714 -5.772814 -0.314961, -3.275665 -5.765246 -0.314961,
-3.237616 -5.757677 -0.314961, -3.14822 -5.757677 -0.314961,
-3.138411 -5.756681 -0.314961, -3.114113 -5.743787 -0.314961,
-3.100643 -5.719802 -0.314961, -3.102279 -5.692343 -0.314961,
-3.1185 -5.670128 -0.314961, -3.128681 -5.662316 -0.314961,
-3.128684 -5.662313 -0.314961, -3.128685 -5.662312 -0.314961,
-3.201683 -5.589315 -0.314961, -3.201686 -5.589311 -0.314961,
-3.264537 -5.507403 -0.314961, -3.316158 -5.417992 -0.314961,
-3.31616 -5.417988 -0.314961, -3.355667 -5.322609 -0.314961,
-3.355669 -5.322606 -0.314961, -3.378007 -5.239238 -0.314961,
-3.38239 -5.22288 -0.314961, -3.385385 -5.200133 -0.314961,
-3.395866 -5.120522 -0.314961, -3.395866 -5.017272 -0.314961,
-3.38239 -4.914915 -0.314961, -3.355669 -4.815189 -0.314961,
-3.355667 -4.815185 -0.314961, -3.31616 -4.719807 -0.314961,
-3.316158 -4.719803 -0.314961, -3.264537 -4.630392 -0.314961,
-3.201686 -4.548483 -0.314961, -3.128682 -4.47548 -0.314961,
-3.046773 -4.412628 -0.314961, -2.957363 -4.361007 -0.314961,
-2.957359 -4.361005 -0.314961, -2.86198 -4.321498 -0.314961,
-2.861976 -4.321497 -0.314961, -2.76225 -4.294776 -0.314961,
-2.750877 -4.293278 -0.314961, -2.659893 -4.281299 -0.314961,
-2.65989 -4.281299 -0.314961, -2.556646 -4.281299 -0.314961,
-2.556643 -4.281299 -0.314961, -2.477032 -4.291781 -0.314961,
-2.454285 -4.294776 -0.314961, -2.354559 -4.321497 -0.314961,
-2.354559 -4.321497 -0.314961, -2.354556 -4.321498 -0.314961,
-2.259177 -4.361005 -0.314961, -2.259173 -4.361007 -0.314961,
-2.169763 -4.412628 -0.314961, -2.087854 -4.47548 -0.314961,
-2.08785 -4.475483 -0.314961, -2.014853 -4.54848 -0.314961,
-2.01485 -4.548483 -0.314961, -1.951998 -4.630392 -0.314961,
-1.900378 -4.719803 -0.314961, -1.900376 -4.719807 -0.314961,
-1.868241 -4.797386 -0.314961, -1.860867 -4.815189 -0.314961,
-1.834146 -4.914915 -0.314961, -1.820669 -5.017276 -0.314961,
-1.820669 -5.12052 -0.314961, -1.834146 -5.22288 -0.314961,
-1.860867 -5.322606 -0.314961, -1.900377 -5.417991 -0.314961,
-1.951998 -5.507403 -0.314961, -2.01485 -5.589311 -0.314961,
-2.014852 -5.589313 -0.314961, -2.014853 -5.589315 -0.314961,
-2.067442 -5.641904 -0.314961, -2.087854 -5.662316 -0.314961,
-2.098038 -5.67013 -0.314961, -2.105211 -5.676889 -0.314961,
-2.116638 -5.701911 -0.314961, -2.112723 -5.729138 -0.314961,
-2.094709 -5.749927 -0.314961, -2.068316 -5.757677 -0.314961,
-1.90582 -5.757677 -0.314961, -1.895443 -5.756561 -0.314961,
-1.8713 -5.743378 -0.314961, -0.925309 -4.797387 -0.314961,
-0.925307 -4.797385 -0.314961, -0.860796 -4.75428 -0.314961,
-0.860792 -4.754278 -0.314961, -0.789109 -4.724586 -0.314961,
-0.789106 -4.724585 -0.314961, -0.713009 -4.709448 -0.314961,
-0.713008 -4.709448 -0.314961, -0.635417 -4.709448 -0.314961,
-0.63301 -4.709448 -0.314961, -0.633002 -4.709449 -0.314961,
-0.590157 -4.709449 -0.314961, -0.576404 -4.707471 -0.314961,
-0.574017 -4.705937 -0.314961, -0.569878 -4.705037 -0.314961,
-0.562017 -4.698225 -0.314961, -0.553263 -4.6926 -0.314961,
-0.551782 -4.689357 -0.314961, -0.549089 -4.687023 -0.314961,
-0.546158 -4.677042 -0.314961, -0.541835 -4.667578 -0.314961,
-0.542343 -4.664049 -0.314961, -0.541339 -4.66063 -0.314961,
-0.541339 -4.34204 -0.314961, -0.542454 -4.331663 -0.314961,
-0.555637 -4.30752 -0.314961, -1.452993 -3.410165 -0.314961,
-1.461119 -3.403616 -0.314961, -1.487513 -3.395866 -0.314961,
-1.845546 -3.395866 -0.314961, -1.847289 -3.395897 -0.314961,
-1.873389 -3.404584 -0.314961, -1.890649 -3.426003 -0.314961,
-1.900377 -3.449487 -0.314961, -1.951998 -3.538899 -0.314961,
-2.01485 -3.620807 -0.314961, -2.014852 -3.620809 -0.314961,
-2.014853 -3.620811 -0.314961, -2.08785 -3.693809 -0.314961,
-2.087852 -3.69381 -0.314961, -2.087854 -3.693812 -0.314961,
-2.169763 -3.756663 -0.314961, -2.259174 -3.808285 -0.314961,
-2.354559 -3.847794 -0.314961, -2.454285 -3.874516 -0.314961,
-2.556646 -3.887992 -0.314961, -2.556648 -3.887992 -0.314961,
-2.659887 -3.887992 -0.314961, -2.65989 -3.887992 -0.314961,
-2.661388 -3.887795 -0.314961, -2.664493 -3.887386 -0.314961,
-2.76225 -3.874516 -0.314961, -2.861976 -3.847794 -0.314961,
-2.86198 -3.847793 -0.314961, -2.957359 -3.808286 -0.314961,
-2.957363 -3.808284 -0.314961, -3.046773 -3.756663 -0.314961,
-3.128682 -3.693811 -0.314961, -3.128685 -3.693809 -0.314961,
-3.201683 -3.620811 -0.314961, -3.201686 -3.620807 -0.314961,
-3.264537 -3.538899 -0.314961, -3.316158 -3.449488 -0.314961,
-3.31616 -3.449484 -0.314961, -3.355667 -3.354106 -0.314961,
-3.355669 -3.354102 -0.314961, -3.362194 -3.329749 -0.314961,
-3.38239 -3.254376 -0.314961, -3.391323 -3.186522 -0.314961,
-3.395866 -3.152019 -0.314961, -3.395866 -3.048769 -0.314961,
-3.382395 -2.946453 -0.314961, -3.38239 -2.946411 -0.314961,
-3.355669 -2.846685 -0.314961, -3.355667 -2.846681 -0.314961,
-3.31616 -2.751303 -0.314961, -3.316158 -2.751299 -0.314961,
-3.264537 -2.661888 -0.314961, -3.59252 -3.048787 -0.314961,
-3.59252 -3.152 -0.314961, -3.59252 -3.152006 -0.314961,
-3.605993 -3.254334 -0.314961, -3.605993 -3.254339 -0.314961,
-3.632707 -3.354037 -0.314961, -3.672207 -3.449398 -0.314961,
-3.672209 -3.449402 -0.314961, -3.723815 -3.538786 -0.314961,
-3.723819 -3.538793 -0.314961, -3.757906 -3.583215 -0.314961,
-3.757907 -3.583215 -0.314961, -3.899863 -3.441258 -0.314961,
-3.876394 -3.408956 -0.314961, -3.834323 -3.326388 -0.314961,
-3.805687 -3.238255 -0.314961, -3.791191 -3.146728 -0.314961,
-3.791191 -3.054059 -0.314961, -3.805687 -2.962532 -0.314961,
-3.834323 -2.8744 -0.314961, -3.876394 -2.791831 -0.314961,
-3.899863 -2.759528 -0.314961, -3.757907 -2.617572 -0.314961,
-3.757906 -2.617572 -0.314961, -3.723817 -2.661998 -0.314961,
-3.723815 -2.662001 -0.314961, -3.672209 -2.751385 -0.314961,
-3.672207 -2.751389 -0.314961, -3.632707 -2.84675 -0.314961,
-3.605993 -2.946448 -0.314961, -3.605993 -2.946453 -0.314961,
-3.59252 -3.048781 -0.314961, -5.087634 -3.449402 -0.314961,
-5.087636 -3.449398 -0.314961, -5.127136 -3.354037 -0.314961,
-5.15385 -3.254339 -0.314961, -5.15385 -3.254334 -0.314961,
-5.167323 -3.152006 -0.314961, -5.167323 -3.048781 -0.314961,
-5.15385 -2.946453 -0.314961, -5.15385 -2.946448 -0.314961,
-5.127136 -2.84675 -0.314961, -5.087636 -2.751389 -0.314961,
-5.087634 -2.751385 -0.314961, -5.036025 -2.661996 -0.314961,
-5.001937 -2.617572 -0.314961, -5.001937 -2.617572 -0.314961,
-4.859981 -2.759528 -0.314961, -4.85998 -2.759529 -0.314961,
-4.883449 -2.791831 -0.314961, -4.925519 -2.8744 -0.314961,
-4.954156 -2.962532 -0.314961, -4.968652 -3.054059 -0.314961,
-4.968652 -3.146728 -0.314961, -4.954156 -3.238255 -0.314961,
-4.925519 -3.326388 -0.314961, -4.883449 -3.408956 -0.314961,
-4.85998 -3.441257 -0.314961, -5.001937 -3.583215 -0.314961,
-5.036026 -3.538789 -0.314961, -5.036028 -3.538786 -0.314961,
-5.069094 -5.120522 -0.314961, -5.069094 -5.017272 -0.314961,
-5.055618 -4.914915 -0.314961, -5.028897 -4.815189 -0.314961,
-5.028896 -4.815185 -0.314961, -4.989389 -4.719807 -0.314961,
-4.989387 -4.719803 -0.314961, -4.937766 -4.630392 -0.314961,
-4.874914 -4.548483 -0.314961, -4.80191 -4.47548 -0.314961,
-4.720002 -4.412628 -0.314961, -4.630591 -4.361007 -0.314961,
-4.630587 -4.361005 -0.314961, -4.535208 -4.321498 -0.314961,
-4.535204 -4.321497 -0.314961, -4.435479 -4.294776 -0.314961,
-4.424106 -4.293278 -0.314961, -4.333121 -4.281299 -0.314961,
-4.333118 -4.281299 -0.314961, -4.229874 -4.281299 -0.314961,
-4.229871 -4.281299 -0.314961, -4.15026 -4.291781 -0.314961,
-4.127513 -4.294776 -0.314961, -4.027788 -4.321497 -0.314961,
-4.027787 -4.321497 -0.314961, -4.027784 -4.321498 -0.314961,
-3.932406 -4.361005 -0.314961, -3.932402 -4.361007 -0.314961,
-3.842991 -4.412628 -0.314961, -3.761082 -4.47548 -0.314961,
-3.761079 -4.475483 -0.314961, -3.688081 -4.54848 -0.314961,
-3.688078 -4.548483 -0.314961, -3.625227 -4.630392 -0.314961,
-3.573606 -4.719803 -0.314961, -3.573604 -4.719807 -0.314961,
-3.54147 -4.797386 -0.314961, -3.534095 -4.815189 -0.314961,
-3.507374 -4.914915 -0.314961, -3.493898 -5.017276 -0.314961,
-3.493898 -5.12052 -0.314961, -3.507374 -5.22288 -0.314961,
-3.534095 -5.322606 -0.314961, -3.573605 -5.417991 -0.314961,
-3.625227 -5.507403 -0.314961, -3.688078 -5.589311 -0.314961,
-3.68808 -5.589313 -0.314961, -3.688081 -5.589315 -0.314961,
-3.761079 -5.662313 -0.314961, -3.761081 -5.662314 -0.314961,
-3.761082 -5.662316 -0.314961, -3.842991 -5.725167 -0.314961,
-3.932403 -5.776789 -0.314961, -4.027788 -5.816298 -0.314961,
-4.127513 -5.84302 -0.314961, -4.229874 -5.856496 -0.314961,
-4.229877 -5.856496 -0.314961, -4.333115 -5.856496 -0.314961,
-4.333118 -5.856496 -0.314961, -4.435479 -5.84302 -0.314961,
-4.535204 -5.816298 -0.314961, -4.568502 -5.802506 -0.314961,
-4.630587 -5.77679 -0.314961, -4.630591 -5.776788 -0.314961,
-4.720002 -5.725167 -0.314961, -4.782918 -5.676889 -0.314961,
-4.80191 -5.662316 -0.314961, -4.80191 -5.662315 -0.314961,
-4.801913 -5.662313 -0.314961, -4.874911 -5.589315 -0.314961,
-4.874914 -5.589311 -0.314961, -4.937766 -5.507403 -0.314961,
-4.989387 -5.417992 -0.314961, -4.989389 -5.417988 -0.314961,
-5.028896 -5.322609 -0.314961, -5.028897 -5.322606 -0.314961,
-5.051235 -5.239238 -0.314961, -5.055618 -5.22288 -0.314961,
-5.058613 -5.200133 -0.314961, -4.015748 1.486221 -0.314961,
-4.015748 0.89567 -0.314961, -3.425197 0.89567 -0.314961,
-3.425197 1.486221 -0.314961, -3.882953 1.190945 -0.314961,
-3.870585 1.253124 -0.314961, -3.835363 1.305836 -0.314961,
-3.782651 1.341058 -0.314961, -3.720472 1.353426 -0.314961,
-3.658294 1.341058 -0.314961, -3.605582 1.305836 -0.314961,
-3.57036 1.253124 -0.314961, -3.557992 1.190945 -0.314961,
-3.57036 1.128767 -0.314961, -3.605582 1.076054 -0.314961,
-3.658294 1.040833 -0.314961, -3.720472 1.028465 -0.314961,
-3.782651 1.040833 -0.314961, -3.835363 1.076054 -0.314961,
-3.870585 1.128767 -0.314961, -3.907793 -0.084741 -0.314961,
-3.948724 -0.125671 -0.314961, -3.980882 -0.1738 -0.314961,
-4.003033 -0.227278 -0.314961, -4.014326 -0.28405 -0.314961,
-4.014326 -0.341934 -0.314961, -4.003033 -0.398706 -0.314961,
-3.980882 -0.452184 -0.314961, -3.948724 -0.500313 -0.314961,
-3.907793 -0.541243 -0.314961, -3.859665 -0.573402 -0.314961,
-3.806187 -0.595553 -0.314961, -3.749415 -0.606846 -0.314961,
-3.69153 -0.606846 -0.314961, -3.634758 -0.595553 -0.314961,
-3.58128 -0.573402 -0.314961, -3.533152 -0.541243 -0.314961,
-3.492221 -0.500313 -0.314961, -3.460063 -0.452184 -0.314961,
-3.437911 -0.398706 -0.314961, -3.426619 -0.341934 -0.314961,
-3.426619 -0.28405 -0.314961, -3.437911 -0.227278 -0.314961,
-3.460063 -0.1738 -0.314961, -3.492221 -0.125671 -0.314961,
-3.533152 -0.084741 -0.314961, -3.58128 -0.052582 -0.314961,
-3.634758 -0.030431 -0.314961, -3.69153 -0.019138 -0.314961,
-3.749415 -0.019138 -0.314961, -3.806187 -0.030431 -0.314961,
-3.859665 -0.052582 -0.314961, -3.882953 -0.312992 -0.314961,
-3.870585 -0.250813 -0.314961, -3.835363 -0.198101 -0.314961,
-3.782651 -0.162879 -0.314961, -3.720472 -0.150511 -0.314961,
-3.658294 -0.162879 -0.314961, -3.605582 -0.198101 -0.314961,
-3.57036 -0.250813 -0.314961, -3.557992 -0.312992 -0.314961,
-3.57036 -0.37517 -0.314961, -3.605582 -0.427883 -0.314961,
-3.658294 -0.463104 -0.314961, -3.720472 -0.475472 -0.314961,
-3.782651 -0.463104 -0.314961, -3.835363 -0.427883 -0.314961,
-3.870585 -0.37517 -0.314961, 5.408386 -1.793307 -0.314961,
5.416259 -1.753728 -0.314961, 5.438678 -1.720174 -0.314961,
5.472232 -1.697754 -0.314961, 5.511811 -1.689881 -0.314961,
5.55139 -1.697754 -0.314961, 5.584944 -1.720174 -0.314961,
5.607363 -1.753728 -0.314961, 5.615236 -1.793307 -0.314961,
5.607363 -1.832886 -0.314961, 5.584944 -1.866439 -0.314961,
5.55139 -1.888859 -0.314961, 5.511811 -1.896732 -0.314961,
5.472232 -1.888859 -0.314961, 5.438678 -1.866439 -0.314961,
5.416259 -1.832886 -0.314961, 5.472232 -2.41248 -0.314961,
5.438678 -2.390061 -0.314961, 5.416259 -2.356507 -0.314961,
5.408386 -2.316928 -0.314961, 5.416259 -2.277349 -0.314961,
5.438678 -2.243795 -0.314961, 5.472232 -2.221376 -0.314961,
5.511811 -2.213503 -0.314961, 5.55139 -2.221376 -0.314961,
5.584944 -2.243795 -0.314961, 5.607363 -2.277349 -0.314961,
5.615236 -2.316928 -0.314961, 5.607363 -2.356507 -0.314961,
5.584944 -2.390061 -0.314961, 5.55139 -2.41248 -0.314961,
5.511811 -2.420353 -0.314961, 5.408386 -0.742124 -0.314961,
5.416259 -0.702545 -0.314961, 5.438679 -0.668992 -0.314961,
5.472232 -0.646572 -0.314961, 5.511811 -0.638699 -0.314961,
5.551391 -0.646572 -0.314961, 5.584944 -0.668992 -0.314961,
5.607364 -0.702545 -0.314961, 5.615237 -0.742124 -0.314961,
5.607364 -0.781704 -0.314961, 5.584944 -0.815257 -0.314961,
5.551391 -0.837677 -0.314961, 5.511811 -0.84555 -0.314961,
5.472232 -0.837677 -0.314961, 5.438679 -0.815257 -0.314961,
5.416259 -0.781704 -0.314961, 5.408385 -1.265747 -0.314961,
5.416258 -1.226168 -0.314961, 5.438678 -1.192614 -0.314961,
5.472231 -1.170194 -0.314961, 5.51181 -1.162322 -0.314961,
5.551389 -1.170194 -0.314961, 5.584943 -1.192614 -0.314961,
5.607363 -1.226168 -0.314961, 5.615235 -1.265747 -0.314961,
5.607363 -1.305326 -0.314961, 5.584943 -1.33888 -0.314961,
5.551389 -1.361299 -0.314961, 5.51181 -1.369172 -0.314961,
5.472231 -1.361299 -0.314961, 5.438678 -1.33888 -0.314961,
5.416258 -1.305326 -0.314961, 5.254843 -0.269685 -0.314961,
5.262715 -0.230106 -0.314961, 5.285135 -0.196552 -0.314961,
5.318689 -0.174132 -0.314961, 5.358268 -0.166259 -0.314961,
5.397847 -0.174132 -0.314961, 5.4314 -0.196552 -0.314961,
5.45382 -0.230106 -0.314961, 5.461693 -0.269685 -0.314961,
5.45382 -0.309264 -0.314961, 5.4314 -0.342817 -0.314961,
5.397847 -0.365237 -0.314961, 5.358268 -0.37311 -0.314961,
5.318689 -0.365237 -0.314961, 5.285135 -0.342817 -0.314961,
5.262715 -0.309264 -0.314961, 5.254843 -2.789369 -0.314961,
5.262716 -2.749789 -0.314961, 5.285135 -2.716236 -0.314961,
5.318689 -2.693816 -0.314961, 5.358268 -2.685943 -0.314961,
5.397847 -2.693816 -0.314961, 5.431401 -2.716236 -0.314961,
5.453821 -2.749789 -0.314961, 5.461693 -2.789369 -0.314961,
5.453821 -2.828948 -0.314961, 5.431401 -2.862501 -0.314961,
5.397847 -2.884921 -0.314961, 5.358268 -2.892794 -0.314961,
5.318689 -2.884921 -0.314961, 5.285135 -2.862501 -0.314961,
5.262716 -2.828948 -0.314961, 3.947757 -0.269685 -0.314961,
3.955629 -0.230106 -0.314961, 3.978049 -0.196552 -0.314961,
4.011603 -0.174133 -0.314961, 4.051182 -0.16626 -0.314961,
4.090761 -0.174133 -0.314961, 4.124315 -0.196552 -0.314961,
4.146734 -0.230106 -0.314961, 4.154607 -0.269685 -0.314961,
4.146734 -0.309264 -0.314961, 4.124315 -0.342818 -0.314961,
4.090761 -0.365237 -0.314961, 4.051182 -0.37311 -0.314961,
4.011603 -0.365237 -0.314961, 3.978049 -0.342818 -0.314961,
3.955629 -0.309264 -0.314961, 4.84933 0.025589 -0.314961,
4.857203 0.065168 -0.314961, 4.879623 0.098722 -0.314961,
4.913176 0.121142 -0.314961, 4.952756 0.129015 -0.314961,
4.992335 0.121142 -0.314961, 5.025888 0.098722 -0.314961,
5.048308 0.065168 -0.314961, 5.056181 0.025589 -0.314961,
5.048308 -0.01399 -0.314961, 5.025888 -0.047543 -0.314961,
4.992335 -0.069963 -0.314961, 4.952756 -0.077836 -0.314961,
4.913176 -0.069963 -0.314961, 4.879623 -0.047543 -0.314961,
4.857203 -0.01399 -0.314961, 4.353269 0.02559 -0.314961,
4.361142 0.065169 -0.314961, 4.383562 0.098722 -0.314961,
4.417115 0.121142 -0.314961, 4.456694 0.129015 -0.314961,
4.496274 0.121142 -0.314961, 4.529827 0.098722 -0.314961,
4.552247 0.065169 -0.314961, 4.56012 0.02559 -0.314961,
4.552247 -0.013989 -0.314961, 4.529827 -0.047543 -0.314961,
4.496274 -0.069963 -0.314961, 4.456694 -0.077835 -0.314961,
4.417115 -0.069963 -0.314961, 4.383562 -0.047543 -0.314961,
4.361142 -0.013989 -0.314961, 3.794213 -0.742127 -0.314961,
3.802086 -0.702548 -0.314961, 3.824506 -0.668994 -0.314961,
3.858059 -0.646574 -0.314961, 3.897639 -0.638702 -0.314961,
3.937218 -0.646574 -0.314961, 3.970771 -0.668994 -0.314961,
3.993191 -0.702548 -0.314961, 4.001064 -0.742127 -0.314961,
3.993191 -0.781706 -0.314961, 3.970771 -0.815259 -0.314961,
3.937218 -0.837679 -0.314961, 3.897639 -0.845552 -0.314961,
3.858059 -0.837679 -0.314961, 3.824506 -0.815259 -0.314961,
3.802086 -0.781706 -0.314961, 3.794213 -1.265748 -0.314961,
3.802086 -1.226169 -0.314961, 3.824506 -1.192616 -0.314961,
3.858059 -1.170196 -0.314961, 3.897639 -1.162323 -0.314961,
3.937218 -1.170196 -0.314961, 3.970771 -1.192616 -0.314961,
3.993191 -1.226169 -0.314961, 4.001064 -1.265748 -0.314961,
3.993191 -1.305328 -0.314961, 3.970771 -1.338881 -0.314961,
3.937218 -1.361301 -0.314961, 3.897639 -1.369174 -0.314961,
3.858059 -1.361301 -0.314961, 3.824506 -1.338881 -0.314961,
3.802086 -1.305328 -0.314961, 3.794213 -1.793307 -0.314961,
3.802085 -1.753728 -0.314961, 3.824505 -1.720174 -0.314961,
3.858059 -1.697754 -0.314961, 3.897638 -1.689881 -0.314961,
3.937217 -1.697754 -0.314961, 3.97077 -1.720174 -0.314961,
3.99319 -1.753728 -0.314961, 4.001063 -1.793307 -0.314961,
3.99319 -1.832886 -0.314961, 3.97077 -1.866439 -0.314961,
3.937217 -1.888859 -0.314961, 3.897638 -1.896732 -0.314961,
3.858059 -1.888859 -0.314961, 3.824505 -1.866439 -0.314961,
3.802085 -1.832886 -0.314961, 2.935919 -1.90639 -0.314961,
2.89799 -1.946508 -0.314961, 2.829172 -2.032803 -0.314961,
2.799811 -2.079531 -0.314961, 2.770449 -2.12626 -0.314961,
2.722559 -2.225704 -0.314961, 2.686105 -2.329885 -0.314961,
2.661544 -2.437493 -0.314961, 2.649186 -2.547174 -0.314961,
2.647638 -2.602361 -0.314961, 2.647638 -5.103346 -0.314961,
2.649186 -5.158534 -0.314961, 2.661544 -5.268215 -0.314961,
2.686105 -5.375822 -0.314961, 2.722559 -5.480004 -0.314961,
2.770449 -5.579448 -0.314961, 2.829172 -5.672905 -0.314961,
2.85433 -5.704452 -0.314961, 2.85433 -5.984251 -0.314961,
3.196206 -5.984251 -0.314961, 3.255233 -6.012677 -0.314961,
3.359414 -6.049131 -0.314961, 3.435039 -6.066392 -0.314961,
3.435039 -6.227517 -0.314961, 3.314131 -6.348425 -0.314961,
2.475394 -6.348425 -0.314961, 2.4497 -6.350109 -0.314961,
2.419252 -6.358268 -0.314961, 2.376969 -6.358268 -0.314961,
2.341186 -6.365385 -0.314961, 2.310851 -6.385654 -0.314961,
2.290582 -6.415989 -0.314961, 2.283465 -6.451772 -0.314961,
2.283465 -6.5075 -0.314961, 2.280228 -6.519581 -0.314961,
2.280228 -6.57097 -0.314961, 2.283465 -6.58305 -0.314961,
2.283465 -6.63878 -0.314961, 2.290582 -6.674562 -0.314961,
2.310851 -6.704897 -0.314961, 2.341186 -6.725166 -0.314961,
2.376969 -6.732283 -0.314961, 2.419252 -6.732283 -0.314961,
2.4497 -6.740442 -0.314961, 2.475394 -6.742126 -0.314961,
3.395669 -6.742126 -0.314961, 3.421357 -6.740442 -0.314961,
3.421363 -6.740442 -0.314961, 3.471001 -6.727142 -0.314961,
3.474423 -6.725166 -0.314961, 3.515504 -6.701448 -0.314961,
3.51551 -6.701441 -0.314961, 3.534863 -6.68447 -0.314961,
3.771084 -6.448249 -0.314961, 3.788058 -6.428893 -0.314961,
3.788062 -6.42889 -0.314961, 3.813756 -6.384387 -0.314961,
3.827056 -6.334749 -0.314961, 3.827056 -6.334743 -0.314961,
3.82874 -6.309055 -0.314961, 3.82874 -6.066392 -0.314961,
3.904366 -6.049131 -0.314961, 4.008547 -6.012677 -0.314961,
4.067574 -5.984251 -0.314961, 4.448819 -5.984251 -0.314961,
4.448819 -5.650287 -0.314961, 4.49333 -5.579448 -0.314961,
4.54122 -5.480004 -0.314961, 4.577674 -5.375822 -0.314961,
4.602235 -5.268215 -0.314961, 4.614593 -5.158534 -0.314961,
4.616142 -5.103346 -0.314961, 4.616142 -3.296802 -0.314961,
4.6385 -3.299322 -0.314961, 4.770949 -3.299322 -0.314961,
4.902567 -3.284492 -0.314961, 5.031696 -3.255019 -0.314961,
5.156713 -3.211274 -0.314961, 5.276046 -3.153806 -0.314961,
5.388194 -3.083339 -0.314961, 5.491748 -3.000757 -0.314961,
5.585404 -2.907101 -0.314961, 5.667985 -2.803548 -0.314961,
5.738453 -2.691399 -0.314961, 5.795921 -2.572066 -0.314961,
5.839666 -2.447049 -0.314961, 5.869139 -2.31792 -0.314961,
5.883969 -2.186302 -0.314961, 5.885827 -2.120078 -0.314961,
5.885827 -0.938975 -0.314961, 5.883969 -0.87275 -0.314961,
5.869139 -0.741133 -0.314961, 5.839666 -0.612004 -0.314961,
5.795921 -0.486987 -0.314961, 5.738453 -0.367654 -0.314961,
5.667985 -0.255505 -0.314961, 5.585404 -0.151952 -0.314961,
5.491748 -0.058296 -0.314961, 5.388194 0.024286 -0.314961,
5.276046 0.094753 -0.314961, 5.156713 0.152221 -0.314961,
5.031696 0.195967 -0.314961, 4.902567 0.225439 -0.314961,
4.770949 0.240269 -0.314961, 4.6385 0.240269 -0.314961,
4.506882 0.225439 -0.314961, 4.377753 0.195967 -0.314961,
4.252736 0.152221 -0.314961, 4.133403 0.094753 -0.314961,
4.021254 0.024286 -0.314961, 3.917701 -0.058296 -0.314961,
3.824045 -0.151952 -0.314961, 3.741463 -0.255505 -0.314961,
3.670996 -0.367654 -0.314961, 3.613528 -0.486987 -0.314961,
3.569783 -0.612004 -0.314961, 3.54031 -0.741133 -0.314961,
3.52548 -0.87275 -0.314961, 3.523622 -0.938975 -0.314961,
3.523622 -1.318686 -0.314961, 3.115078 -5.187007 -0.314961,
3.155917 -4.981699 -0.314961, 3.272214 -4.807647 -0.314961,
3.446266 -4.691349 -0.314961, 3.651574 -4.650511 -0.314961,
3.856883 -4.691349 -0.314961, 4.030934 -4.807647 -0.314961,
4.147232 -4.981699 -0.314961, 4.18807 -5.187007 -0.314961,
4.147232 -5.392315 -0.314961, 4.030934 -5.566367 -0.314961,
3.856883 -5.682664 -0.314961, 3.651574 -5.723503 -0.314961,
3.446266 -5.682664 -0.314961, 3.272214 -5.566367 -0.314961,
3.155917 -5.392315 -0.314961, 4.332417 -2.452437 -0.314961,
4.308524 -2.316928 -0.314961, 4.308524 -0.742125 -0.314961,
4.332417 -0.606616 -0.314961, 4.401217 -0.487452 -0.314961,
4.506624 -0.399005 -0.314961, 4.635925 -0.351943 -0.314961,
4.773524 -0.351943 -0.314961, 4.902825 -0.399005 -0.314961,
5.008232 -0.487452 -0.314961, 5.077031 -0.606616 -0.314961,
5.100925 -0.742125 -0.314961, 5.100925 -2.316928 -0.314961,
5.077031 -2.452437 -0.314961, 5.008232 -2.571601 -0.314961,
4.902825 -2.660048 -0.314961, 4.773524 -2.70711 -0.314961,
4.635925 -2.70711 -0.314961, 4.506624 -2.660048 -0.314961,
4.401217 -2.571601 -0.314961, 4.353268 -3.084645 -0.314961,
4.36114 -3.045066 -0.314961, 4.38356 -3.011513 -0.314961,
4.417114 -2.989093 -0.314961, 4.456693 -2.98122 -0.314961,
4.496272 -2.989093 -0.314961, 4.529826 -3.011513 -0.314961,
4.552245 -3.045066 -0.314961, 4.560118 -3.084645 -0.314961,
4.552245 -3.124224 -0.314961, 4.529826 -3.157778 -0.314961,
4.496272 -3.180198 -0.314961, 4.456693 -3.18807 -0.314961,
4.417114 -3.180198 -0.314961, 4.38356 -3.157778 -0.314961,
4.36114 -3.124224 -0.314961, 4.849331 -3.084644 -0.314961,
4.857203 -3.045065 -0.314961, 4.879623 -3.011512 -0.314961,
4.913177 -2.989092 -0.314961, 4.952756 -2.981219 -0.314961,
4.992335 -2.989092 -0.314961, 5.025889 -3.011512 -0.314961,
5.048308 -3.045065 -0.314961, 5.056181 -3.084644 -0.314961,
5.048308 -3.124224 -0.314961, 5.025889 -3.157777 -0.314961,
4.992335 -3.180197 -0.314961, 4.952756 -3.18807 -0.314961,
4.913177 -3.180197 -0.314961, 4.879623 -3.157777 -0.314961,
4.857203 -3.124224 -0.314961, 3.937216 -2.412481 -0.314961,
3.897637 -2.420354 -0.314961, 3.858058 -2.412481 -0.314961,
3.824504 -2.390061 -0.314961, 3.802085 -2.356507 -0.314961,
3.794212 -2.316928 -0.314961, 3.802085 -2.277349 -0.314961,
3.824504 -2.243796 -0.314961, 3.858058 -2.221376 -0.314961,
3.897637 -2.213503 -0.314961, 3.937216 -2.221376 -0.314961,
3.97077 -2.243796 -0.314961, 3.993189 -2.277349 -0.314961,
4.001062 -2.316928 -0.314961, 3.993189 -2.356507 -0.314961,
3.97077 -2.390061 -0.314961, 3.947757 -2.789369 -0.314961,
3.95563 -2.749789 -0.314961, 3.97805 -2.716236 -0.314961,
4.011603 -2.693816 -0.314961, 4.051182 -2.685943 -0.314961,
4.090761 -2.693816 -0.314961, 4.124315 -2.716236 -0.314961,
4.146735 -2.749789 -0.314961, 4.154607 -2.789369 -0.314961,
4.146735 -2.828948 -0.314961, 4.124315 -2.862501 -0.314961,
4.090761 -2.884921 -0.314961, 4.051182 -2.892794 -0.314961,
4.011603 -2.884921 -0.314961, 3.97805 -2.862501 -0.314961,
3.95563 -2.828948 -0.314961, 3.160757 5.906064 -0.314961,
3.074462 5.837246 -0.314961, 2.996415 5.759199 -0.314961,
2.927598 5.672905 -0.314961, 2.868874 5.579448 -0.314961,
2.820985 5.480004 -0.314961, 2.78453 5.375822 -0.314961,
2.759969 5.268215 -0.314961, 2.747611 5.158534 -0.314961,
2.746063 5.103346 -0.314961, 2.746063 3.38189 -0.314961,
2.747611 3.326703 -0.314961, 2.759969 3.217022 -0.314961,
2.78453 3.109414 -0.314961, 2.820985 3.005233 -0.314961,
2.868874 2.905789 -0.314961, 2.898236 2.859061 -0.314961,
2.927597 2.812332 -0.314961, 2.996415 2.726037 -0.314961,
3.034344 2.685919 -0.314961, 3.523622 2.196641 -0.314961,
3.523622 1.81693 -0.314961, 3.52548 1.750705 -0.314961,
3.54031 1.619087 -0.314961, 3.569783 1.489958 -0.314961,
3.613528 1.364941 -0.314961, 3.670996 1.245608 -0.314961,
3.741463 1.133459 -0.314961, 3.824045 1.029906 -0.314961,
3.917701 0.93625 -0.314961, 4.021254 0.853669 -0.314961,
4.133403 0.783201 -0.314961, 4.252736 0.725733 -0.314961,
4.377753 0.681988 -0.314961, 4.506882 0.652515 -0.314961,
4.6385 0.637685 -0.314961, 4.770949 0.637685 -0.314961,
4.902567 0.652515 -0.314961, 5.031696 0.681988 -0.314961,
5.156713 0.725733 -0.314961, 5.276046 0.783201 -0.314961,
5.388194 0.853669 -0.314961, 5.491748 0.93625 -0.314961,
5.585404 1.029906 -0.314961, 5.667985 1.133459 -0.314961,
5.738453 1.245608 -0.314961, 5.795921 1.364941 -0.314961,
5.839666 1.489958 -0.314961, 5.869139 1.619087 -0.314961,
5.883969 1.750705 -0.314961, 5.885827 1.81693 -0.314961,
5.885827 2.998032 -0.314961, 5.883969 3.064257 -0.314961,
5.869139 3.195874 -0.314961, 5.839666 3.325003 -0.314961,
5.795921 3.45002 -0.314961, 5.738453 3.569354 -0.314961,
5.667985 3.681502 -0.314961, 5.585404 3.785056 -0.314961,
5.491748 3.878711 -0.314961, 5.388194 3.961293 -0.314961,
5.276046 4.03176 -0.314961, 5.156713 4.089228 -0.314961,
5.031696 4.132974 -0.314961, 4.902567 4.162446 -0.314961,
4.770949 4.177276 -0.314961, 4.714567 4.177276 -0.314961,
4.714567 5.103346 -0.314961, 4.713019 5.158534 -0.314961,
4.700661 5.268215 -0.314961, 4.6761 5.375822 -0.314961,
4.639645 5.480004 -0.314961, 4.591756 5.579448 -0.314961,
4.533032 5.672905 -0.314961, 4.464215 5.759199 -0.314961,
4.386168 5.837246 -0.314961, 4.299873 5.906064 -0.314961,
4.206416 5.964787 -0.314961, 4.106972 6.012677 -0.314961,
4.002791 6.049131 -0.314961, 3.895183 6.073692 -0.314961,
3.785502 6.08605 -0.314961, 3.675128 6.08605 -0.314961,
3.565446 6.073692 -0.314961, 3.457839 6.049131 -0.314961,
3.353658 6.012677 -0.314961, 3.254214 5.964787 -0.314961,
3.174134 5.182087 -0.314961, 3.214972 5.387395 -0.314961,
3.33127 5.561447 -0.314961, 3.505322 5.677744 -0.314961,
3.71063 5.718583 -0.314961, 3.915938 5.677744 -0.314961,
4.08999 5.561447 -0.314961, 4.206288 5.387395 -0.314961,
4.247126 5.182087 -0.314961, 4.206288 4.976778 -0.314961,
4.08999 4.802727 -0.314961, 3.915938 4.686429 -0.314961,
3.71063 4.645591 -0.314961, 3.505322 4.686429 -0.314961,
3.33127 4.802727 -0.314961, 3.214972 4.976778 -0.314961,
4.001064 3.194883 -0.314961, 3.993191 3.155304 -0.314961,
3.970771 3.12175 -0.314961, 3.937218 3.09933 -0.314961,
3.897639 3.091457 -0.314961, 3.858059 3.09933 -0.314961,
3.824506 3.12175 -0.314961, 3.802086 3.155304 -0.314961,
3.794213 3.194883 -0.314961, 3.802086 3.234462 -0.314961,
3.824506 3.268015 -0.314961, 3.858059 3.290435 -0.314961,
3.897639 3.298308 -0.314961, 3.937218 3.290435 -0.314961,
3.970771 3.268015 -0.314961, 3.993191 3.234462 -0.314961,
4.001063 2.67126 -0.314961, 3.99319 2.631681 -0.314961,
3.97077 2.598128 -0.314961, 3.937217 2.575708 -0.314961,
3.897638 2.567835 -0.314961, 3.858059 2.575708 -0.314961,
3.824505 2.598128 -0.314961, 3.802085 2.631681 -0.314961,
3.794213 2.67126 -0.314961, 3.802085 2.710839 -0.314961,
3.824505 2.744393 -0.314961, 3.858059 2.766813 -0.314961,
3.897638 2.774685 -0.314961, 3.937217 2.766813 -0.314961,
3.97077 2.744393 -0.314961, 3.99319 2.710839 -0.314961,
3.794211 2.143701 -0.314961, 3.802083 2.18328 -0.314961,
3.824503 2.216834 -0.314961, 3.858057 2.239254 -0.314961,
3.897636 2.247126 -0.314961, 3.937215 2.239254 -0.314961,
3.970768 2.216834 -0.314961, 3.993188 2.18328 -0.314961,
4.001061 2.143701 -0.314961, 3.993188 2.104122 -0.314961,
3.970768 2.070569 -0.314961, 3.937215 2.048149 -0.314961,
3.897636 2.040276 -0.314961, 3.858057 2.048149 -0.314961,
3.824503 2.070569 -0.314961, 3.802083 2.104122 -0.314961,
4.154606 3.667322 -0.314961, 4.146734 3.627743 -0.314961,
4.124314 3.59419 -0.314961, 4.09076 3.57177 -0.314961,
4.051181 3.563897 -0.314961, 4.011602 3.57177 -0.314961,
3.978048 3.59419 -0.314961, 3.955629 3.627743 -0.314961,
3.947756 3.667322 -0.314961, 3.955629 3.706902 -0.314961,
3.978048 3.740455 -0.314961, 4.011602 3.762875 -0.314961,
4.051181 3.770748 -0.314961, 4.09076 3.762875 -0.314961,
4.124314 3.740455 -0.314961, 4.146734 3.706902 -0.314961,
3.937217 1.524528 -0.314961, 3.897638 1.516655 -0.314961,
3.858059 1.524528 -0.314961, 3.824505 1.546948 -0.314961,
3.802085 1.580501 -0.314961, 3.794213 1.62008 -0.314961,
3.802085 1.659659 -0.314961, 3.824505 1.693213 -0.314961,
3.858059 1.715633 -0.314961, 3.897638 1.723506 -0.314961,
3.937217 1.715633 -0.314961, 3.97077 1.693213 -0.314961,
3.99319 1.659659 -0.314961, 4.001063 1.62008 -0.314961,
3.99319 1.580501 -0.314961, 3.97077 1.546948 -0.314961,
3.947756 1.147638 -0.314961, 3.955629 1.187217 -0.314961,
3.978048 1.220771 -0.314961, 4.011602 1.243191 -0.314961,
4.051181 1.251063 -0.314961, 4.09076 1.243191 -0.314961,
4.124314 1.220771 -0.314961, 4.146734 1.187217 -0.314961,
4.154606 1.147638 -0.314961, 4.146734 1.108059 -0.314961,
4.124314 1.074506 -0.314961, 4.09076 1.052086 -0.314961,
4.051181 1.044213 -0.314961, 4.011602 1.052086 -0.314961,
3.978048 1.074506 -0.314961, 3.955629 1.108059 -0.314961,
4.849331 3.962598 -0.314961, 4.857203 4.002177 -0.314961,
4.879623 4.035731 -0.314961, 4.913177 4.05815 -0.314961,
4.952756 4.066023 -0.314961, 4.992335 4.05815 -0.314961,
5.025889 4.035731 -0.314961, 5.048308 4.002177 -0.314961,
5.056181 3.962598 -0.314961, 5.048308 3.923019 -0.314961,
5.025889 3.889465 -0.314961, 4.992335 3.867046 -0.314961,
4.952756 3.859173 -0.314961, 4.913177 3.867046 -0.314961,
4.879623 3.889465 -0.314961, 4.857203 3.923019 -0.314961,
4.353267 3.962598 -0.314961, 4.361139 4.002177 -0.314961,
4.383559 4.035731 -0.314961, 4.417113 4.05815 -0.314961,
4.456692 4.066023 -0.314961, 4.496271 4.05815 -0.314961,
4.529824 4.035731 -0.314961, 4.552244 4.002177 -0.314961,
4.560117 3.962598 -0.314961, 4.552244 3.923019 -0.314961,
4.529824 3.889465 -0.314961, 4.496271 3.867046 -0.314961,
4.456692 3.859173 -0.314961, 4.417113 3.867046 -0.314961,
4.383559 3.889465 -0.314961, 4.361139 3.923019 -0.314961,
5.408386 3.194883 -0.314961, 5.416259 3.234462 -0.314961,
5.438678 3.268015 -0.314961, 5.472232 3.290435 -0.314961,
5.511811 3.298308 -0.314961, 5.55139 3.290435 -0.314961,
5.584944 3.268015 -0.314961, 5.607363 3.234462 -0.314961,
5.615236 3.194883 -0.314961, 5.607363 3.155304 -0.314961,
5.584944 3.12175 -0.314961, 5.55139 3.09933 -0.314961,
5.511811 3.091457 -0.314961, 5.472232 3.09933 -0.314961,
5.438678 3.12175 -0.314961, 5.416259 3.155304 -0.314961,
5.408386 2.671263 -0.314961, 5.416259 2.710842 -0.314961,
5.438678 2.744395 -0.314961, 5.472232 2.766815 -0.314961,
5.511811 2.774688 -0.314961, 5.55139 2.766815 -0.314961,
5.584944 2.744395 -0.314961, 5.607363 2.710842 -0.314961,
5.615236 2.671263 -0.314961, 5.607363 2.631683 -0.314961,
5.584944 2.59813 -0.314961, 5.55139 2.57571 -0.314961,
5.511811 2.567837 -0.314961, 5.472232 2.57571 -0.314961,
5.438678 2.59813 -0.314961, 5.416259 2.631683 -0.314961,
5.408386 2.143701 -0.314961, 5.416259 2.18328 -0.314961,
5.438678 2.216834 -0.314961, 5.472232 2.239254 -0.314961,
5.511811 2.247126 -0.314961, 5.55139 2.239254 -0.314961,
5.584944 2.216834 -0.314961, 5.607363 2.18328 -0.314961,
5.615236 2.143701 -0.314961, 5.607363 2.104122 -0.314961,
5.584944 2.070569 -0.314961, 5.55139 2.048149 -0.314961,
5.511811 2.040276 -0.314961, 5.472232 2.048149 -0.314961,
5.438678 2.070569 -0.314961, 5.416259 2.104122 -0.314961,
5.472231 1.524527 -0.314961, 5.438678 1.546947 -0.314961,
5.416258 1.580501 -0.314961, 5.408385 1.62008 -0.314961,
5.416258 1.659659 -0.314961, 5.438678 1.693213 -0.314961,
5.472231 1.715632 -0.314961, 5.51181 1.723505 -0.314961,
5.551389 1.715632 -0.314961, 5.584943 1.693213 -0.314961,
5.607363 1.659659 -0.314961, 5.615235 1.62008 -0.314961,
5.607363 1.580501 -0.314961, 5.584943 1.546947 -0.314961,
5.551389 1.524527 -0.314961, 5.51181 1.516655 -0.314961,
5.254843 3.667323 -0.314961, 5.262715 3.706902 -0.314961,
5.285135 3.740456 -0.314961, 5.318689 3.762876 -0.314961,
5.358268 3.770748 -0.314961, 5.397847 3.762876 -0.314961,
5.4314 3.740456 -0.314961, 5.45382 3.706902 -0.314961,
5.461693 3.667323 -0.314961, 5.45382 3.627744 -0.314961,
5.4314 3.594191 -0.314961, 5.397847 3.571771 -0.314961,
5.358268 3.563898 -0.314961, 5.318689 3.571771 -0.314961,
5.285135 3.594191 -0.314961, 5.262715 3.627744 -0.314961,
5.254842 1.147638 -0.314961, 5.262715 1.187217 -0.314961,
5.285135 1.22077 -0.314961, 5.318688 1.24319 -0.314961,
5.358267 1.251063 -0.314961, 5.397846 1.24319 -0.314961,
5.4314 1.22077 -0.314961, 5.45382 1.187217 -0.314961,
5.461693 1.147638 -0.314961, 5.45382 1.108059 -0.314961,
5.4314 1.074505 -0.314961, 5.397846 1.052085 -0.314961,
5.358267 1.044213 -0.314961, 5.318688 1.052085 -0.314961,
5.285135 1.074505 -0.314961, 5.262715 1.108059 -0.314961,
4.773524 1.229898 -0.314961, 4.635925 1.229898 -0.314961,
4.506624 1.276959 -0.314961, 4.401217 1.365406 -0.314961,
4.332417 1.48457 -0.314961, 4.308524 1.620079 -0.314961,
4.308524 3.194882 -0.314961, 4.332417 3.330391 -0.314961,
4.401217 3.449555 -0.314961, 4.506624 3.538002 -0.314961,
4.635925 3.585064 -0.314961, 4.773524 3.585064 -0.314961,
4.902825 3.538002 -0.314961, 5.008232 3.449555 -0.314961,
5.077031 3.330391 -0.314961, 5.100925 3.194882 -0.314961,
5.100925 1.620079 -0.314961, 5.077031 1.48457 -0.314961,
5.008232 1.365406 -0.314961, 4.902825 1.276959 -0.314961,
4.849331 0.852361 -0.314961, 4.857204 0.89194 -0.314961,
4.879624 0.925494 -0.314961, 4.913177 0.947913 -0.314961,
4.952756 0.955786 -0.314961, 4.992335 0.947913 -0.314961,
5.025889 0.925494 -0.314961, 5.048309 0.89194 -0.314961,
5.056181 0.852361 -0.314961, 5.048309 0.812782 -0.314961,
5.025889 0.779228 -0.314961, 4.992335 0.756809 -0.314961,
4.952756 0.748936 -0.314961, 4.913177 0.756809 -0.314961,
4.879624 0.779228 -0.314961, 4.857204 0.812782 -0.314961,
4.353269 0.852363 -0.314961, 4.361141 0.891942 -0.314961,
4.383561 0.925495 -0.314961, 4.417115 0.947915 -0.314961,
4.456694 0.955788 -0.314961, 4.496273 0.947915 -0.314961,
4.529826 0.925495 -0.314961, 4.552246 0.891942 -0.314961,
4.560119 0.852363 -0.314961, 4.552246 0.812783 -0.314961,
4.529826 0.77923 -0.314961, 4.496273 0.75681 -0.314961,
4.456694 0.748937 -0.314961, 4.417115 0.75681 -0.314961,
4.383561 0.77923 -0.314961, 4.361141 0.812783 -0.314961,
-2.908543 -3.100394 -0.314961, -2.885686 -2.985483 -0.314961,
-2.820595 -2.888067 -0.314961, -2.723178 -2.822975 -0.314961,
-2.608268 -2.800118 -0.314961, -2.493357 -2.822975 -0.314961,
-2.395941 -2.888067 -0.314961, -2.330849 -2.985483 -0.314961,
-2.307992 -3.100394 -0.314961, -2.330849 -3.215304 -0.314961,
-2.395941 -3.312721 -0.314961, -2.493357 -3.377812 -0.314961,
-2.608268 -3.400669 -0.314961, -2.723178 -3.377812 -0.314961,
-2.820595 -3.312721 -0.314961, -2.885686 -3.215304 -0.314961,
1.453097 -5.837246 -0.314961, 1.493215 -5.799318 -0.314961,
1.591641 -5.700893 -0.314961, 1.629569 -5.660774 -0.314961,
1.698387 -5.57448 -0.314961, 1.740534 -5.507403 -0.314961,
1.75711 -5.481022 -0.314961, 1.805 -5.381578 -0.314961,
1.818659 -5.342541 -0.314961, 1.841454 -5.277398 -0.314961,
1.84941 -5.242541 -0.314961, 1.866015 -5.16979 -0.314961,
1.878373 -5.060109 -0.314961, 1.879921 -5.004921 -0.314961,
1.879921 5.103346 -0.314961, 1.878373 5.158534 -0.314961,
1.866015 5.268215 -0.314961, 1.841454 5.375822 -0.314961,
1.805 5.480004 -0.314961, 1.75711 5.579448 -0.314961,
1.698387 5.672905 -0.314961, 1.673228 5.704452 -0.314961,
1.673228 5.979331 -0.314961, 1.34157 5.979331 -0.314961,
1.272326 6.012677 -0.314961, 1.168145 6.049131 -0.314961,
1.060538 6.073692 -0.314961, 0.950857 6.08605 -0.314961,
0.840482 6.08605 -0.314961, 0.730801 6.073692 -0.314961,
0.623193 6.049131 -0.314961, 0.519012 6.012677 -0.314961,
0.449769 5.979331 -0.314961, 0.07874 5.979331 -0.314961,
0.07874 5.650287 -0.314961, 0.034229 5.579448 -0.314961,
-0.013661 5.480004 -0.314961, -0.050115 5.375822 -0.314961,
-0.074676 5.268215 -0.314961, -0.087034 5.158534 -0.314961,
-0.088583 5.103346 -0.314961, -0.088583 -3.939131 -0.314961,
-1.16494 -2.862774 -0.314961, -1.184293 -2.845802 -0.314961,
-1.184299 -2.845796 -0.314961, -1.228802 -2.820102 -0.314961,
-1.27844 -2.806802 -0.314961, -1.278446 -2.806802 -0.314961,
-1.304134 -2.805118 -0.314961, -2.09797 -2.805118 -0.314961,
-2.10474 -2.791831 -0.314961, -2.159209 -2.716861 -0.314961,
-2.224735 -2.651335 -0.314961, -2.299706 -2.596866 -0.314961,
-2.382274 -2.554796 -0.314961, -2.470406 -2.526159 -0.314961,
-2.561933 -2.511663 -0.314961, -2.654602 -2.511663 -0.314961,
-2.746129 -2.526159 -0.314961, -2.834262 -2.554796 -0.314961,
-2.91683 -2.596866 -0.314961, -2.9918 -2.651335 -0.314961,
-3.057326 -2.716861 -0.314961, -3.111795 -2.791831 -0.314961,
-3.153866 -2.8744 -0.314961, -3.182502 -2.962532 -0.314961,
-3.196998 -3.054059 -0.314961, -3.196998 -3.146728 -0.314961,
-3.182502 -3.238255 -0.314961, -3.153866 -3.326388 -0.314961,
-3.111795 -3.408956 -0.314961, -3.057326 -3.483926 -0.314961,
-2.9918 -3.549452 -0.314961, -2.91683 -3.603921 -0.314961,
-2.834262 -3.645992 -0.314961, -2.746129 -3.674628 -0.314961,
-2.654602 -3.689124 -0.314961, -2.561933 -3.689124 -0.314961,
-2.470406 -3.674628 -0.314961, -2.382274 -3.645992 -0.314961,
-2.299706 -3.603921 -0.314961, -2.224735 -3.549452 -0.314961,
-2.159209 -3.483926 -0.314961, -2.10474 -3.408956 -0.314961,
-2.06267 -3.326388 -0.314961, -2.034033 -3.238255 -0.314961,
-2.027787 -3.198819 -0.314961, -1.385672 -3.198819 -0.314961,
-0.088583 -4.495908 -0.314961, -0.088583 -4.677884 -0.314961,
-0.112086 -4.72669 -0.314961, -0.148541 -4.83087 -0.314961,
-0.165802 -4.906496 -0.314961, -0.674213 -4.906496 -0.314961,
-0.699901 -4.90818 -0.314961, -0.699907 -4.90818 -0.314961,
-0.739055 -4.918669 -0.314961, -0.749544 -4.92148 -0.314961,
-0.794048 -4.947174 -0.314961, -0.794051 -4.947177 -0.314961,
-0.813407 -4.964152 -0.314961, -1.803979 -5.954724 -0.314961,
-3.198819 -5.954724 -0.314961, -3.224507 -5.956408 -0.314961,
-3.224513 -5.956408 -0.314961, -3.27415 -5.969709 -0.314961,
-3.318654 -5.995403 -0.314961, -3.318657 -5.995406 -0.314961,
-3.338013 -6.012381 -0.314961, -4.028198 -6.702566 -0.314961,
-4.055502 -6.688654 -0.314961, -4.143635 -6.660018 -0.314961,
-4.235162 -6.645521 -0.314961, -4.32783 -6.645521 -0.314961,
-4.419357 -6.660018 -0.314961, -4.50749 -6.688654 -0.314961,
-4.590058 -6.730724 -0.314961, -4.665028 -6.785193 -0.314961,
-4.730555 -6.85072 -0.314961, -4.785024 -6.92569 -0.314961,
-4.827094 -7.008258 -0.314961, -4.85573 -7.096391 -0.314961,
-4.870227 -7.187918 -0.314961, -4.870227 -7.280586 -0.314961,
-4.85573 -7.372113 -0.314961, -4.827094 -7.460246 -0.314961,
-4.785024 -7.542814 -0.314961, -4.730555 -7.617784 -0.314961,
-4.665028 -7.683311 -0.314961, -4.590058 -7.73778 -0.314961,
-4.50749 -7.77985 -0.314961, -4.419357 -7.808486 -0.314961,
-4.32783 -7.822983 -0.314961, -4.235162 -7.822983 -0.314961,
-4.143635 -7.808486 -0.314961, -4.055502 -7.77985 -0.314961,
-3.972934 -7.73778 -0.314961, -3.897964 -7.683311 -0.314961,
-3.832437 -7.617784 -0.314961, -3.777969 -7.542814 -0.314961,
-3.735898 -7.460246 -0.314961, -3.707262 -7.372113 -0.314961,
-3.692765 -7.280586 -0.314961, -3.692765 -7.187918 -0.314961,
-3.707262 -7.096391 -0.314961, -3.735898 -7.008258 -0.314961,
-3.74981 -6.980954 -0.314961, -3.117281 -6.348425 -0.314961,
-1.722441 -6.348425 -0.314961, -1.696753 -6.346741 -0.314961,
-1.696747 -6.346741 -0.314961, -1.647109 -6.333441 -0.314961,
-1.602606 -6.307747 -0.314961, -1.6026 -6.307741 -0.314961,
-1.583247 -6.290769 -0.314961, -0.592674 -5.300197 -0.314961,
-0.165802 -5.300197 -0.314961, -0.148541 -5.375822 -0.314961,
-0.112086 -5.480003 -0.314961, -0.064196 -5.579448 -0.314961,
-0.005474 -5.672905 -0.314961, 0.063344 -5.7592 -0.314961,
0.141391 -5.837246 -0.314961, 0.227686 -5.906064 -0.314961,
0.321143 -5.964787 -0.314961, 0.420587 -6.012677 -0.314961,
0.524768 -6.049131 -0.314961, 0.632376 -6.073692 -0.314961,
0.742057 -6.08605 -0.314961, 0.852431 -6.08605 -0.314961,
0.962113 -6.073692 -0.314961, 1.06972 -6.049131 -0.314961,
1.173901 -6.012677 -0.314961, 1.273345 -5.964787 -0.314961,
1.366802 -5.906064 -0.314961, 1.41248 5.182087 -0.314961,
1.371642 4.976778 -0.314961, 1.255344 4.802727 -0.314961,
1.081292 4.686429 -0.314961, 0.875984 4.645591 -0.314961,
0.670676 4.686429 -0.314961, 0.496624 4.802727 -0.314961,
0.380327 4.976778 -0.314961, 0.339488 5.182087 -0.314961,
0.380327 5.387395 -0.314961, 0.496624 5.561447 -0.314961,
0.670676 5.677744 -0.314961, 0.875984 5.718583 -0.314961,
1.081292 5.677744 -0.314961, 1.255344 5.561447 -0.314961,
1.371642 5.387395 -0.314961, 0.321271 -4.981699 -0.314961,
0.437569 -4.807647 -0.314961, 0.611621 -4.691349 -0.314961,
0.816929 -4.650511 -0.314961, 1.022237 -4.691349 -0.314961,
1.196289 -4.807647 -0.314961, 1.312586 -4.981699 -0.314961,
1.353425 -5.187007 -0.314961, 1.312586 -5.392315 -0.314961,
1.196289 -5.566367 -0.314961, 1.022237 -5.682664 -0.314961,
0.816929 -5.723503 -0.314961, 0.611621 -5.682664 -0.314961,
0.437569 -5.566367 -0.314961, 0.321271 -5.392315 -0.314961,
0.280433 -5.187007 -0.314961, -4.581772 -7.234252 -0.314961,
-4.558915 -7.119341 -0.314961, -4.493823 -7.021925 -0.314961,
-4.396407 -6.956833 -0.314961, -4.281496 -6.933976 -0.314961,
-4.166586 -6.956833 -0.314961, -4.069169 -7.021925 -0.314961,
-4.004078 -7.119341 -0.314961, -3.98122 -7.234252 -0.314961,
-4.004078 -7.349162 -0.314961, -4.069169 -7.446579 -0.314961,
-4.166586 -7.51167 -0.314961, -4.281496 -7.534528 -0.314961,
-4.396407 -7.51167 -0.314961, -4.493823 -7.446579 -0.314961,
-4.558915 -7.349162 -0.314961, 4.48758 -7.204033 -0.314961,
4.438557 -7.271507 -0.314961, 4.400694 -7.345818 -0.314961,
4.374922 -7.425137 -0.314961, 4.361875 -7.507512 -0.314961,
4.361875 -7.590913 -0.314961, 4.374922 -7.673288 -0.314961,
4.400694 -7.752607 -0.314961, 4.438557 -7.826919 -0.314961,
4.48758 -7.894392 -0.314961, 4.546553 -7.953365 -0.314961,
4.614026 -8.002387 -0.314961, 4.688337 -8.040251 -0.314961,
4.767657 -8.066023 -0.314961, 4.850031 -8.07907 -0.314961,
4.933433 -8.07907 -0.314961, 5.015807 -8.066023 -0.314961,
5.095127 -8.040251 -0.314961, 5.169438 -8.002387 -0.314961,
5.236911 -7.953365 -0.314961, 5.295885 -7.894392 -0.314961,
5.344907 -7.826919 -0.314961, 5.38277 -7.752607 -0.314961,
5.408543 -7.673288 -0.314961, 5.42159 -7.590913 -0.314961,
5.42159 -7.507512 -0.314961, 5.408543 -7.425137 -0.314961,
5.38277 -7.345818 -0.314961, 5.344907 -7.271507 -0.314961,
5.295885 -7.204033 -0.314961, 5.236911 -7.14506 -0.314961,
5.169438 -7.096038 -0.314961, 5.095127 -7.058174 -0.314961,
5.015807 -7.032402 -0.314961, 4.933433 -7.019355 -0.314961,
4.850031 -7.019355 -0.314961, 4.767657 -7.032402 -0.314961,
4.688337 -7.058174 -0.314961, 4.614026 -7.096038 -0.314961,
4.546553 -7.14506 -0.314961, 4.532402 -7.549213 -0.314961,
4.559754 -7.411703 -0.314961, 4.637647 -7.295127 -0.314961,
4.754222 -7.217234 -0.314961, 4.891732 -7.189882 -0.314961,
5.029242 -7.217234 -0.314961, 5.145817 -7.295127 -0.314961,
5.223711 -7.411703 -0.314961, 5.251063 -7.549213 -0.314961,
5.223711 -7.686723 -0.314961, 5.145817 -7.803298 -0.314961,
5.029242 -7.881191 -0.314961, 4.891732 -7.908543 -0.314961,
4.754222 -7.881191 -0.314961, 4.637647 -7.803298 -0.314961,
4.559754 -7.686723 -0.314961, -0.827381 -7.204032 -0.314961,
-0.876404 -7.271506 -0.314961, -0.914267 -7.345817 -0.314961,
-0.940039 -7.425136 -0.314961, -0.953086 -7.507511 -0.314961,
-0.953086 -7.590912 -0.314961, -0.940039 -7.673287 -0.314961,
-0.914267 -7.752606 -0.314961, -0.876404 -7.826917 -0.314961,
-0.827381 -7.894391 -0.314961, -0.768408 -7.953364 -0.314961,
-0.700935 -8.002386 -0.314961, -0.626624 -8.04025 -0.314961,
-0.547304 -8.066022 -0.314961, -0.46493 -8.079069 -0.314961,
-0.381528 -8.079069 -0.314961, -0.299154 -8.066022 -0.314961,
-0.219834 -8.04025 -0.314961, -0.145523 -8.002386 -0.314961,
-0.07805 -7.953364 -0.314961, -0.019076 -7.894391 -0.314961,
0.029946 -7.826917 -0.314961, 0.067809 -7.752606 -0.314961,
0.093582 -7.673287 -0.314961, 0.106629 -7.590912 -0.314961,
0.106629 -7.507511 -0.314961, 0.093582 -7.425136 -0.314961,
0.067809 -7.345817 -0.314961, 0.029946 -7.271506 -0.314961,
-0.019076 -7.204032 -0.314961, -0.07805 -7.145059 -0.314961,
-0.145523 -7.096037 -0.314961, -0.219834 -7.058173 -0.314961,
-0.299154 -7.032401 -0.314961, -0.381528 -7.019354 -0.314961,
-0.46493 -7.019354 -0.314961, -0.547304 -7.032401 -0.314961,
-0.626624 -7.058173 -0.314961, -0.700935 -7.096037 -0.314961,
-0.768408 -7.145059 -0.314961, -0.782559 -7.549211 -0.314961,
-0.755207 -7.411702 -0.314961, -0.677314 -7.295126 -0.314961,
-0.560739 -7.217233 -0.314961, -0.423229 -7.189881 -0.314961,
-0.285719 -7.217233 -0.314961, -0.169144 -7.295126 -0.314961,
-0.09125 -7.411702 -0.314961, -0.063898 -7.549211 -0.314961,
-0.09125 -7.686721 -0.314961, -0.169144 -7.803297 -0.314961,
-0.285719 -7.88119 -0.314961, -0.423229 -7.908542 -0.314961,
-0.560739 -7.88119 -0.314961, -0.677314 -7.803297 -0.314961,
-0.755207 -7.686721 -0.314961, -2.91683 -6.730724 -0.314961,
-2.9918 -6.785193 -0.314961, -3.057326 -6.85072 -0.314961,
-3.111795 -6.92569 -0.314961, -3.153866 -7.008258 -0.314961,
-3.182502 -7.096391 -0.314961, -3.196998 -7.187918 -0.314961,
-3.196998 -7.280586 -0.314961, -3.182502 -7.372113 -0.314961,
-3.153866 -7.460246 -0.314961, -3.111795 -7.542814 -0.314961,
-3.057326 -7.617784 -0.314961, -2.9918 -7.683311 -0.314961,
-2.91683 -7.73778 -0.314961, -2.834262 -7.77985 -0.314961,
-2.746129 -7.808486 -0.314961, -2.654602 -7.822983 -0.314961,
-2.561933 -7.822983 -0.314961, -2.470406 -7.808486 -0.314961,
-2.382274 -7.77985 -0.314961, -2.299706 -7.73778 -0.314961,
-2.224735 -7.683311 -0.314961, -2.159209 -7.617784 -0.314961,
-2.10474 -7.542814 -0.314961, -2.06267 -7.460246 -0.314961,
-2.0532 -7.431102 -0.314961, -1.722441 -7.431102 -0.314961,
-1.696753 -7.429419 -0.314961, -1.696747 -7.429419 -0.314961,
-1.647109 -7.416118 -0.314961, -1.602606 -7.390424 -0.314961,
-1.6026 -7.390418 -0.314961, -1.583247 -7.373446 -0.314961,
-0.853502 -6.643701 -0.314961, 1.43885 -6.643701 -0.314961,
1.449673 -6.655642 -0.314961, 1.548098 -6.754067 -0.314961,
1.569569 -6.773527 -0.314961, 1.617698 -6.805685 -0.314961,
1.671176 -6.827837 -0.314961, 1.727948 -6.839129 -0.314961,
1.785832 -6.839129 -0.314961, 1.842604 -6.827837 -0.314961,
1.896081 -6.805685 -0.314961, 1.944211 -6.773527 -0.314961,
1.985141 -6.732596 -0.314961, 2.0173 -6.684467 -0.314961,
2.039451 -6.630989 -0.314961, 2.050743 -6.574218 -0.314961,
2.050743 -6.516333 -0.314961, 2.039451 -6.459561 -0.314961,
2.0173 -6.406084 -0.314961, 1.985141 -6.357955 -0.314961,
1.965681 -6.336484 -0.314961, 1.867256 -6.238059 -0.314961,
1.845785 -6.218599 -0.314961, 1.797656 -6.186441 -0.314961,
1.744178 -6.164289 -0.314961, 1.687407 -6.152996 -0.314961,
1.629522 -6.152996 -0.314961, 1.572751 -6.164289 -0.314961,
1.519273 -6.186441 -0.314961, 1.471144 -6.218599 -0.314961,
1.439743 -6.25 -0.314961, -0.935039 -6.25 -0.314961,
-0.960728 -6.251684 -0.314961, -0.960733 -6.251684 -0.314961,
-1.010371 -6.264984 -0.314961, -1.054874 -6.290678 -0.314961,
-1.054878 -6.290681 -0.314961, -1.074233 -6.307656 -0.314961,
-1.803979 -7.037402 -0.314961, -2.0532 -7.037402 -0.314961,
-2.06267 -7.008258 -0.314961, -2.10474 -6.92569 -0.314961,
-2.159209 -6.85072 -0.314961, -2.224735 -6.785193 -0.314961,
-2.299706 -6.730724 -0.314961, -2.382274 -6.688654 -0.314961,
-2.470406 -6.660018 -0.314961, -2.561933 -6.645521 -0.314961,
-2.654602 -6.645521 -0.314961, -2.746129 -6.660018 -0.314961,
-2.834262 -6.688654 -0.314961, -2.908543 -7.234252 -0.314961,
-2.885686 -7.119341 -0.314961, -2.820595 -7.021925 -0.314961,
-2.723178 -6.956833 -0.314961, -2.608268 -6.933976 -0.314961,
-2.493357 -6.956833 -0.314961, -2.395941 -7.021925 -0.314961,
-2.330849 -7.119341 -0.314961, -2.307992 -7.234252 -0.314961,
-2.330849 -7.349162 -0.314961, -2.395941 -7.446579 -0.314961,
-2.493357 -7.51167 -0.314961, -2.608268 -7.534528 -0.314961,
-2.723178 -7.51167 -0.314961, -2.820595 -7.446579 -0.314961,
-2.885686 -7.349162 -0.314961, -0.768326 7.88947 -0.314961,
-0.817348 7.821997 -0.314961, -0.855211 7.747686 -0.314961,
-0.880984 7.668367 -0.314961, -0.894031 7.585992 -0.314961,
-0.894031 7.502591 -0.314961, -0.880984 7.420216 -0.314961,
-0.855211 7.340896 -0.314961, -0.817348 7.266585 -0.314961,
-0.768326 7.199112 -0.314961, -0.709352 7.140139 -0.314961,
-0.641879 7.091117 -0.314961, -0.567568 7.053253 -0.314961,
-0.488248 7.027481 -0.314961, -0.405874 7.014434 -0.314961,
-0.322472 7.014434 -0.314961, -0.240098 7.027481 -0.314961,
-0.160778 7.053253 -0.314961, -0.086467 7.091117 -0.314961,
-0.018994 7.140139 -0.314961, 0.03998 7.199112 -0.314961,
0.089002 7.266585 -0.314961, 0.126865 7.340896 -0.314961,
0.152637 7.420216 -0.314961, 0.165684 7.502591 -0.314961,
0.165684 7.585992 -0.314961, 0.152637 7.668367 -0.314961,
0.126865 7.747686 -0.314961, 0.089002 7.821997 -0.314961,
0.03998 7.88947 -0.314961, -0.018994 7.948444 -0.314961,
-0.086467 7.997466 -0.314961, -0.160778 8.03533 -0.314961,
-0.240098 8.061102 -0.314961, -0.322472 8.074149 -0.314961,
-0.405874 8.074149 -0.314961, -0.488248 8.061102 -0.314961,
-0.567568 8.03533 -0.314961, -0.641879 7.997466 -0.314961,
-0.709352 7.948444 -0.314961, -0.723504 7.544291 -0.314961,
-0.696152 7.681801 -0.314961, -0.618258 7.798377 -0.314961,
-0.501683 7.87627 -0.314961, -0.364173 7.903622 -0.314961,
-0.226663 7.87627 -0.314961, -0.110088 7.798377 -0.314961,
-0.032195 7.681801 -0.314961, -0.004843 7.544291 -0.314961,
-0.032195 7.406781 -0.314961, -0.110088 7.290206 -0.314961,
-0.226663 7.212313 -0.314961, -0.364173 7.184961 -0.314961,
-0.501683 7.212313 -0.314961, -0.618258 7.290206 -0.314961,
-0.696152 7.406781 -0.314961, 4.546635 7.88947 -0.314961,
4.497613 7.821997 -0.314961, 4.459749 7.747686 -0.314961,
4.433977 7.668367 -0.314961, 4.42093 7.585992 -0.314961,
4.42093 7.502591 -0.314961, 4.433977 7.420216 -0.314961,
4.459749 7.340896 -0.314961, 4.497613 7.266585 -0.314961,
4.546635 7.199112 -0.314961, 4.605608 7.140139 -0.314961,
4.673081 7.091117 -0.314961, 4.747393 7.053253 -0.314961,
4.826712 7.027481 -0.314961, 4.909087 7.014434 -0.314961,
4.992488 7.014434 -0.314961, 5.074863 7.027481 -0.314961,
5.154182 7.053253 -0.314961, 5.228493 7.091117 -0.314961,
5.295967 7.140139 -0.314961, 5.35494 7.199112 -0.314961,
5.403962 7.266585 -0.314961, 5.441826 7.340896 -0.314961,
5.467598 7.420216 -0.314961, 5.480645 7.502591 -0.314961,
5.480645 7.585992 -0.314961, 5.467598 7.668367 -0.314961,
5.441826 7.747686 -0.314961, 5.403962 7.821997 -0.314961,
5.35494 7.88947 -0.314961, 5.295967 7.948444 -0.314961,
5.228493 7.997466 -0.314961, 5.154182 8.03533 -0.314961,
5.074863 8.061102 -0.314961, 4.992488 8.074149 -0.314961,
4.909087 8.074149 -0.314961, 4.826712 8.061102 -0.314961,
4.747393 8.03533 -0.314961, 4.673081 7.997466 -0.314961,
4.605608 7.948444 -0.314961, 4.591457 7.544291 -0.314961,
4.618809 7.681801 -0.314961, 4.696702 7.798377 -0.314961,
4.813277 7.87627 -0.314961, 4.950787 7.903622 -0.314961,
5.088297 7.87627 -0.314961, 5.204873 7.798377 -0.314961,
5.282766 7.681801 -0.314961, 5.310118 7.544291 -0.314961,
5.282766 7.406781 -0.314961, 5.204873 7.290206 -0.314961,
5.088297 7.212313 -0.314961, 4.950787 7.184961 -0.314961,
4.813277 7.212313 -0.314961, 4.696702 7.290206 -0.314961,
4.618809 7.406781 -0.314961, -2.91683 -4.56537 -0.314961,
-2.9918 -4.619839 -0.314961, -3.057326 -4.685365 -0.314961,
-3.111795 -4.760335 -0.314961, -3.153866 -4.842904 -0.314961,
-3.182502 -4.931036 -0.314961, -3.196998 -5.022563 -0.314961,
-3.196998 -5.115232 -0.314961, -3.182502 -5.206759 -0.314961,
-3.153866 -5.294892 -0.314961, -3.111795 -5.37746 -0.314961,
-3.057326 -5.45243 -0.314961, -2.9918 -5.517956 -0.314961,
-2.91683 -5.572425 -0.314961, -2.834262 -5.614496 -0.314961,
-2.746129 -5.643132 -0.314961, -2.654602 -5.657628 -0.314961,
-2.561933 -5.657628 -0.314961, -2.470406 -5.643132 -0.314961,
-2.382274 -5.614496 -0.314961, -2.299706 -5.572425 -0.314961,
-2.224735 -5.517956 -0.314961, -2.159209 -5.45243 -0.314961,
-2.10474 -5.37746 -0.314961, -2.06267 -5.294892 -0.314961,
-2.034033 -5.206759 -0.314961, -2.019537 -5.115232 -0.314961,
-2.019537 -5.022563 -0.314961, -2.034033 -4.931036 -0.314961,
-2.06267 -4.842904 -0.314961, -2.10474 -4.760335 -0.314961,
-2.159209 -4.685365 -0.314961, -2.224735 -4.619839 -0.314961,
-2.299706 -4.56537 -0.314961, -2.382274 -4.5233 -0.314961,
-2.470406 -4.494663 -0.314961, -2.561933 -4.480167 -0.314961,
-2.654602 -4.480167 -0.314961, -2.746129 -4.494663 -0.314961,
-2.834262 -4.5233 -0.314961, -2.908543 -5.068898 -0.314961,
-2.885686 -4.953987 -0.314961, -2.820595 -4.856571 -0.314961,
-2.723178 -4.791479 -0.314961, -2.608268 -4.768622 -0.314961,
-2.493357 -4.791479 -0.314961, -2.395941 -4.856571 -0.314961,
-2.330849 -4.953987 -0.314961, -2.307992 -5.068898 -0.314961,
-2.330849 -5.183808 -0.314961, -2.395941 -5.281225 -0.314961,
-2.493357 -5.346316 -0.314961, -2.608268 -5.369173 -0.314961,
-2.723178 -5.346316 -0.314961, -2.820595 -5.281225 -0.314961,
-2.885686 -5.183808 -0.314961, -4.590058 -4.56537 -0.314961,
-4.665028 -4.619839 -0.314961, -4.730555 -4.685365 -0.314961,
-4.785024 -4.760335 -0.314961, -4.827094 -4.842904 -0.314961,
-4.85573 -4.931036 -0.314961, -4.870227 -5.022563 -0.314961,
-4.870227 -5.115232 -0.314961, -4.85573 -5.206759 -0.314961,
-4.827094 -5.294892 -0.314961, -4.785024 -5.37746 -0.314961,
-4.730555 -5.45243 -0.314961, -4.665028 -5.517956 -0.314961,
-4.590058 -5.572425 -0.314961, -4.50749 -5.614496 -0.314961,
-4.419357 -5.643132 -0.314961, -4.32783 -5.657628 -0.314961,
-4.235162 -5.657628 -0.314961, -4.143635 -5.643132 -0.314961,
-4.055502 -5.614496 -0.314961, -3.972934 -5.572425 -0.314961,
-3.897964 -5.517956 -0.314961, -3.832437 -5.45243 -0.314961,
-3.777969 -5.37746 -0.314961, -3.735898 -5.294892 -0.314961,
-3.707262 -5.206759 -0.314961, -3.692765 -5.115232 -0.314961,
-3.692765 -5.022563 -0.314961, -3.707262 -4.931036 -0.314961,
-3.735898 -4.842904 -0.314961, -3.777969 -4.760335 -0.314961,
-3.832437 -4.685365 -0.314961, -3.897964 -4.619839 -0.314961,
-3.972934 -4.56537 -0.314961, -4.055502 -4.5233 -0.314961,
-4.143635 -4.494663 -0.314961, -4.235162 -4.480167 -0.314961,
-4.32783 -4.480167 -0.314961, -4.419357 -4.494663 -0.314961,
-4.50749 -4.5233 -0.314961, -4.581772 -5.068898 -0.314961,
-4.558915 -4.953987 -0.314961, -4.493823 -4.856571 -0.314961,
-4.396407 -4.791479 -0.314961, -4.281496 -4.768622 -0.314961,
-4.166586 -4.791479 -0.314961, -4.069169 -4.856571 -0.314961,
-4.004078 -4.953987 -0.314961, -3.98122 -5.068898 -0.314961,
-4.004078 -5.183808 -0.314961, -4.069169 -5.281225 -0.314961,
-4.166586 -5.346316 -0.314961, -4.281496 -5.369173 -0.314961,
-4.396407 -5.346316 -0.314961, -4.493823 -5.281225 -0.314961,
-4.558915 -5.183808 -0.314961
              ]
            }
            coordIndex [
23, 22, 16, -1, 16, 22, 17, -1, 17, 22, 20, -1, 20, 22, 21, -1,
80, 79, 75, -1, 75, 79, 76, -1, 76, 79, 77, -1, 77, 79, 78, -1,
20, 19, 17, -1, 17, 19, 18, -1, 206, 150, 28, -1, 206, 28, 207, -1,
207, 28, 27, -1, 207, 27, 13, -1, 13, 26, 14, -1, 14, 26, 25, -1,
14, 25, 15, -1, 15, 25, 24, -1, 15, 24, 16, -1, 8, 7, 211, -1,
211, 7, 212, -1, 214, 7, 215, -1, 217, 7, 218, -1, 218, 7, 219, -1,
219, 7, 2, -1, 2, 7, 3, -1, 3, 7, 6, -1, 5, 4, 6, -1,
6, 4, 3, -1, 166, 165, 164, -1, 166, 164, 167, -1, 167, 164, 163, -1,
167, 163, 168, -1, 168, 163, 162, -1, 168, 162, 169, -1, 169, 162, 161, -1,
169, 161, 170, -1, 170, 161, 160, -1, 170, 160, 171, -1, 171, 160, 159, -1,
171, 159, 172, -1, 172, 159, 158, -1, 172, 158, 173, -1, 173, 158, 105, -1,
173, 105, 174, -1, 174, 105, 136, -1, 174, 136, 175, -1, 175, 136, 135, -1,
175, 135, 176, -1, 176, 135, 134, -1, 176, 134, 177, -1, 177, 134, 133, -1,
177, 133, 178, -1, 178, 133, 132, -1, 178, 132, 179, -1, 179, 132, 131, -1,
179, 131, 180, -1, 180, 131, 165, -1, 131, 130, 165, -1, 165, 130, 137, -1,
137, 130, 138, -1, 138, 130, 129, -1, 126, 595, 127, -1, 127, 595, 594, -1,
128, 594, 582, -1, 128, 582, 129, -1, 129, 582, 573, -1, 129, 573, 138, -1,
138, 572, 139, -1, 139, 572, 571, -1, 140, 571, 31, -1, 140, 31, 141, -1,
141, 31, 142, -1, 90, 89, 88, -1, 90, 88, 91, -1, 91, 88, 87, -1,
91, 87, 92, -1, 92, 87, 86, -1, 92, 86, 93, -1, 93, 86, 85, -1,
93, 85, 94, -1, 94, 85, 84, -1, 94, 84, 95, -1, 95, 84, 83, -1,
95, 83, 96, -1, 96, 83, 82, -1, 96, 82, 97, -1, 97, 82, 231, -1,
97, 231, 230, -1, 0, 88, 89, -1, 0, 89, 221, -1, 221, 89, 104, -1,
221, 104, 222, -1, 222, 104, 103, -1, 222, 103, 223, -1, 223, 103, 224, -1,
623, 622, 189, -1, 623, 189, 624, -1, 624, 189, 188, -1, 624, 188, 625, -1,
625, 188, 356, -1, 625, 356, 626, -1, 626, 356, 627, -1, 190, 189, 556, -1,
525, 189, 620, -1, 621, 189, 622, -1, 191, 190, 551, -1, 552, 190, 553, -1,
553, 190, 554, -1, 555, 190, 556, -1, 192, 191, 547, -1, 548, 191, 549, -1,
550, 191, 551, -1, 193, 547, 194, -1, 194, 547, 195, -1, 195, 547, 156, -1,
156, 547, 546, -1, 107, 106, 537, -1, 537, 106, 546, -1, 546, 106, 156, -1,
156, 106, 157, -1, 157, 106, 158, -1, 158, 106, 105, -1, 525, 620, 526, -1,
527, 620, 528, -1, 529, 620, 619, -1, 529, 619, 530, -1, 530, 619, 531, -1,
532, 619, 618, -1, 532, 617, 533, -1, 534, 617, 535, -1, 536, 617, 616, -1,
537, 536, 107, -1, 107, 536, 614, -1, 614, 536, 615, -1, 579, 577, 576, -1,
579, 576, 580, -1, 580, 576, 575, -1, 580, 575, 581, -1, 581, 575, 574, -1,
581, 574, 582, -1, 582, 574, 573, -1, 583, 582, 591, -1, 592, 582, 593, -1,
593, 582, 594, -1, 584, 583, 589, -1, 590, 583, 591, -1, 557, 585, 587, -1,
587, 585, 588, -1, 588, 585, 589, -1, 664, 663, 329, -1, 664, 329, 586, -1,
586, 329, 328, -1, 586, 328, 587, -1, 587, 328, 327, -1, 587, 327, 557, -1,
469, 468, 470, -1, 470, 468, 471, -1, 471, 468, 466, -1, 466, 468, 467, -1,
472, 471, 463, -1, 463, 471, 464, -1, 464, 471, 465, -1, 465, 471, 466, -1,
473, 472, 447, -1, 448, 472, 449, -1, 450, 472, 451, -1, 452, 472, 453, -1,
454, 472, 455, -1, 455, 472, 456, -1, 457, 472, 458, -1, 458, 472, 459, -1,
459, 472, 460, -1, 460, 472, 461, -1, 461, 472, 462, -1, 462, 472, 463, -1,
473, 447, 474, -1, 474, 447, 475, -1, 475, 447, 427, -1, 427, 447, 428, -1,
428, 447, 429, -1, 429, 447, 430, -1, 430, 447, 446, -1, 430, 446, 445, -1,
430, 445, 431, -1, 431, 445, 444, -1, 431, 444, 432, -1, 432, 444, 433, -1,
435, 444, 436, -1, 436, 444, 443, -1, 438, 437, 442, -1, 442, 437, 443, -1,
443, 437, 436, -1, 440, 439, 441, -1, 441, 439, 442, -1, 442, 439, 438, -1,
65, 64, 63, -1, 65, 63, 66, -1, 66, 63, 62, -1, 66, 62, 60, -1,
60, 62, 61, -1, 68, 56, 181, -1, 68, 181, 69, -1, 69, 181, 237, -1,
69, 237, 70, -1, 70, 237, 236, -1, 70, 236, 71, -1, 71, 236, 235, -1,
71, 235, 72, -1, 72, 235, 73, -1, 66, 59, 58, -1, 66, 58, 67, -1,
67, 58, 57, -1, 67, 57, 68, -1, 68, 57, 56, -1, 285, 284, 290, -1,
285, 290, 286, -1, 286, 290, 289, -1, 286, 289, 287, -1, 287, 289, 288, -1,
291, 290, 282, -1, 282, 290, 283, -1, 283, 290, 284, -1, 281, 293, 282, -1,
282, 293, 292, -1, 282, 292, 291, -1, 294, 293, 37, -1, 37, 293, 38, -1,
38, 293, 39, -1, 40, 293, 41, -1, 44, 293, 45, -1, 45, 293, 47, -1,
48, 293, 49, -1, 50, 293, 51, -1, 53, 293, 54, -1, 54, 293, 55, -1,
55, 293, 56, -1, 56, 293, 238, -1, 238, 293, 239, -1, 239, 293, 240, -1,
240, 293, 241, -1, 242, 293, 243, -1, 244, 293, 245, -1, 245, 293, 246, -1,
246, 293, 247, -1, 248, 293, 249, -1, 250, 293, 251, -1, 251, 293, 252, -1,
252, 293, 253, -1, 255, 293, 256, -1, 257, 293, 258, -1, 258, 293, 259, -1,
260, 293, 261, -1, 263, 293, 264, -1, 264, 293, 265, -1, 265, 293, 266, -1,
266, 293, 267, -1, 267, 293, 268, -1, 269, 293, 270, -1, 270, 293, 271, -1,
273, 293, 274, -1, 274, 293, 275, -1, 275, 293, 276, -1, 277, 293, 278, -1,
279, 293, 280, -1, 31, 30, 144, -1, 144, 30, 145, -1, 146, 30, 147, -1,
147, 28, 148, -1, 148, 28, 149, -1, 143, 31, 144, -1, 32, 31, 294, -1,
294, 31, 565, -1, 565, 31, 566, -1, 566, 31, 567, -1, 568, 31, 569, -1,
569, 31, 570, -1, 295, 294, 307, -1, 307, 294, 327, -1, 327, 294, 562, -1,
562, 294, 563, -1, 563, 294, 564, -1, 33, 294, 34, -1, 35, 294, 36, -1,
56, 238, 181, -1, 181, 238, 182, -1, 182, 238, 183, -1, 183, 238, 184, -1,
184, 238, 524, -1, 186, 185, 522, -1, 523, 185, 524, -1, 524, 185, 184, -1,
187, 186, 517, -1, 517, 186, 518, -1, 518, 186, 519, -1, 519, 186, 520, -1,
521, 186, 522, -1, 515, 514, 390, -1, 515, 390, 516, -1, 516, 390, 389, -1,
516, 389, 517, -1, 517, 389, 388, -1, 517, 388, 187, -1, 187, 388, 359, -1,
75, 74, 233, -1, 233, 74, 234, -1, 234, 74, 235, -1, 233, 232, 75, -1,
75, 232, 80, -1, 80, 232, 81, -1, 81, 232, 231, -1, 99, 98, 228, -1,
228, 98, 229, -1, 229, 98, 230, -1, 230, 98, 97, -1, 224, 103, 102, -1,
224, 102, 225, -1, 225, 102, 101, -1, 225, 101, 226, -1, 226, 101, 100, -1,
226, 100, 227, -1, 227, 100, 99, -1, 227, 99, 228, -1, 219, 2, 1, -1,
219, 1, 220, -1, 220, 1, 0, -1, 220, 0, 221, -1, 9, 211, 10, -1,
10, 211, 210, -1, 10, 210, 11, -1, 11, 210, 209, -1, 11, 209, 12, -1,
12, 209, 208, -1, 12, 208, 13, -1, 13, 208, 207, -1, 427, 426, 475, -1,
475, 426, 476, -1, 476, 426, 477, -1, 477, 426, 425, -1, 425, 424, 477, -1,
477, 424, 478, -1, 478, 424, 479, -1, 479, 424, 423, -1, 420, 482, 421, -1,
421, 482, 481, -1, 421, 481, 422, -1, 422, 481, 480, -1, 423, 480, 479, -1,
418, 485, 419, -1, 419, 485, 484, -1, 416, 415, 488, -1, 416, 488, 417, -1,
417, 488, 487, -1, 490, 489, 412, -1, 413, 489, 414, -1, 415, 489, 488, -1,
410, 409, 491, -1, 410, 491, 411, -1, 411, 491, 490, -1, 491, 409, 408, -1,
491, 408, 492, -1, 493, 407, 494, -1, 496, 495, 405, -1, 406, 495, 407, -1,
397, 504, 398, -1, 398, 504, 503, -1, 398, 503, 399, -1, 399, 503, 502, -1,
400, 501, 401, -1, 401, 501, 500, -1, 402, 499, 403, -1, 403, 499, 498, -1,
403, 498, 404, -1, 404, 498, 497, -1, 404, 497, 405, -1, 405, 497, 496, -1,
506, 505, 397, -1, 507, 397, 396, -1, 507, 396, 508, -1, 508, 396, 395, -1,
508, 395, 509, -1, 509, 395, 394, -1, 510, 393, 511, -1, 511, 393, 392, -1,
512, 391, 513, -1, 513, 391, 514, -1, 372, 371, 373, -1, 373, 371, 374, -1,
374, 371, 375, -1, 377, 371, 370, -1, 370, 369, 377, -1, 377, 369, 378, -1,
379, 369, 368, -1, 381, 380, 365, -1, 366, 380, 367, -1, 367, 380, 368, -1,
368, 380, 379, -1, 383, 382, 362, -1, 362, 382, 364, -1, 364, 382, 365, -1,
384, 362, 385, -1, 385, 362, 386, -1, 386, 362, 387, -1, 387, 362, 361, -1,
387, 360, 388, -1, 388, 360, 359, -1, 188, 187, 356, -1, 357, 187, 358, -1,
627, 356, 628, -1, 628, 356, 629, -1, 629, 356, 630, -1, 630, 356, 631, -1,
633, 356, 634, -1, 636, 356, 637, -1, 637, 356, 638, -1, 638, 356, 639, -1,
639, 356, 355, -1, 640, 639, 352, -1, 352, 639, 353, -1, 353, 639, 354, -1,
354, 639, 355, -1, 641, 640, 349, -1, 349, 640, 350, -1, 350, 640, 351, -1,
351, 640, 352, -1, 642, 348, 643, -1, 644, 348, 347, -1, 344, 343, 645, -1,
344, 645, 345, -1, 345, 645, 644, -1, 345, 644, 346, -1, 647, 646, 341, -1,
342, 646, 343, -1, 343, 646, 645, -1, 338, 651, 650, -1, 338, 650, 339, -1,
339, 650, 649, -1, 340, 648, 341, -1, 341, 648, 647, -1, 652, 651, 338, -1,
653, 338, 337, -1, 654, 337, 655, -1, 331, 330, 661, -1, 332, 660, 333, -1,
333, 660, 659, -1, 334, 658, 335, -1, 335, 658, 657, -1, 335, 657, 336, -1,
336, 657, 656, -1, 336, 656, 337, -1, 661, 330, 662, -1, 662, 330, 663, -1,
663, 330, 329, -1, 309, 308, 313, -1, 309, 313, 310, -1, 310, 313, 312, -1,
310, 312, 311, -1, 313, 308, 314, -1, 314, 308, 315, -1, 316, 308, 317, -1,
318, 308, 319, -1, 319, 308, 307, -1, 558, 327, 559, -1, 559, 327, 560, -1,
561, 327, 562, -1, 319, 307, 320, -1, 321, 307, 322, -1, 323, 307, 324, -1,
324, 307, 325, -1, 325, 307, 326, -1, 326, 307, 327, -1, 295, 307, 306, -1,
295, 306, 296, -1, 296, 306, 305, -1, 296, 305, 297, -1, 297, 305, 298, -1,
298, 305, 299, -1, 299, 305, 300, -1, 300, 305, 301, -1, 301, 305, 302, -1,
302, 305, 303, -1, 303, 305, 304, -1, 538, 537, 545, -1, 538, 545, 539, -1,
539, 545, 544, -1, 539, 544, 540, -1, 540, 544, 543, -1, 540, 543, 541, -1,
541, 543, 542, -1, 195, 156, 196, -1, 198, 156, 155, -1, 198, 154, 199, -1,
199, 154, 200, -1, 200, 154, 153, -1, 200, 152, 201, -1, 201, 152, 202, -1,
202, 152, 151, -1, 202, 151, 203, -1, 203, 151, 204, -1, 204, 151, 205, -1,
205, 151, 206, -1, 206, 151, 150, -1, 109, 108, 612, -1, 613, 108, 614, -1,
111, 110, 609, -1, 611, 110, 612, -1, 608, 607, 113, -1, 608, 113, 609, -1,
609, 113, 112, -1, 606, 115, 607, -1, 607, 114, 113, -1, 604, 117, 605, -1,
605, 116, 115, -1, 603, 602, 117, -1, 117, 602, 118, -1, 119, 602, 601, -1,
600, 121, 601, -1, 601, 120, 119, -1, 596, 123, 122, -1, 596, 122, 597, -1,
597, 122, 121, -1, 598, 121, 599, -1, 125, 124, 595, -1, 595, 124, 596, -1,
665, 668, 672, -1, 672, 668, 673, -1, 673, 668, 674, -1, 674, 668, 675, -1,
675, 668, 676, -1, 676, 668, 677, -1, 677, 668, 667, -1, 666, 665, 684, -1,
684, 665, 669, -1, 669, 665, 670, -1, 670, 665, 671, -1, 671, 665, 672, -1,
677, 667, 678, -1, 678, 667, 679, -1, 679, 667, 680, -1, 680, 667, 681, -1,
681, 667, 682, -1, 682, 667, 666, -1, 684, 683, 666, -1, 666, 683, 682, -1,
701, 725, 710, -1, 701, 710, 702, -1, 702, 710, 709, -1, 702, 709, 703, -1,
703, 709, 708, -1, 703, 708, 704, -1, 704, 708, 707, -1, 704, 707, 705, -1,
705, 707, 706, -1, 718, 717, 716, -1, 718, 716, 719, -1, 719, 716, 715, -1,
719, 715, 720, -1, 720, 715, 714, -1, 720, 714, 721, -1, 721, 714, 713, -1,
721, 713, 722, -1, 722, 713, 712, -1, 722, 712, 723, -1, 723, 712, 711, -1,
723, 711, 724, -1, 724, 711, 710, -1, 724, 710, 725, -1, 686, 685, 694, -1,
694, 685, 695, -1, 695, 685, 717, -1, 717, 685, 716, -1, 695, 732, 731, -1,
695, 731, 696, -1, 696, 731, 730, -1, 696, 730, 697, -1, 697, 730, 729, -1,
697, 729, 698, -1, 698, 729, 728, -1, 698, 728, 699, -1, 699, 728, 727, -1,
699, 727, 700, -1, 700, 727, 726, -1, 700, 726, 701, -1, 701, 726, 725, -1,
686, 694, 693, -1, 686, 693, 687, -1, 687, 693, 692, -1, 687, 692, 688, -1,
688, 692, 691, -1, 688, 691, 689, -1, 689, 691, 690, -1, 1005, 822, 821, -1,
1005, 821, 749, -1, 749, 821, 820, -1, 749, 820, 750, -1, 750, 820, 819, -1,
750, 819, 751, -1, 751, 819, 752, -1, 1015, 1013, 1012, -1, 1015, 1012, 1016, -1,
1016, 1012, 1011, -1, 1016, 1011, 1017, -1, 1017, 1011, 1010, -1, 1017, 1010, 1018, -1,
1018, 1010, 1009, -1, 1018, 1009, 1019, -1, 1019, 1009, 1008, -1, 1019, 1008, 1020, -1,
1020, 1008, 1007, -1, 1020, 1007, 773, -1, 773, 1007, 741, -1, 773, 741, 789, -1,
789, 741, 740, -1, 789, 740, 790, -1, 790, 740, 739, -1, 790, 739, 791, -1,
791, 739, 738, -1, 791, 738, 792, -1, 792, 738, 737, -1, 792, 737, 793, -1,
793, 737, 736, -1, 793, 736, 794, -1, 794, 736, 735, -1, 794, 735, 795, -1,
795, 735, 734, -1, 795, 734, 796, -1, 796, 734, 733, -1, 796, 733, 781, -1,
781, 733, 752, -1, 781, 752, 818, -1, 818, 752, 819, -1, 741, 1007, 760, -1,
741, 760, 742, -1, 742, 760, 759, -1, 742, 759, 743, -1, 743, 759, 758, -1,
743, 758, 744, -1, 744, 758, 757, -1, 744, 757, 745, -1, 745, 757, 756, -1,
745, 756, 746, -1, 746, 756, 755, -1, 746, 755, 747, -1, 747, 755, 754, -1,
747, 754, 748, -1, 748, 754, 753, -1, 748, 753, 733, -1, 733, 753, 752, -1,
781, 818, 765, -1, 781, 765, 782, -1, 782, 765, 780, -1, 782, 780, 783, -1,
783, 780, 779, -1, 783, 779, 784, -1, 784, 779, 778, -1, 784, 778, 785, -1,
785, 778, 777, -1, 785, 777, 786, -1, 786, 777, 776, -1, 786, 776, 787, -1,
787, 776, 775, -1, 787, 775, 788, -1, 788, 775, 774, -1, 788, 774, 789, -1,
789, 774, 773, -1, 771, 770, 1021, -1, 771, 1021, 772, -1, 772, 1021, 1020, -1,
772, 1020, 773, -1, 1021, 770, 769, -1, 1021, 769, 1022, -1, 1022, 769, 768, -1,
1022, 768, 805, -1, 805, 768, 806, -1, 1023, 1022, 802, -1, 802, 1022, 803, -1,
803, 1022, 804, -1, 804, 1022, 805, -1, 1024, 1023, 799, -1, 799, 1023, 800, -1,
800, 1023, 801, -1, 801, 1023, 802, -1, 813, 1002, 1025, -1, 813, 1025, 797, -1,
797, 1025, 1024, -1, 797, 1024, 798, -1, 798, 1024, 799, -1, 762, 761, 1006, -1,
1006, 761, 1007, -1, 1007, 761, 760, -1, 1005, 749, 764, -1, 1005, 764, 1006, -1,
1006, 764, 763, -1, 1006, 763, 762, -1, 823, 822, 1005, -1, 823, 1005, 824, -1,
824, 1005, 1004, -1, 824, 1004, 825, -1, 825, 1004, 826, -1, 828, 827, 1003, -1,
1003, 827, 1004, -1, 1004, 827, 826, -1, 1002, 813, 1003, -1, 1003, 813, 828, -1,
1025, 1002, 1072, -1, 1072, 1002, 1073, -1, 1073, 1002, 1074, -1, 1074, 1002, 1105, -1,
1105, 1002, 1106, -1, 1106, 1002, 1001, -1, 1072, 1071, 1025, -1, 1025, 1071, 853, -1,
853, 1071, 854, -1, 854, 1071, 855, -1, 855, 1071, 1070, -1, 851, 850, 1026, -1,
851, 1026, 852, -1, 852, 1026, 1025, -1, 852, 1025, 853, -1, 847, 846, 1027, -1,
847, 1027, 848, -1, 848, 1027, 1026, -1, 848, 1026, 849, -1, 849, 1026, 850, -1,
860, 859, 1069, -1, 860, 1069, 845, -1, 845, 1069, 1068, -1, 845, 1068, 846, -1,
846, 1068, 1028, -1, 846, 1028, 1027, -1, 1030, 1029, 867, -1, 867, 1029, 868, -1,
868, 1029, 869, -1, 869, 1029, 1067, -1, 1067, 1029, 1068, -1, 1068, 1029, 1028, -1,
1031, 1030, 863, -1, 863, 1030, 864, -1, 864, 1030, 865, -1, 865, 1030, 866, -1,
866, 1030, 867, -1, 1063, 1062, 1032, -1, 1063, 1032, 861, -1, 861, 1032, 1031, -1,
861, 1031, 862, -1, 862, 1031, 863, -1, 876, 875, 1065, -1, 876, 1065, 861, -1,
861, 1065, 1064, -1, 861, 1064, 1063, -1, 766, 765, 807, -1, 766, 807, 767, -1,
767, 807, 806, -1, 767, 806, 768, -1, 809, 808, 817, -1, 817, 808, 818, -1,
818, 808, 765, -1, 765, 808, 807, -1, 813, 797, 812, -1, 813, 812, 814, -1,
814, 812, 811, -1, 814, 811, 815, -1, 815, 811, 810, -1, 815, 810, 816, -1,
816, 810, 809, -1, 816, 809, 817, -1, 945, 944, 1059, -1, 945, 1059, 946, -1,
946, 1059, 1058, -1, 946, 1058, 947, -1, 947, 1058, 973, -1, 947, 973, 948, -1,
948, 973, 972, -1, 1060, 1059, 944, -1, 1060, 944, 1045, -1, 1045, 944, 942, -1,
1045, 942, 926, -1, 926, 942, 941, -1, 926, 941, 927, -1, 927, 941, 928, -1,
1046, 1045, 1044, -1, 1044, 1045, 925, -1, 925, 1045, 926, -1, 870, 869, 1067, -1,
870, 1067, 871, -1, 871, 1067, 1066, -1, 871, 1066, 872, -1, 872, 1066, 873, -1,
875, 874, 1065, -1, 1065, 874, 1066, -1, 1066, 874, 873, -1, 1111, 1110, 1000, -1,
1111, 1000, 1112, -1, 1112, 1000, 999, -1, 1112, 999, 1077, -1, 1077, 999, 998, -1,
1077, 998, 1078, -1, 1078, 998, 997, -1, 1078, 997, 1089, -1, 1089, 997, 993, -1,
1089, 993, 1090, -1, 1090, 993, 992, -1, 1090, 992, 1091, -1, 1091, 992, 1092, -1,
1092, 992, 991, -1, 1092, 991, 1093, -1, 1093, 991, 990, -1, 1093, 990, 1094, -1,
1094, 990, 989, -1, 1094, 989, 1095, -1, 1095, 989, 1096, -1, 1096, 989, 1081, -1,
1081, 989, 1061, -1, 1061, 989, 1062, -1, 1062, 989, 1053, -1, 1053, 989, 1054, -1,
1054, 989, 988, -1, 885, 884, 842, -1, 885, 842, 1132, -1, 1132, 842, 841, -1,
1132, 841, 1133, -1, 1133, 841, 840, -1, 1133, 840, 1134, -1, 1134, 840, 839, -1,
1134, 839, 1135, -1, 1135, 839, 838, -1, 1135, 838, 1136, -1, 1136, 838, 837, -1,
1136, 837, 1137, -1, 1137, 837, 1032, -1, 1137, 1032, 1053, -1, 1053, 1032, 1062, -1,
1056, 1055, 986, -1, 986, 1055, 987, -1, 987, 1055, 988, -1, 988, 1055, 1054, -1,
1057, 1056, 978, -1, 978, 1056, 979, -1, 980, 1056, 985, -1, 985, 1056, 986, -1,
980, 985, 981, -1, 981, 985, 983, -1, 983, 985, 984, -1, 1058, 1057, 973, -1,
973, 1057, 974, -1, 974, 1057, 975, -1, 976, 1057, 977, -1, 977, 1057, 978, -1,
971, 970, 948, -1, 948, 970, 949, -1, 949, 970, 950, -1, 950, 970, 969, -1,
963, 957, 956, -1, 963, 956, 964, -1, 964, 956, 955, -1, 964, 955, 965, -1,
965, 955, 954, -1, 965, 954, 966, -1, 966, 954, 953, -1, 966, 953, 967, -1,
967, 953, 952, -1, 967, 952, 968, -1, 968, 952, 951, -1, 968, 951, 969, -1,
969, 951, 950, -1, 959, 958, 961, -1, 961, 958, 963, -1, 963, 958, 957, -1,
1102, 1101, 1075, -1, 1102, 1075, 1103, -1, 1103, 1075, 1074, -1, 1103, 1074, 1104, -1,
1104, 1074, 1105, -1, 1099, 1098, 1076, -1, 1099, 1076, 1100, -1, 1100, 1076, 1075, -1,
1100, 1075, 1101, -1, 1098, 1097, 1076, -1, 1076, 1097, 1077, -1, 1077, 1097, 1112, -1,
1106, 1001, 1107, -1, 1107, 1001, 1108, -1, 1108, 1001, 1109, -1, 1109, 1001, 1110, -1,
1110, 1001, 1000, -1, 993, 997, 994, -1, 994, 997, 995, -1, 995, 997, 996, -1,
1086, 1085, 1079, -1, 1086, 1079, 1087, -1, 1087, 1079, 1078, -1, 1087, 1078, 1088, -1,
1088, 1078, 1089, -1, 1083, 1082, 1080, -1, 1083, 1080, 1084, -1, 1084, 1080, 1079, -1,
1084, 1079, 1085, -1, 1061, 1080, 1081, -1, 1081, 1080, 1082, -1, 855, 1070, 856, -1,
856, 1070, 857, -1, 857, 1070, 858, -1, 858, 1070, 1069, -1, 1037, 1036, 877, -1,
1037, 877, 1118, -1, 1118, 877, 909, -1, 1118, 909, 1119, -1, 1119, 909, 924, -1,
1119, 924, 1120, -1, 1120, 924, 923, -1, 1120, 923, 1121, -1, 1121, 923, 922, -1,
1121, 922, 1122, -1, 1122, 922, 921, -1, 1122, 921, 1123, -1, 1123, 921, 920, -1,
1123, 920, 1124, -1, 1124, 920, 919, -1, 1124, 919, 1125, -1, 1125, 919, 918, -1,
1125, 918, 1126, -1, 1126, 918, 917, -1, 1126, 917, 1132, -1, 1132, 917, 901, -1,
1132, 901, 885, -1, 885, 901, 886, -1, 909, 877, 893, -1, 909, 893, 910, -1,
910, 893, 908, -1, 910, 908, 911, -1, 911, 908, 907, -1, 911, 907, 912, -1,
912, 907, 906, -1, 912, 906, 913, -1, 913, 906, 905, -1, 913, 905, 914, -1,
914, 905, 904, -1, 914, 904, 915, -1, 915, 904, 903, -1, 915, 903, 916, -1,
916, 903, 902, -1, 916, 902, 917, -1, 917, 902, 901, -1, 886, 901, 900, -1,
886, 900, 887, -1, 887, 900, 899, -1, 887, 899, 888, -1, 888, 899, 898, -1,
888, 898, 889, -1, 889, 898, 897, -1, 889, 897, 890, -1, 890, 897, 896, -1,
890, 896, 891, -1, 891, 896, 895, -1, 891, 895, 892, -1, 892, 895, 894, -1,
892, 894, 877, -1, 877, 894, 893, -1, 844, 843, 883, -1, 883, 843, 884, -1,
884, 843, 842, -1, 881, 880, 1035, -1, 881, 1035, 882, -1, 882, 1035, 829, -1,
882, 829, 883, -1, 883, 829, 844, -1, 835, 834, 1033, -1, 835, 1033, 836, -1,
836, 1033, 1032, -1, 836, 1032, 837, -1, 832, 831, 1034, -1, 832, 1034, 833, -1,
833, 1034, 1033, -1, 833, 1033, 834, -1, 831, 830, 1034, -1, 1034, 830, 1035, -1,
1035, 830, 829, -1, 878, 877, 1036, -1, 878, 1036, 879, -1, 879, 1036, 1035, -1,
879, 1035, 880, -1, 1053, 1052, 1137, -1, 1137, 1052, 1138, -1, 1138, 1052, 1139, -1,
1139, 1052, 1140, -1, 1140, 1052, 1141, -1, 1141, 1052, 1051, -1, 1141, 1051, 1142, -1,
1142, 1051, 1143, -1, 1143, 1051, 1144, -1, 1144, 1051, 1129, -1, 1129, 1051, 1114, -1,
1114, 1051, 1115, -1, 1115, 1051, 1050, -1, 1130, 1129, 1128, -1, 1128, 1129, 1113, -1,
1113, 1129, 1114, -1, 1115, 1050, 1116, -1, 1116, 1050, 1117, -1, 1117, 1050, 1118, -1,
1118, 1050, 1038, -1, 1038, 1050, 1049, -1, 1038, 1049, 1039, -1, 1039, 1049, 1040, -1,
1040, 1049, 1041, -1, 1041, 1049, 1042, -1, 1042, 1049, 1043, -1, 1043, 1049, 1044, -1,
1044, 1049, 1048, -1, 1046, 1044, 1047, -1, 1047, 1044, 1048, -1, 1128, 1127, 1131, -1,
1131, 1127, 1132, -1, 1132, 1127, 1126, -1, 1212, 1211, 1213, -1, 1213, 1211, 1214, -1,
1214, 1211, 1215, -1, 1215, 1211, 1216, -1, 1216, 1211, 1482, -1, 1482, 1211, 1483, -1,
1483, 1211, 1210, -1, 1166, 1165, 1167, -1, 1167, 1165, 1244, -1, 1244, 1165, 1245, -1,
1245, 1165, 1246, -1, 1246, 1165, 1247, -1, 1247, 1165, 1232, -1, 1232, 1165, 1146, -1,
1146, 1165, 1164, -1, 1244, 1243, 1256, -1, 1244, 1256, 1172, -1, 1172, 1256, 1280, -1,
1172, 1280, 1317, -1, 1317, 1280, 1295, -1, 1317, 1295, 1318, -1, 1318, 1295, 1294, -1,
1318, 1294, 1319, -1, 1319, 1294, 1293, -1, 1319, 1293, 1320, -1, 1320, 1293, 1292, -1,
1320, 1292, 1321, -1, 1321, 1292, 1291, -1, 1321, 1291, 1322, -1, 1322, 1291, 1290, -1,
1322, 1290, 1323, -1, 1323, 1290, 1289, -1, 1323, 1289, 1324, -1, 1324, 1289, 1288, -1,
1324, 1288, 1325, -1, 1325, 1288, 1264, -1, 1325, 1264, 1331, -1, 1331, 1264, 1248, -1,
1331, 1248, 1301, -1, 1301, 1248, 1263, -1, 1301, 1263, 1302, -1, 1302, 1263, 1262, -1,
1302, 1262, 1303, -1, 1303, 1262, 1304, -1, 1280, 1256, 1272, -1, 1280, 1272, 1281, -1,
1281, 1272, 1271, -1, 1281, 1271, 1282, -1, 1282, 1271, 1270, -1, 1282, 1270, 1283, -1,
1283, 1270, 1269, -1, 1283, 1269, 1284, -1, 1284, 1269, 1268, -1, 1284, 1268, 1285, -1,
1285, 1268, 1267, -1, 1285, 1267, 1286, -1, 1286, 1267, 1266, -1, 1286, 1266, 1287, -1,
1287, 1266, 1265, -1, 1287, 1265, 1288, -1, 1288, 1265, 1264, -1, 1273, 1256, 1255, -1,
1273, 1255, 1274, -1, 1274, 1255, 1254, -1, 1274, 1254, 1275, -1, 1275, 1254, 1253, -1,
1275, 1253, 1276, -1, 1276, 1253, 1252, -1, 1276, 1252, 1277, -1, 1277, 1252, 1251, -1,
1277, 1251, 1278, -1, 1278, 1251, 1250, -1, 1278, 1250, 1279, -1, 1279, 1250, 1249, -1,
1279, 1249, 1264, -1, 1264, 1249, 1248, -1, 1241, 1240, 1177, -1, 1241, 1177, 1296, -1,
1296, 1177, 1336, -1, 1296, 1336, 1297, -1, 1297, 1336, 1335, -1, 1297, 1335, 1298, -1,
1298, 1335, 1334, -1, 1298, 1334, 1299, -1, 1299, 1334, 1333, -1, 1299, 1333, 1300, -1,
1300, 1333, 1332, -1, 1300, 1332, 1301, -1, 1301, 1332, 1331, -1, 1305, 1304, 1242, -1,
1242, 1304, 1243, -1, 1243, 1304, 1261, -1, 1261, 1304, 1262, -1, 1242, 1241, 1309, -1,
1309, 1241, 1310, -1, 1310, 1241, 1311, -1, 1311, 1241, 1296, -1, 1305, 1242, 1306, -1,
1306, 1242, 1307, -1, 1307, 1242, 1308, -1, 1308, 1242, 1309, -1, 1256, 1243, 1257, -1,
1257, 1243, 1258, -1, 1258, 1243, 1259, -1, 1259, 1243, 1260, -1, 1260, 1243, 1261, -1,
1167, 1244, 1168, -1, 1168, 1244, 1169, -1, 1169, 1244, 1170, -1, 1170, 1244, 1171, -1,
1171, 1244, 1172, -1, 1233, 1232, 1231, -1, 1231, 1232, 1145, -1, 1145, 1232, 1146, -1,
1162, 1161, 1148, -1, 1162, 1148, 1163, -1, 1163, 1148, 1147, -1, 1163, 1147, 1164, -1,
1164, 1147, 1146, -1, 1156, 1154, 1153, -1, 1156, 1153, 1157, -1, 1157, 1153, 1152, -1,
1157, 1152, 1158, -1, 1158, 1152, 1151, -1, 1158, 1151, 1159, -1, 1159, 1151, 1150, -1,
1159, 1150, 1160, -1, 1160, 1150, 1149, -1, 1160, 1149, 1161, -1, 1161, 1149, 1148, -1,
1338, 1337, 1176, -1, 1176, 1337, 1177, -1, 1177, 1337, 1336, -1, 1339, 1338, 1176, -1,
1339, 1176, 1340, -1, 1340, 1176, 1175, -1, 1340, 1175, 1341, -1, 1341, 1175, 1342, -1,
1312, 1327, 1328, -1, 1312, 1328, 1174, -1, 1174, 1328, 1343, -1, 1174, 1343, 1175, -1,
1175, 1343, 1342, -1, 1312, 1174, 1313, -1, 1313, 1174, 1314, -1, 1314, 1174, 1315, -1,
1315, 1174, 1173, -1, 1315, 1173, 1316, -1, 1316, 1173, 1317, -1, 1317, 1173, 1172, -1,
1329, 1328, 1327, -1, 1329, 1327, 1330, -1, 1330, 1327, 1326, -1, 1330, 1326, 1331, -1,
1331, 1326, 1325, -1, 1187, 1465, 1464, -1, 1187, 1464, 1424, -1, 1424, 1464, 1463, -1,
1424, 1463, 1425, -1, 1425, 1463, 1462, -1, 1425, 1462, 1426, -1, 1426, 1462, 1427, -1,
1428, 1427, 1408, -1, 1408, 1427, 1376, -1, 1376, 1427, 1451, -1, 1451, 1427, 1461, -1,
1461, 1427, 1462, -1, 1184, 1487, 1207, -1, 1184, 1207, 1456, -1, 1456, 1207, 1440, -1,
1456, 1440, 1457, -1, 1457, 1440, 1455, -1, 1457, 1455, 1458, -1, 1458, 1455, 1454, -1,
1458, 1454, 1459, -1, 1459, 1454, 1453, -1, 1459, 1453, 1460, -1, 1460, 1453, 1452, -1,
1460, 1452, 1461, -1, 1461, 1452, 1451, -1, 1428, 1408, 1423, -1, 1428, 1423, 1429, -1,
1429, 1423, 1422, -1, 1429, 1422, 1430, -1, 1430, 1422, 1421, -1, 1430, 1421, 1431, -1,
1431, 1421, 1420, -1, 1431, 1420, 1432, -1, 1432, 1420, 1419, -1, 1432, 1419, 1433, -1,
1433, 1419, 1418, -1, 1433, 1418, 1434, -1, 1434, 1418, 1417, -1, 1434, 1417, 1435, -1,
1435, 1417, 1416, -1, 1435, 1416, 1189, -1, 1189, 1416, 1400, -1, 1189, 1400, 1384, -1,
1384, 1400, 1385, -1, 1408, 1376, 1392, -1, 1408, 1392, 1409, -1, 1409, 1392, 1407, -1,
1409, 1407, 1410, -1, 1410, 1407, 1406, -1, 1410, 1406, 1411, -1, 1411, 1406, 1405, -1,
1411, 1405, 1412, -1, 1412, 1405, 1404, -1, 1412, 1404, 1413, -1, 1413, 1404, 1403, -1,
1413, 1403, 1414, -1, 1414, 1403, 1402, -1, 1414, 1402, 1415, -1, 1415, 1402, 1401, -1,
1415, 1401, 1416, -1, 1416, 1401, 1400, -1, 1385, 1400, 1399, -1, 1385, 1399, 1386, -1,
1386, 1399, 1398, -1, 1386, 1398, 1387, -1, 1387, 1398, 1397, -1, 1387, 1397, 1388, -1,
1388, 1397, 1396, -1, 1388, 1396, 1389, -1, 1389, 1396, 1395, -1, 1389, 1395, 1390, -1,
1390, 1395, 1394, -1, 1390, 1394, 1391, -1, 1391, 1394, 1393, -1, 1391, 1393, 1376, -1,
1376, 1393, 1392, -1, 1189, 1384, 1202, -1, 1189, 1202, 1190, -1, 1190, 1202, 1201, -1,
1190, 1201, 1191, -1, 1191, 1201, 1200, -1, 1191, 1200, 1192, -1, 1192, 1200, 1199, -1,
1192, 1199, 1193, -1, 1193, 1199, 1198, -1, 1193, 1198, 1194, -1, 1194, 1198, 1197, -1,
1194, 1197, 1195, -1, 1195, 1197, 1196, -1, 1382, 1381, 1203, -1, 1382, 1203, 1383, -1,
1383, 1203, 1202, -1, 1383, 1202, 1384, -1, 1203, 1381, 1380, -1, 1203, 1380, 1204, -1,
1204, 1380, 1379, -1, 1204, 1379, 1448, -1, 1448, 1379, 1449, -1, 1205, 1204, 1445, -1,
1445, 1204, 1446, -1, 1446, 1204, 1447, -1, 1447, 1204, 1448, -1, 1206, 1205, 1442, -1,
1442, 1205, 1443, -1, 1443, 1205, 1444, -1, 1444, 1205, 1445, -1, 1207, 1206, 1440, -1,
1440, 1206, 1441, -1, 1441, 1206, 1442, -1, 1437, 1436, 1188, -1, 1188, 1436, 1189, -1,
1189, 1436, 1435, -1, 1187, 1424, 1439, -1, 1187, 1439, 1188, -1, 1188, 1439, 1438, -1,
1188, 1438, 1437, -1, 1466, 1465, 1187, -1, 1466, 1187, 1467, -1, 1467, 1187, 1186, -1,
1467, 1186, 1468, -1, 1468, 1186, 1469, -1, 1471, 1470, 1185, -1, 1185, 1470, 1186, -1,
1186, 1470, 1469, -1, 1184, 1456, 1185, -1, 1185, 1456, 1471, -1, 1487, 1486, 1207, -1,
1207, 1486, 1352, -1, 1352, 1486, 1353, -1, 1353, 1486, 1354, -1, 1354, 1486, 1485, -1,
1350, 1349, 1208, -1, 1350, 1208, 1351, -1, 1351, 1208, 1207, -1, 1351, 1207, 1352, -1,
1346, 1345, 1209, -1, 1346, 1209, 1347, -1, 1347, 1209, 1208, -1, 1347, 1208, 1348, -1,
1348, 1208, 1349, -1, 1359, 1358, 1484, -1, 1359, 1484, 1344, -1, 1344, 1484, 1483, -1,
1344, 1483, 1345, -1, 1345, 1483, 1210, -1, 1345, 1210, 1209, -1, 1216, 1482, 1217, -1,
1217, 1482, 1368, -1, 1368, 1482, 1369, -1, 1369, 1482, 1370, -1, 1370, 1482, 1481, -1,
1370, 1481, 1371, -1, 1371, 1481, 1372, -1, 1372, 1481, 1373, -1, 1373, 1481, 1480, -1,
1373, 1480, 1374, -1, 1374, 1480, 1375, -1, 1375, 1480, 1360, -1, 1360, 1480, 1479, -1,
1377, 1376, 1450, -1, 1377, 1450, 1378, -1, 1378, 1450, 1449, -1, 1378, 1449, 1379, -1,
1499, 1498, 1489, -1, 1499, 1489, 1500, -1, 1500, 1489, 1184, -1, 1500, 1184, 1501, -1,
1501, 1184, 1183, -1, 1501, 1183, 1502, -1, 1502, 1183, 1503, -1, 1491, 1490, 1495, -1,
1495, 1490, 1496, -1, 1496, 1490, 1497, -1, 1497, 1490, 1498, -1, 1498, 1490, 1489, -1,
1472, 1491, 1492, -1, 1492, 1491, 1493, -1, 1493, 1491, 1494, -1, 1494, 1491, 1495, -1,
1489, 1488, 1184, -1, 1184, 1488, 1487, -1, 1504, 1503, 1183, -1, 1504, 1183, 1505, -1,
1505, 1183, 1182, -1, 1505, 1182, 1506, -1, 1506, 1182, 1507, -1, 1473, 1472, 1180, -1,
1180, 1472, 1181, -1, 1181, 1472, 1507, -1, 1507, 1472, 1492, -1, 1515, 1514, 1473, -1,
1515, 1473, 1516, -1, 1516, 1473, 1180, -1, 1516, 1180, 1517, -1, 1517, 1180, 1518, -1,
1180, 1179, 1518, -1, 1518, 1179, 1519, -1, 1519, 1179, 1520, -1, 1520, 1179, 1521, -1,
1521, 1179, 1522, -1, 1522, 1179, 1178, -1, 1523, 1522, 1178, -1, 1523, 1178, 1508, -1,
1508, 1178, 1177, -1, 1508, 1177, 1477, -1, 1477, 1177, 1221, -1, 1477, 1221, 1478, -1,
1478, 1221, 1220, -1, 1478, 1220, 1479, -1, 1479, 1220, 1360, -1, 1509, 1508, 1475, -1,
1475, 1508, 1476, -1, 1476, 1508, 1477, -1, 1221, 1177, 1240, -1, 1221, 1240, 1222, -1,
1222, 1240, 1239, -1, 1222, 1239, 1223, -1, 1223, 1239, 1238, -1, 1223, 1238, 1224, -1,
1224, 1238, 1237, -1, 1224, 1237, 1225, -1, 1225, 1237, 1226, -1, 1237, 1236, 1226, -1,
1226, 1236, 1227, -1, 1227, 1236, 1228, -1, 1228, 1236, 1235, -1, 1229, 1228, 1235, -1,
1229, 1235, 1230, -1, 1230, 1235, 1234, -1, 1230, 1234, 1231, -1, 1231, 1234, 1233, -1,
1354, 1485, 1355, -1, 1355, 1485, 1356, -1, 1356, 1485, 1357, -1, 1357, 1485, 1484, -1,
1366, 1365, 1218, -1, 1366, 1218, 1367, -1, 1367, 1218, 1217, -1, 1367, 1217, 1368, -1,
1220, 1219, 1363, -1, 1363, 1219, 1364, -1, 1364, 1219, 1365, -1, 1365, 1219, 1218, -1,
1360, 1220, 1361, -1, 1361, 1220, 1362, -1, 1362, 1220, 1363, -1, 1475, 1474, 1511, -1,
1511, 1474, 1512, -1, 1512, 1474, 1513, -1, 1513, 1474, 1514, -1, 1514, 1474, 1473, -1,
1509, 1475, 1510, -1, 1510, 1475, 1511, -1, 1629, 1628, 1699, -1, 1699, 1628, 1581, -1,
1581, 1628, 1582, -1, 1582, 1628, 1583, -1, 1584, 1628, 1585, -1, 1585, 1628, 1586, -1,
1587, 1628, 1588, -1, 1588, 1628, 1627, -1, 1588, 1627, 1626, -1, 1588, 1626, 1589, -1,
1589, 1626, 1624, -1, 1589, 1624, 1590, -1, 1590, 1624, 1623, -1, 1590, 1623, 1591, -1,
1591, 1623, 1622, -1, 1591, 1622, 1592, -1, 1592, 1622, 1621, -1, 1592, 1621, 1593, -1,
1593, 1621, 1620, -1, 1593, 1620, 1532, -1, 1532, 1620, 1533, -1, 1525, 1524, 1599, -1,
1525, 1599, 1526, -1, 1526, 1599, 1598, -1, 1526, 1598, 1527, -1, 1527, 1598, 1597, -1,
1527, 1597, 1528, -1, 1528, 1597, 1596, -1, 1528, 1596, 1529, -1, 1529, 1596, 1595, -1,
1529, 1595, 1530, -1, 1530, 1595, 1594, -1, 1530, 1594, 1531, -1, 1531, 1594, 1593, -1,
1531, 1593, 1532, -1, 1608, 1606, 1605, -1, 1608, 1605, 1609, -1, 1609, 1605, 1604, -1,
1609, 1604, 1610, -1, 1610, 1604, 1603, -1, 1610, 1603, 1611, -1, 1611, 1603, 1602, -1,
1611, 1602, 1612, -1, 1612, 1602, 1601, -1, 1612, 1601, 1613, -1, 1613, 1601, 1600, -1,
1613, 1600, 1524, -1, 1524, 1600, 1599, -1, 1563, 1562, 1730, -1, 1730, 1562, 1715, -1,
1715, 1562, 1540, -1, 1540, 1562, 1541, -1, 1541, 1562, 1542, -1, 1542, 1562, 1543, -1,
1543, 1562, 1561, -1, 1728, 1566, 1565, -1, 1728, 1565, 1729, -1, 1729, 1565, 1564, -1,
1729, 1564, 1730, -1, 1730, 1564, 1563, -1, 1568, 1567, 1727, -1, 1727, 1567, 1728, -1,
1728, 1567, 1566, -1, 1570, 1569, 1726, -1, 1726, 1569, 1727, -1, 1727, 1569, 1568, -1,
1724, 1723, 1572, -1, 1724, 1572, 1725, -1, 1725, 1572, 1571, -1, 1725, 1571, 1726, -1,
1726, 1571, 1570, -1, 1572, 1723, 1573, -1, 1573, 1723, 1702, -1, 1702, 1723, 1703, -1,
1703, 1723, 1746, -1, 1746, 1723, 1731, -1, 1731, 1723, 1732, -1, 1732, 1723, 1722, -1,
1700, 1576, 1575, -1, 1700, 1575, 1701, -1, 1701, 1575, 1574, -1, 1701, 1574, 1702, -1,
1702, 1574, 1573, -1, 1578, 1577, 1699, -1, 1699, 1577, 1700, -1, 1700, 1577, 1576, -1,
1578, 1699, 1579, -1, 1579, 1699, 1580, -1, 1580, 1699, 1581, -1, 1696, 1695, 1632, -1,
1696, 1632, 1697, -1, 1697, 1632, 1631, -1, 1697, 1631, 1698, -1, 1698, 1631, 1630, -1,
1698, 1630, 1699, -1, 1699, 1630, 1629, -1, 1632, 1695, 1633, -1, 1633, 1695, 1634, -1,
1635, 1695, 1636, -1, 1636, 1695, 1637, -1, 1637, 1695, 1638, -1, 1639, 1695, 1640, -1,
1640, 1695, 1694, -1, 1641, 1640, 1688, -1, 1688, 1640, 1689, -1, 1690, 1640, 1691, -1,
1691, 1640, 1692, -1, 1693, 1640, 1694, -1, 1688, 1687, 1641, -1, 1641, 1687, 1642, -1,
1642, 1687, 1643, -1, 1644, 1687, 1645, -1, 1645, 1687, 1646, -1, 1647, 1687, 1648, -1,
1648, 1687, 1686, -1, 1648, 1686, 1755, -1, 1755, 1686, 1676, -1, 1676, 1686, 1677, -1,
1677, 1686, 1678, -1, 1678, 1686, 1679, -1, 1679, 1686, 1680, -1, 1680, 1686, 1685, -1,
1755, 1754, 1648, -1, 1648, 1754, 1649, -1, 1649, 1754, 1650, -1, 1650, 1754, 1753, -1,
1748, 1747, 1655, -1, 1748, 1655, 1749, -1, 1749, 1655, 1654, -1, 1749, 1654, 1750, -1,
1750, 1654, 1653, -1, 1750, 1653, 1751, -1, 1751, 1653, 1652, -1, 1751, 1652, 1752, -1,
1752, 1652, 1651, -1, 1752, 1651, 1753, -1, 1753, 1651, 1650, -1, 1664, 1662, 1661, -1,
1664, 1661, 1665, -1, 1665, 1661, 1660, -1, 1665, 1660, 1666, -1, 1666, 1660, 1659, -1,
1666, 1659, 1667, -1, 1667, 1659, 1658, -1, 1667, 1658, 1668, -1, 1668, 1658, 1657, -1,
1668, 1657, 1669, -1, 1669, 1657, 1656, -1, 1669, 1656, 1747, -1, 1747, 1656, 1655, -1,
1551, 1550, 1556, -1, 1551, 1556, 1552, -1, 1552, 1556, 1555, -1, 1552, 1555, 1553, -1,
1553, 1555, 1554, -1, 1558, 1557, 1548, -1, 1548, 1557, 1549, -1, 1549, 1557, 1550, -1,
1550, 1557, 1556, -1, 1546, 1545, 1559, -1, 1546, 1559, 1547, -1, 1547, 1559, 1558, -1,
1547, 1558, 1548, -1, 1545, 1544, 1559, -1, 1559, 1544, 1560, -1, 1560, 1544, 1561, -1,
1561, 1544, 1543, -1, 1717, 1716, 1737, -1, 1737, 1716, 1738, -1, 1738, 1716, 1714, -1,
1714, 1716, 1540, -1, 1540, 1716, 1715, -1, 1732, 1722, 1721, -1, 1732, 1721, 1733, -1,
1733, 1721, 1720, -1, 1733, 1720, 1734, -1, 1734, 1720, 1719, -1, 1734, 1719, 1735, -1,
1735, 1719, 1718, -1, 1735, 1718, 1736, -1, 1736, 1718, 1717, -1, 1736, 1717, 1737, -1,
1712, 1711, 1740, -1, 1712, 1740, 1713, -1, 1713, 1740, 1739, -1, 1713, 1739, 1714, -1,
1714, 1739, 1738, -1, 1742, 1741, 1709, -1, 1709, 1741, 1710, -1, 1710, 1741, 1711, -1,
1711, 1741, 1740, -1, 1704, 1746, 1745, -1, 1704, 1745, 1705, -1, 1705, 1745, 1744, -1,
1705, 1744, 1706, -1, 1706, 1744, 1743, -1, 1706, 1743, 1707, -1, 1707, 1743, 1742, -1,
1707, 1742, 1708, -1, 1708, 1742, 1709, -1, 1533, 1620, 1619, -1, 1533, 1619, 1534, -1,
1534, 1619, 1618, -1, 1534, 1618, 1535, -1, 1535, 1618, 1617, -1, 1535, 1617, 1536, -1,
1536, 1617, 1616, -1, 1536, 1616, 1537, -1, 1537, 1616, 1615, -1, 1537, 1615, 1538, -1,
1538, 1615, 1614, -1, 1538, 1614, 1539, -1, 1539, 1614, 1524, -1, 1685, 1684, 1681, -1,
1681, 1684, 1682, -1, 1682, 1684, 1683, -1, 1670, 1762, 1761, -1, 1670, 1761, 1671, -1,
1671, 1761, 1760, -1, 1671, 1760, 1672, -1, 1672, 1760, 1759, -1, 1672, 1759, 1673, -1,
1673, 1759, 1758, -1, 1673, 1758, 1674, -1, 1674, 1758, 1757, -1, 1674, 1757, 1675, -1,
1675, 1757, 1756, -1, 1675, 1756, 1676, -1, 1676, 1756, 1755, -1, 1669, 1747, 1670, -1,
1670, 1747, 1762, -1, 1779, 1778, 1814, -1, 1779, 1814, 1780, -1, 1780, 1814, 1813, -1,
1780, 1813, 1781, -1, 1781, 1813, 1812, -1, 1781, 1812, 1782, -1, 1782, 1812, 1811, -1,
1782, 1811, 1783, -1, 1783, 1811, 1792, -1, 1783, 1792, 1784, -1, 1784, 1792, 1791, -1,
1784, 1791, 1785, -1, 1785, 1791, 1790, -1, 1785, 1790, 1786, -1, 1786, 1790, 1789, -1,
1786, 1789, 1787, -1, 1787, 1789, 1788, -1, 1808, 1796, 1795, -1, 1808, 1795, 1809, -1,
1809, 1795, 1794, -1, 1809, 1794, 1810, -1, 1810, 1794, 1793, -1, 1810, 1793, 1811, -1,
1811, 1793, 1792, -1, 1798, 1797, 1807, -1, 1807, 1797, 1808, -1, 1808, 1797, 1796, -1,
1773, 1772, 1763, -1, 1773, 1763, 1803, -1, 1803, 1763, 1802, -1, 1803, 1802, 1804, -1,
1804, 1802, 1801, -1, 1804, 1801, 1805, -1, 1805, 1801, 1800, -1, 1805, 1800, 1806, -1,
1806, 1800, 1799, -1, 1806, 1799, 1807, -1, 1807, 1799, 1798, -1, 1816, 1815, 1776, -1,
1776, 1815, 1777, -1, 1777, 1815, 1778, -1, 1778, 1815, 1814, -1, 1773, 1803, 1818, -1,
1773, 1818, 1774, -1, 1774, 1818, 1817, -1, 1774, 1817, 1775, -1, 1775, 1817, 1816, -1,
1775, 1816, 1776, -1, 1769, 1767, 1766, -1, 1769, 1766, 1770, -1, 1770, 1766, 1765, -1,
1770, 1765, 1771, -1, 1771, 1765, 1764, -1, 1771, 1764, 1772, -1, 1772, 1764, 1763, -1,
936, 934, 933, -1, 936, 933, 937, -1, 937, 933, 932, -1, 937, 932, 938, -1,
938, 932, 931, -1, 938, 931, 939, -1, 939, 931, 930, -1, 939, 930, 940, -1,
940, 930, 929, -1, 940, 929, 941, -1, 941, 929, 928, -1, 1835, 1834, 1870, -1,
1835, 1870, 1836, -1, 1836, 1870, 1869, -1, 1836, 1869, 1837, -1, 1837, 1869, 1868, -1,
1837, 1868, 1838, -1, 1838, 1868, 1867, -1, 1838, 1867, 1839, -1, 1839, 1867, 1848, -1,
1839, 1848, 1840, -1, 1840, 1848, 1847, -1, 1840, 1847, 1841, -1, 1841, 1847, 1846, -1,
1841, 1846, 1842, -1, 1842, 1846, 1845, -1, 1842, 1845, 1843, -1, 1843, 1845, 1844, -1,
1864, 1852, 1851, -1, 1864, 1851, 1865, -1, 1865, 1851, 1850, -1, 1865, 1850, 1866, -1,
1866, 1850, 1849, -1, 1866, 1849, 1867, -1, 1867, 1849, 1848, -1, 1854, 1853, 1863, -1,
1863, 1853, 1864, -1, 1864, 1853, 1852, -1, 1829, 1828, 1819, -1, 1829, 1819, 1859, -1,
1859, 1819, 1858, -1, 1859, 1858, 1860, -1, 1860, 1858, 1857, -1, 1860, 1857, 1861, -1,
1861, 1857, 1856, -1, 1861, 1856, 1862, -1, 1862, 1856, 1855, -1, 1862, 1855, 1863, -1,
1863, 1855, 1854, -1, 1872, 1871, 1832, -1, 1832, 1871, 1833, -1, 1833, 1871, 1834, -1,
1834, 1871, 1870, -1, 1829, 1859, 1874, -1, 1829, 1874, 1830, -1, 1830, 1874, 1873, -1,
1830, 1873, 1831, -1, 1831, 1873, 1872, -1, 1831, 1872, 1832, -1, 1825, 1823, 1822, -1,
1825, 1822, 1826, -1, 1826, 1822, 1821, -1, 1826, 1821, 1827, -1, 1827, 1821, 1820, -1,
1827, 1820, 1828, -1, 1828, 1820, 1819, -1, 1919, 1918, 1928, -1, 1919, 1928, 1920, -1,
1920, 1928, 1927, -1, 1920, 1927, 1921, -1, 1921, 1927, 1926, -1, 1921, 1926, 1922, -1,
1922, 1926, 1925, -1, 1922, 1925, 1923, -1, 1923, 1925, 1924, -1, 1912, 1911, 1935, -1,
1912, 1935, 1913, -1, 1913, 1935, 1934, -1, 1913, 1934, 1914, -1, 1914, 1934, 1933, -1,
1914, 1933, 1915, -1, 1915, 1933, 1932, -1, 1915, 1932, 1916, -1, 1916, 1932, 1931, -1,
1916, 1931, 1917, -1, 1917, 1931, 1930, -1, 1917, 1930, 1918, -1, 1918, 1930, 1929, -1,
1918, 1929, 1928, -1, 1909, 1908, 1938, -1, 1909, 1938, 1910, -1, 1910, 1938, 1937, -1,
1910, 1937, 1911, -1, 1911, 1937, 1936, -1, 1911, 1936, 1935, -1, 1938, 1908, 1939, -1,
1939, 1908, 1940, -1, 1941, 1908, 1942, -1, 1942, 1908, 1943, -1, 1944, 1908, 1945, -1,
1945, 1908, 1907, -1, 1946, 1945, 1901, -1, 1901, 1945, 1902, -1, 1903, 1945, 1904, -1,
1904, 1945, 1905, -1, 1906, 1945, 1907, -1, 1895, 1967, 1952, -1, 1895, 1952, 1896, -1,
1896, 1952, 1951, -1, 1896, 1951, 1897, -1, 1897, 1951, 1950, -1, 1897, 1950, 1898, -1,
1898, 1950, 1949, -1, 1898, 1949, 1899, -1, 1899, 1949, 1948, -1, 1899, 1948, 1900, -1,
1900, 1948, 1947, -1, 1900, 1947, 1901, -1, 1901, 1947, 1946, -1, 1960, 1959, 1958, -1,
1960, 1958, 1961, -1, 1961, 1958, 1957, -1, 1961, 1957, 1962, -1, 1962, 1957, 1956, -1,
1962, 1956, 1963, -1, 1963, 1956, 1955, -1, 1963, 1955, 1964, -1, 1964, 1955, 1954, -1,
1964, 1954, 1965, -1, 1965, 1954, 1953, -1, 1965, 1953, 1966, -1, 1966, 1953, 1952, -1,
1966, 1952, 1967, -1, 1883, 1881, 1880, -1, 1883, 1880, 1884, -1, 1884, 1880, 1879, -1,
1884, 1879, 1885, -1, 1885, 1879, 1878, -1, 1885, 1878, 1886, -1, 1886, 1878, 1877, -1,
1886, 1877, 1887, -1, 1887, 1877, 1876, -1, 1887, 1876, 1888, -1, 1888, 1876, 1875, -1,
1888, 1875, 1959, -1, 1959, 1875, 1958, -1, 1889, 1974, 1973, -1, 1889, 1973, 1890, -1,
1890, 1973, 1972, -1, 1890, 1972, 1891, -1, 1891, 1972, 1971, -1, 1891, 1971, 1892, -1,
1892, 1971, 1970, -1, 1892, 1970, 1893, -1, 1893, 1970, 1969, -1, 1893, 1969, 1894, -1,
1894, 1969, 1968, -1, 1894, 1968, 1895, -1, 1895, 1968, 1967, -1, 1888, 1959, 1889, -1,
1889, 1959, 1974, -1, 1991, 1990, 2026, -1, 1991, 2026, 1992, -1, 1992, 2026, 2025, -1,
1992, 2025, 1993, -1, 1993, 2025, 2024, -1, 1993, 2024, 1994, -1, 1994, 2024, 2023, -1,
1994, 2023, 1995, -1, 1995, 2023, 2004, -1, 1995, 2004, 1996, -1, 1996, 2004, 2003, -1,
1996, 2003, 1997, -1, 1997, 2003, 2002, -1, 1997, 2002, 1998, -1, 1998, 2002, 2001, -1,
1998, 2001, 1999, -1, 1999, 2001, 2000, -1, 2020, 2008, 2007, -1, 2020, 2007, 2021, -1,
2021, 2007, 2006, -1, 2021, 2006, 2022, -1, 2022, 2006, 2005, -1, 2022, 2005, 2023, -1,
2023, 2005, 2004, -1, 2010, 2009, 2019, -1, 2019, 2009, 2020, -1, 2020, 2009, 2008, -1,
1985, 1984, 1975, -1, 1985, 1975, 2015, -1, 2015, 1975, 2014, -1, 2015, 2014, 2016, -1,
2016, 2014, 2013, -1, 2016, 2013, 2017, -1, 2017, 2013, 2012, -1, 2017, 2012, 2018, -1,
2018, 2012, 2011, -1, 2018, 2011, 2019, -1, 2019, 2011, 2010, -1, 2028, 2027, 1988, -1,
1988, 2027, 1989, -1, 1989, 2027, 1990, -1, 1990, 2027, 2026, -1, 1985, 2015, 2030, -1,
1985, 2030, 1986, -1, 1986, 2030, 2029, -1, 1986, 2029, 1987, -1, 1987, 2029, 2028, -1,
1987, 2028, 1988, -1, 1981, 1979, 1978, -1, 1981, 1978, 1982, -1, 1982, 1978, 1977, -1,
1982, 1977, 1983, -1, 1983, 1977, 1976, -1, 1983, 1976, 1984, -1, 1984, 1976, 1975, -1,
2047, 2046, 2082, -1, 2047, 2082, 2048, -1, 2048, 2082, 2081, -1, 2048, 2081, 2049, -1,
2049, 2081, 2080, -1, 2049, 2080, 2050, -1, 2050, 2080, 2079, -1, 2050, 2079, 2051, -1,
2051, 2079, 2060, -1, 2051, 2060, 2052, -1, 2052, 2060, 2059, -1, 2052, 2059, 2053, -1,
2053, 2059, 2058, -1, 2053, 2058, 2054, -1, 2054, 2058, 2057, -1, 2054, 2057, 2055, -1,
2055, 2057, 2056, -1, 2076, 2064, 2063, -1, 2076, 2063, 2077, -1, 2077, 2063, 2062, -1,
2077, 2062, 2078, -1, 2078, 2062, 2061, -1, 2078, 2061, 2079, -1, 2079, 2061, 2060, -1,
2066, 2065, 2075, -1, 2075, 2065, 2076, -1, 2076, 2065, 2064, -1, 2041, 2040, 2031, -1,
2041, 2031, 2071, -1, 2071, 2031, 2070, -1, 2071, 2070, 2072, -1, 2072, 2070, 2069, -1,
2072, 2069, 2073, -1, 2073, 2069, 2068, -1, 2073, 2068, 2074, -1, 2074, 2068, 2067, -1,
2074, 2067, 2075, -1, 2075, 2067, 2066, -1, 2084, 2083, 2044, -1, 2044, 2083, 2045, -1,
2045, 2083, 2046, -1, 2046, 2083, 2082, -1, 2041, 2071, 2086, -1, 2041, 2086, 2042, -1,
2042, 2086, 2085, -1, 2042, 2085, 2043, -1, 2043, 2085, 2084, -1, 2043, 2084, 2044, -1,
2037, 2035, 2034, -1, 2037, 2034, 2038, -1, 2038, 2034, 2033, -1, 2038, 2033, 2039, -1,
2039, 2033, 2032, -1, 2039, 2032, 2040, -1, 2040, 2032, 2031, -1, 2107, 2135, 2120, -1,
2107, 2120, 2108, -1, 2108, 2120, 2119, -1, 2108, 2119, 2109, -1, 2109, 2119, 2118, -1,
2109, 2118, 2110, -1, 2110, 2118, 2117, -1, 2110, 2117, 2111, -1, 2111, 2117, 2116, -1,
2111, 2116, 2112, -1, 2112, 2116, 2115, -1, 2112, 2115, 2113, -1, 2113, 2115, 2114, -1,
2128, 2127, 2126, -1, 2128, 2126, 2129, -1, 2129, 2126, 2125, -1, 2129, 2125, 2130, -1,
2130, 2125, 2124, -1, 2130, 2124, 2131, -1, 2131, 2124, 2123, -1, 2131, 2123, 2132, -1,
2132, 2123, 2122, -1, 2132, 2122, 2133, -1, 2133, 2122, 2121, -1, 2133, 2121, 2134, -1,
2134, 2121, 2120, -1, 2134, 2120, 2135, -1, 2095, 2093, 2092, -1, 2095, 2092, 2096, -1,
2096, 2092, 2091, -1, 2096, 2091, 2097, -1, 2097, 2091, 2090, -1, 2097, 2090, 2098, -1,
2098, 2090, 2089, -1, 2098, 2089, 2099, -1, 2099, 2089, 2088, -1, 2099, 2088, 2100, -1,
2100, 2088, 2087, -1, 2100, 2087, 2127, -1, 2127, 2087, 2126, -1, 2101, 2142, 2141, -1,
2101, 2141, 2102, -1, 2102, 2141, 2140, -1, 2102, 2140, 2103, -1, 2103, 2140, 2139, -1,
2103, 2139, 2104, -1, 2104, 2139, 2138, -1, 2104, 2138, 2105, -1, 2105, 2138, 2137, -1,
2105, 2137, 2106, -1, 2106, 2137, 2136, -1, 2106, 2136, 2107, -1, 2107, 2136, 2135, -1,
2100, 2127, 2101, -1, 2101, 2127, 2142, -1, 2163, 2191, 2176, -1, 2163, 2176, 2164, -1,
2164, 2176, 2175, -1, 2164, 2175, 2165, -1, 2165, 2175, 2174, -1, 2165, 2174, 2166, -1,
2166, 2174, 2173, -1, 2166, 2173, 2167, -1, 2167, 2173, 2172, -1, 2167, 2172, 2168, -1,
2168, 2172, 2171, -1, 2168, 2171, 2169, -1, 2169, 2171, 2170, -1, 2184, 2183, 2182, -1,
2184, 2182, 2185, -1, 2185, 2182, 2181, -1, 2185, 2181, 2186, -1, 2186, 2181, 2180, -1,
2186, 2180, 2187, -1, 2187, 2180, 2179, -1, 2187, 2179, 2188, -1, 2188, 2179, 2178, -1,
2188, 2178, 2189, -1, 2189, 2178, 2177, -1, 2189, 2177, 2190, -1, 2190, 2177, 2176, -1,
2190, 2176, 2191, -1, 2151, 2149, 2148, -1, 2151, 2148, 2152, -1, 2152, 2148, 2147, -1,
2152, 2147, 2153, -1, 2153, 2147, 2146, -1, 2153, 2146, 2154, -1, 2154, 2146, 2145, -1,
2154, 2145, 2155, -1, 2155, 2145, 2144, -1, 2155, 2144, 2156, -1, 2156, 2144, 2143, -1,
2156, 2143, 2183, -1, 2183, 2143, 2182, -1, 2157, 2198, 2197, -1, 2157, 2197, 2158, -1,
2158, 2197, 2196, -1, 2158, 2196, 2159, -1, 2159, 2196, 2195, -1, 2159, 2195, 2160, -1,
2160, 2195, 2194, -1, 2160, 2194, 2161, -1, 2161, 2194, 2193, -1, 2161, 2193, 2162, -1,
2162, 2193, 2192, -1, 2162, 2192, 2163, -1, 2163, 2192, 2191, -1, 2156, 2183, 2157, -1,
2157, 2183, 2198, -1, 2149, 2151, 2150, -1, 2093, 2095, 2094, -1, 2035, 2037, 2036, -1,
1979, 1981, 1980, -1, 1881, 1883, 1882, -1, 1823, 1825, 1824, -1, 934, 936, 935, -1,
959, 961, 960, -1, 1767, 1769, 1768, -1, 1662, 1664, 1663, -1, 1680, 1685, 1681, -1,
1606, 1608, 1607, -1, 1613, 1524, 1614, -1, 1746, 1704, 1703, -1, 1624, 1626, 1625, -1,
1484, 1358, 1357, -1, 1181, 1507, 1182, -1, 1376, 1451, 1450, -1, 1154, 1156, 1155, -1,
1256, 1273, 1272, -1, 1130, 1128, 1131, -1, 1118, 1038, 1037, -1, 1069, 859, 858, -1,
961, 963, 962, -1, 942, 944, 943, -1, 1013, 1015, 1014, -1, 695, 717, 732, -1,
545, 537, 546, -1, 390, 514, 391, -1, 231, 82, 81, -1, 577, 579, 578, -1,
164, 165, 137, -1
            ]
          }
        }
      ]
    }
  ]
}
Transform {
  children [
    Group {
      children [
        Shape {
          appearance Appearance {
            material Material {
              diffuseColor 0.5 0.5 0.5
              specularColor 0.8 0.8 0.8
              emissiveColor 0 0 0
              ambientIntensity 0.7
              transparency 0
              shininess 0.7
            }
          }
          geometry IndexedFaceSet {
            solid TRUE
            coord Coordinate {
              point [
2.667323 -6.451772 -0.319882, 2.660205 -6.415989 -0.319882,
2.639936 -6.385654 -0.319882, 2.609601 -6.365385 -0.319882,
2.573819 -6.358268 -0.319882, 2.376969 -6.358268 -0.319882,
2.341186 -6.365385 -0.319882, 2.310851 -6.385654 -0.319882,
2.290582 -6.415989 -0.319882, 2.283465 -6.451772 -0.319882,
2.283465 -6.63878 -0.319882, 2.290582 -6.674562 -0.319882,
2.310851 -6.704897 -0.319882, 2.341186 -6.725166 -0.319882,
2.376969 -6.732283 -0.319882, 2.573819 -6.732283 -0.319882,
2.609601 -6.725166 -0.319882, 2.639936 -6.704897 -0.319882,
2.660205 -6.674562 -0.319882, 2.667323 -6.63878 -0.319882,
1.948819 -6.451772 -0.319882, 1.941701 -6.415989 -0.319882,
1.921432 -6.385654 -0.319882, 1.891097 -6.365385 -0.319882,
1.855315 -6.358268 -0.319882, 1.658465 -6.358268 -0.319882,
1.622682 -6.365385 -0.319882, 1.592347 -6.385654 -0.319882,
1.572078 -6.415989 -0.319882, 1.564961 -6.451772 -0.319882,
1.564961 -6.63878 -0.319882, 1.572078 -6.674562 -0.319882,
1.592347 -6.704897 -0.319882, 1.622682 -6.725166 -0.319882,
1.658465 -6.732283 -0.319882, 1.855315 -6.732283 -0.319882,
1.891097 -6.725166 -0.319882, 1.921432 -6.704897 -0.319882,
1.941701 -6.674562 -0.319882, 1.948819 -6.63878 -0.319882
              ]
            }
            coordIndex [
11, 9, 8, -1, 11, 8, 12, -1, 12, 8, 7, -1, 12, 7, 13, -1,
13, 7, 6, -1, 13, 6, 14, -1, 14, 6, 5, -1, 14, 5, 15, -1,
15, 5, 4, -1, 15, 4, 16, -1, 16, 4, 3, -1, 16, 3, 17, -1,
17, 3, 2, -1, 17, 2, 18, -1, 18, 2, 1, -1, 18, 1, 19, -1,
19, 1, 0, -1, 31, 29, 28, -1, 31, 28, 32, -1, 32, 28, 27, -1,
32, 27, 33, -1, 33, 27, 26, -1, 33, 26, 34, -1, 34, 26, 25, -1,
34, 25, 35, -1, 35, 25, 24, -1, 35, 24, 36, -1, 36, 24, 23, -1,
36, 23, 37, -1, 37, 23, 22, -1, 37, 22, 38, -1, 38, 22, 21, -1,
38, 21, 39, -1, 39, 21, 20, -1, 29, 31, 30, -1, 9, 11, 10, -1
            ]
          }
        }
      ]
    }
  ]
}
Transform {
  children [
    Group {
      children [
        Shape {
          appearance Appearance {
            material Material {
              diffuseColor 0.0784 0.2 0.141
              specularColor 0.355 0.44 0.399
              emissiveColor 0 0 0
              ambientIntensity 0.8
              transparency 0.17
              shininess 0.3
            }
          }
          geometry IndexedFaceSet {
            solid TRUE
            coord Coordinate {
              point [
4.42093 7.502591 -0.319882, 4.42093 7.585992 -0.319882,
4.433977 7.668367 -0.319882, 4.459749 7.747686 -0.319882,
4.497613 7.821997 -0.319882, 4.546635 7.88947 -0.319882,
4.605608 7.948444 -0.319882, 4.673081 7.997466 -0.319882,
4.747393 8.03533 -0.319882, 4.826712 8.061102 -0.319882,
4.909087 8.074149 -0.319882, 4.992488 8.074149 -0.319882,
5.074863 8.061102 -0.319882, 5.154182 8.03533 -0.319882,
5.228493 7.997466 -0.319882, 5.295967 7.948444 -0.319882,
5.35494 7.88947 -0.319882, 5.403962 7.821997 -0.319882,
5.441826 7.747686 -0.319882, 5.467598 7.668367 -0.319882,
5.480645 7.585992 -0.319882, 5.480645 7.502591 -0.319882,
5.467598 7.420216 -0.319882, 5.441826 7.340896 -0.319882,
5.403962 7.266585 -0.319882, 5.35494 7.199112 -0.319882,
5.295967 7.140139 -0.319882, 5.228493 7.091117 -0.319882,
5.154182 7.053253 -0.319882, 5.074863 7.027481 -0.319882,
4.992488 7.014434 -0.319882, 4.909087 7.014434 -0.319882,
4.826712 7.027481 -0.319882, 4.747393 7.053253 -0.319882,
4.673081 7.091117 -0.319882, 4.605608 7.140139 -0.319882,
4.546635 7.199112 -0.319882, 4.497613 7.266585 -0.319882,
4.459749 7.340896 -0.319882, 4.433977 7.420216 -0.319882,
3.454364 4.427152 -0.319882, 3.358018 4.46706 -0.319882,
3.267705 4.519202 -0.319882, 3.18497 4.582687 -0.319882,
3.11123 4.656427 -0.319882, 3.047746 4.739161 -0.319882,
2.995604 4.829474 -0.319882, 2.955695 4.925821 -0.319882,
2.928705 5.026552 -0.319882, 2.915093 5.129944 -0.319882,
2.915093 5.234229 -0.319882, 2.928705 5.337621 -0.319882,
2.955695 5.438352 -0.319882, 2.995604 5.534699 -0.319882,
3.047746 5.625012 -0.319882, 3.11123 5.707746 -0.319882,
3.18497 5.781487 -0.319882, 3.267705 5.844971 -0.319882,
3.358018 5.897113 -0.319882, 3.454364 5.937021 -0.319882,
3.555095 5.964012 -0.319882, 3.658488 5.977624 -0.319882,
3.762772 5.977624 -0.319882, 3.866165 5.964012 -0.319882,
3.966896 5.937021 -0.319882, 4.063242 5.897113 -0.319882,
4.153555 5.844971 -0.319882, 4.236289 5.781487 -0.319882,
4.31003 5.707746 -0.319882, 4.373514 5.625012 -0.319882,
4.425656 5.534699 -0.319882, 4.465565 5.438352 -0.319882,
4.492555 5.337621 -0.319882, 4.506167 5.234229 -0.319882,
4.506167 5.129944 -0.319882, 4.492555 5.026552 -0.319882,
4.465565 4.925821 -0.319882, 4.425656 4.829474 -0.319882,
4.373514 4.739161 -0.319882, 4.31003 4.656427 -0.319882,
4.236289 4.582687 -0.319882, 4.153555 4.519202 -0.319882,
4.063242 4.46706 -0.319882, 3.966896 4.427152 -0.319882,
3.866165 4.400161 -0.319882, 3.762772 4.38655 -0.319882,
3.658488 4.38655 -0.319882, 3.555095 4.400161 -0.319882,
6.25 -8.218504 -0.319882, 6.25 8.218504 -0.319882,
-6.25 8.218504 -0.319882, -6.25 7.585992 -0.319882,
-6.25 5.69815 -0.319882, -6.25 4.384843 -0.319882,
-6.25 2.998032 -0.319882, -6.25 0.89567 -0.319882,
-6.25 0.467918 -0.319882, -6.25 -0.28405 -0.319882,
-6.25 -0.938975 -0.319882, -6.25 -3.054059 -0.319882,
-6.25 -4.193196 -0.319882, -6.25 -5.022563 -0.319882,
-6.25 -5.984251 -0.319882, -6.25 -6.451772 -0.319882,
-6.25 -7.187918 -0.319882, -6.25 -8.218504 -0.319882,
6.034422 -4.242126 -0.319882, 6.033411 -4.291056 -0.319882,
6.017304 -4.387581 -0.319882, 5.985529 -4.480139 -0.319882,
5.938953 -4.566205 -0.319882, 5.878846 -4.64343 -0.319882,
5.806848 -4.709709 -0.319882, 5.724922 -4.763233 -0.319882,
5.635305 -4.802543 -0.319882, 5.540439 -4.826567 -0.319882,
5.442913 -4.834648 -0.319882, 5.345387 -4.826567 -0.319882,
5.250522 -4.802543 -0.319882, 5.160904 -4.763233 -0.319882,
5.078979 -4.709709 -0.319882, 5.006981 -4.64343 -0.319882,
4.946874 -4.566205 -0.319882, 4.900298 -4.480139 -0.319882,
4.868522 -4.387581 -0.319882, 4.852415 -4.291056 -0.319882,
4.852415 -4.193196 -0.319882, 4.868522 -4.09667 -0.319882,
4.900298 -4.004113 -0.319882, 4.946874 -3.918047 -0.319882,
5.006981 -3.840822 -0.319882, 5.078979 -3.774543 -0.319882,
5.160904 -3.721019 -0.319882, 5.250522 -3.681709 -0.319882,
5.345387 -3.657685 -0.319882, 5.442913 -3.649604 -0.319882,
5.540439 -3.657685 -0.319882, 5.635305 -3.681709 -0.319882,
5.724922 -3.721019 -0.319882, 5.806848 -3.774543 -0.319882,
5.878846 -3.840822 -0.319882, 5.938953 -3.918047 -0.319882,
5.985529 -4.004113 -0.319882, 6.017304 -4.09667 -0.319882,
6.033411 -4.193196 -0.319882, 4.850031 -7.019355 -0.319882,
4.933433 -7.019355 -0.319882, 5.015807 -7.032402 -0.319882,
5.095127 -7.058174 -0.319882, 5.169438 -7.096038 -0.319882,
5.236911 -7.14506 -0.319882, 5.295885 -7.204033 -0.319882,
5.344907 -7.271507 -0.319882, 5.38277 -7.345818 -0.319882,
5.408543 -7.425137 -0.319882, 5.42159 -7.507512 -0.319882,
5.42159 -7.590913 -0.319882, 5.408543 -7.673288 -0.319882,
5.38277 -7.752607 -0.319882, 5.344907 -7.826919 -0.319882,
5.295885 -7.894392 -0.319882, 5.236911 -7.953365 -0.319882,
5.169438 -8.002387 -0.319882, 5.095127 -8.040251 -0.319882,
5.015807 -8.066023 -0.319882, 4.933433 -8.07907 -0.319882,
4.850031 -8.07907 -0.319882, 4.767657 -8.066023 -0.319882,
4.688337 -8.040251 -0.319882, 4.614026 -8.002387 -0.319882,
4.546553 -7.953365 -0.319882, 4.48758 -7.894392 -0.319882,
4.438557 -7.826919 -0.319882, 4.400694 -7.752607 -0.319882,
4.374922 -7.673288 -0.319882, 4.361875 -7.590913 -0.319882,
4.361875 -7.507512 -0.319882, 4.374922 -7.425137 -0.319882,
4.400694 -7.345818 -0.319882, 4.438557 -7.271507 -0.319882,
4.48758 -7.204033 -0.319882, 4.546553 -7.14506 -0.319882,
4.614026 -7.096038 -0.319882, 4.688337 -7.058174 -0.319882,
4.767657 -7.032402 -0.319882, 2.85433 -5.984251 -0.319882,
2.85433 -4.389763 -0.319882, 4.448819 -4.389763 -0.319882,
4.448819 -5.984251 -0.319882, 1.622682 -6.365385 -0.319882,
1.658465 -6.358268 -0.319882, 1.855315 -6.358268 -0.319882,
1.891097 -6.365385 -0.319882, 1.921432 -6.385654 -0.319882,
1.941701 -6.415989 -0.319882, 1.948819 -6.451772 -0.319882,
1.948819 -6.63878 -0.319882, 1.941701 -6.674562 -0.319882,
1.921432 -6.704897 -0.319882, 1.891097 -6.725166 -0.319882,
1.855315 -6.732283 -0.319882, 1.658465 -6.732283 -0.319882,
1.622682 -6.725166 -0.319882, 1.592347 -6.704897 -0.319882,
1.572078 -6.674562 -0.319882, 1.564961 -6.63878 -0.319882,
1.564961 -6.451772 -0.319882, 1.572078 -6.415989 -0.319882,
1.592347 -6.385654 -0.319882, 0.07874 4.384843 -0.319882,
0.07874 5.979331 -0.319882, 1.673228 5.979331 -0.319882,
1.673228 5.234229 -0.319882, 1.673228 4.384843 -0.319882,
0.154044 -5.629932 -0.319882, 0.101902 -5.539619 -0.319882,
0.061994 -5.443272 -0.319882, 0.035004 -5.342541 -0.319882,
0.021392 -5.239149 -0.319882, 0.021392 -5.134865 -0.319882,
0.035004 -5.031472 -0.319882, 0.061994 -4.930741 -0.319882,
0.101902 -4.834394 -0.319882, 0.154044 -4.744081 -0.319882,
0.217529 -4.661347 -0.319882, 0.291269 -4.587607 -0.319882,
0.374004 -4.524122 -0.319882, 0.464317 -4.47198 -0.319882,
0.560663 -4.432072 -0.319882, 0.661394 -4.405081 -0.319882,
0.764787 -4.39147 -0.319882, 0.869071 -4.39147 -0.319882,
0.972463 -4.405081 -0.319882, 1.073194 -4.432072 -0.319882,
1.169541 -4.47198 -0.319882, 1.259854 -4.524122 -0.319882,
1.342588 -4.587607 -0.319882, 1.416329 -4.661347 -0.319882,
1.479813 -4.744081 -0.319882, 1.531955 -4.834394 -0.319882,
1.571863 -4.930741 -0.319882, 1.598854 -5.031472 -0.319882,
1.612466 -5.134865 -0.319882, 1.612466 -5.239149 -0.319882,
1.598854 -5.342541 -0.319882, 1.571863 -5.443272 -0.319882,
1.531955 -5.539619 -0.319882, 1.479813 -5.629932 -0.319882,
1.416329 -5.712666 -0.319882, 1.342588 -5.786407 -0.319882,
1.259854 -5.849891 -0.319882, 1.169541 -5.902033 -0.319882,
1.073194 -5.941941 -0.319882, 0.972463 -5.968932 -0.319882,
0.869071 -5.982544 -0.319882, 0.764787 -5.982544 -0.319882,
0.661394 -5.968932 -0.319882, 0.560663 -5.941941 -0.319882,
0.464317 -5.902033 -0.319882, 0.374004 -5.849891 -0.319882,
0.291269 -5.786407 -0.319882, 0.217529 -5.712666 -0.319882,
-0.894031 7.502591 -0.319882, -0.894031 7.585992 -0.319882,
-0.880984 7.668367 -0.319882, -0.855211 7.747686 -0.319882,
-0.817348 7.821997 -0.319882, -0.768326 7.88947 -0.319882,
-0.709352 7.948444 -0.319882, -0.641879 7.997466 -0.319882,
-0.567568 8.03533 -0.319882, -0.488248 8.061102 -0.319882,
-0.405874 8.074149 -0.319882, -0.322472 8.074149 -0.319882,
-0.240098 8.061102 -0.319882, -0.160778 8.03533 -0.319882,
-0.086467 7.997466 -0.319882, -0.018994 7.948444 -0.319882,
0.03998 7.88947 -0.319882, 0.089002 7.821997 -0.319882,
0.126865 7.747686 -0.319882, 0.152637 7.668367 -0.319882,
0.165684 7.585992 -0.319882, 0.165684 7.502591 -0.319882,
0.152637 7.420216 -0.319882, 0.126865 7.340896 -0.319882,
0.089002 7.266585 -0.319882, 0.03998 7.199112 -0.319882,
-0.018994 7.140139 -0.319882, -0.086467 7.091117 -0.319882,
-0.160778 7.053253 -0.319882, -0.240098 7.027481 -0.319882,
-0.322472 7.014434 -0.319882, -0.405874 7.014434 -0.319882,
-0.488248 7.027481 -0.319882, -0.567568 7.053253 -0.319882,
-0.641879 7.091117 -0.319882, -0.709352 7.140139 -0.319882,
-0.768326 7.199112 -0.319882, -0.817348 7.266585 -0.319882,
-0.855211 7.340896 -0.319882, -0.880984 7.420216 -0.319882,
-2.019537 -3.054059 -0.319882, -2.019537 -3.146728 -0.319882,
-2.034033 -3.238255 -0.319882, -2.06267 -3.326388 -0.319882,
-2.10474 -3.408956 -0.319882, -2.159209 -3.483926 -0.319882,
-2.224735 -3.549452 -0.319882, -2.299706 -3.603921 -0.319882,
-2.382274 -3.645992 -0.319882, -2.470406 -3.674628 -0.319882,
-2.561933 -3.689124 -0.319882, -2.654602 -3.689124 -0.319882,
-2.746129 -3.674628 -0.319882, -2.834262 -3.645992 -0.319882,
-2.91683 -3.603921 -0.319882, -2.9918 -3.549452 -0.319882,
-3.057326 -3.483926 -0.319882, -3.111795 -3.408956 -0.319882,
-3.153866 -3.326388 -0.319882, -3.182502 -3.238255 -0.319882,
-3.196998 -3.146728 -0.319882, -3.196998 -3.054059 -0.319882,
-3.182502 -2.962532 -0.319882, -3.153866 -2.8744 -0.319882,
-3.111795 -2.791831 -0.319882, -3.057326 -2.716861 -0.319882,
-2.9918 -2.651335 -0.319882, -2.91683 -2.596866 -0.319882,
-2.834262 -2.554796 -0.319882, -2.746129 -2.526159 -0.319882,
-2.654602 -2.511663 -0.319882, -2.561933 -2.511663 -0.319882,
-2.470406 -2.526159 -0.319882, -2.382274 -2.554796 -0.319882,
-2.299706 -2.596866 -0.319882, -2.224735 -2.651335 -0.319882,
-2.159209 -2.716861 -0.319882, -2.10474 -2.791831 -0.319882,
-2.06267 -2.8744 -0.319882, -2.034033 -2.962532 -0.319882,
-0.953086 -7.590912 -0.319882, -0.953086 -7.507511 -0.319882,
-0.940039 -7.425136 -0.319882, -0.914267 -7.345817 -0.319882,
-0.876404 -7.271506 -0.319882, -0.827381 -7.204032 -0.319882,
-0.768408 -7.145059 -0.319882, -0.700935 -7.096037 -0.319882,
-0.626624 -7.058173 -0.319882, -0.547304 -7.032401 -0.319882,
-0.46493 -7.019354 -0.319882, -0.381528 -7.019354 -0.319882,
-0.299154 -7.032401 -0.319882, -0.219834 -7.058173 -0.319882,
-0.145523 -7.096037 -0.319882, -0.07805 -7.145059 -0.319882,
-0.019076 -7.204032 -0.319882, 0.029946 -7.271506 -0.319882,
0.067809 -7.345817 -0.319882, 0.093582 -7.425136 -0.319882,
0.106629 -7.507511 -0.319882, 0.106629 -7.507512 -0.319882,
0.106629 -7.590912 -0.319882, 0.093582 -7.673287 -0.319882,
0.067809 -7.752606 -0.319882, 0.029946 -7.826917 -0.319882,
-0.019076 -7.894391 -0.319882, -0.07805 -7.953364 -0.319882,
-0.145523 -8.002386 -0.319882, -0.219834 -8.04025 -0.319882,
-0.299154 -8.066022 -0.319882, -0.381528 -8.079069 -0.319882,
-0.46493 -8.079069 -0.319882, -0.547304 -8.066022 -0.319882,
-0.626624 -8.04025 -0.319882, -0.700935 -8.002386 -0.319882,
-0.768408 -7.953364 -0.319882, -0.827381 -7.894391 -0.319882,
-0.876404 -7.826917 -0.319882, -0.914267 -7.752606 -0.319882,
-0.940039 -7.673287 -0.319882, -4.883449 -3.408956 -0.319882,
-4.925519 -3.326388 -0.319882, -4.954156 -3.238255 -0.319882,
-4.968652 -3.146728 -0.319882, -4.968652 -3.054059 -0.319882,
-4.954156 -2.962532 -0.319882, -4.925519 -2.8744 -0.319882,
-4.883449 -2.791831 -0.319882, -4.82898 -2.716861 -0.319882,
-4.763454 -2.651335 -0.319882, -4.688483 -2.596866 -0.319882,
-4.605915 -2.554796 -0.319882, -4.517783 -2.526159 -0.319882,
-4.426256 -2.511663 -0.319882, -4.333587 -2.511663 -0.319882,
-4.24206 -2.526159 -0.319882, -4.153927 -2.554796 -0.319882,
-4.071359 -2.596866 -0.319882, -3.996389 -2.651335 -0.319882,
-3.930863 -2.716861 -0.319882, -3.876394 -2.791831 -0.319882,
-3.834323 -2.8744 -0.319882, -3.805687 -2.962532 -0.319882,
-3.791191 -3.054059 -0.319882, -3.791191 -3.146728 -0.319882,
-3.805687 -3.238255 -0.319882, -3.834323 -3.326388 -0.319882,
-3.876394 -3.408956 -0.319882, -3.930863 -3.483926 -0.319882,
-3.996389 -3.549452 -0.319882, -4.071359 -3.603921 -0.319882,
-4.153927 -3.645992 -0.319882, -4.24206 -3.674628 -0.319882,
-4.333587 -3.689124 -0.319882, -4.426256 -3.689124 -0.319882,
-4.517783 -3.674628 -0.319882, -4.605915 -3.645992 -0.319882,
-4.688483 -3.603921 -0.319882, -4.763454 -3.549452 -0.319882,
-4.82898 -3.483926 -0.319882, 2.283465 -6.63878 -0.319882,
2.283465 -6.451772 -0.319882, 2.290582 -6.415989 -0.319882,
2.310851 -6.385654 -0.319882, 2.341186 -6.365385 -0.319882,
2.376969 -6.358268 -0.319882, 2.573819 -6.358268 -0.319882,
2.609601 -6.365385 -0.319882, 2.639936 -6.385654 -0.319882,
2.660205 -6.415989 -0.319882, 2.667323 -6.451772 -0.319882,
2.667323 -6.63878 -0.319882, 2.660205 -6.674562 -0.319882,
2.639936 -6.704897 -0.319882, 2.609601 -6.725166 -0.319882,
2.573819 -6.732283 -0.319882, 2.376969 -6.732283 -0.319882,
2.341186 -6.725166 -0.319882, 2.310851 -6.704897 -0.319882,
2.290582 -6.674562 -0.319882, -3.692765 -5.022563 -0.319882,
-3.692765 -5.115232 -0.319882, -3.707262 -5.206759 -0.319882,
-3.735898 -5.294892 -0.319882, -3.777969 -5.37746 -0.319882,
-3.832437 -5.45243 -0.319882, -3.897964 -5.517956 -0.319882,
-3.972934 -5.572425 -0.319882, -4.055502 -5.614496 -0.319882,
-4.143635 -5.643132 -0.319882, -4.235162 -5.657628 -0.319882,
-4.32783 -5.657628 -0.319882, -4.419357 -5.643132 -0.319882,
-4.50749 -5.614496 -0.319882, -4.590058 -5.572425 -0.319882,
-4.665028 -5.517956 -0.319882, -4.730555 -5.45243 -0.319882,
-4.785024 -5.37746 -0.319882, -4.827094 -5.294892 -0.319882,
-4.85573 -5.206759 -0.319882, -4.870227 -5.115232 -0.319882,
-4.870227 -5.022563 -0.319882, -4.85573 -4.931036 -0.319882,
-4.827094 -4.842904 -0.319882, -4.785024 -4.760335 -0.319882,
-4.730555 -4.685365 -0.319882, -4.665028 -4.619839 -0.319882,
-4.590058 -4.56537 -0.319882, -4.50749 -4.5233 -0.319882,
-4.419357 -4.494663 -0.319882, -4.32783 -4.480167 -0.319882,
-4.235162 -4.480167 -0.319882, -4.143635 -4.494663 -0.319882,
-4.055502 -4.5233 -0.319882, -3.972934 -4.56537 -0.319882,
-3.897964 -4.619839 -0.319882, -3.832437 -4.685365 -0.319882,
-3.777969 -4.760335 -0.319882, -3.735898 -4.842904 -0.319882,
-3.707262 -4.931036 -0.319882, -3.196998 -5.115232 -0.319882,
-3.196998 -5.022563 -0.319882, -3.182502 -4.931036 -0.319882,
-3.153866 -4.842904 -0.319882, -3.111795 -4.760335 -0.319882,
-3.057326 -4.685365 -0.319882, -2.9918 -4.619839 -0.319882,
-2.91683 -4.56537 -0.319882, -2.834262 -4.5233 -0.319882,
-2.746129 -4.494663 -0.319882, -2.654602 -4.480167 -0.319882,
-2.561933 -4.480167 -0.319882, -2.470406 -4.494663 -0.319882,
-2.382274 -4.5233 -0.319882, -2.299706 -4.56537 -0.319882,
-2.224735 -4.619839 -0.319882, -2.159209 -4.685365 -0.319882,
-2.10474 -4.760335 -0.319882, -2.06267 -4.842904 -0.319882,
-2.034033 -4.931036 -0.319882, -2.019537 -5.022563 -0.319882,
-2.019537 -5.115232 -0.319882, -2.022646 -5.134865 -0.319882,
-2.034033 -5.206759 -0.319882, -2.06267 -5.294892 -0.319882,
-2.10474 -5.37746 -0.319882, -2.159209 -5.45243 -0.319882,
-2.224735 -5.517956 -0.319882, -2.299706 -5.572425 -0.319882,
-2.382274 -5.614496 -0.319882, -2.470406 -5.643132 -0.319882,
-2.561933 -5.657628 -0.319882, -2.654602 -5.657628 -0.319882,
-2.746129 -5.643132 -0.319882, -2.834262 -5.614496 -0.319882,
-2.91683 -5.572425 -0.319882, -2.9918 -5.517956 -0.319882,
-3.057326 -5.45243 -0.319882, -3.111795 -5.37746 -0.319882,
-3.153866 -5.294892 -0.319882, -3.182502 -5.206759 -0.319882,
-3.196998 -7.187918 -0.319882, -3.182502 -7.096391 -0.319882,
-3.153866 -7.008258 -0.319882, -3.111795 -6.92569 -0.319882,
-3.057326 -6.85072 -0.319882, -2.9918 -6.785193 -0.319882,
-2.91683 -6.730724 -0.319882, -2.834262 -6.688654 -0.319882,
-2.746129 -6.660018 -0.319882, -2.654602 -6.645521 -0.319882,
-2.561933 -6.645521 -0.319882, -2.470406 -6.660018 -0.319882,
-2.382274 -6.688654 -0.319882, -2.299706 -6.730724 -0.319882,
-2.224735 -6.785193 -0.319882, -2.159209 -6.85072 -0.319882,
-2.10474 -6.92569 -0.319882, -2.06267 -7.008258 -0.319882,
-2.034033 -7.096391 -0.319882, -2.019537 -7.187918 -0.319882,
-2.019537 -7.280586 -0.319882, -2.034033 -7.372113 -0.319882,
-2.06267 -7.460246 -0.319882, -2.086752 -7.507511 -0.319882,
-2.10474 -7.542814 -0.319882, -2.159209 -7.617784 -0.319882,
-2.224735 -7.683311 -0.319882, -2.299706 -7.73778 -0.319882,
-2.382274 -7.77985 -0.319882, -2.470406 -7.808486 -0.319882,
-2.561933 -7.822983 -0.319882, -2.654602 -7.822983 -0.319882,
-2.746129 -7.808486 -0.319882, -2.834262 -7.77985 -0.319882,
-2.91683 -7.73778 -0.319882, -2.9918 -7.683311 -0.319882,
-3.057326 -7.617784 -0.319882, -3.111795 -7.542814 -0.319882,
-3.153866 -7.460246 -0.319882, -3.182502 -7.372113 -0.319882,
-3.196998 -7.280586 -0.319882, -3.692765 -7.187918 -0.319882,
-3.692765 -7.280586 -0.319882, -3.707262 -7.372113 -0.319882,
-3.735898 -7.460246 -0.319882, -3.777969 -7.542814 -0.319882,
-3.832437 -7.617784 -0.319882, -3.897964 -7.683311 -0.319882,
-3.972934 -7.73778 -0.319882, -4.055502 -7.77985 -0.319882,
-4.143635 -7.808486 -0.319882, -4.235162 -7.822983 -0.319882,
-4.32783 -7.822983 -0.319882, -4.419357 -7.808486 -0.319882,
-4.50749 -7.77985 -0.319882, -4.590058 -7.73778 -0.319882,
-4.665028 -7.683311 -0.319882, -4.730555 -7.617784 -0.319882,
-4.785024 -7.542814 -0.319882, -4.827094 -7.460246 -0.319882,
-4.85573 -7.372113 -0.319882, -4.870227 -7.280586 -0.319882,
-4.870227 -7.187918 -0.319882, -4.85573 -7.096391 -0.319882,
-4.827094 -7.008258 -0.319882, -4.785024 -6.92569 -0.319882,
-4.730555 -6.85072 -0.319882, -4.665028 -6.785193 -0.319882,
-4.590058 -6.730724 -0.319882, -4.50749 -6.688654 -0.319882,
-4.419357 -6.660018 -0.319882, -4.32783 -6.645521 -0.319882,
-4.235162 -6.645521 -0.319882, -4.143635 -6.660018 -0.319882,
-4.055502 -6.688654 -0.319882, -3.972934 -6.730724 -0.319882,
-3.897964 -6.785193 -0.319882, -3.832437 -6.85072 -0.319882,
-3.777969 -6.92569 -0.319882, -3.735898 -7.008258 -0.319882,
-3.707262 -7.096391 -0.319882, -3.426618 0.410033 -0.319882,
-3.437911 0.353261 -0.319882, -3.460062 0.299783 -0.319882,
-3.49222 0.251655 -0.319882, -3.533151 0.210724 -0.319882,
-3.58128 0.178566 -0.319882, -3.634757 0.156415 -0.319882,
-3.69153 0.145122 -0.319882, -3.749414 0.145122 -0.319882,
-3.806186 0.156415 -0.319882, -3.859664 0.178566 -0.319882,
-3.907793 0.210724 -0.319882, -3.948723 0.251655 -0.319882,
-3.980881 0.299783 -0.319882, -4.003033 0.353261 -0.319882,
-4.014326 0.410033 -0.319882, -4.014326 0.467918 -0.319882,
-4.003033 0.52469 -0.319882, -3.980881 0.578168 -0.319882,
-3.948723 0.626296 -0.319882, -3.907793 0.667227 -0.319882,
-3.859664 0.699385 -0.319882, -3.806186 0.721537 -0.319882,
-3.749414 0.73283 -0.319882, -3.69153 0.73283 -0.319882,
-3.634757 0.721537 -0.319882, -3.58128 0.699385 -0.319882,
-3.533151 0.667227 -0.319882, -3.49222 0.626296 -0.319882,
-3.460062 0.578168 -0.319882, -3.437911 0.52469 -0.319882,
-3.426618 0.467918 -0.319882, -3.426619 -0.28405 -0.319882,
-3.426619 -0.341934 -0.319882, -3.437911 -0.398706 -0.319882,
-3.460063 -0.452184 -0.319882, -3.492221 -0.500313 -0.319882,
-3.533152 -0.541243 -0.319882, -3.58128 -0.573402 -0.319882,
-3.634758 -0.595553 -0.319882, -3.69153 -0.606846 -0.319882,
-3.749415 -0.606846 -0.319882, -3.806187 -0.595553 -0.319882,
-3.859665 -0.573402 -0.319882, -3.907793 -0.541243 -0.319882,
-3.948724 -0.500313 -0.319882, -3.980882 -0.452184 -0.319882,
-4.003033 -0.398706 -0.319882, -4.014326 -0.341934 -0.319882,
-4.014326 -0.28405 -0.319882, -4.003033 -0.227278 -0.319882,
-3.980882 -0.1738 -0.319882, -3.948724 -0.125671 -0.319882,
-3.907793 -0.084741 -0.319882, -3.859665 -0.052582 -0.319882,
-3.806187 -0.030431 -0.319882, -3.749415 -0.019138 -0.319882,
-3.69153 -0.019138 -0.319882, -3.634758 -0.030431 -0.319882,
-3.58128 -0.052582 -0.319882, -3.533152 -0.084741 -0.319882,
-3.492221 -0.125671 -0.319882, -3.460063 -0.1738 -0.319882,
-3.437911 -0.227278 -0.319882, -3.335884 4.832836 -0.319882,
-3.441126 4.766047 -0.319882, -3.553909 4.712976 -0.319882,
-3.672454 4.674458 -0.319882, -3.794892 4.651102 -0.319882,
-3.919291 4.643275 -0.319882, -4.043691 4.651102 -0.319882,
-4.166129 4.674458 -0.319882, -4.284674 4.712976 -0.319882,
-4.397457 4.766047 -0.319882, -4.502698 4.832836 -0.319882,
-4.59874 4.912288 -0.319882, -4.684065 5.00315 -0.319882,
-4.75733 5.103991 -0.319882, -4.817379 5.213219 -0.319882,
-4.863264 5.329111 -0.319882, -4.894262 5.449841 -0.319882,
-4.909884 5.573504 -0.319882, -4.909884 5.69815 -0.319882,
-4.894262 5.821812 -0.319882, -4.863264 5.942542 -0.319882,
-4.817379 6.058435 -0.319882, -4.75733 6.167663 -0.319882,
-4.684065 6.268503 -0.319882, -4.59874 6.359366 -0.319882,
-4.502698 6.438818 -0.319882, -4.397457 6.505606 -0.319882,
-4.284674 6.558678 -0.319882, -4.166129 6.597196 -0.319882,
-4.043691 6.620552 -0.319882, -3.919291 6.628378 -0.319882,
-3.794892 6.620552 -0.319882, -3.672454 6.597196 -0.319882,
-3.553909 6.558678 -0.319882, -3.441126 6.505606 -0.319882,
-3.335884 6.438818 -0.319882, -3.239843 6.359366 -0.319882,
-3.154517 6.268503 -0.319882, -3.081252 6.167663 -0.319882,
-3.021204 6.058435 -0.319882, -2.975319 5.942542 -0.319882,
-2.94432 5.821812 -0.319882, -2.928698 5.69815 -0.319882,
-2.92772 5.635827 -0.319882, -2.928698 5.573504 -0.319882,
-2.94432 5.449841 -0.319882, -2.975319 5.329111 -0.319882,
-3.021204 5.213219 -0.319882, -3.081252 5.103991 -0.319882,
-3.154517 5.00315 -0.319882, -3.239843 4.912288 -0.319882,
-4.015748 0.89567 -0.319882, -4.015748 1.486221 -0.319882,
-3.425197 1.486221 -0.319882, -3.425197 0.89567 -0.319882,
5.885827 1.81693 -0.319882, 5.883969 1.750705 -0.319882,
5.869139 1.619087 -0.319882, 5.839666 1.489958 -0.319882,
5.795921 1.364941 -0.319882, 5.738453 1.245608 -0.319882,
5.667985 1.133459 -0.319882, 5.585404 1.029906 -0.319882,
5.491748 0.93625 -0.319882, 5.388194 0.853669 -0.319882,
5.276046 0.783201 -0.319882, 5.156713 0.725733 -0.319882,
5.031696 0.681988 -0.319882, 4.902567 0.652515 -0.319882,
4.770949 0.637685 -0.319882, 4.6385 0.637685 -0.319882,
4.506882 0.652515 -0.319882, 4.377753 0.681988 -0.319882,
4.252736 0.725733 -0.319882, 4.133403 0.783201 -0.319882,
4.021254 0.853669 -0.319882, 3.917701 0.93625 -0.319882,
3.824045 1.029906 -0.319882, 3.741463 1.133459 -0.319882,
3.670996 1.245608 -0.319882, 3.613528 1.364941 -0.319882,
3.569783 1.489958 -0.319882, 3.54031 1.619087 -0.319882,
3.52548 1.750705 -0.319882, 3.523622 1.81693 -0.319882,
3.523622 2.998032 -0.319882, 3.52548 3.064257 -0.319882,
3.54031 3.195874 -0.319882, 3.569783 3.325003 -0.319882,
3.613528 3.45002 -0.319882, 3.670996 3.569354 -0.319882,
3.741463 3.681502 -0.319882, 3.824045 3.785056 -0.319882,
3.917701 3.878711 -0.319882, 4.021254 3.961293 -0.319882,
4.133403 4.03176 -0.319882, 4.252736 4.089228 -0.319882,
4.377753 4.132974 -0.319882, 4.506882 4.162446 -0.319882,
4.6385 4.177276 -0.319882, 4.770949 4.177276 -0.319882,
4.902567 4.162446 -0.319882, 5.031696 4.132974 -0.319882,
5.156713 4.089228 -0.319882, 5.276046 4.03176 -0.319882,
5.388194 3.961293 -0.319882, 5.491748 3.878711 -0.319882,
5.585404 3.785056 -0.319882, 5.667985 3.681502 -0.319882,
5.738453 3.569354 -0.319882, 5.795921 3.45002 -0.319882,
5.839666 3.325003 -0.319882, 5.869139 3.195874 -0.319882,
5.883969 3.064257 -0.319882, 5.885827 2.998032 -0.319882,
5.885827 -0.938975 -0.319882, 5.885827 -2.120078 -0.319882,
5.883969 -2.186302 -0.319882, 5.869139 -2.31792 -0.319882,
5.839666 -2.447049 -0.319882, 5.795921 -2.572066 -0.319882,
5.738453 -2.691399 -0.319882, 5.667985 -2.803548 -0.319882,
5.585404 -2.907101 -0.319882, 5.491748 -3.000757 -0.319882,
5.388194 -3.083339 -0.319882, 5.276046 -3.153806 -0.319882,
5.156713 -3.211274 -0.319882, 5.031696 -3.255019 -0.319882,
4.902567 -3.284492 -0.319882, 4.770949 -3.299322 -0.319882,
4.6385 -3.299322 -0.319882, 4.506882 -3.284492 -0.319882,
4.377753 -3.255019 -0.319882, 4.252736 -3.211274 -0.319882,
4.133403 -3.153806 -0.319882, 4.021254 -3.083339 -0.319882,
3.917701 -3.000757 -0.319882, 3.824045 -2.907101 -0.319882,
3.741463 -2.803548 -0.319882, 3.670996 -2.691399 -0.319882,
3.613528 -2.572066 -0.319882, 3.569783 -2.447049 -0.319882,
3.54031 -2.31792 -0.319882, 3.52548 -2.186302 -0.319882,
3.523622 -2.120078 -0.319882, 3.523622 -0.938975 -0.319882,
3.52548 -0.87275 -0.319882, 3.54031 -0.741133 -0.319882,
3.569783 -0.612004 -0.319882, 3.613528 -0.486987 -0.319882,
3.670996 -0.367654 -0.319882, 3.741463 -0.255505 -0.319882,
3.824045 -0.151952 -0.319882, 3.917701 -0.058296 -0.319882,
4.021254 0.024286 -0.319882, 4.133403 0.094753 -0.319882,
4.252736 0.152221 -0.319882, 4.377753 0.195967 -0.319882,
4.506882 0.225439 -0.319882, 4.6385 0.240269 -0.319882,
4.770949 0.240269 -0.319882, 4.902567 0.225439 -0.319882,
5.031696 0.195967 -0.319882, 5.156713 0.152221 -0.319882,
5.276046 0.094753 -0.319882, 5.388194 0.024286 -0.319882,
5.491748 -0.058296 -0.319882, 5.585404 -0.151952 -0.319882,
5.667985 -0.255505 -0.319882, 5.738453 -0.367654 -0.319882,
5.795921 -0.486987 -0.319882, 5.839666 -0.612004 -0.319882,
5.869139 -0.741133 -0.319882, 5.883969 -0.87275 -0.319882
              ]
            }
            coordIndex [
117, 116, 153, -1, 153, 116, 154, -1, 154, 116, 155, -1, 155, 116, 88, -1,
88, 116, 115, -1, 150, 149, 118, -1, 150, 118, 151, -1, 151, 118, 117, -1,
151, 117, 152, -1, 152, 117, 153, -1, 147, 121, 120, -1, 147, 120, 148, -1,
148, 120, 119, -1, 148, 119, 149, -1, 149, 119, 118, -1, 123, 122, 146, -1,
146, 122, 147, -1, 147, 122, 121, -1, 799, 798, 126, -1, 799, 126, 145, -1,
145, 126, 125, -1, 145, 125, 146, -1, 146, 125, 124, -1, 146, 124, 123, -1,
782, 781, 89, -1, 782, 89, 783, -1, 783, 89, 141, -1, 783, 141, 724, -1,
724, 141, 784, -1, 724, 784, 725, -1, 725, 784, 843, -1, 725, 843, 726, -1,
726, 843, 842, -1, 726, 842, 727, -1, 727, 842, 841, -1, 727, 841, 728, -1,
728, 841, 840, -1, 728, 840, 729, -1, 729, 840, 839, -1, 729, 839, 730, -1,
730, 839, 838, -1, 730, 838, 731, -1, 731, 838, 837, -1, 731, 837, 732, -1,
732, 837, 836, -1, 732, 836, 733, -1, 733, 836, 835, -1, 733, 835, 734, -1,
734, 835, 834, -1, 734, 834, 735, -1, 735, 834, 833, -1, 735, 833, 736, -1,
736, 833, 832, -1, 736, 832, 737, -1, 737, 832, 831, -1, 737, 831, 738, -1,
738, 831, 830, -1, 738, 830, 739, -1, 739, 830, 829, -1, 739, 829, 740, -1,
740, 829, 828, -1, 740, 828, 741, -1, 741, 828, 827, -1, 741, 827, 742, -1,
742, 827, 826, -1, 742, 826, 743, -1, 743, 826, 825, -1, 743, 825, 744, -1,
744, 825, 824, -1, 744, 824, 745, -1, 745, 824, 823, -1, 745, 823, 746, -1,
746, 823, 822, -1, 746, 822, 747, -1, 747, 822, 821, -1, 747, 821, 748, -1,
748, 821, 820, -1, 748, 820, 749, -1, 749, 820, 819, -1, 749, 819, 750, -1,
750, 819, 818, -1, 750, 818, 751, -1, 751, 818, 817, -1, 751, 817, 752, -1,
752, 817, 816, -1, 752, 816, 753, -1, 753, 816, 815, -1, 753, 815, 754, -1,
754, 815, 814, -1, 754, 814, 40, -1, 40, 814, 41, -1, 89, 88, 106, -1,
106, 88, 107, -1, 107, 88, 108, -1, 108, 88, 109, -1, 109, 88, 110, -1,
110, 88, 111, -1, 111, 88, 112, -1, 112, 88, 113, -1, 113, 88, 114, -1,
114, 88, 115, -1, 141, 89, 142, -1, 142, 89, 143, -1, 143, 89, 144, -1,
144, 89, 106, -1, 90, 89, 272, -1, 272, 89, 273, -1, 273, 89, 274, -1,
274, 89, 275, -1, 275, 89, 276, -1, 276, 89, 277, -1, 277, 89, 278, -1,
278, 89, 279, -1, 279, 89, 280, -1, 280, 89, 281, -1, 281, 89, 282, -1,
282, 89, 10, -1, 10, 89, 11, -1, 11, 89, 12, -1, 12, 89, 13, -1,
13, 89, 14, -1, 14, 89, 15, -1, 15, 89, 16, -1, 16, 89, 17, -1,
17, 89, 18, -1, 18, 89, 19, -1, 19, 89, 20, -1, 20, 89, 775, -1,
775, 89, 776, -1, 776, 89, 777, -1, 777, 89, 778, -1, 778, 89, 779, -1,
779, 89, 780, -1, 780, 89, 781, -1, 38, 37, 71, -1, 38, 71, 39, -1,
39, 71, 70, -1, 39, 70, 0, -1, 0, 70, 69, -1, 0, 69, 1, -1,
1, 69, 68, -1, 1, 68, 67, -1, 64, 63, 2, -1, 64, 2, 65, -1,
65, 2, 1, -1, 65, 1, 66, -1, 66, 1, 67, -1, 4, 3, 59, -1,
59, 3, 60, -1, 60, 3, 61, -1, 61, 3, 62, -1, 62, 3, 63, -1,
63, 3, 2, -1, 5, 4, 211, -1, 211, 4, 54, -1, 54, 4, 55, -1,
55, 4, 56, -1, 56, 4, 57, -1, 57, 4, 58, -1, 58, 4, 59, -1,
51, 50, 211, -1, 211, 50, 191, -1, 191, 50, 192, -1, 192, 50, 193, -1,
193, 50, 194, -1, 194, 50, 195, -1, 195, 50, 424, -1, 424, 50, 425, -1,
425, 50, 426, -1, 426, 50, 427, -1, 427, 50, 428, -1, 428, 50, 429, -1,
429, 50, 430, -1, 430, 50, 431, -1, 431, 50, 432, -1, 432, 50, 433, -1,
433, 50, 186, -1, 186, 50, 49, -1, 186, 185, 433, -1, 433, 185, 171, -1,
171, 185, 172, -1, 172, 185, 173, -1, 173, 185, 174, -1, 174, 185, 175, -1,
175, 185, 176, -1, 176, 185, 188, -1, 196, 195, 441, -1, 441, 195, 442, -1,
442, 195, 423, -1, 423, 195, 424, -1, 51, 211, 52, -1, 52, 211, 53, -1,
53, 211, 54, -1, 5, 211, 6, -1, 6, 211, 7, -1, 7, 211, 282, -1,
282, 211, 283, -1, 283, 211, 284, -1, 284, 211, 285, -1, 285, 211, 286, -1,
286, 211, 210, -1, 7, 282, 8, -1, 8, 282, 9, -1, 9, 282, 10, -1,
264, 263, 333, -1, 333, 263, 334, -1, 334, 263, 335, -1, 335, 263, 336, -1,
336, 263, 337, -1, 337, 263, 338, -1, 338, 263, 339, -1, 339, 263, 340, -1,
340, 263, 341, -1, 341, 263, 302, -1, 302, 263, 343, -1, 343, 263, 344, -1,
344, 263, 345, -1, 345, 263, 262, -1, 483, 524, 323, -1, 483, 323, 484, -1,
484, 323, 322, -1, 484, 322, 485, -1, 485, 322, 321, -1, 485, 321, 486, -1,
486, 321, 320, -1, 486, 320, 487, -1, 487, 320, 319, -1, 487, 319, 488, -1,
488, 319, 318, -1, 488, 318, 489, -1, 489, 318, 317, -1, 489, 317, 490, -1,
490, 317, 316, -1, 490, 316, 491, -1, 491, 316, 315, -1, 491, 315, 492, -1,
492, 315, 314, -1, 492, 314, 493, -1, 493, 314, 313, -1, 493, 313, 494, -1,
494, 313, 312, -1, 494, 312, 495, -1, 495, 312, 311, -1, 495, 311, 496, -1,
496, 311, 310, -1, 496, 310, 497, -1, 497, 310, 309, -1, 497, 309, 498, -1,
498, 309, 308, -1, 498, 308, 499, -1, 499, 308, 307, -1, 499, 307, 500, -1,
500, 307, 306, -1, 500, 306, 501, -1, 501, 306, 305, -1, 501, 305, 502, -1,
502, 305, 304, -1, 502, 304, 503, -1, 503, 304, 303, -1, 503, 303, 382, -1,
382, 303, 302, -1, 382, 302, 342, -1, 342, 302, 343, -1, 265, 264, 712, -1,
712, 264, 329, -1, 329, 264, 330, -1, 330, 264, 331, -1, 331, 264, 332, -1,
332, 264, 333, -1, 711, 710, 267, -1, 711, 267, 712, -1, 712, 267, 266, -1,
712, 266, 265, -1, 269, 268, 706, -1, 706, 268, 707, -1, 707, 268, 708, -1,
708, 268, 709, -1, 709, 268, 710, -1, 710, 268, 267, -1, 270, 269, 702, -1,
702, 269, 703, -1, 703, 269, 704, -1, 704, 269, 705, -1, 705, 269, 706, -1,
271, 270, 90, -1, 90, 270, 696, -1, 696, 270, 697, -1, 697, 270, 698, -1,
698, 270, 699, -1, 699, 270, 700, -1, 700, 270, 701, -1, 701, 270, 702, -1,
685, 684, 390, -1, 685, 390, 686, -1, 686, 390, 389, -1, 686, 389, 687, -1,
687, 389, 388, -1, 687, 388, 387, -1, 91, 90, 585, -1, 585, 90, 386, -1,
386, 90, 387, -1, 387, 90, 687, -1, 687, 90, 688, -1, 688, 90, 689, -1,
689, 90, 690, -1, 690, 90, 691, -1, 691, 90, 692, -1, 692, 90, 693, -1,
693, 90, 694, -1, 694, 90, 695, -1, 695, 90, 696, -1, 155, 88, 156, -1,
156, 88, 157, -1, 157, 88, 158, -1, 158, 88, 159, -1, 159, 88, 160, -1,
160, 88, 161, -1, 161, 88, 162, -1, 162, 88, 163, -1, 163, 88, 164, -1,
164, 88, 165, -1, 165, 88, 166, -1, 166, 88, 365, -1, 365, 88, 366, -1,
366, 88, 367, -1, 367, 88, 368, -1, 368, 88, 369, -1, 369, 88, 370, -1,
370, 88, 371, -1, 371, 88, 372, -1, 372, 88, 373, -1, 373, 88, 374, -1,
374, 88, 105, -1, 433, 171, 170, -1, 433, 170, 434, -1, 434, 170, 169, -1,
434, 169, 435, -1, 435, 169, 436, -1, 436, 169, 437, -1, 437, 169, 438, -1,
438, 169, 439, -1, 439, 169, 440, -1, 440, 169, 196, -1, 196, 169, 197, -1,
197, 169, 168, -1, 197, 168, 198, -1, 198, 168, 199, -1, 199, 168, 200, -1,
200, 168, 201, -1, 201, 168, 202, -1, 202, 168, 362, -1, 362, 168, 167, -1,
205, 247, 246, -1, 205, 246, 206, -1, 206, 246, 245, -1, 206, 245, 207, -1,
207, 245, 244, -1, 207, 244, 208, -1, 208, 244, 189, -1, 248, 247, 205, -1,
248, 205, 249, -1, 249, 205, 204, -1, 249, 204, 250, -1, 250, 204, 251, -1,
253, 252, 203, -1, 203, 252, 204, -1, 204, 252, 251, -1, 253, 203, 254, -1,
254, 203, 255, -1, 255, 203, 256, -1, 256, 203, 257, -1, 257, 203, 258, -1,
258, 203, 259, -1, 259, 203, 362, -1, 362, 203, 202, -1, 259, 362, 260, -1,
260, 362, 261, -1, 261, 362, 214, -1, 214, 362, 215, -1, 215, 362, 361, -1,
167, 166, 362, -1, 363, 166, 364, -1, 364, 166, 365, -1, 503, 382, 381, -1,
503, 381, 504, -1, 504, 381, 543, -1, 504, 543, 505, -1, 505, 543, 506, -1,
544, 543, 377, -1, 377, 543, 378, -1, 378, 543, 379, -1, 379, 543, 380, -1,
380, 543, 381, -1, 546, 545, 376, -1, 376, 545, 377, -1, 377, 545, 544, -1,
546, 376, 547, -1, 547, 376, 548, -1, 548, 376, 549, -1, 549, 376, 375, -1,
549, 375, 550, -1, 550, 375, 551, -1, 551, 375, 552, -1, 552, 375, 374, -1,
552, 374, 553, -1, 553, 374, 554, -1, 554, 374, 555, -1, 555, 374, 571, -1,
571, 374, 572, -1, 572, 374, 573, -1, 573, 374, 574, -1, 574, 374, 575, -1,
575, 374, 576, -1, 576, 374, 105, -1, 524, 564, 323, -1, 323, 564, 719, -1,
719, 564, 669, -1, 669, 564, 722, -1, 722, 564, 723, -1, 723, 564, 636, -1,
636, 564, 605, -1, 605, 564, 637, -1, 637, 564, 638, -1, 638, 564, 639, -1,
639, 564, 640, -1, 640, 564, 641, -1, 641, 564, 642, -1, 642, 564, 643, -1,
643, 564, 644, -1, 644, 564, 645, -1, 645, 564, 443, -1, 443, 564, 563, -1,
585, 383, 464, -1, 585, 464, 586, -1, 586, 464, 463, -1, 586, 463, 587, -1,
587, 463, 462, -1, 587, 462, 588, -1, 588, 462, 461, -1, 588, 461, 589, -1,
589, 461, 460, -1, 589, 460, 590, -1, 590, 460, 459, -1, 590, 459, 591, -1,
591, 459, 458, -1, 591, 458, 592, -1, 592, 458, 457, -1, 592, 457, 593, -1,
593, 457, 456, -1, 593, 456, 594, -1, 594, 456, 455, -1, 594, 455, 595, -1,
595, 455, 454, -1, 595, 454, 596, -1, 596, 454, 453, -1, 596, 453, 597, -1,
597, 453, 452, -1, 597, 452, 598, -1, 598, 452, 451, -1, 598, 451, 599, -1,
599, 451, 450, -1, 599, 450, 600, -1, 600, 450, 449, -1, 600, 449, 601, -1,
601, 449, 448, -1, 601, 448, 602, -1, 602, 448, 447, -1, 602, 447, 603, -1,
603, 447, 446, -1, 603, 446, 604, -1, 604, 446, 445, -1, 604, 445, 565, -1,
565, 445, 444, -1, 565, 444, 563, -1, 563, 444, 443, -1, 566, 565, 558, -1,
558, 565, 559, -1, 559, 565, 560, -1, 560, 565, 561, -1, 561, 565, 562, -1,
562, 565, 563, -1, 568, 567, 557, -1, 557, 567, 558, -1, 558, 567, 566, -1,
570, 569, 556, -1, 556, 569, 557, -1, 557, 569, 568, -1, 555, 571, 556, -1,
556, 571, 570, -1, 383, 585, 384, -1, 384, 585, 385, -1, 385, 585, 386, -1,
91, 585, 92, -1, 92, 585, 93, -1, 93, 585, 94, -1, 94, 585, 95, -1,
95, 585, 584, -1, 95, 584, 96, -1, 96, 584, 97, -1, 97, 584, 98, -1,
98, 584, 99, -1, 99, 584, 100, -1, 100, 584, 583, -1, 579, 578, 104, -1,
579, 104, 580, -1, 580, 104, 103, -1, 580, 103, 581, -1, 581, 103, 102, -1,
581, 102, 582, -1, 582, 102, 101, -1, 582, 101, 583, -1, 583, 101, 100, -1,
576, 105, 577, -1, 577, 105, 578, -1, 578, 105, 104, -1, 785, 784, 141, -1,
785, 141, 786, -1, 786, 141, 140, -1, 786, 140, 787, -1, 787, 140, 788, -1,
140, 139, 788, -1, 788, 139, 789, -1, 789, 139, 790, -1, 790, 139, 138, -1,
133, 132, 795, -1, 133, 795, 134, -1, 134, 795, 794, -1, 134, 794, 135, -1,
135, 794, 793, -1, 135, 793, 136, -1, 136, 793, 792, -1, 136, 792, 137, -1,
137, 792, 791, -1, 137, 791, 138, -1, 138, 791, 790, -1, 130, 129, 797, -1,
130, 797, 131, -1, 131, 797, 796, -1, 131, 796, 132, -1, 132, 796, 795, -1,
126, 798, 127, -1, 127, 798, 128, -1, 128, 798, 129, -1, 129, 798, 797, -1,
182, 181, 800, -1, 182, 800, 183, -1, 183, 800, 799, -1, 183, 799, 184, -1,
184, 799, 145, -1, 802, 801, 187, -1, 187, 801, 180, -1, 180, 801, 181, -1,
181, 801, 800, -1, 802, 187, 803, -1, 803, 187, 804, -1, 804, 187, 805, -1,
805, 187, 806, -1, 806, 187, 807, -1, 807, 187, 808, -1, 808, 187, 809, -1,
809, 187, 810, -1, 810, 187, 186, -1, 43, 42, 813, -1, 813, 42, 814, -1,
814, 42, 41, -1, 43, 813, 44, -1, 44, 813, 45, -1, 45, 813, 46, -1,
46, 813, 47, -1, 47, 813, 48, -1, 48, 813, 49, -1, 49, 813, 186, -1,
186, 813, 812, -1, 812, 811, 186, -1, 186, 811, 810, -1, 20, 775, 21, -1,
21, 775, 22, -1, 22, 775, 23, -1, 23, 775, 24, -1, 24, 775, 774, -1,
25, 24, 774, -1, 25, 774, 26, -1, 26, 774, 773, -1, 26, 773, 27, -1,
27, 773, 772, -1, 27, 772, 28, -1, 28, 772, 29, -1, 772, 771, 29, -1,
29, 771, 30, -1, 30, 771, 31, -1, 31, 771, 770, -1, 33, 32, 769, -1,
769, 32, 770, -1, 770, 32, 31, -1, 35, 34, 768, -1, 768, 34, 769, -1,
769, 34, 33, -1, 37, 36, 73, -1, 73, 36, 767, -1, 767, 36, 768, -1,
768, 36, 35, -1, 71, 37, 72, -1, 72, 37, 73, -1, 73, 767, 74, -1,
74, 767, 75, -1, 75, 767, 76, -1, 76, 767, 77, -1, 77, 767, 766, -1,
78, 77, 766, -1, 78, 766, 79, -1, 79, 766, 765, -1, 79, 765, 80, -1,
80, 765, 81, -1, 760, 759, 85, -1, 760, 85, 761, -1, 761, 85, 84, -1,
761, 84, 762, -1, 762, 84, 83, -1, 762, 83, 763, -1, 763, 83, 82, -1,
763, 82, 764, -1, 764, 82, 81, -1, 764, 81, 765, -1, 87, 86, 757, -1,
757, 86, 758, -1, 758, 86, 759, -1, 759, 86, 85, -1, 40, 87, 754, -1,
754, 87, 755, -1, 755, 87, 756, -1, 756, 87, 757, -1, 176, 188, 177, -1,
177, 188, 178, -1, 178, 188, 179, -1, 179, 188, 180, -1, 180, 188, 187, -1,
190, 189, 213, -1, 190, 213, 191, -1, 191, 213, 212, -1, 191, 212, 211, -1,
209, 213, 222, -1, 222, 213, 223, -1, 223, 213, 224, -1, 224, 213, 225, -1,
225, 213, 226, -1, 226, 213, 227, -1, 227, 213, 228, -1, 228, 213, 229, -1,
229, 213, 230, -1, 230, 213, 231, -1, 231, 213, 232, -1, 232, 213, 233, -1,
233, 213, 234, -1, 234, 213, 235, -1, 235, 213, 236, -1, 236, 213, 237, -1,
237, 213, 238, -1, 238, 213, 239, -1, 239, 213, 240, -1, 240, 213, 241, -1,
241, 213, 242, -1, 242, 213, 189, -1, 222, 221, 209, -1, 209, 221, 210, -1,
210, 221, 287, -1, 287, 221, 220, -1, 244, 243, 189, -1, 189, 243, 242, -1,
361, 360, 215, -1, 215, 360, 216, -1, 216, 360, 217, -1, 217, 360, 359, -1,
349, 297, 296, -1, 349, 296, 350, -1, 350, 296, 295, -1, 350, 295, 351, -1,
351, 295, 294, -1, 351, 294, 352, -1, 352, 294, 293, -1, 352, 293, 353, -1,
353, 293, 292, -1, 353, 292, 354, -1, 354, 292, 291, -1, 354, 291, 355, -1,
355, 291, 290, -1, 355, 290, 356, -1, 356, 290, 289, -1, 356, 289, 357, -1,
357, 289, 288, -1, 357, 288, 358, -1, 358, 288, 218, -1, 358, 218, 359, -1,
359, 218, 217, -1, 346, 301, 300, -1, 346, 300, 347, -1, 347, 300, 299, -1,
347, 299, 348, -1, 348, 299, 298, -1, 348, 298, 349, -1, 349, 298, 297, -1,
345, 262, 346, -1, 346, 262, 301, -1, 220, 219, 287, -1, 287, 219, 288, -1,
288, 219, 218, -1, 506, 543, 542, -1, 506, 542, 507, -1, 507, 542, 541, -1,
507, 541, 508, -1, 508, 541, 540, -1, 508, 540, 509, -1, 509, 540, 539, -1,
509, 539, 510, -1, 510, 539, 538, -1, 510, 538, 511, -1, 511, 538, 537, -1,
511, 537, 512, -1, 512, 537, 536, -1, 512, 536, 513, -1, 513, 536, 535, -1,
513, 535, 514, -1, 514, 535, 534, -1, 514, 534, 515, -1, 515, 534, 533, -1,
515, 533, 516, -1, 516, 533, 532, -1, 516, 532, 517, -1, 517, 532, 531, -1,
517, 531, 518, -1, 518, 531, 530, -1, 518, 530, 519, -1, 519, 530, 529, -1,
519, 529, 520, -1, 520, 529, 528, -1, 520, 528, 521, -1, 521, 528, 527, -1,
521, 527, 522, -1, 522, 527, 526, -1, 522, 526, 523, -1, 523, 526, 525, -1,
523, 525, 483, -1, 483, 525, 524, -1, 712, 329, 713, -1, 713, 329, 714, -1,
714, 329, 715, -1, 715, 329, 328, -1, 326, 325, 717, -1, 326, 717, 327, -1,
327, 717, 716, -1, 327, 716, 328, -1, 328, 716, 715, -1, 719, 718, 323, -1,
323, 718, 324, -1, 324, 718, 325, -1, 325, 718, 717, -1, 480, 406, 646, -1,
480, 646, 481, -1, 481, 646, 645, -1, 481, 645, 482, -1, 482, 645, 443, -1,
646, 406, 405, -1, 646, 405, 647, -1, 647, 405, 404, -1, 647, 404, 648, -1,
648, 404, 403, -1, 648, 403, 649, -1, 649, 403, 402, -1, 649, 402, 650, -1,
650, 402, 651, -1, 402, 401, 651, -1, 651, 401, 652, -1, 652, 401, 653, -1,
653, 401, 400, -1, 721, 720, 675, -1, 675, 720, 653, -1, 653, 720, 654, -1,
654, 720, 621, -1, 621, 720, 622, -1, 622, 720, 623, -1, 623, 720, 624, -1,
624, 720, 625, -1, 625, 720, 626, -1, 626, 720, 723, -1, 391, 684, 683, -1,
391, 683, 392, -1, 392, 683, 682, -1, 392, 682, 393, -1, 393, 682, 681, -1,
393, 681, 394, -1, 394, 681, 680, -1, 394, 680, 395, -1, 395, 680, 679, -1,
395, 679, 396, -1, 396, 679, 678, -1, 396, 678, 397, -1, 397, 678, 677, -1,
397, 677, 398, -1, 398, 677, 676, -1, 398, 676, 399, -1, 399, 676, 675, -1,
399, 675, 400, -1, 400, 675, 653, -1, 654, 621, 620, -1, 654, 620, 655, -1,
655, 620, 619, -1, 655, 619, 656, -1, 656, 619, 618, -1, 656, 618, 657, -1,
657, 618, 617, -1, 657, 617, 658, -1, 658, 617, 616, -1, 658, 616, 659, -1,
659, 616, 615, -1, 659, 615, 660, -1, 660, 615, 614, -1, 660, 614, 661, -1,
661, 614, 613, -1, 661, 613, 662, -1, 662, 613, 612, -1, 662, 612, 663, -1,
663, 612, 611, -1, 663, 611, 664, -1, 664, 611, 610, -1, 664, 610, 665, -1,
665, 610, 609, -1, 665, 609, 666, -1, 666, 609, 608, -1, 666, 608, 667, -1,
667, 608, 607, -1, 667, 607, 668, -1, 668, 607, 606, -1, 668, 606, 637, -1,
637, 606, 605, -1, 626, 723, 627, -1, 627, 723, 628, -1, 628, 723, 629, -1,
629, 723, 630, -1, 630, 723, 631, -1, 631, 723, 632, -1, 632, 723, 633, -1,
633, 723, 634, -1, 634, 723, 635, -1, 635, 723, 636, -1, 669, 722, 670, -1,
670, 722, 671, -1, 671, 722, 672, -1, 672, 722, 673, -1, 673, 722, 674, -1,
674, 722, 721, -1, 407, 406, 480, -1, 407, 480, 408, -1, 408, 480, 479, -1,
408, 479, 409, -1, 409, 479, 410, -1, 467, 466, 421, -1, 467, 421, 468, -1,
468, 421, 420, -1, 468, 420, 469, -1, 469, 420, 419, -1, 469, 419, 470, -1,
470, 419, 418, -1, 470, 418, 471, -1, 471, 418, 417, -1, 471, 417, 472, -1,
472, 417, 416, -1, 472, 416, 473, -1, 473, 416, 415, -1, 473, 415, 474, -1,
474, 415, 414, -1, 474, 414, 475, -1, 475, 414, 413, -1, 475, 413, 476, -1,
476, 413, 412, -1, 476, 412, 477, -1, 477, 412, 411, -1, 477, 411, 478, -1,
478, 411, 410, -1, 478, 410, 479, -1, 383, 422, 464, -1, 464, 422, 465, -1,
465, 422, 466, -1, 466, 422, 421, -1, 721, 675, 674, -1, 390, 684, 391, -1,
210, 287, 286, -1, 440, 196, 441, -1, 90, 272, 271, -1
            ]
          }
        }
      ]
    }
  ]
}
Transform {
  children [
    Group {
      children [
        Shape {
          appearance Appearance {
            material Material {
              diffuseColor 0.5 0.5 0.5
              specularColor 0.8 0.8 0.8
              emissiveColor 0 0 0
              ambientIntensity 0.7
              transparency 0
              shininess 0.7
            }
          }
          geometry IndexedFaceSet {
            solid TRUE
            coord Coordinate {
              point [
-3.562992 1.190945 0.319882, -3.57498 1.25121 0.319882,
-3.609117 1.302301 0.319882, -3.660207 1.336438 0.319882,
-3.720472 1.348426 0.319882, -3.780738 1.336438 0.319882,
-3.831828 1.302301 0.319882, -3.865965 1.25121 0.319882,
-3.877953 1.190945 0.319882, -3.865965 1.13068 0.319882,
-3.831828 1.07959 0.319882, -3.780738 1.045452 0.319882,
-3.720472 1.033465 0.319882, -3.660207 1.045452 0.319882,
-3.609117 1.07959 0.319882, -3.57498 1.13068 0.319882,
-3.562991 0.438976 0.319882, -3.574979 0.499241 0.319882,
-3.609116 0.550331 0.319882, -3.660207 0.584468 0.319882,
-3.720472 0.596456 0.319882, -3.780737 0.584468 0.319882,
-3.831827 0.550331 0.319882, -3.865964 0.499241 0.319882,
-3.877952 0.438976 0.319882, -3.865964 0.37871 0.319882,
-3.831827 0.32762 0.319882, -3.780737 0.293483 0.319882,
-3.720472 0.281495 0.319882, -3.660207 0.293483 0.319882,
-3.609116 0.32762 0.319882, -3.574979 0.37871 0.319882,
-3.562992 -0.312992 0.319882, -3.57498 -0.252727 0.319882,
-3.609117 -0.201636 0.319882, -3.660207 -0.167499 0.319882,
-3.720472 -0.155511 0.319882, -3.780738 -0.167499 0.319882,
-3.831828 -0.201636 0.319882, -3.865965 -0.252727 0.319882,
-3.877953 -0.312992 0.319882, -3.865965 -0.373257 0.319882,
-3.831828 -0.424347 0.319882, -3.780738 -0.458485 0.319882,
-3.720472 -0.470472 0.319882, -3.660207 -0.458485 0.319882,
-3.609117 -0.424347 0.319882, -3.57498 -0.373257 0.319882,
4.55512 0.02559 0.319882, 4.547628 0.063255 0.319882,
4.526292 0.095187 0.319882, 4.49436 0.116523 0.319882,
4.456694 0.124015 0.319882, 4.419029 0.116523 0.319882,
4.387097 0.095187 0.319882, 4.365761 0.063255 0.319882,
4.358269 0.02559 0.319882, 4.365761 -0.012076 0.319882,
4.387097 -0.044007 0.319882, 4.419029 -0.065343 0.319882,
4.456694 -0.072835 0.319882, 4.49436 -0.065343 0.319882,
4.526292 -0.044007 0.319882, 4.547628 -0.012076 0.319882,
5.051181 0.025589 0.319882, 5.043689 0.063255 0.319882,
5.022353 0.095186 0.319882, 4.990421 0.116522 0.319882,
4.952756 0.124015 0.319882, 4.91509 0.116522 0.319882,
4.883158 0.095186 0.319882, 4.861822 0.063255 0.319882,
4.85433 0.025589 0.319882, 4.861822 -0.012076 0.319882,
4.883158 -0.044008 0.319882, 4.91509 -0.065344 0.319882,
4.952756 -0.072836 0.319882, 4.990421 -0.065344 0.319882,
5.022353 -0.044008 0.319882, 5.043689 -0.012076 0.319882,
5.456693 -0.269685 0.319882, 5.449201 -0.232019 0.319882,
5.427865 -0.200088 0.319882, 5.395933 -0.178752 0.319882,
5.358268 -0.171259 0.319882, 5.320602 -0.178752 0.319882,
5.288671 -0.200088 0.319882, 5.267335 -0.232019 0.319882,
5.259843 -0.269685 0.319882, 5.267335 -0.30735 0.319882,
5.288671 -0.339282 0.319882, 5.320602 -0.360618 0.319882,
5.358268 -0.36811 0.319882, 5.395933 -0.360618 0.319882,
5.427865 -0.339282 0.319882, 5.449201 -0.30735 0.319882,
4.149607 -0.269685 0.319882, 4.142115 -0.232019 0.319882,
4.120779 -0.200088 0.319882, 4.088848 -0.178752 0.319882,
4.051182 -0.17126 0.319882, 4.013516 -0.178752 0.319882,
3.981585 -0.200088 0.319882, 3.960249 -0.232019 0.319882,
3.952757 -0.269685 0.319882, 3.960249 -0.307351 0.319882,
3.981585 -0.339282 0.319882, 4.013516 -0.360618 0.319882,
4.051182 -0.36811 0.319882, 4.088848 -0.360618 0.319882,
4.120779 -0.339282 0.319882, 4.142115 -0.307351 0.319882,
5.610237 -0.742124 0.319882, 5.602744 -0.704459 0.319882,
5.581409 -0.672527 0.319882, 5.549477 -0.651191 0.319882,
5.511811 -0.643699 0.319882, 5.474146 -0.651191 0.319882,
5.442214 -0.672527 0.319882, 5.420878 -0.704459 0.319882,
5.413386 -0.742124 0.319882, 5.420878 -0.77979 0.319882,
5.442214 -0.811722 0.319882, 5.474146 -0.833057 0.319882,
5.511811 -0.84055 0.319882, 5.549477 -0.833057 0.319882,
5.581409 -0.811722 0.319882, 5.602744 -0.77979 0.319882,
3.996064 -0.742127 0.319882, 3.988572 -0.704461 0.319882,
3.967236 -0.67253 0.319882, 3.935304 -0.651194 0.319882,
3.897639 -0.643702 0.319882, 3.859973 -0.651194 0.319882,
3.828041 -0.67253 0.319882, 3.806706 -0.704461 0.319882,
3.799213 -0.742127 0.319882, 3.806706 -0.779792 0.319882,
3.828041 -0.811724 0.319882, 3.859973 -0.83306 0.319882,
3.897639 -0.840552 0.319882, 3.935304 -0.83306 0.319882,
3.967236 -0.811724 0.319882, 3.988572 -0.779792 0.319882,
5.610235 -1.265747 0.319882, 5.602743 -1.228081 0.319882,
5.581407 -1.19615 0.319882, 5.549476 -1.174814 0.319882,
5.51181 -1.167322 0.319882, 5.474145 -1.174814 0.319882,
5.442213 -1.19615 0.319882, 5.420877 -1.228081 0.319882,
5.413385 -1.265747 0.319882, 5.420877 -1.303413 0.319882,
5.442213 -1.335344 0.319882, 5.474145 -1.35668 0.319882,
5.51181 -1.364172 0.319882, 5.549476 -1.35668 0.319882,
5.581407 -1.335344 0.319882, 5.602743 -1.303413 0.319882,
3.996064 -1.265748 0.319882, 3.988572 -1.228083 0.319882,
3.967236 -1.196151 0.319882, 3.935304 -1.174815 0.319882,
3.897639 -1.167323 0.319882, 3.859973 -1.174815 0.319882,
3.828041 -1.196151 0.319882, 3.806706 -1.228083 0.319882,
3.799213 -1.265748 0.319882, 3.806706 -1.303414 0.319882,
3.828041 -1.335346 0.319882, 3.859973 -1.356681 0.319882,
3.897639 -1.364174 0.319882, 3.935304 -1.356681 0.319882,
3.967236 -1.335346 0.319882, 3.988572 -1.303414 0.319882,
5.098425 -0.742125 0.319882, 5.074682 -0.607471 0.319882,
5.006317 -0.489059 0.319882, 4.901575 -0.40117 0.319882,
4.77309 -0.354405 0.319882, 4.636359 -0.354405 0.319882,
4.507874 -0.40117 0.319882, 4.403132 -0.489059 0.319882,
4.334767 -0.607471 0.319882, 4.311024 -0.742125 0.319882,
4.311024 -2.316928 0.319882, 4.334767 -2.451582 0.319882,
4.403132 -2.569994 0.319882, 4.507874 -2.657883 0.319882,
4.636359 -2.704648 0.319882, 4.77309 -2.704648 0.319882,
4.901575 -2.657883 0.319882, 5.006317 -2.569994 0.319882,
5.074682 -2.451582 0.319882, 5.098425 -2.316928 0.319882,
5.610236 -1.793307 0.319882, 5.602744 -1.755641 0.319882,
5.581408 -1.72371 0.319882, 5.549477 -1.702374 0.319882,
5.511811 -1.694881 0.319882, 5.474145 -1.702374 0.319882,
5.442214 -1.72371 0.319882, 5.420878 -1.755641 0.319882,
5.413386 -1.793307 0.319882, 5.420878 -1.830972 0.319882,
5.442214 -1.862904 0.319882, 5.474145 -1.88424 0.319882,
5.511811 -1.891732 0.319882, 5.549477 -1.88424 0.319882,
5.581408 -1.862904 0.319882, 5.602744 -1.830972 0.319882,
3.996063 -1.793307 0.319882, 3.988571 -1.755641 0.319882,
3.967235 -1.72371 0.319882, 3.935303 -1.702374 0.319882,
3.897638 -1.694881 0.319882, 3.859972 -1.702374 0.319882,
3.828041 -1.72371 0.319882, 3.806705 -1.755641 0.319882,
3.799213 -1.793307 0.319882, 3.806705 -1.830972 0.319882,
3.828041 -1.862904 0.319882, 3.859972 -1.88424 0.319882,
3.897638 -1.891732 0.319882, 3.935303 -1.88424 0.319882,
3.967235 -1.862904 0.319882, 3.988571 -1.830972 0.319882,
5.610236 -2.316928 0.319882, 5.602744 -2.279262 0.319882,
5.581408 -2.247331 0.319882, 5.549477 -2.225995 0.319882,
5.511811 -2.218503 0.319882, 5.474145 -2.225995 0.319882,
5.442214 -2.247331 0.319882, 5.420878 -2.279262 0.319882,
5.413386 -2.316928 0.319882, 5.420878 -2.354594 0.319882,
5.442214 -2.386525 0.319882, 5.474145 -2.407861 0.319882,
5.511811 -2.415353 0.319882, 5.549477 -2.407861 0.319882,
5.581408 -2.386525 0.319882, 5.602744 -2.354594 0.319882,
3.996062 -2.316928 0.319882, 3.98857 -2.279263 0.319882,
3.967234 -2.247331 0.319882, 3.935303 -2.225995 0.319882,
3.897637 -2.218503 0.319882, 3.859971 -2.225995 0.319882,
3.82804 -2.247331 0.319882, 3.806704 -2.279263 0.319882,
3.799212 -2.316928 0.319882, 3.806704 -2.354594 0.319882,
3.82804 -2.386525 0.319882, 3.859971 -2.407861 0.319882,
3.897637 -2.415354 0.319882, 3.935303 -2.407861 0.319882,
3.967234 -2.386525 0.319882, 3.98857 -2.354594 0.319882,
5.456693 -2.789369 0.319882, 5.449201 -2.751703 0.319882,
5.427865 -2.719771 0.319882, 5.395934 -2.698435 0.319882,
5.358268 -2.690943 0.319882, 5.320602 -2.698435 0.319882,
5.288671 -2.719771 0.319882, 5.267335 -2.751703 0.319882,
5.259843 -2.789369 0.319882, 5.267335 -2.827034 0.319882,
5.288671 -2.858966 0.319882, 5.320602 -2.880302 0.319882,
5.358268 -2.887794 0.319882, 5.395934 -2.880302 0.319882,
5.427865 -2.858966 0.319882, 5.449201 -2.827034 0.319882,
4.149607 -2.789369 0.319882, 4.142115 -2.751703 0.319882,
4.120779 -2.719771 0.319882, 4.088848 -2.698435 0.319882,
4.051182 -2.690943 0.319882, 4.013517 -2.698435 0.319882,
3.981585 -2.719771 0.319882, 3.960249 -2.751703 0.319882,
3.952757 -2.789369 0.319882, 3.960249 -2.827034 0.319882,
3.981585 -2.858966 0.319882, 4.013517 -2.880302 0.319882,
4.051182 -2.887794 0.319882, 4.088848 -2.880302 0.319882,
4.120779 -2.858966 0.319882, 4.142115 -2.827034 0.319882,
5.051181 -3.084644 0.319882, 5.043689 -3.046979 0.319882,
5.022353 -3.015047 0.319882, 4.990422 -2.993711 0.319882,
4.952756 -2.986219 0.319882, 4.91509 -2.993711 0.319882,
4.883159 -3.015047 0.319882, 4.861823 -3.046979 0.319882,
4.854331 -3.084644 0.319882, 4.861823 -3.12231 0.319882,
4.883159 -3.154242 0.319882, 4.91509 -3.175578 0.319882,
4.952756 -3.18307 0.319882, 4.990422 -3.175578 0.319882,
5.022353 -3.154242 0.319882, 5.043689 -3.12231 0.319882,
4.555118 -3.084645 0.319882, 4.547626 -3.04698 0.319882,
4.52629 -3.015048 0.319882, 4.494359 -2.993712 0.319882,
4.456693 -2.98622 0.319882, 4.419027 -2.993712 0.319882,
4.387096 -3.015048 0.319882, 4.36576 -3.04698 0.319882,
4.358268 -3.084645 0.319882, 4.36576 -3.122311 0.319882,
4.387096 -3.154242 0.319882, 4.419027 -3.175578 0.319882,
4.456693 -3.18307 0.319882, 4.494359 -3.175578 0.319882,
4.52629 -3.154242 0.319882, 4.547626 -3.122311 0.319882,
5.051181 3.962598 0.319882, 5.043689 4.000264 0.319882,
5.022353 4.032195 0.319882, 4.990422 4.053531 0.319882,
4.952756 4.061023 0.319882, 4.91509 4.053531 0.319882,
4.883159 4.032195 0.319882, 4.861823 4.000264 0.319882,
4.854331 3.962598 0.319882, 4.861823 3.924932 0.319882,
4.883159 3.893001 0.319882, 4.91509 3.871665 0.319882,
4.952756 3.864173 0.319882, 4.990422 3.871665 0.319882,
5.022353 3.893001 0.319882, 5.043689 3.924932 0.319882,
4.555117 3.962598 0.319882, 4.547625 4.000264 0.319882,
4.526289 4.032195 0.319882, 4.494357 4.053531 0.319882,
4.456692 4.061023 0.319882, 4.419026 4.053531 0.319882,
4.387095 4.032195 0.319882, 4.365759 4.000264 0.319882,
4.358267 3.962598 0.319882, 4.365759 3.924932 0.319882,
4.387095 3.893001 0.319882, 4.419026 3.871665 0.319882,
4.456692 3.864173 0.319882, 4.494357 3.871665 0.319882,
4.526289 3.893001 0.319882, 4.547625 3.924932 0.319882,
5.456693 3.667323 0.319882, 5.449201 3.704989 0.319882,
5.427865 3.73692 0.319882, 5.395933 3.758256 0.319882,
5.358268 3.765748 0.319882, 5.320602 3.758256 0.319882,
5.288671 3.73692 0.319882, 5.267335 3.704989 0.319882,
5.259843 3.667323 0.319882, 5.267335 3.629658 0.319882,
5.288671 3.597726 0.319882, 5.320602 3.57639 0.319882,
5.358268 3.568898 0.319882, 5.395933 3.57639 0.319882,
5.427865 3.597726 0.319882, 5.449201 3.629658 0.319882,
4.149606 3.667322 0.319882, 4.142114 3.704988 0.319882,
4.120778 3.73692 0.319882, 4.088847 3.758255 0.319882,
4.051181 3.765748 0.319882, 4.013515 3.758255 0.319882,
3.981584 3.73692 0.319882, 3.960248 3.704988 0.319882,
3.952756 3.667322 0.319882, 3.960248 3.629657 0.319882,
3.981584 3.597725 0.319882, 4.013515 3.576389 0.319882,
4.051181 3.568897 0.319882, 4.088847 3.576389 0.319882,
4.120778 3.597725 0.319882, 4.142114 3.629657 0.319882,
5.610236 3.194883 0.319882, 5.602744 3.232548 0.319882,
5.581408 3.26448 0.319882, 5.549477 3.285816 0.319882,
5.511811 3.293308 0.319882, 5.474145 3.285816 0.319882,
5.442214 3.26448 0.319882, 5.420878 3.232548 0.319882,
5.413386 3.194883 0.319882, 5.420878 3.157217 0.319882,
5.442214 3.125286 0.319882, 5.474145 3.10395 0.319882,
5.511811 3.096457 0.319882, 5.549477 3.10395 0.319882,
5.581408 3.125286 0.319882, 5.602744 3.157217 0.319882,
3.996064 3.194883 0.319882, 3.988572 3.232548 0.319882,
3.967236 3.26448 0.319882, 3.935304 3.285816 0.319882,
3.897639 3.293308 0.319882, 3.859973 3.285816 0.319882,
3.828041 3.26448 0.319882, 3.806706 3.232548 0.319882,
3.799213 3.194883 0.319882, 3.806706 3.157217 0.319882,
3.828041 3.125286 0.319882, 3.859973 3.10395 0.319882,
3.897639 3.096457 0.319882, 3.935304 3.10395 0.319882,
3.967236 3.125286 0.319882, 3.988572 3.157217 0.319882,
5.610236 2.671263 0.319882, 5.602744 2.708928 0.319882,
5.581408 2.74086 0.319882, 5.549477 2.762196 0.319882,
5.511811 2.769688 0.319882, 5.474145 2.762196 0.319882,
5.442214 2.74086 0.319882, 5.420878 2.708928 0.319882,
5.413386 2.671263 0.319882, 5.420878 2.633597 0.319882,
5.442214 2.601665 0.319882, 5.474145 2.58033 0.319882,
5.511811 2.572837 0.319882, 5.549477 2.58033 0.319882,
5.581408 2.601665 0.319882, 5.602744 2.633597 0.319882,
3.996063 2.67126 0.319882, 3.988571 2.708926 0.319882,
3.967235 2.740857 0.319882, 3.935303 2.762193 0.319882,
3.897638 2.769685 0.319882, 3.859972 2.762193 0.319882,
3.828041 2.740857 0.319882, 3.806705 2.708926 0.319882,
3.799213 2.67126 0.319882, 3.806705 2.633595 0.319882,
3.828041 2.601663 0.319882, 3.859972 2.580327 0.319882,
3.897638 2.572835 0.319882, 3.935303 2.580327 0.319882,
3.967235 2.601663 0.319882, 3.988571 2.633595 0.319882,
5.098425 3.194882 0.319882, 5.074682 3.329536 0.319882,
5.006317 3.447948 0.319882, 4.901575 3.535837 0.319882,
4.77309 3.582602 0.319882, 4.636359 3.582602 0.319882,
4.507874 3.535837 0.319882, 4.403132 3.447948 0.319882,
4.334767 3.329536 0.319882, 4.311024 3.194882 0.319882,
4.311024 1.620079 0.319882, 4.334767 1.485426 0.319882,
4.403132 1.367013 0.319882, 4.507874 1.279124 0.319882,
4.636359 1.23236 0.319882, 4.77309 1.23236 0.319882,
4.901575 1.279124 0.319882, 5.006317 1.367013 0.319882,
5.074682 1.485426 0.319882, 5.098425 1.620079 0.319882,
5.610236 2.143701 0.319882, 5.602744 2.181367 0.319882,
5.581408 2.213298 0.319882, 5.549477 2.234634 0.319882,
5.511811 2.242126 0.319882, 5.474145 2.234634 0.319882,
5.442214 2.213298 0.319882, 5.420878 2.181367 0.319882,
5.413386 2.143701 0.319882, 5.420878 2.106035 0.319882,
5.442214 2.074104 0.319882, 5.474145 2.052768 0.319882,
5.511811 2.045276 0.319882, 5.549477 2.052768 0.319882,
5.581408 2.074104 0.319882, 5.602744 2.106035 0.319882,
3.996061 2.143701 0.319882, 3.988569 2.181367 0.319882,
3.967233 2.213298 0.319882, 3.935302 2.234634 0.319882,
3.897636 2.242126 0.319882, 3.85997 2.234634 0.319882,
3.828039 2.213298 0.319882, 3.806703 2.181367 0.319882,
3.799211 2.143701 0.319882, 3.806703 2.106035 0.319882,
3.828039 2.074104 0.319882, 3.85997 2.052768 0.319882,
3.897636 2.045276 0.319882, 3.935302 2.052768 0.319882,
3.967233 2.074104 0.319882, 3.988569 2.106035 0.319882,
3.996063 1.62008 0.319882, 3.988571 1.657746 0.319882,
3.967235 1.689677 0.319882, 3.935303 1.711013 0.319882,
3.897638 1.718506 0.319882, 3.859972 1.711013 0.319882,
3.828041 1.689677 0.319882, 3.806705 1.657746 0.319882,
3.799213 1.62008 0.319882, 3.806705 1.582415 0.319882,
3.828041 1.550483 0.319882, 3.859972 1.529147 0.319882,
3.897638 1.521655 0.319882, 3.935303 1.529147 0.319882,
3.967235 1.550483 0.319882, 3.988571 1.582415 0.319882,
5.610235 1.62008 0.319882, 5.602743 1.657746 0.319882,
5.581407 1.689677 0.319882, 5.549476 1.711013 0.319882,
5.51181 1.718505 0.319882, 5.474145 1.711013 0.319882,
5.442213 1.689677 0.319882, 5.420877 1.657746 0.319882,
5.413385 1.62008 0.319882, 5.420877 1.582414 0.319882,
5.442213 1.550483 0.319882, 5.474145 1.529147 0.319882,
5.51181 1.521655 0.319882, 5.549476 1.529147 0.319882,
5.581407 1.550483 0.319882, 5.602743 1.582414 0.319882,
4.149606 1.147638 0.319882, 4.142114 1.185304 0.319882,
4.120778 1.217235 0.319882, 4.088847 1.238571 0.319882,
4.051181 1.246063 0.319882, 4.013515 1.238571 0.319882,
3.981584 1.217235 0.319882, 3.960248 1.185304 0.319882,
3.952756 1.147638 0.319882, 3.960248 1.109972 0.319882,
3.981584 1.078041 0.319882, 4.013515 1.056705 0.319882,
4.051181 1.049213 0.319882, 4.088847 1.056705 0.319882,
4.120778 1.078041 0.319882, 4.142114 1.109972 0.319882,
5.456693 1.147638 0.319882, 5.4492 1.185303 0.319882,
5.427864 1.217235 0.319882, 5.395933 1.238571 0.319882,
5.358267 1.246063 0.319882, 5.320602 1.238571 0.319882,
5.28867 1.217235 0.319882, 5.267334 1.185303 0.319882,
5.259842 1.147638 0.319882, 5.267334 1.109972 0.319882,
5.28867 1.078041 0.319882, 5.320602 1.056705 0.319882,
5.358267 1.049213 0.319882, 5.395933 1.056705 0.319882,
5.427864 1.078041 0.319882, 5.4492 1.109972 0.319882,
4.555119 0.852363 0.319882, 4.547627 0.890028 0.319882,
4.526291 0.92196 0.319882, 4.494359 0.943296 0.319882,
4.456694 0.950788 0.319882, 4.419028 0.943296 0.319882,
4.387097 0.92196 0.319882, 4.365761 0.890028 0.319882,
4.358269 0.852363 0.319882, 4.365761 0.814697 0.319882,
4.387097 0.782765 0.319882, 4.419028 0.76143 0.319882,
4.456694 0.753937 0.319882, 4.494359 0.76143 0.319882,
4.526291 0.782765 0.319882, 4.547627 0.814697 0.319882,
5.051181 0.852361 0.319882, 5.043689 0.890027 0.319882,
5.022353 0.921958 0.319882, 4.990422 0.943294 0.319882,
4.952756 0.950786 0.319882, 4.915091 0.943294 0.319882,
4.883159 0.921958 0.319882, 4.861823 0.890027 0.319882,
4.854331 0.852361 0.319882, 4.861823 0.814695 0.319882,
4.883159 0.782764 0.319882, 4.915091 0.761428 0.319882,
4.952756 0.753936 0.319882, 4.990422 0.761428 0.319882,
5.022353 0.782764 0.319882, 5.043689 0.814695 0.319882,
-2.312992 -3.100394 0.319882, -2.335469 -2.987397 0.319882,
-2.399476 -2.891602 0.319882, -2.495271 -2.827595 0.319882,
-2.608268 -2.805118 0.319882, -2.721265 -2.827595 0.319882,
-2.817059 -2.891602 0.319882, -2.881067 -2.987397 0.319882,
-2.903543 -3.100394 0.319882, -2.881067 -3.213391 0.319882,
-2.817059 -3.309185 0.319882, -2.721265 -3.373193 0.319882,
-2.608268 -3.395669 0.319882, -2.495271 -3.373193 0.319882,
-2.399476 -3.309185 0.319882, -2.335469 -3.213391 0.319882,
-3.98622 -7.234252 0.319882, -4.008697 -7.121255 0.319882,
-4.072705 -7.025461 0.319882, -4.168499 -6.961453 0.319882,
-4.281496 -6.938976 0.319882, -4.394493 -6.961453 0.319882,
-4.490287 -7.025461 0.319882, -4.554295 -7.121255 0.319882,
-4.576772 -7.234252 0.319882, -4.554295 -7.347249 0.319882,
-4.490287 -7.443043 0.319882, -4.394493 -7.507051 0.319882,
-4.281496 -7.529528 0.319882, -4.168499 -7.507051 0.319882,
-4.072705 -7.443043 0.319882, -4.008697 -7.347249 0.319882,
4.18307 -5.187007 0.319882, 4.142613 -4.983612 0.319882,
4.027399 -4.811182 0.319882, 3.854969 -4.695968 0.319882,
3.651574 -4.655511 0.319882, 3.44818 -4.695968 0.319882,
3.27575 -4.811182 0.319882, 3.160536 -4.983612 0.319882,
3.120078 -5.187007 0.319882, 3.160536 -5.390401 0.319882,
3.27575 -5.562831 0.319882, 3.44818 -5.678045 0.319882,
3.651574 -5.718503 0.319882, 3.854969 -5.678045 0.319882,
4.027399 -5.562831 0.319882, 4.142613 -5.390401 0.319882,
1.348425 -5.187007 0.319882, 1.307967 -4.983612 0.319882,
1.192753 -4.811182 0.319882, 1.020323 -4.695968 0.319882,
0.816929 -4.655511 0.319882, 0.613534 -4.695968 0.319882,
0.441104 -4.811182 0.319882, 0.32589 -4.983612 0.319882,
0.285433 -5.187007 0.319882, 0.32589 -5.390401 0.319882,
0.441104 -5.562831 0.319882, 0.613534 -5.678045 0.319882,
0.816929 -5.718503 0.319882, 1.020323 -5.678045 0.319882,
1.192753 -5.562831 0.319882, 1.307967 -5.390401 0.319882,
5.246063 -7.549213 0.319882, 5.219091 -7.413616 0.319882,
5.142282 -7.298663 0.319882, 5.027329 -7.221854 0.319882,
4.891732 -7.194882 0.319882, 4.756136 -7.221854 0.319882,
4.641183 -7.298663 0.319882, 4.564373 -7.413616 0.319882,
4.537402 -7.549213 0.319882, 4.564373 -7.684809 0.319882,
4.641183 -7.799762 0.319882, 4.756136 -7.876571 0.319882,
4.891732 -7.903543 0.319882, 5.027329 -7.876571 0.319882,
5.142282 -7.799762 0.319882, 5.219091 -7.684809 0.319882,
-0.068898 -7.549211 0.319882, -0.09587 -7.413615 0.319882,
-0.172679 -7.298662 0.319882, -0.287632 -7.221853 0.319882,
-0.423229 -7.194881 0.319882, -0.558825 -7.221853 0.319882,
-0.673778 -7.298662 0.319882, -0.750588 -7.413615 0.319882,
-0.777559 -7.549211 0.319882, -0.750588 -7.684808 0.319882,
-0.673778 -7.799761 0.319882, -0.558825 -7.87657 0.319882,
-0.423229 -7.903542 0.319882, -0.287632 -7.87657 0.319882,
-0.172679 -7.799761 0.319882, -0.09587 -7.684808 0.319882,
-2.312992 -7.234252 0.319882, -2.335469 -7.121255 0.319882,
-2.399476 -7.025461 0.319882, -2.495271 -6.961453 0.319882,
-2.608268 -6.938976 0.319882, -2.721265 -6.961453 0.319882,
-2.817059 -7.025461 0.319882, -2.881067 -7.121255 0.319882,
-2.903543 -7.234252 0.319882, -2.881067 -7.347249 0.319882,
-2.817059 -7.443043 0.319882, -2.721265 -7.507051 0.319882,
-2.608268 -7.529528 0.319882, -2.495271 -7.507051 0.319882,
-2.399476 -7.443043 0.319882, -2.335469 -7.347249 0.319882,
-4.084646 -3.100394 0.319882, -4.107122 -2.987397 0.319882,
-4.17113 -2.891602 0.319882, -4.266924 -2.827595 0.319882,
-4.379921 -2.805118 0.319882, -4.492918 -2.827595 0.319882,
-4.588713 -2.891602 0.319882, -4.65272 -2.987397 0.319882,
-4.675197 -3.100394 0.319882, -4.65272 -3.213391 0.319882,
-4.588713 -3.309185 0.319882, -4.492918 -3.373193 0.319882,
-4.379921 -3.395669 0.319882, -4.266924 -3.373193 0.319882,
-4.17113 -3.309185 0.319882, -4.107122 -3.213391 0.319882,
1.40748 5.182087 0.319882, 1.367023 5.385481 0.319882,
1.251809 5.557911 0.319882, 1.079379 5.673125 0.319882,
0.875984 5.713583 0.319882, 0.67259 5.673125 0.319882,
0.50016 5.557911 0.319882, 0.384946 5.385481 0.319882,
0.344488 5.182087 0.319882, 0.384946 4.978692 0.319882,
0.50016 4.806262 0.319882, 0.67259 4.691048 0.319882,
0.875984 4.650591 0.319882, 1.079379 4.691048 0.319882,
1.251809 4.806262 0.319882, 1.367023 4.978692 0.319882,
4.242126 5.182087 0.319882, 4.201668 5.385481 0.319882,
4.086454 5.557911 0.319882, 3.914025 5.673125 0.319882,
3.71063 5.713583 0.319882, 3.507235 5.673125 0.319882,
3.334805 5.557911 0.319882, 3.219592 5.385481 0.319882,
3.179134 5.182087 0.319882, 3.219592 4.978692 0.319882,
3.334805 4.806262 0.319882, 3.507235 4.691048 0.319882,
3.71063 4.650591 0.319882, 3.914025 4.691048 0.319882,
4.086454 4.806262 0.319882, 4.201668 4.978692 0.319882,
-0.009843 7.544291 0.319882, -0.036814 7.679888 0.319882,
-0.113624 7.794841 0.319882, -0.228577 7.87165 0.319882,
-0.364173 7.898622 0.319882, -0.49977 7.87165 0.319882,
-0.614723 7.794841 0.319882, -0.691532 7.679888 0.319882,
-0.718504 7.544291 0.319882, -0.691532 7.408695 0.319882,
-0.614723 7.293742 0.319882, -0.49977 7.216932 0.319882,
-0.364173 7.189961 0.319882, -0.228577 7.216932 0.319882,
-0.113624 7.293742 0.319882, -0.036814 7.408695 0.319882,
5.305118 7.544291 0.319882, 5.278146 7.679888 0.319882,
5.201337 7.794841 0.319882, 5.086384 7.87165 0.319882,
4.950787 7.898622 0.319882, 4.815191 7.87165 0.319882,
4.700238 7.794841 0.319882, 4.623429 7.679888 0.319882,
4.596457 7.544291 0.319882, 4.623429 7.408695 0.319882,
4.700238 7.293742 0.319882, 4.815191 7.216932 0.319882,
4.950787 7.189961 0.319882, 5.086384 7.216932 0.319882,
5.201337 7.293742 0.319882, 5.278146 7.408695 0.319882,
-2.312992 -5.068898 0.319882, -2.335469 -4.955901 0.319882,
-2.399476 -4.860106 0.319882, -2.495271 -4.796099 0.319882,
-2.608268 -4.773622 0.319882, -2.721265 -4.796099 0.319882,
-2.817059 -4.860106 0.319882, -2.881067 -4.955901 0.319882,
-2.903543 -5.068898 0.319882, -2.881067 -5.181895 0.319882,
-2.817059 -5.277689 0.319882, -2.721265 -5.341697 0.319882,
-2.608268 -5.364173 0.319882, -2.495271 -5.341697 0.319882,
-2.399476 -5.277689 0.319882, -2.335469 -5.181895 0.319882,
-3.98622 -5.068898 0.319882, -4.008697 -4.955901 0.319882,
-4.072705 -4.860106 0.319882, -4.168499 -4.796099 0.319882,
-4.281496 -4.773622 0.319882, -4.394493 -4.796099 0.319882,
-4.490287 -4.860106 0.319882, -4.554295 -4.955901 0.319882,
-4.576772 -5.068898 0.319882, -4.554295 -5.181895 0.319882,
-4.490287 -5.277689 0.319882, -4.394493 -5.341697 0.319882,
-4.281496 -5.364173 0.319882, -4.168499 -5.341697 0.319882,
-4.072705 -5.277689 0.319882, -4.008697 -5.181895 0.319882,
-3.562992 1.190945 -0.319882, -3.57498 1.25121 -0.319882,
-3.609117 1.302301 -0.319882, -3.660207 1.336438 -0.319882,
-3.720472 1.348426 -0.319882, -3.780738 1.336438 -0.319882,
-3.831828 1.302301 -0.319882, -3.865965 1.25121 -0.319882,
-3.877953 1.190945 -0.319882, -3.865965 1.13068 -0.319882,
-3.831828 1.07959 -0.319882, -3.780738 1.045452 -0.319882,
-3.720472 1.033465 -0.319882, -3.660207 1.045452 -0.319882,
-3.609117 1.07959 -0.319882, -3.57498 1.13068 -0.319882,
-3.562991 0.438976 -0.319882, -3.574979 0.499241 -0.319882,
-3.609116 0.550331 -0.319882, -3.660207 0.584468 -0.319882,
-3.720472 0.596456 -0.319882, -3.780737 0.584468 -0.319882,
-3.831827 0.550331 -0.319882, -3.865964 0.499241 -0.319882,
-3.877952 0.438976 -0.319882, -3.865964 0.37871 -0.319882,
-3.831827 0.32762 -0.319882, -3.780737 0.293483 -0.319882,
-3.720472 0.281495 -0.319882, -3.660207 0.293483 -0.319882,
-3.609116 0.32762 -0.319882, -3.574979 0.37871 -0.319882,
-3.562992 -0.312992 -0.319882, -3.57498 -0.252727 -0.319882,
-3.609117 -0.201636 -0.319882, -3.660207 -0.167499 -0.319882,
-3.720472 -0.155511 -0.319882, -3.780738 -0.167499 -0.319882,
-3.831828 -0.201636 -0.319882, -3.865965 -0.252727 -0.319882,
-3.877953 -0.312992 -0.319882, -3.865965 -0.373257 -0.319882,
-3.831828 -0.424347 -0.319882, -3.780738 -0.458485 -0.319882,
-3.720472 -0.470472 -0.319882, -3.660207 -0.458485 -0.319882,
-3.609117 -0.424347 -0.319882, -3.57498 -0.373257 -0.319882,
4.55512 0.02559 -0.319882, 4.547628 0.063255 -0.319882,
4.526292 0.095187 -0.319882, 4.49436 0.116523 -0.319882,
4.456694 0.124015 -0.319882, 4.419029 0.116523 -0.319882,
4.387097 0.095187 -0.319882, 4.365761 0.063255 -0.319882,
4.358269 0.02559 -0.319882, 4.365761 -0.012076 -0.319882,
4.387097 -0.044007 -0.319882, 4.419029 -0.065343 -0.319882,
4.456694 -0.072835 -0.319882, 4.49436 -0.065343 -0.319882,
4.526292 -0.044007 -0.319882, 4.547628 -0.012076 -0.319882,
5.051181 0.025589 -0.319882, 5.043689 0.063255 -0.319882,
5.022353 0.095186 -0.319882, 4.990421 0.116522 -0.319882,
4.952756 0.124015 -0.319882, 4.91509 0.116522 -0.319882,
4.883158 0.095186 -0.319882, 4.861822 0.063255 -0.319882,
4.85433 0.025589 -0.319882, 4.861822 -0.012076 -0.319882,
4.883158 -0.044008 -0.319882, 4.91509 -0.065344 -0.319882,
4.952756 -0.072836 -0.319882, 4.990421 -0.065344 -0.319882,
5.022353 -0.044008 -0.319882, 5.043689 -0.012076 -0.319882,
5.456693 -0.269685 -0.319882, 5.449201 -0.232019 -0.319882,
5.427865 -0.200088 -0.319882, 5.395933 -0.178752 -0.319882,
5.358268 -0.171259 -0.319882, 5.320602 -0.178752 -0.319882,
5.288671 -0.200088 -0.319882, 5.267335 -0.232019 -0.319882,
5.259843 -0.269685 -0.319882, 5.267335 -0.30735 -0.319882,
5.288671 -0.339282 -0.319882, 5.320602 -0.360618 -0.319882,
5.358268 -0.36811 -0.319882, 5.395933 -0.360618 -0.319882,
5.427865 -0.339282 -0.319882, 5.449201 -0.30735 -0.319882,
4.149607 -0.269685 -0.319882, 4.142115 -0.232019 -0.319882,
4.120779 -0.200088 -0.319882, 4.088848 -0.178752 -0.319882,
4.051182 -0.17126 -0.319882, 4.013516 -0.178752 -0.319882,
3.981585 -0.200088 -0.319882, 3.960249 -0.232019 -0.319882,
3.952757 -0.269685 -0.319882, 3.960249 -0.307351 -0.319882,
3.981585 -0.339282 -0.319882, 4.013516 -0.360618 -0.319882,
4.051182 -0.36811 -0.319882, 4.088848 -0.360618 -0.319882,
4.120779 -0.339282 -0.319882, 4.142115 -0.307351 -0.319882,
5.610237 -0.742124 -0.319882, 5.602744 -0.704459 -0.319882,
5.581409 -0.672527 -0.319882, 5.549477 -0.651191 -0.319882,
5.511811 -0.643699 -0.319882, 5.474146 -0.651191 -0.319882,
5.442214 -0.672527 -0.319882, 5.420878 -0.704459 -0.319882,
5.413386 -0.742124 -0.319882, 5.420878 -0.77979 -0.319882,
5.442214 -0.811722 -0.319882, 5.474146 -0.833057 -0.319882,
5.511811 -0.84055 -0.319882, 5.549477 -0.833057 -0.319882,
5.581409 -0.811722 -0.319882, 5.602744 -0.77979 -0.319882,
3.996064 -0.742127 -0.319882, 3.988572 -0.704461 -0.319882,
3.967236 -0.67253 -0.319882, 3.935304 -0.651194 -0.319882,
3.897639 -0.643702 -0.319882, 3.859973 -0.651194 -0.319882,
3.828041 -0.67253 -0.319882, 3.806706 -0.704461 -0.319882,
3.799213 -0.742127 -0.319882, 3.806706 -0.779792 -0.319882,
3.828041 -0.811724 -0.319882, 3.859973 -0.83306 -0.319882,
3.897639 -0.840552 -0.319882, 3.935304 -0.83306 -0.319882,
3.967236 -0.811724 -0.319882, 3.988572 -0.779792 -0.319882,
5.610235 -1.265747 -0.319882, 5.602743 -1.228081 -0.319882,
5.581407 -1.19615 -0.319882, 5.549476 -1.174814 -0.319882,
5.51181 -1.167322 -0.319882, 5.474145 -1.174814 -0.319882,
5.442213 -1.19615 -0.319882, 5.420877 -1.228081 -0.319882,
5.413385 -1.265747 -0.319882, 5.420877 -1.303413 -0.319882,
5.442213 -1.335344 -0.319882, 5.474145 -1.35668 -0.319882,
5.51181 -1.364172 -0.319882, 5.549476 -1.35668 -0.319882,
5.581407 -1.335344 -0.319882, 5.602743 -1.303413 -0.319882,
3.996064 -1.265748 -0.319882, 3.988572 -1.228083 -0.319882,
3.967236 -1.196151 -0.319882, 3.935304 -1.174815 -0.319882,
3.897639 -1.167323 -0.319882, 3.859973 -1.174815 -0.319882,
3.828041 -1.196151 -0.319882, 3.806706 -1.228083 -0.319882,
3.799213 -1.265748 -0.319882, 3.806706 -1.303414 -0.319882,
3.828041 -1.335346 -0.319882, 3.859973 -1.356681 -0.319882,
3.897639 -1.364174 -0.319882, 3.935304 -1.356681 -0.319882,
3.967236 -1.335346 -0.319882, 3.988572 -1.303414 -0.319882,
5.098425 -0.742125 -0.319882, 5.074682 -0.607471 -0.319882,
5.006317 -0.489059 -0.319882, 4.901575 -0.40117 -0.319882,
4.77309 -0.354405 -0.319882, 4.636359 -0.354405 -0.319882,
4.507874 -0.40117 -0.319882, 4.403132 -0.489059 -0.319882,
4.334767 -0.607471 -0.319882, 4.311024 -0.742125 -0.319882,
4.311024 -2.316928 -0.319882, 4.334767 -2.451582 -0.319882,
4.403132 -2.569994 -0.319882, 4.507874 -2.657883 -0.319882,
4.636359 -2.704648 -0.319882, 4.77309 -2.704648 -0.319882,
4.901575 -2.657883 -0.319882, 5.006317 -2.569994 -0.319882,
5.074682 -2.451582 -0.319882, 5.098425 -2.316928 -0.319882,
5.610236 -1.793307 -0.319882, 5.602744 -1.755641 -0.319882,
5.581408 -1.72371 -0.319882, 5.549477 -1.702374 -0.319882,
5.511811 -1.694881 -0.319882, 5.474145 -1.702374 -0.319882,
5.442214 -1.72371 -0.319882, 5.420878 -1.755641 -0.319882,
5.413386 -1.793307 -0.319882, 5.420878 -1.830972 -0.319882,
5.442214 -1.862904 -0.319882, 5.474145 -1.88424 -0.319882,
5.511811 -1.891732 -0.319882, 5.549477 -1.88424 -0.319882,
5.581408 -1.862904 -0.319882, 5.602744 -1.830972 -0.319882,
3.996063 -1.793307 -0.319882, 3.988571 -1.755641 -0.319882,
3.967235 -1.72371 -0.319882, 3.935303 -1.702374 -0.319882,
3.897638 -1.694881 -0.319882, 3.859972 -1.702374 -0.319882,
3.828041 -1.72371 -0.319882, 3.806705 -1.755641 -0.319882,
3.799213 -1.793307 -0.319882, 3.806705 -1.830972 -0.319882,
3.828041 -1.862904 -0.319882, 3.859972 -1.88424 -0.319882,
3.897638 -1.891732 -0.319882, 3.935303 -1.88424 -0.319882,
3.967235 -1.862904 -0.319882, 3.988571 -1.830972 -0.319882,
5.610236 -2.316928 -0.319882, 5.602744 -2.279262 -0.319882,
5.581408 -2.247331 -0.319882, 5.549477 -2.225995 -0.319882,
5.511811 -2.218503 -0.319882, 5.474145 -2.225995 -0.319882,
5.442214 -2.247331 -0.319882, 5.420878 -2.279262 -0.319882,
5.413386 -2.316928 -0.319882, 5.420878 -2.354594 -0.319882,
5.442214 -2.386525 -0.319882, 5.474145 -2.407861 -0.319882,
5.511811 -2.415353 -0.319882, 5.549477 -2.407861 -0.319882,
5.581408 -2.386525 -0.319882, 5.602744 -2.354594 -0.319882,
3.996062 -2.316928 -0.319882, 3.98857 -2.279263 -0.319882,
3.967234 -2.247331 -0.319882, 3.935303 -2.225995 -0.319882,
3.897637 -2.218503 -0.319882, 3.859971 -2.225995 -0.319882,
3.82804 -2.247331 -0.319882, 3.806704 -2.279263 -0.319882,
3.799212 -2.316928 -0.319882, 3.806704 -2.354594 -0.319882,
3.82804 -2.386525 -0.319882, 3.859971 -2.407861 -0.319882,
3.897637 -2.415354 -0.319882, 3.935303 -2.407861 -0.319882,
3.967234 -2.386525 -0.319882, 3.98857 -2.354594 -0.319882,
5.456693 -2.789369 -0.319882, 5.449201 -2.751703 -0.319882,
5.427865 -2.719771 -0.319882, 5.395934 -2.698435 -0.319882,
5.358268 -2.690943 -0.319882, 5.320602 -2.698435 -0.319882,
5.288671 -2.719771 -0.319882, 5.267335 -2.751703 -0.319882,
5.259843 -2.789369 -0.319882, 5.267335 -2.827034 -0.319882,
5.288671 -2.858966 -0.319882, 5.320602 -2.880302 -0.319882,
5.358268 -2.887794 -0.319882, 5.395934 -2.880302 -0.319882,
5.427865 -2.858966 -0.319882, 5.449201 -2.827034 -0.319882,
4.149607 -2.789369 -0.319882, 4.142115 -2.751703 -0.319882,
4.120779 -2.719771 -0.319882, 4.088848 -2.698435 -0.319882,
4.051182 -2.690943 -0.319882, 4.013517 -2.698435 -0.319882,
3.981585 -2.719771 -0.319882, 3.960249 -2.751703 -0.319882,
3.952757 -2.789369 -0.319882, 3.960249 -2.827034 -0.319882,
3.981585 -2.858966 -0.319882, 4.013517 -2.880302 -0.319882,
4.051182 -2.887794 -0.319882, 4.088848 -2.880302 -0.319882,
4.120779 -2.858966 -0.319882, 4.142115 -2.827034 -0.319882,
5.051181 -3.084644 -0.319882, 5.043689 -3.046979 -0.319882,
5.022353 -3.015047 -0.319882, 4.990422 -2.993711 -0.319882,
4.952756 -2.986219 -0.319882, 4.91509 -2.993711 -0.319882,
4.883159 -3.015047 -0.319882, 4.861823 -3.046979 -0.319882,
4.854331 -3.084644 -0.319882, 4.861823 -3.12231 -0.319882,
4.883159 -3.154242 -0.319882, 4.91509 -3.175578 -0.319882,
4.952756 -3.18307 -0.319882, 4.990422 -3.175578 -0.319882,
5.022353 -3.154242 -0.319882, 5.043689 -3.12231 -0.319882,
4.555118 -3.084645 -0.319882, 4.547626 -3.04698 -0.319882,
4.52629 -3.015048 -0.319882, 4.494359 -2.993712 -0.319882,
4.456693 -2.98622 -0.319882, 4.419027 -2.993712 -0.319882,
4.387096 -3.015048 -0.319882, 4.36576 -3.04698 -0.319882,
4.358268 -3.084645 -0.319882, 4.36576 -3.122311 -0.319882,
4.387096 -3.154242 -0.319882, 4.419027 -3.175578 -0.319882,
4.456693 -3.18307 -0.319882, 4.494359 -3.175578 -0.319882,
4.52629 -3.154242 -0.319882, 4.547626 -3.122311 -0.319882,
5.051181 3.962598 -0.319882, 5.043689 4.000264 -0.319882,
5.022353 4.032195 -0.319882, 4.990422 4.053531 -0.319882,
4.952756 4.061023 -0.319882, 4.91509 4.053531 -0.319882,
4.883159 4.032195 -0.319882, 4.861823 4.000264 -0.319882,
4.854331 3.962598 -0.319882, 4.861823 3.924932 -0.319882,
4.883159 3.893001 -0.319882, 4.91509 3.871665 -0.319882,
4.952756 3.864173 -0.319882, 4.990422 3.871665 -0.319882,
5.022353 3.893001 -0.319882, 5.043689 3.924932 -0.319882,
4.555117 3.962598 -0.319882, 4.547625 4.000264 -0.319882,
4.526289 4.032195 -0.319882, 4.494357 4.053531 -0.319882,
4.456692 4.061023 -0.319882, 4.419026 4.053531 -0.319882,
4.387095 4.032195 -0.319882, 4.365759 4.000264 -0.319882,
4.358267 3.962598 -0.319882, 4.365759 3.924932 -0.319882,
4.387095 3.893001 -0.319882, 4.419026 3.871665 -0.319882,
4.456692 3.864173 -0.319882, 4.494357 3.871665 -0.319882,
4.526289 3.893001 -0.319882, 4.547625 3.924932 -0.319882,
5.456693 3.667323 -0.319882, 5.449201 3.704989 -0.319882,
5.427865 3.73692 -0.319882, 5.395933 3.758256 -0.319882,
5.358268 3.765748 -0.319882, 5.320602 3.758256 -0.319882,
5.288671 3.73692 -0.319882, 5.267335 3.704989 -0.319882,
5.259843 3.667323 -0.319882, 5.267335 3.629658 -0.319882,
5.288671 3.597726 -0.319882, 5.320602 3.57639 -0.319882,
5.358268 3.568898 -0.319882, 5.395933 3.57639 -0.319882,
5.427865 3.597726 -0.319882, 5.449201 3.629658 -0.319882,
4.149606 3.667322 -0.319882, 4.142114 3.704988 -0.319882,
4.120778 3.73692 -0.319882, 4.088847 3.758255 -0.319882,
4.051181 3.765748 -0.319882, 4.013515 3.758255 -0.319882,
3.981584 3.73692 -0.319882, 3.960248 3.704988 -0.319882,
3.952756 3.667322 -0.319882, 3.960248 3.629657 -0.319882,
3.981584 3.597725 -0.319882, 4.013515 3.576389 -0.319882,
4.051181 3.568897 -0.319882, 4.088847 3.576389 -0.319882,
4.120778 3.597725 -0.319882, 4.142114 3.629657 -0.319882,
5.610236 3.194883 -0.319882, 5.602744 3.232548 -0.319882,
5.581408 3.26448 -0.319882, 5.549477 3.285816 -0.319882,
5.511811 3.293308 -0.319882, 5.474145 3.285816 -0.319882,
5.442214 3.26448 -0.319882, 5.420878 3.232548 -0.319882,
5.413386 3.194883 -0.319882, 5.420878 3.157217 -0.319882,
5.442214 3.125286 -0.319882, 5.474145 3.10395 -0.319882,
5.511811 3.096457 -0.319882, 5.549477 3.10395 -0.319882,
5.581408 3.125286 -0.319882, 5.602744 3.157217 -0.319882,
3.996064 3.194883 -0.319882, 3.988572 3.232548 -0.319882,
3.967236 3.26448 -0.319882, 3.935304 3.285816 -0.319882,
3.897639 3.293308 -0.319882, 3.859973 3.285816 -0.319882,
3.828041 3.26448 -0.319882, 3.806706 3.232548 -0.319882,
3.799213 3.194883 -0.319882, 3.806706 3.157217 -0.319882,
3.828041 3.125286 -0.319882, 3.859973 3.10395 -0.319882,
3.897639 3.096457 -0.319882, 3.935304 3.10395 -0.319882,
3.967236 3.125286 -0.319882, 3.988572 3.157217 -0.319882,
5.610236 2.671263 -0.319882, 5.602744 2.708928 -0.319882,
5.581408 2.74086 -0.319882, 5.549477 2.762196 -0.319882,
5.511811 2.769688 -0.319882, 5.474145 2.762196 -0.319882,
5.442214 2.74086 -0.319882, 5.420878 2.708928 -0.319882,
5.413386 2.671263 -0.319882, 5.420878 2.633597 -0.319882,
5.442214 2.601665 -0.319882, 5.474145 2.58033 -0.319882,
5.511811 2.572837 -0.319882, 5.549477 2.58033 -0.319882,
5.581408 2.601665 -0.319882, 5.602744 2.633597 -0.319882,
3.996063 2.67126 -0.319882, 3.988571 2.708926 -0.319882,
3.967235 2.740857 -0.319882, 3.935303 2.762193 -0.319882,
3.897638 2.769685 -0.319882, 3.859972 2.762193 -0.319882,
3.828041 2.740857 -0.319882, 3.806705 2.708926 -0.319882,
3.799213 2.67126 -0.319882, 3.806705 2.633595 -0.319882,
3.828041 2.601663 -0.319882, 3.859972 2.580327 -0.319882,
3.897638 2.572835 -0.319882, 3.935303 2.580327 -0.319882,
3.967235 2.601663 -0.319882, 3.988571 2.633595 -0.319882,
5.098425 3.194882 -0.319882, 5.074682 3.329536 -0.319882,
5.006317 3.447948 -0.319882, 4.901575 3.535837 -0.319882,
4.77309 3.582602 -0.319882, 4.636359 3.582602 -0.319882,
4.507874 3.535837 -0.319882, 4.403132 3.447948 -0.319882,
4.334767 3.329536 -0.319882, 4.311024 3.194882 -0.319882,
4.311024 1.620079 -0.319882, 4.334767 1.485426 -0.319882,
4.403132 1.367013 -0.319882, 4.507874 1.279124 -0.319882,
4.636359 1.23236 -0.319882, 4.77309 1.23236 -0.319882,
4.901575 1.279124 -0.319882, 5.006317 1.367013 -0.319882,
5.074682 1.485426 -0.319882, 5.098425 1.620079 -0.319882,
5.610236 2.143701 -0.319882, 5.602744 2.181367 -0.319882,
5.581408 2.213298 -0.319882, 5.549477 2.234634 -0.319882,
5.511811 2.242126 -0.319882, 5.474145 2.234634 -0.319882,
5.442214 2.213298 -0.319882, 5.420878 2.181367 -0.319882,
5.413386 2.143701 -0.319882, 5.420878 2.106035 -0.319882,
5.442214 2.074104 -0.319882, 5.474145 2.052768 -0.319882,
5.511811 2.045276 -0.319882, 5.549477 2.052768 -0.319882,
5.581408 2.074104 -0.319882, 5.602744 2.106035 -0.319882,
3.996061 2.143701 -0.319882, 3.988569 2.181367 -0.319882,
3.967233 2.213298 -0.319882, 3.935302 2.234634 -0.319882,
3.897636 2.242126 -0.319882, 3.85997 2.234634 -0.319882,
3.828039 2.213298 -0.319882, 3.806703 2.181367 -0.319882,
3.799211 2.143701 -0.319882, 3.806703 2.106035 -0.319882,
3.828039 2.074104 -0.319882, 3.85997 2.052768 -0.319882,
3.897636 2.045276 -0.319882, 3.935302 2.052768 -0.319882,
3.967233 2.074104 -0.319882, 3.988569 2.106035 -0.319882,
3.996063 1.62008 -0.319882, 3.988571 1.657746 -0.319882,
3.967235 1.689677 -0.319882, 3.935303 1.711013 -0.319882,
3.897638 1.718506 -0.319882, 3.859972 1.711013 -0.319882,
3.828041 1.689677 -0.319882, 3.806705 1.657746 -0.319882,
3.799213 1.62008 -0.319882, 3.806705 1.582415 -0.319882,
3.828041 1.550483 -0.319882, 3.859972 1.529147 -0.319882,
3.897638 1.521655 -0.319882, 3.935303 1.529147 -0.319882,
3.967235 1.550483 -0.319882, 3.988571 1.582415 -0.319882,
5.610235 1.62008 -0.319882, 5.602743 1.657746 -0.319882,
5.581407 1.689677 -0.319882, 5.549476 1.711013 -0.319882,
5.51181 1.718505 -0.319882, 5.474145 1.711013 -0.319882,
5.442213 1.689677 -0.319882, 5.420877 1.657746 -0.319882,
5.413385 1.62008 -0.319882, 5.420877 1.582414 -0.319882,
5.442213 1.550483 -0.319882, 5.474145 1.529147 -0.319882,
5.51181 1.521655 -0.319882, 5.549476 1.529147 -0.319882,
5.581407 1.550483 -0.319882, 5.602743 1.582414 -0.319882,
4.149606 1.147638 -0.319882, 4.142114 1.185304 -0.319882,
4.120778 1.217235 -0.319882, 4.088847 1.238571 -0.319882,
4.051181 1.246063 -0.319882, 4.013515 1.238571 -0.319882,
3.981584 1.217235 -0.319882, 3.960248 1.185304 -0.319882,
3.952756 1.147638 -0.319882, 3.960248 1.109972 -0.319882,
3.981584 1.078041 -0.319882, 4.013515 1.056705 -0.319882,
4.051181 1.049213 -0.319882, 4.088847 1.056705 -0.319882,
4.120778 1.078041 -0.319882, 4.142114 1.109972 -0.319882,
5.456693 1.147638 -0.319882, 5.4492 1.185303 -0.319882,
5.427864 1.217235 -0.319882, 5.395933 1.238571 -0.319882,
5.358267 1.246063 -0.319882, 5.320602 1.238571 -0.319882,
5.28867 1.217235 -0.319882, 5.267334 1.185303 -0.319882,
5.259842 1.147638 -0.319882, 5.267334 1.109972 -0.319882,
5.28867 1.078041 -0.319882, 5.320602 1.056705 -0.319882,
5.358267 1.049213 -0.319882, 5.395933 1.056705 -0.319882,
5.427864 1.078041 -0.319882, 5.4492 1.109972 -0.319882,
4.555119 0.852363 -0.319882, 4.547627 0.890028 -0.319882,
4.526291 0.92196 -0.319882, 4.494359 0.943296 -0.319882,
4.456694 0.950788 -0.319882, 4.419028 0.943296 -0.319882,
4.387097 0.92196 -0.319882, 4.365761 0.890028 -0.319882,
4.358269 0.852363 -0.319882, 4.365761 0.814697 -0.319882,
4.387097 0.782765 -0.319882, 4.419028 0.76143 -0.319882,
4.456694 0.753937 -0.319882, 4.494359 0.76143 -0.319882,
4.526291 0.782765 -0.319882, 4.547627 0.814697 -0.319882,
5.051181 0.852361 -0.319882, 5.043689 0.890027 -0.319882,
5.022353 0.921958 -0.319882, 4.990422 0.943294 -0.319882,
4.952756 0.950786 -0.319882, 4.915091 0.943294 -0.319882,
4.883159 0.921958 -0.319882, 4.861823 0.890027 -0.319882,
4.854331 0.852361 -0.319882, 4.861823 0.814695 -0.319882,
4.883159 0.782764 -0.319882, 4.915091 0.761428 -0.319882,
4.952756 0.753936 -0.319882, 4.990422 0.761428 -0.319882,
5.022353 0.782764 -0.319882, 5.043689 0.814695 -0.319882,
-2.312992 -3.100394 -0.319882, -2.335469 -2.987397 -0.319882,
-2.399476 -2.891602 -0.319882, -2.495271 -2.827595 -0.319882,
-2.608268 -2.805118 -0.319882, -2.721265 -2.827595 -0.319882,
-2.817059 -2.891602 -0.319882, -2.881067 -2.987397 -0.319882,
-2.903543 -3.100394 -0.319882, -2.881067 -3.213391 -0.319882,
-2.817059 -3.309185 -0.319882, -2.721265 -3.373193 -0.319882,
-2.608268 -3.395669 -0.319882, -2.495271 -3.373193 -0.319882,
-2.399476 -3.309185 -0.319882, -2.335469 -3.213391 -0.319882,
-3.98622 -7.234252 -0.319882, -4.008697 -7.121255 -0.319882,
-4.072705 -7.025461 -0.319882, -4.168499 -6.961453 -0.319882,
-4.281496 -6.938976 -0.319882, -4.394493 -6.961453 -0.319882,
-4.490287 -7.025461 -0.319882, -4.554295 -7.121255 -0.319882,
-4.576772 -7.234252 -0.319882, -4.554295 -7.347249 -0.319882,
-4.490287 -7.443043 -0.319882, -4.394493 -7.507051 -0.319882,
-4.281496 -7.529528 -0.319882, -4.168499 -7.507051 -0.319882,
-4.072705 -7.443043 -0.319882, -4.008697 -7.347249 -0.319882,
4.18307 -5.187007 -0.319882, 4.142613 -4.983612 -0.319882,
4.027399 -4.811182 -0.319882, 3.854969 -4.695968 -0.319882,
3.651574 -4.655511 -0.319882, 3.44818 -4.695968 -0.319882,
3.27575 -4.811182 -0.319882, 3.160536 -4.983612 -0.319882,
3.120078 -5.187007 -0.319882, 3.160536 -5.390401 -0.319882,
3.27575 -5.562831 -0.319882, 3.44818 -5.678045 -0.319882,
3.651574 -5.718503 -0.319882, 3.854969 -5.678045 -0.319882,
4.027399 -5.562831 -0.319882, 4.142613 -5.390401 -0.319882,
1.348425 -5.187007 -0.319882, 1.307967 -4.983612 -0.319882,
1.192753 -4.811182 -0.319882, 1.020323 -4.695968 -0.319882,
0.816929 -4.655511 -0.319882, 0.613534 -4.695968 -0.319882,
0.441104 -4.811182 -0.319882, 0.32589 -4.983612 -0.319882,
0.285433 -5.187007 -0.319882, 0.32589 -5.390401 -0.319882,
0.441104 -5.562831 -0.319882, 0.613534 -5.678045 -0.319882,
0.816929 -5.718503 -0.319882, 1.020323 -5.678045 -0.319882,
1.192753 -5.562831 -0.319882, 1.307967 -5.390401 -0.319882,
5.246063 -7.549213 -0.319882, 5.219091 -7.413616 -0.319882,
5.142282 -7.298663 -0.319882, 5.027329 -7.221854 -0.319882,
4.891732 -7.194882 -0.319882, 4.756136 -7.221854 -0.319882,
4.641183 -7.298663 -0.319882, 4.564373 -7.413616 -0.319882,
4.537402 -7.549213 -0.319882, 4.564373 -7.684809 -0.319882,
4.641183 -7.799762 -0.319882, 4.756136 -7.876571 -0.319882,
4.891732 -7.903543 -0.319882, 5.027329 -7.876571 -0.319882,
5.142282 -7.799762 -0.319882, 5.219091 -7.684809 -0.319882,
-0.068898 -7.549211 -0.319882, -0.09587 -7.413615 -0.319882,
-0.172679 -7.298662 -0.319882, -0.287632 -7.221853 -0.319882,
-0.423229 -7.194881 -0.319882, -0.558825 -7.221853 -0.319882,
-0.673778 -7.298662 -0.319882, -0.750588 -7.413615 -0.319882,
-0.777559 -7.549211 -0.319882, -0.750588 -7.684808 -0.319882,
-0.673778 -7.799761 -0.319882, -0.558825 -7.87657 -0.319882,
-0.423229 -7.903542 -0.319882, -0.287632 -7.87657 -0.319882,
-0.172679 -7.799761 -0.319882, -0.09587 -7.684808 -0.319882,
-2.312992 -7.234252 -0.319882, -2.335469 -7.121255 -0.319882,
-2.399476 -7.025461 -0.319882, -2.495271 -6.961453 -0.319882,
-2.608268 -6.938976 -0.319882, -2.721265 -6.961453 -0.319882,
-2.817059 -7.025461 -0.319882, -2.881067 -7.121255 -0.319882,
-2.903543 -7.234252 -0.319882, -2.881067 -7.347249 -0.319882,
-2.817059 -7.443043 -0.319882, -2.721265 -7.507051 -0.319882,
-2.608268 -7.529528 -0.319882, -2.495271 -7.507051 -0.319882,
-2.399476 -7.443043 -0.319882, -2.335469 -7.347249 -0.319882,
-4.084646 -3.100394 -0.319882, -4.107122 -2.987397 -0.319882,
-4.17113 -2.891602 -0.319882, -4.266924 -2.827595 -0.319882,
-4.379921 -2.805118 -0.319882, -4.492918 -2.827595 -0.319882,
-4.588713 -2.891602 -0.319882, -4.65272 -2.987397 -0.319882,
-4.675197 -3.100394 -0.319882, -4.65272 -3.213391 -0.319882,
-4.588713 -3.309185 -0.319882, -4.492918 -3.373193 -0.319882,
-4.379921 -3.395669 -0.319882, -4.266924 -3.373193 -0.319882,
-4.17113 -3.309185 -0.319882, -4.107122 -3.213391 -0.319882,
1.40748 5.182087 -0.319882, 1.367023 5.385481 -0.319882,
1.251809 5.557911 -0.319882, 1.079379 5.673125 -0.319882,
0.875984 5.713583 -0.319882, 0.67259 5.673125 -0.319882,
0.50016 5.557911 -0.319882, 0.384946 5.385481 -0.319882,
0.344488 5.182087 -0.319882, 0.384946 4.978692 -0.319882,
0.50016 4.806262 -0.319882, 0.67259 4.691048 -0.319882,
0.875984 4.650591 -0.319882, 1.079379 4.691048 -0.319882,
1.251809 4.806262 -0.319882, 1.367023 4.978692 -0.319882,
4.242126 5.182087 -0.319882, 4.201668 5.385481 -0.319882,
4.086454 5.557911 -0.319882, 3.914025 5.673125 -0.319882,
3.71063 5.713583 -0.319882, 3.507235 5.673125 -0.319882,
3.334805 5.557911 -0.319882, 3.219592 5.385481 -0.319882,
3.179134 5.182087 -0.319882, 3.219592 4.978692 -0.319882,
3.334805 4.806262 -0.319882, 3.507235 4.691048 -0.319882,
3.71063 4.650591 -0.319882, 3.914025 4.691048 -0.319882,
4.086454 4.806262 -0.319882, 4.201668 4.978692 -0.319882,
-0.009843 7.544291 -0.319882, -0.036814 7.679888 -0.319882,
-0.113624 7.794841 -0.319882, -0.228577 7.87165 -0.319882,
-0.364173 7.898622 -0.319882, -0.49977 7.87165 -0.319882,
-0.614723 7.794841 -0.319882, -0.691532 7.679888 -0.319882,
-0.718504 7.544291 -0.319882, -0.691532 7.408695 -0.319882,
-0.614723 7.293742 -0.319882, -0.49977 7.216932 -0.319882,
-0.364173 7.189961 -0.319882, -0.228577 7.216932 -0.319882,
-0.113624 7.293742 -0.319882, -0.036814 7.408695 -0.319882,
5.305118 7.544291 -0.319882, 5.278146 7.679888 -0.319882,
5.201337 7.794841 -0.319882, 5.086384 7.87165 -0.319882,
4.950787 7.898622 -0.319882, 4.815191 7.87165 -0.319882,
4.700238 7.794841 -0.319882, 4.623429 7.679888 -0.319882,
4.596457 7.544291 -0.319882, 4.623429 7.408695 -0.319882,
4.700238 7.293742 -0.319882, 4.815191 7.216932 -0.319882,
4.950787 7.189961 -0.319882, 5.086384 7.216932 -0.319882,
5.201337 7.293742 -0.319882, 5.278146 7.408695 -0.319882,
-2.312992 -5.068898 -0.319882, -2.335469 -4.955901 -0.319882,
-2.399476 -4.860106 -0.319882, -2.495271 -4.796099 -0.319882,
-2.608268 -4.773622 -0.319882, -2.721265 -4.796099 -0.319882,
-2.817059 -4.860106 -0.319882, -2.881067 -4.955901 -0.319882,
-2.903543 -5.068898 -0.319882, -2.881067 -5.181895 -0.319882,
-2.817059 -5.277689 -0.319882, -2.721265 -5.341697 -0.319882,
-2.608268 -5.364173 -0.319882, -2.495271 -5.341697 -0.319882,
-2.399476 -5.277689 -0.319882, -2.335469 -5.181895 -0.319882,
-3.98622 -5.068898 -0.319882, -4.008697 -4.955901 -0.319882,
-4.072705 -4.860106 -0.319882, -4.168499 -4.796099 -0.319882,
-4.281496 -4.773622 -0.319882, -4.394493 -4.796099 -0.319882,
-4.490287 -4.860106 -0.319882, -4.554295 -4.955901 -0.319882,
-4.576772 -5.068898 -0.319882, -4.554295 -5.181895 -0.319882,
-4.490287 -5.277689 -0.319882, -4.394493 -5.341697 -0.319882,
-4.281496 -5.364173 -0.319882, -4.168499 -5.341697 -0.319882,
-4.072705 -5.277689 -0.319882, -4.008697 -5.181895 -0.319882
              ]
            }
            coordIndex [
 
1, 825, 0, -1, 825, 824, 0, -1, 2, 826, 1, -1, 826, 825, 1, -1,
3, 827, 2, -1, 827, 826, 2, -1, 4, 828, 3, -1, 828, 827, 3, -1,
5, 829, 4, -1, 829, 828, 4, -1, 6, 830, 5, -1, 830, 829, 5, -1,
7, 831, 6, -1, 831, 830, 6, -1, 8, 832, 7, -1, 832, 831, 7, -1,
9, 833, 8, -1, 833, 832, 8, -1, 10, 834, 9, -1, 834, 833, 9, -1,
11, 835, 10, -1, 835, 834, 10, -1, 12, 836, 11, -1, 836, 835, 11, -1,
13, 837, 12, -1, 837, 836, 12, -1, 14, 838, 13, -1, 838, 837, 13, -1,
15, 839, 14, -1, 839, 838, 14, -1, 0, 824, 15, -1, 824, 839, 15, -1,
17, 841, 16, -1, 841, 840, 16, -1, 18, 842, 17, -1, 842, 841, 17, -1,
19, 843, 18, -1, 843, 842, 18, -1, 20, 844, 19, -1, 844, 843, 19, -1,
21, 845, 20, -1, 845, 844, 20, -1, 22, 846, 21, -1, 846, 845, 21, -1,
23, 847, 22, -1, 847, 846, 22, -1, 24, 848, 23, -1, 848, 847, 23, -1,
25, 849, 24, -1, 849, 848, 24, -1, 26, 850, 25, -1, 850, 849, 25, -1,
27, 851, 26, -1, 851, 850, 26, -1, 28, 852, 27, -1, 852, 851, 27, -1,
29, 853, 28, -1, 853, 852, 28, -1, 30, 854, 29, -1, 854, 853, 29, -1,
31, 855, 30, -1, 855, 854, 30, -1, 16, 840, 31, -1, 840, 855, 31, -1,
33, 857, 32, -1, 857, 856, 32, -1, 34, 858, 33, -1, 858, 857, 33, -1,
35, 859, 34, -1, 859, 858, 34, -1, 36, 860, 35, -1, 860, 859, 35, -1,
37, 861, 36, -1, 861, 860, 36, -1, 38, 862, 37, -1, 862, 861, 37, -1,
39, 863, 38, -1, 863, 862, 38, -1, 40, 864, 39, -1, 864, 863, 39, -1,
41, 865, 40, -1, 865, 864, 40, -1, 42, 866, 41, -1, 866, 865, 41, -1,
43, 867, 42, -1, 867, 866, 42, -1, 44, 868, 43, -1, 868, 867, 43, -1,
45, 869, 44, -1, 869, 868, 44, -1, 46, 870, 45, -1, 870, 869, 45, -1,
47, 871, 46, -1, 871, 870, 46, -1, 32, 856, 47, -1, 856, 871, 47, -1,
49, 873, 48, -1, 873, 872, 48, -1, 50, 874, 49, -1, 874, 873, 49, -1,
51, 875, 50, -1, 875, 874, 50, -1, 52, 876, 51, -1, 876, 875, 51, -1,
53, 877, 52, -1, 877, 876, 52, -1, 54, 878, 53, -1, 878, 877, 53, -1,
55, 879, 54, -1, 879, 878, 54, -1, 56, 880, 55, -1, 880, 879, 55, -1,
57, 881, 56, -1, 881, 880, 56, -1, 58, 882, 57, -1, 882, 881, 57, -1,
59, 883, 58, -1, 883, 882, 58, -1, 60, 884, 59, -1, 884, 883, 59, -1,
61, 885, 60, -1, 885, 884, 60, -1, 62, 886, 61, -1, 886, 885, 61, -1,
63, 887, 62, -1, 887, 886, 62, -1, 48, 872, 63, -1, 872, 887, 63, -1,
65, 889, 64, -1, 889, 888, 64, -1, 66, 890, 65, -1, 890, 889, 65, -1,
67, 891, 66, -1, 891, 890, 66, -1, 68, 892, 67, -1, 892, 891, 67, -1,
69, 893, 68, -1, 893, 892, 68, -1, 70, 894, 69, -1, 894, 893, 69, -1,
71, 895, 70, -1, 895, 894, 70, -1, 72, 896, 71, -1, 896, 895, 71, -1,
73, 897, 72, -1, 897, 896, 72, -1, 74, 898, 73, -1, 898, 897, 73, -1,
75, 899, 74, -1, 899, 898, 74, -1, 76, 900, 75, -1, 900, 899, 75, -1,
77, 901, 76, -1, 901, 900, 76, -1, 78, 902, 77, -1, 902, 901, 77, -1,
79, 903, 78, -1, 903, 902, 78, -1, 64, 888, 79, -1, 888, 903, 79, -1,
81, 905, 80, -1, 905, 904, 80, -1, 82, 906, 81, -1, 906, 905, 81, -1,
83, 907, 82, -1, 907, 906, 82, -1, 84, 908, 83, -1, 908, 907, 83, -1,
85, 909, 84, -1, 909, 908, 84, -1, 86, 910, 85, -1, 910, 909, 85, -1,
87, 911, 86, -1, 911, 910, 86, -1, 88, 912, 87, -1, 912, 911, 87, -1,
89, 913, 88, -1, 913, 912, 88, -1, 90, 914, 89, -1, 914, 913, 89, -1,
91, 915, 90, -1, 915, 914, 90, -1, 92, 916, 91, -1, 916, 915, 91, -1,
93, 917, 92, -1, 917, 916, 92, -1, 94, 918, 93, -1, 918, 917, 93, -1,
95, 919, 94, -1, 919, 918, 94, -1, 80, 904, 95, -1, 904, 919, 95, -1,
97, 921, 96, -1, 921, 920, 96, -1, 98, 922, 97, -1, 922, 921, 97, -1,
99, 923, 98, -1, 923, 922, 98, -1, 100, 924, 99, -1, 924, 923, 99, -1,
101, 925, 100, -1, 925, 924, 100, -1, 102, 926, 101, -1, 926, 925, 101, -1,
103, 927, 102, -1, 927, 926, 102, -1, 104, 928, 103, -1, 928, 927, 103, -1,
105, 929, 104, -1, 929, 928, 104, -1, 106, 930, 105, -1, 930, 929, 105, -1,
107, 931, 106, -1, 931, 930, 106, -1, 108, 932, 107, -1, 932, 931, 107, -1,
109, 933, 108, -1, 933, 932, 108, -1, 110, 934, 109, -1, 934, 933, 109, -1,
111, 935, 110, -1, 935, 934, 110, -1, 96, 920, 111, -1, 920, 935, 111, -1,
113, 937, 112, -1, 937, 936, 112, -1, 114, 938, 113, -1, 938, 937, 113, -1,
115, 939, 114, -1, 939, 938, 114, -1, 116, 940, 115, -1, 940, 939, 115, -1,
117, 941, 116, -1, 941, 940, 116, -1, 118, 942, 117, -1, 942, 941, 117, -1,
119, 943, 118, -1, 943, 942, 118, -1, 120, 944, 119, -1, 944, 943, 119, -1,
121, 945, 120, -1, 945, 944, 120, -1, 122, 946, 121, -1, 946, 945, 121, -1,
123, 947, 122, -1, 947, 946, 122, -1, 124, 948, 123, -1, 948, 947, 123, -1,
125, 949, 124, -1, 949, 948, 124, -1, 126, 950, 125, -1, 950, 949, 125, -1,
127, 951, 126, -1, 951, 950, 126, -1, 112, 936, 127, -1, 936, 951, 127, -1,
129, 953, 128, -1, 953, 952, 128, -1, 130, 954, 129, -1, 954, 953, 129, -1,
131, 955, 130, -1, 955, 954, 130, -1, 132, 956, 131, -1, 956, 955, 131, -1,
133, 957, 132, -1, 957, 956, 132, -1, 134, 958, 133, -1, 958, 957, 133, -1,
135, 959, 134, -1, 959, 958, 134, -1, 136, 960, 135, -1, 960, 959, 135, -1,
137, 961, 136, -1, 961, 960, 136, -1, 138, 962, 137, -1, 962, 961, 137, -1,
139, 963, 138, -1, 963, 962, 138, -1, 140, 964, 139, -1, 964, 963, 139, -1,
141, 965, 140, -1, 965, 964, 140, -1, 142, 966, 141, -1, 966, 965, 141, -1,
143, 967, 142, -1, 967, 966, 142, -1, 128, 952, 143, -1, 952, 967, 143, -1,
145, 969, 144, -1, 969, 968, 144, -1, 146, 970, 145, -1, 970, 969, 145, -1,
147, 971, 146, -1, 971, 970, 146, -1, 148, 972, 147, -1, 972, 971, 147, -1,
149, 973, 148, -1, 973, 972, 148, -1, 150, 974, 149, -1, 974, 973, 149, -1,
151, 975, 150, -1, 975, 974, 150, -1, 152, 976, 151, -1, 976, 975, 151, -1,
153, 977, 152, -1, 977, 976, 152, -1, 154, 978, 153, -1, 978, 977, 153, -1,
155, 979, 154, -1, 979, 978, 154, -1, 156, 980, 155, -1, 980, 979, 155, -1,
157, 981, 156, -1, 981, 980, 156, -1, 158, 982, 157, -1, 982, 981, 157, -1,
159, 983, 158, -1, 983, 982, 158, -1, 144, 968, 159, -1, 968, 983, 159, -1,
161, 985, 160, -1, 985, 984, 160, -1, 162, 986, 161, -1, 986, 985, 161, -1,
163, 987, 162, -1, 987, 986, 162, -1, 164, 988, 163, -1, 988, 987, 163, -1,
165, 989, 164, -1, 989, 988, 164, -1, 166, 990, 165, -1, 990, 989, 165, -1,
167, 991, 166, -1, 991, 990, 166, -1, 168, 992, 167, -1, 992, 991, 167, -1,
169, 993, 168, -1, 993, 992, 168, -1, 170, 994, 169, -1, 994, 993, 169, -1,
171, 995, 170, -1, 995, 994, 170, -1, 172, 996, 171, -1, 996, 995, 171, -1,
173, 997, 172, -1, 997, 996, 172, -1, 174, 998, 173, -1, 998, 997, 173, -1,
175, 999, 174, -1, 999, 998, 174, -1, 160, 984, 175, -1, 984, 999, 175, -1,
177, 1001, 176, -1, 1001, 1000, 176, -1, 178, 1002, 177, -1, 1002, 1001, 177, -1,
179, 1003, 178, -1, 1003, 1002, 178, -1, 180, 1004, 179, -1, 1004, 1003, 179, -1,
181, 1005, 180, -1, 1005, 1004, 180, -1, 182, 1006, 181, -1, 1006, 1005, 181, -1,
183, 1007, 182, -1, 1007, 1006, 182, -1, 184, 1008, 183, -1, 1008, 1007, 183, -1,
185, 1009, 184, -1, 1009, 1008, 184, -1, 186, 1010, 185, -1, 1010, 1009, 185, -1,
187, 1011, 186, -1, 1011, 1010, 186, -1, 188, 1012, 187, -1, 1012, 1011, 187, -1,
189, 1013, 188, -1, 1013, 1012, 188, -1, 190, 1014, 189, -1, 1014, 1013, 189, -1,
191, 1015, 190, -1, 1015, 1014, 190, -1, 192, 1016, 191, -1, 1016, 1015, 191, -1,
193, 1017, 192, -1, 1017, 1016, 192, -1, 194, 1018, 193, -1, 1018, 1017, 193, -1,
195, 1019, 194, -1, 1019, 1018, 194, -1, 176, 1000, 195, -1, 1000, 1019, 195, -1,
197, 1021, 196, -1, 1021, 1020, 196, -1, 198, 1022, 197, -1, 1022, 1021, 197, -1,
199, 1023, 198, -1, 1023, 1022, 198, -1, 200, 1024, 199, -1, 1024, 1023, 199, -1,
201, 1025, 200, -1, 1025, 1024, 200, -1, 202, 1026, 201, -1, 1026, 1025, 201, -1,
203, 1027, 202, -1, 1027, 1026, 202, -1, 204, 1028, 203, -1, 1028, 1027, 203, -1,
205, 1029, 204, -1, 1029, 1028, 204, -1, 206, 1030, 205, -1, 1030, 1029, 205, -1,
207, 1031, 206, -1, 1031, 1030, 206, -1, 208, 1032, 207, -1, 1032, 1031, 207, -1,
209, 1033, 208, -1, 1033, 1032, 208, -1, 210, 1034, 209, -1, 1034, 1033, 209, -1,
211, 1035, 210, -1, 1035, 1034, 210, -1, 196, 1020, 211, -1, 1020, 1035, 211, -1,
213, 1037, 212, -1, 1037, 1036, 212, -1, 214, 1038, 213, -1, 1038, 1037, 213, -1,
215, 1039, 214, -1, 1039, 1038, 214, -1, 216, 1040, 215, -1, 1040, 1039, 215, -1,
217, 1041, 216, -1, 1041, 1040, 216, -1, 218, 1042, 217, -1, 1042, 1041, 217, -1,
219, 1043, 218, -1, 1043, 1042, 218, -1, 220, 1044, 219, -1, 1044, 1043, 219, -1,
221, 1045, 220, -1, 1045, 1044, 220, -1, 222, 1046, 221, -1, 1046, 1045, 221, -1,
223, 1047, 222, -1, 1047, 1046, 222, -1, 224, 1048, 223, -1, 1048, 1047, 223, -1,
225, 1049, 224, -1, 1049, 1048, 224, -1, 226, 1050, 225, -1, 1050, 1049, 225, -1,
227, 1051, 226, -1, 1051, 1050, 226, -1, 212, 1036, 227, -1, 1036, 1051, 227, -1,
229, 1053, 228, -1, 1053, 1052, 228, -1, 230, 1054, 229, -1, 1054, 1053, 229, -1,
231, 1055, 230, -1, 1055, 1054, 230, -1, 232, 1056, 231, -1, 1056, 1055, 231, -1,
233, 1057, 232, -1, 1057, 1056, 232, -1, 234, 1058, 233, -1, 1058, 1057, 233, -1,
235, 1059, 234, -1, 1059, 1058, 234, -1, 236, 1060, 235, -1, 1060, 1059, 235, -1,
237, 1061, 236, -1, 1061, 1060, 236, -1, 238, 1062, 237, -1, 1062, 1061, 237, -1,
239, 1063, 238, -1, 1063, 1062, 238, -1, 240, 1064, 239, -1, 1064, 1063, 239, -1,
241, 1065, 240, -1, 1065, 1064, 240, -1, 242, 1066, 241, -1, 1066, 1065, 241, -1,
243, 1067, 242, -1, 1067, 1066, 242, -1, 228, 1052, 243, -1, 1052, 1067, 243, -1,
245, 1069, 244, -1, 1069, 1068, 244, -1, 246, 1070, 245, -1, 1070, 1069, 245, -1,
247, 1071, 246, -1, 1071, 1070, 246, -1, 248, 1072, 247, -1, 1072, 1071, 247, -1,
249, 1073, 248, -1, 1073, 1072, 248, -1, 250, 1074, 249, -1, 1074, 1073, 249, -1,
251, 1075, 250, -1, 1075, 1074, 250, -1, 252, 1076, 251, -1, 1076, 1075, 251, -1,
253, 1077, 252, -1, 1077, 1076, 252, -1, 254, 1078, 253, -1, 1078, 1077, 253, -1,
255, 1079, 254, -1, 1079, 1078, 254, -1, 256, 1080, 255, -1, 1080, 1079, 255, -1,
257, 1081, 256, -1, 1081, 1080, 256, -1, 258, 1082, 257, -1, 1082, 1081, 257, -1,
259, 1083, 258, -1, 1083, 1082, 258, -1, 244, 1068, 259, -1, 1068, 1083, 259, -1,
261, 1085, 260, -1, 1085, 1084, 260, -1, 262, 1086, 261, -1, 1086, 1085, 261, -1,
263, 1087, 262, -1, 1087, 1086, 262, -1, 264, 1088, 263, -1, 1088, 1087, 263, -1,
265, 1089, 264, -1, 1089, 1088, 264, -1, 266, 1090, 265, -1, 1090, 1089, 265, -1,
267, 1091, 266, -1, 1091, 1090, 266, -1, 268, 1092, 267, -1, 1092, 1091, 267, -1,
269, 1093, 268, -1, 1093, 1092, 268, -1, 270, 1094, 269, -1, 1094, 1093, 269, -1,
271, 1095, 270, -1, 1095, 1094, 270, -1, 272, 1096, 271, -1, 1096, 1095, 271, -1,
273, 1097, 272, -1, 1097, 1096, 272, -1, 274, 1098, 273, -1, 1098, 1097, 273, -1,
275, 1099, 274, -1, 1099, 1098, 274, -1, 260, 1084, 275, -1, 1084, 1099, 275, -1,
277, 1101, 276, -1, 1101, 1100, 276, -1, 278, 1102, 277, -1, 1102, 1101, 277, -1,
279, 1103, 278, -1, 1103, 1102, 278, -1, 280, 1104, 279, -1, 1104, 1103, 279, -1,
281, 1105, 280, -1, 1105, 1104, 280, -1, 282, 1106, 281, -1, 1106, 1105, 281, -1,
283, 1107, 282, -1, 1107, 1106, 282, -1, 284, 1108, 283, -1, 1108, 1107, 283, -1,
285, 1109, 284, -1, 1109, 1108, 284, -1, 286, 1110, 285, -1, 1110, 1109, 285, -1,
287, 1111, 286, -1, 1111, 1110, 286, -1, 288, 1112, 287, -1, 1112, 1111, 287, -1,
289, 1113, 288, -1, 1113, 1112, 288, -1, 290, 1114, 289, -1, 1114, 1113, 289, -1,
291, 1115, 290, -1, 1115, 1114, 290, -1, 276, 1100, 291, -1, 1100, 1115, 291, -1,
293, 1117, 292, -1, 1117, 1116, 292, -1, 294, 1118, 293, -1, 1118, 1117, 293, -1,
295, 1119, 294, -1, 1119, 1118, 294, -1, 296, 1120, 295, -1, 1120, 1119, 295, -1,
297, 1121, 296, -1, 1121, 1120, 296, -1, 298, 1122, 297, -1, 1122, 1121, 297, -1,
299, 1123, 298, -1, 1123, 1122, 298, -1, 300, 1124, 299, -1, 1124, 1123, 299, -1,
301, 1125, 300, -1, 1125, 1124, 300, -1, 302, 1126, 301, -1, 1126, 1125, 301, -1,
303, 1127, 302, -1, 1127, 1126, 302, -1, 304, 1128, 303, -1, 1128, 1127, 303, -1,
305, 1129, 304, -1, 1129, 1128, 304, -1, 306, 1130, 305, -1, 1130, 1129, 305, -1,
307, 1131, 306, -1, 1131, 1130, 306, -1, 292, 1116, 307, -1, 1116, 1131, 307, -1,
309, 1133, 308, -1, 1133, 1132, 308, -1, 310, 1134, 309, -1, 1134, 1133, 309, -1,
311, 1135, 310, -1, 1135, 1134, 310, -1, 312, 1136, 311, -1, 1136, 1135, 311, -1,
313, 1137, 312, -1, 1137, 1136, 312, -1, 314, 1138, 313, -1, 1138, 1137, 313, -1,
315, 1139, 314, -1, 1139, 1138, 314, -1, 316, 1140, 315, -1, 1140, 1139, 315, -1,
317, 1141, 316, -1, 1141, 1140, 316, -1, 318, 1142, 317, -1, 1142, 1141, 317, -1,
319, 1143, 318, -1, 1143, 1142, 318, -1, 320, 1144, 319, -1, 1144, 1143, 319, -1,
321, 1145, 320, -1, 1145, 1144, 320, -1, 322, 1146, 321, -1, 1146, 1145, 321, -1,
323, 1147, 322, -1, 1147, 1146, 322, -1, 308, 1132, 323, -1, 1132, 1147, 323, -1,
325, 1149, 324, -1, 1149, 1148, 324, -1, 326, 1150, 325, -1, 1150, 1149, 325, -1,
327, 1151, 326, -1, 1151, 1150, 326, -1, 328, 1152, 327, -1, 1152, 1151, 327, -1,
329, 1153, 328, -1, 1153, 1152, 328, -1, 330, 1154, 329, -1, 1154, 1153, 329, -1,
331, 1155, 330, -1, 1155, 1154, 330, -1, 332, 1156, 331, -1, 1156, 1155, 331, -1,
333, 1157, 332, -1, 1157, 1156, 332, -1, 334, 1158, 333, -1, 1158, 1157, 333, -1,
335, 1159, 334, -1, 1159, 1158, 334, -1, 336, 1160, 335, -1, 1160, 1159, 335, -1,
337, 1161, 336, -1, 1161, 1160, 336, -1, 338, 1162, 337, -1, 1162, 1161, 337, -1,
339, 1163, 338, -1, 1163, 1162, 338, -1, 324, 1148, 339, -1, 1148, 1163, 339, -1,
341, 1165, 340, -1, 1165, 1164, 340, -1, 342, 1166, 341, -1, 1166, 1165, 341, -1,
343, 1167, 342, -1, 1167, 1166, 342, -1, 344, 1168, 343, -1, 1168, 1167, 343, -1,
345, 1169, 344, -1, 1169, 1168, 344, -1, 346, 1170, 345, -1, 1170, 1169, 345, -1,
347, 1171, 346, -1, 1171, 1170, 346, -1, 348, 1172, 347, -1, 1172, 1171, 347, -1,
349, 1173, 348, -1, 1173, 1172, 348, -1, 350, 1174, 349, -1, 1174, 1173, 349, -1,
351, 1175, 350, -1, 1175, 1174, 350, -1, 352, 1176, 351, -1, 1176, 1175, 351, -1,
353, 1177, 352, -1, 1177, 1176, 352, -1, 354, 1178, 353, -1, 1178, 1177, 353, -1,
355, 1179, 354, -1, 1179, 1178, 354, -1, 340, 1164, 355, -1, 1164, 1179, 355, -1,
357, 1181, 356, -1, 1181, 1180, 356, -1, 358, 1182, 357, -1, 1182, 1181, 357, -1,
359, 1183, 358, -1, 1183, 1182, 358, -1, 360, 1184, 359, -1, 1184, 1183, 359, -1,
361, 1185, 360, -1, 1185, 1184, 360, -1, 362, 1186, 361, -1, 1186, 1185, 361, -1,
363, 1187, 362, -1, 1187, 1186, 362, -1, 364, 1188, 363, -1, 1188, 1187, 363, -1,
365, 1189, 364, -1, 1189, 1188, 364, -1, 366, 1190, 365, -1, 1190, 1189, 365, -1,
367, 1191, 366, -1, 1191, 1190, 366, -1, 368, 1192, 367, -1, 1192, 1191, 367, -1,
369, 1193, 368, -1, 1193, 1192, 368, -1, 370, 1194, 369, -1, 1194, 1193, 369, -1,
371, 1195, 370, -1, 1195, 1194, 370, -1, 356, 1180, 371, -1, 1180, 1195, 371, -1,
373, 1197, 372, -1, 1197, 1196, 372, -1, 374, 1198, 373, -1, 1198, 1197, 373, -1,
375, 1199, 374, -1, 1199, 1198, 374, -1, 376, 1200, 375, -1, 1200, 1199, 375, -1,
377, 1201, 376, -1, 1201, 1200, 376, -1, 378, 1202, 377, -1, 1202, 1201, 377, -1,
379, 1203, 378, -1, 1203, 1202, 378, -1, 380, 1204, 379, -1, 1204, 1203, 379, -1,
381, 1205, 380, -1, 1205, 1204, 380, -1, 382, 1206, 381, -1, 1206, 1205, 381, -1,
383, 1207, 382, -1, 1207, 1206, 382, -1, 384, 1208, 383, -1, 1208, 1207, 383, -1,
385, 1209, 384, -1, 1209, 1208, 384, -1, 386, 1210, 385, -1, 1210, 1209, 385, -1,
387, 1211, 386, -1, 1211, 1210, 386, -1, 372, 1196, 387, -1, 1196, 1211, 387, -1,
389, 1213, 388, -1, 1213, 1212, 388, -1, 390, 1214, 389, -1, 1214, 1213, 389, -1,
391, 1215, 390, -1, 1215, 1214, 390, -1, 392, 1216, 391, -1, 1216, 1215, 391, -1,
393, 1217, 392, -1, 1217, 1216, 392, -1, 394, 1218, 393, -1, 1218, 1217, 393, -1,
395, 1219, 394, -1, 1219, 1218, 394, -1, 396, 1220, 395, -1, 1220, 1219, 395, -1,
397, 1221, 396, -1, 1221, 1220, 396, -1, 398, 1222, 397, -1, 1222, 1221, 397, -1,
399, 1223, 398, -1, 1223, 1222, 398, -1, 400, 1224, 399, -1, 1224, 1223, 399, -1,
401, 1225, 400, -1, 1225, 1224, 400, -1, 402, 1226, 401, -1, 1226, 1225, 401, -1,
403, 1227, 402, -1, 1227, 1226, 402, -1, 388, 1212, 403, -1, 1212, 1227, 403, -1,
405, 1229, 404, -1, 1229, 1228, 404, -1, 406, 1230, 405, -1, 1230, 1229, 405, -1,
407, 1231, 406, -1, 1231, 1230, 406, -1, 408, 1232, 407, -1, 1232, 1231, 407, -1,
409, 1233, 408, -1, 1233, 1232, 408, -1, 410, 1234, 409, -1, 1234, 1233, 409, -1,
411, 1235, 410, -1, 1235, 1234, 410, -1, 412, 1236, 411, -1, 1236, 1235, 411, -1,
413, 1237, 412, -1, 1237, 1236, 412, -1, 414, 1238, 413, -1, 1238, 1237, 413, -1,
415, 1239, 414, -1, 1239, 1238, 414, -1, 416, 1240, 415, -1, 1240, 1239, 415, -1,
417, 1241, 416, -1, 1241, 1240, 416, -1, 418, 1242, 417, -1, 1242, 1241, 417, -1,
419, 1243, 418, -1, 1243, 1242, 418, -1, 404, 1228, 419, -1, 1228, 1243, 419, -1,
421, 1245, 420, -1, 1245, 1244, 420, -1, 422, 1246, 421, -1, 1246, 1245, 421, -1,
423, 1247, 422, -1, 1247, 1246, 422, -1, 424, 1248, 423, -1, 1248, 1247, 423, -1,
425, 1249, 424, -1, 1249, 1248, 424, -1, 426, 1250, 425, -1, 1250, 1249, 425, -1,
427, 1251, 426, -1, 1251, 1250, 426, -1, 428, 1252, 427, -1, 1252, 1251, 427, -1,
429, 1253, 428, -1, 1253, 1252, 428, -1, 430, 1254, 429, -1, 1254, 1253, 429, -1,
431, 1255, 430, -1, 1255, 1254, 430, -1, 432, 1256, 431, -1, 1256, 1255, 431, -1,
433, 1257, 432, -1, 1257, 1256, 432, -1, 434, 1258, 433, -1, 1258, 1257, 433, -1,
435, 1259, 434, -1, 1259, 1258, 434, -1, 420, 1244, 435, -1, 1244, 1259, 435, -1,
437, 1261, 436, -1, 1261, 1260, 436, -1, 438, 1262, 437, -1, 1262, 1261, 437, -1,
439, 1263, 438, -1, 1263, 1262, 438, -1, 440, 1264, 439, -1, 1264, 1263, 439, -1,
441, 1265, 440, -1, 1265, 1264, 440, -1, 442, 1266, 441, -1, 1266, 1265, 441, -1,
443, 1267, 442, -1, 1267, 1266, 442, -1, 444, 1268, 443, -1, 1268, 1267, 443, -1,
445, 1269, 444, -1, 1269, 1268, 444, -1, 446, 1270, 445, -1, 1270, 1269, 445, -1,
447, 1271, 446, -1, 1271, 1270, 446, -1, 448, 1272, 447, -1, 1272, 1271, 447, -1,
449, 1273, 448, -1, 1273, 1272, 448, -1, 450, 1274, 449, -1, 1274, 1273, 449, -1,
451, 1275, 450, -1, 1275, 1274, 450, -1, 436, 1260, 451, -1, 1260, 1275, 451, -1,
453, 1277, 452, -1, 1277, 1276, 452, -1, 454, 1278, 453, -1, 1278, 1277, 453, -1,
455, 1279, 454, -1, 1279, 1278, 454, -1, 456, 1280, 455, -1, 1280, 1279, 455, -1,
457, 1281, 456, -1, 1281, 1280, 456, -1, 458, 1282, 457, -1, 1282, 1281, 457, -1,
459, 1283, 458, -1, 1283, 1282, 458, -1, 460, 1284, 459, -1, 1284, 1283, 459, -1,
461, 1285, 460, -1, 1285, 1284, 460, -1, 462, 1286, 461, -1, 1286, 1285, 461, -1,
463, 1287, 462, -1, 1287, 1286, 462, -1, 464, 1288, 463, -1, 1288, 1287, 463, -1,
465, 1289, 464, -1, 1289, 1288, 464, -1, 466, 1290, 465, -1, 1290, 1289, 465, -1,
467, 1291, 466, -1, 1291, 1290, 466, -1, 468, 1292, 467, -1, 1292, 1291, 467, -1,
469, 1293, 468, -1, 1293, 1292, 468, -1, 470, 1294, 469, -1, 1294, 1293, 469, -1,
471, 1295, 470, -1, 1295, 1294, 470, -1, 452, 1276, 471, -1, 1276, 1295, 471, -1,
473, 1297, 472, -1, 1297, 1296, 472, -1, 474, 1298, 473, -1, 1298, 1297, 473, -1,
475, 1299, 474, -1, 1299, 1298, 474, -1, 476, 1300, 475, -1, 1300, 1299, 475, -1,
477, 1301, 476, -1, 1301, 1300, 476, -1, 478, 1302, 477, -1, 1302, 1301, 477, -1,
479, 1303, 478, -1, 1303, 1302, 478, -1, 480, 1304, 479, -1, 1304, 1303, 479, -1,
481, 1305, 480, -1, 1305, 1304, 480, -1, 482, 1306, 481, -1, 1306, 1305, 481, -1,
483, 1307, 482, -1, 1307, 1306, 482, -1, 484, 1308, 483, -1, 1308, 1307, 483, -1,
485, 1309, 484, -1, 1309, 1308, 484, -1, 486, 1310, 485, -1, 1310, 1309, 485, -1,
487, 1311, 486, -1, 1311, 1310, 486, -1, 472, 1296, 487, -1, 1296, 1311, 487, -1,
489, 1313, 488, -1, 1313, 1312, 488, -1, 490, 1314, 489, -1, 1314, 1313, 489, -1,
491, 1315, 490, -1, 1315, 1314, 490, -1, 492, 1316, 491, -1, 1316, 1315, 491, -1,
493, 1317, 492, -1, 1317, 1316, 492, -1, 494, 1318, 493, -1, 1318, 1317, 493, -1,
495, 1319, 494, -1, 1319, 1318, 494, -1, 496, 1320, 495, -1, 1320, 1319, 495, -1,
497, 1321, 496, -1, 1321, 1320, 496, -1, 498, 1322, 497, -1, 1322, 1321, 497, -1,
499, 1323, 498, -1, 1323, 1322, 498, -1, 500, 1324, 499, -1, 1324, 1323, 499, -1,
501, 1325, 500, -1, 1325, 1324, 500, -1, 502, 1326, 501, -1, 1326, 1325, 501, -1,
503, 1327, 502, -1, 1327, 1326, 502, -1, 488, 1312, 503, -1, 1312, 1327, 503, -1,
505, 1329, 504, -1, 1329, 1328, 504, -1, 506, 1330, 505, -1, 1330, 1329, 505, -1,
507, 1331, 506, -1, 1331, 1330, 506, -1, 508, 1332, 507, -1, 1332, 1331, 507, -1,
509, 1333, 508, -1, 1333, 1332, 508, -1, 510, 1334, 509, -1, 1334, 1333, 509, -1,
511, 1335, 510, -1, 1335, 1334, 510, -1, 512, 1336, 511, -1, 1336, 1335, 511, -1,
513, 1337, 512, -1, 1337, 1336, 512, -1, 514, 1338, 513, -1, 1338, 1337, 513, -1,
515, 1339, 514, -1, 1339, 1338, 514, -1, 516, 1340, 515, -1, 1340, 1339, 515, -1,
517, 1341, 516, -1, 1341, 1340, 516, -1, 518, 1342, 517, -1, 1342, 1341, 517, -1,
519, 1343, 518, -1, 1343, 1342, 518, -1, 504, 1328, 519, -1, 1328, 1343, 519, -1,
521, 1345, 520, -1, 1345, 1344, 520, -1, 522, 1346, 521, -1, 1346, 1345, 521, -1,
523, 1347, 522, -1, 1347, 1346, 522, -1, 524, 1348, 523, -1, 1348, 1347, 523, -1,
525, 1349, 524, -1, 1349, 1348, 524, -1, 526, 1350, 525, -1, 1350, 1349, 525, -1,
527, 1351, 526, -1, 1351, 1350, 526, -1, 528, 1352, 527, -1, 1352, 1351, 527, -1,
529, 1353, 528, -1, 1353, 1352, 528, -1, 530, 1354, 529, -1, 1354, 1353, 529, -1,
531, 1355, 530, -1, 1355, 1354, 530, -1, 532, 1356, 531, -1, 1356, 1355, 531, -1,
533, 1357, 532, -1, 1357, 1356, 532, -1, 534, 1358, 533, -1, 1358, 1357, 533, -1,
535, 1359, 534, -1, 1359, 1358, 534, -1, 520, 1344, 535, -1, 1344, 1359, 535, -1,
537, 1361, 536, -1, 1361, 1360, 536, -1, 538, 1362, 537, -1, 1362, 1361, 537, -1,
539, 1363, 538, -1, 1363, 1362, 538, -1, 540, 1364, 539, -1, 1364, 1363, 539, -1,
541, 1365, 540, -1, 1365, 1364, 540, -1, 542, 1366, 541, -1, 1366, 1365, 541, -1,
543, 1367, 542, -1, 1367, 1366, 542, -1, 544, 1368, 543, -1, 1368, 1367, 543, -1,
545, 1369, 544, -1, 1369, 1368, 544, -1, 546, 1370, 545, -1, 1370, 1369, 545, -1,
547, 1371, 546, -1, 1371, 1370, 546, -1, 548, 1372, 547, -1, 1372, 1371, 547, -1,
549, 1373, 548, -1, 1373, 1372, 548, -1, 550, 1374, 549, -1, 1374, 1373, 549, -1,
551, 1375, 550, -1, 1375, 1374, 550, -1, 536, 1360, 551, -1, 1360, 1375, 551, -1,
553, 1377, 552, -1, 1377, 1376, 552, -1, 554, 1378, 553, -1, 1378, 1377, 553, -1,
555, 1379, 554, -1, 1379, 1378, 554, -1, 556, 1380, 555, -1, 1380, 1379, 555, -1,
557, 1381, 556, -1, 1381, 1380, 556, -1, 558, 1382, 557, -1, 1382, 1381, 557, -1,
559, 1383, 558, -1, 1383, 1382, 558, -1, 560, 1384, 559, -1, 1384, 1383, 559, -1,
561, 1385, 560, -1, 1385, 1384, 560, -1, 562, 1386, 561, -1, 1386, 1385, 561, -1,
563, 1387, 562, -1, 1387, 1386, 562, -1, 564, 1388, 563, -1, 1388, 1387, 563, -1,
565, 1389, 564, -1, 1389, 1388, 564, -1, 566, 1390, 565, -1, 1390, 1389, 565, -1,
567, 1391, 566, -1, 1391, 1390, 566, -1, 552, 1376, 567, -1, 1376, 1391, 567, -1,
569, 1393, 568, -1, 1393, 1392, 568, -1, 570, 1394, 569, -1, 1394, 1393, 569, -1,
571, 1395, 570, -1, 1395, 1394, 570, -1, 572, 1396, 571, -1, 1396, 1395, 571, -1,
573, 1397, 572, -1, 1397, 1396, 572, -1, 574, 1398, 573, -1, 1398, 1397, 573, -1,
575, 1399, 574, -1, 1399, 1398, 574, -1, 576, 1400, 575, -1, 1400, 1399, 575, -1,
577, 1401, 576, -1, 1401, 1400, 576, -1, 578, 1402, 577, -1, 1402, 1401, 577, -1,
579, 1403, 578, -1, 1403, 1402, 578, -1, 580, 1404, 579, -1, 1404, 1403, 579, -1,
581, 1405, 580, -1, 1405, 1404, 580, -1, 582, 1406, 581, -1, 1406, 1405, 581, -1,
583, 1407, 582, -1, 1407, 1406, 582, -1, 568, 1392, 583, -1, 1392, 1407, 583, -1,
585, 1409, 584, -1, 1409, 1408, 584, -1, 586, 1410, 585, -1, 1410, 1409, 585, -1,
587, 1411, 586, -1, 1411, 1410, 586, -1, 588, 1412, 587, -1, 1412, 1411, 587, -1,
589, 1413, 588, -1, 1413, 1412, 588, -1, 590, 1414, 589, -1, 1414, 1413, 589, -1,
591, 1415, 590, -1, 1415, 1414, 590, -1, 592, 1416, 591, -1, 1416, 1415, 591, -1,
593, 1417, 592, -1, 1417, 1416, 592, -1, 594, 1418, 593, -1, 1418, 1417, 593, -1,
595, 1419, 594, -1, 1419, 1418, 594, -1, 596, 1420, 595, -1, 1420, 1419, 595, -1,
597, 1421, 596, -1, 1421, 1420, 596, -1, 598, 1422, 597, -1, 1422, 1421, 597, -1,
599, 1423, 598, -1, 1423, 1422, 598, -1, 584, 1408, 599, -1, 1408, 1423, 599, -1,
601, 1425, 600, -1, 1425, 1424, 600, -1, 602, 1426, 601, -1, 1426, 1425, 601, -1,
603, 1427, 602, -1, 1427, 1426, 602, -1, 604, 1428, 603, -1, 1428, 1427, 603, -1,
605, 1429, 604, -1, 1429, 1428, 604, -1, 606, 1430, 605, -1, 1430, 1429, 605, -1,
607, 1431, 606, -1, 1431, 1430, 606, -1, 608, 1432, 607, -1, 1432, 1431, 607, -1,
609, 1433, 608, -1, 1433, 1432, 608, -1, 610, 1434, 609, -1, 1434, 1433, 609, -1,
611, 1435, 610, -1, 1435, 1434, 610, -1, 612, 1436, 611, -1, 1436, 1435, 611, -1,
613, 1437, 612, -1, 1437, 1436, 612, -1, 614, 1438, 613, -1, 1438, 1437, 613, -1,
615, 1439, 614, -1, 1439, 1438, 614, -1, 600, 1424, 615, -1, 1424, 1439, 615, -1,
617, 1441, 616, -1, 1441, 1440, 616, -1, 618, 1442, 617, -1, 1442, 1441, 617, -1,
619, 1443, 618, -1, 1443, 1442, 618, -1, 620, 1444, 619, -1, 1444, 1443, 619, -1,
621, 1445, 620, -1, 1445, 1444, 620, -1, 622, 1446, 621, -1, 1446, 1445, 621, -1,
623, 1447, 622, -1, 1447, 1446, 622, -1, 624, 1448, 623, -1, 1448, 1447, 623, -1,
625, 1449, 624, -1, 1449, 1448, 624, -1, 626, 1450, 625, -1, 1450, 1449, 625, -1,
627, 1451, 626, -1, 1451, 1450, 626, -1, 628, 1452, 627, -1, 1452, 1451, 627, -1,
629, 1453, 628, -1, 1453, 1452, 628, -1, 630, 1454, 629, -1, 1454, 1453, 629, -1,
631, 1455, 630, -1, 1455, 1454, 630, -1, 616, 1440, 631, -1, 1440, 1455, 631, -1,
633, 1457, 632, -1, 1457, 1456, 632, -1, 634, 1458, 633, -1, 1458, 1457, 633, -1,
635, 1459, 634, -1, 1459, 1458, 634, -1, 636, 1460, 635, -1, 1460, 1459, 635, -1,
637, 1461, 636, -1, 1461, 1460, 636, -1, 638, 1462, 637, -1, 1462, 1461, 637, -1,
639, 1463, 638, -1, 1463, 1462, 638, -1, 640, 1464, 639, -1, 1464, 1463, 639, -1,
641, 1465, 640, -1, 1465, 1464, 640, -1, 642, 1466, 641, -1, 1466, 1465, 641, -1,
643, 1467, 642, -1, 1467, 1466, 642, -1, 644, 1468, 643, -1, 1468, 1467, 643, -1,
645, 1469, 644, -1, 1469, 1468, 644, -1, 646, 1470, 645, -1, 1470, 1469, 645, -1,
647, 1471, 646, -1, 1471, 1470, 646, -1, 632, 1456, 647, -1, 1456, 1471, 647, -1,
649, 1473, 648, -1, 1473, 1472, 648, -1, 650, 1474, 649, -1, 1474, 1473, 649, -1,
651, 1475, 650, -1, 1475, 1474, 650, -1, 652, 1476, 651, -1, 1476, 1475, 651, -1,
653, 1477, 652, -1, 1477, 1476, 652, -1, 654, 1478, 653, -1, 1478, 1477, 653, -1,
655, 1479, 654, -1, 1479, 1478, 654, -1, 656, 1480, 655, -1, 1480, 1479, 655, -1,
657, 1481, 656, -1, 1481, 1480, 656, -1, 658, 1482, 657, -1, 1482, 1481, 657, -1,
659, 1483, 658, -1, 1483, 1482, 658, -1, 660, 1484, 659, -1, 1484, 1483, 659, -1,
661, 1485, 660, -1, 1485, 1484, 660, -1, 662, 1486, 661, -1, 1486, 1485, 661, -1,
663, 1487, 662, -1, 1487, 1486, 662, -1, 648, 1472, 663, -1, 1472, 1487, 663, -1,
665, 1489, 664, -1, 1489, 1488, 664, -1, 666, 1490, 665, -1, 1490, 1489, 665, -1,
667, 1491, 666, -1, 1491, 1490, 666, -1, 668, 1492, 667, -1, 1492, 1491, 667, -1,
669, 1493, 668, -1, 1493, 1492, 668, -1, 670, 1494, 669, -1, 1494, 1493, 669, -1,
671, 1495, 670, -1, 1495, 1494, 670, -1, 672, 1496, 671, -1, 1496, 1495, 671, -1,
673, 1497, 672, -1, 1497, 1496, 672, -1, 674, 1498, 673, -1, 1498, 1497, 673, -1,
675, 1499, 674, -1, 1499, 1498, 674, -1, 676, 1500, 675, -1, 1500, 1499, 675, -1,
677, 1501, 676, -1, 1501, 1500, 676, -1, 678, 1502, 677, -1, 1502, 1501, 677, -1,
679, 1503, 678, -1, 1503, 1502, 678, -1, 664, 1488, 679, -1, 1488, 1503, 679, -1,
681, 1505, 680, -1, 1505, 1504, 680, -1, 682, 1506, 681, -1, 1506, 1505, 681, -1,
683, 1507, 682, -1, 1507, 1506, 682, -1, 684, 1508, 683, -1, 1508, 1507, 683, -1,
685, 1509, 684, -1, 1509, 1508, 684, -1, 686, 1510, 685, -1, 1510, 1509, 685, -1,
687, 1511, 686, -1, 1511, 1510, 686, -1, 688, 1512, 687, -1, 1512, 1511, 687, -1,
689, 1513, 688, -1, 1513, 1512, 688, -1, 690, 1514, 689, -1, 1514, 1513, 689, -1,
691, 1515, 690, -1, 1515, 1514, 690, -1, 692, 1516, 691, -1, 1516, 1515, 691, -1,
693, 1517, 692, -1, 1517, 1516, 692, -1, 694, 1518, 693, -1, 1518, 1517, 693, -1,
695, 1519, 694, -1, 1519, 1518, 694, -1, 680, 1504, 695, -1, 1504, 1519, 695, -1,
697, 1521, 696, -1, 1521, 1520, 696, -1, 698, 1522, 697, -1, 1522, 1521, 697, -1,
699, 1523, 698, -1, 1523, 1522, 698, -1, 700, 1524, 699, -1, 1524, 1523, 699, -1,
701, 1525, 700, -1, 1525, 1524, 700, -1, 702, 1526, 701, -1, 1526, 1525, 701, -1,
703, 1527, 702, -1, 1527, 1526, 702, -1, 704, 1528, 703, -1, 1528, 1527, 703, -1,
705, 1529, 704, -1, 1529, 1528, 704, -1, 706, 1530, 705, -1, 1530, 1529, 705, -1,
707, 1531, 706, -1, 1531, 1530, 706, -1, 708, 1532, 707, -1, 1532, 1531, 707, -1,
709, 1533, 708, -1, 1533, 1532, 708, -1, 710, 1534, 709, -1, 1534, 1533, 709, -1,
711, 1535, 710, -1, 1535, 1534, 710, -1, 696, 1520, 711, -1, 1520, 1535, 711, -1,
713, 1537, 712, -1, 1537, 1536, 712, -1, 714, 1538, 713, -1, 1538, 1537, 713, -1,
715, 1539, 714, -1, 1539, 1538, 714, -1, 716, 1540, 715, -1, 1540, 1539, 715, -1,
717, 1541, 716, -1, 1541, 1540, 716, -1, 718, 1542, 717, -1, 1542, 1541, 717, -1,
719, 1543, 718, -1, 1543, 1542, 718, -1, 720, 1544, 719, -1, 1544, 1543, 719, -1,
721, 1545, 720, -1, 1545, 1544, 720, -1, 722, 1546, 721, -1, 1546, 1545, 721, -1,
723, 1547, 722, -1, 1547, 1546, 722, -1, 724, 1548, 723, -1, 1548, 1547, 723, -1,
725, 1549, 724, -1, 1549, 1548, 724, -1, 726, 1550, 725, -1, 1550, 1549, 725, -1,
727, 1551, 726, -1, 1551, 1550, 726, -1, 712, 1536, 727, -1, 1536, 1551, 727, -1,
729, 1553, 728, -1, 1553, 1552, 728, -1, 730, 1554, 729, -1, 1554, 1553, 729, -1,
731, 1555, 730, -1, 1555, 1554, 730, -1, 732, 1556, 731, -1, 1556, 1555, 731, -1,
733, 1557, 732, -1, 1557, 1556, 732, -1, 734, 1558, 733, -1, 1558, 1557, 733, -1,
735, 1559, 734, -1, 1559, 1558, 734, -1, 736, 1560, 735, -1, 1560, 1559, 735, -1,
737, 1561, 736, -1, 1561, 1560, 736, -1, 738, 1562, 737, -1, 1562, 1561, 737, -1,
739, 1563, 738, -1, 1563, 1562, 738, -1, 740, 1564, 739, -1, 1564, 1563, 739, -1,
741, 1565, 740, -1, 1565, 1564, 740, -1, 742, 1566, 741, -1, 1566, 1565, 741, -1,
743, 1567, 742, -1, 1567, 1566, 742, -1, 728, 1552, 743, -1, 1552, 1567, 743, -1,
745, 1569, 744, -1, 1569, 1568, 744, -1, 746, 1570, 745, -1, 1570, 1569, 745, -1,
747, 1571, 746, -1, 1571, 1570, 746, -1, 748, 1572, 747, -1, 1572, 1571, 747, -1,
749, 1573, 748, -1, 1573, 1572, 748, -1, 750, 1574, 749, -1, 1574, 1573, 749, -1,
751, 1575, 750, -1, 1575, 1574, 750, -1, 752, 1576, 751, -1, 1576, 1575, 751, -1,
753, 1577, 752, -1, 1577, 1576, 752, -1, 754, 1578, 753, -1, 1578, 1577, 753, -1,
755, 1579, 754, -1, 1579, 1578, 754, -1, 756, 1580, 755, -1, 1580, 1579, 755, -1,
757, 1581, 756, -1, 1581, 1580, 756, -1, 758, 1582, 757, -1, 1582, 1581, 757, -1,
759, 1583, 758, -1, 1583, 1582, 758, -1, 744, 1568, 759, -1, 1568, 1583, 759, -1,
761, 1585, 760, -1, 1585, 1584, 760, -1, 762, 1586, 761, -1, 1586, 1585, 761, -1,
763, 1587, 762, -1, 1587, 1586, 762, -1, 764, 1588, 763, -1, 1588, 1587, 763, -1,
765, 1589, 764, -1, 1589, 1588, 764, -1, 766, 1590, 765, -1, 1590, 1589, 765, -1,
767, 1591, 766, -1, 1591, 1590, 766, -1, 768, 1592, 767, -1, 1592, 1591, 767, -1,
769, 1593, 768, -1, 1593, 1592, 768, -1, 770, 1594, 769, -1, 1594, 1593, 769, -1,
771, 1595, 770, -1, 1595, 1594, 770, -1, 772, 1596, 771, -1, 1596, 1595, 771, -1,
773, 1597, 772, -1, 1597, 1596, 772, -1, 774, 1598, 773, -1, 1598, 1597, 773, -1,
775, 1599, 774, -1, 1599, 1598, 774, -1, 760, 1584, 775, -1, 1584, 1599, 775, -1,
777, 1601, 776, -1, 1601, 1600, 776, -1, 778, 1602, 777, -1, 1602, 1601, 777, -1,
779, 1603, 778, -1, 1603, 1602, 778, -1, 780, 1604, 779, -1, 1604, 1603, 779, -1,
781, 1605, 780, -1, 1605, 1604, 780, -1, 782, 1606, 781, -1, 1606, 1605, 781, -1,
783, 1607, 782, -1, 1607, 1606, 782, -1, 784, 1608, 783, -1, 1608, 1607, 783, -1,
785, 1609, 784, -1, 1609, 1608, 784, -1, 786, 1610, 785, -1, 1610, 1609, 785, -1,
787, 1611, 786, -1, 1611, 1610, 786, -1, 788, 1612, 787, -1, 1612, 1611, 787, -1,
789, 1613, 788, -1, 1613, 1612, 788, -1, 790, 1614, 789, -1, 1614, 1613, 789, -1,
791, 1615, 790, -1, 1615, 1614, 790, -1, 776, 1600, 791, -1, 1600, 1615, 791, -1,
793, 1617, 792, -1, 1617, 1616, 792, -1, 794, 1618, 793, -1, 1618, 1617, 793, -1,
795, 1619, 794, -1, 1619, 1618, 794, -1, 796, 1620, 795, -1, 1620, 1619, 795, -1,
797, 1621, 796, -1, 1621, 1620, 796, -1, 798, 1622, 797, -1, 1622, 1621, 797, -1,
799, 1623, 798, -1, 1623, 1622, 798, -1, 800, 1624, 799, -1, 1624, 1623, 799, -1,
801, 1625, 800, -1, 1625, 1624, 800, -1, 802, 1626, 801, -1, 1626, 1625, 801, -1,
803, 1627, 802, -1, 1627, 1626, 802, -1, 804, 1628, 803, -1, 1628, 1627, 803, -1,
805, 1629, 804, -1, 1629, 1628, 804, -1, 806, 1630, 805, -1, 1630, 1629, 805, -1,
807, 1631, 806, -1, 1631, 1630, 806, -1, 792, 1616, 807, -1, 1616, 1631, 807, -1,
809, 1633, 808, -1, 1633, 1632, 808, -1, 810, 1634, 809, -1, 1634, 1633, 809, -1,
811, 1635, 810, -1, 1635, 1634, 810, -1, 812, 1636, 811, -1, 1636, 1635, 811, -1,
813, 1637, 812, -1, 1637, 1636, 812, -1, 814, 1638, 813, -1, 1638, 1637, 813, -1,
815, 1639, 814, -1, 1639, 1638, 814, -1, 816, 1640, 815, -1, 1640, 1639, 815, -1,
817, 1641, 816, -1, 1641, 1640, 816, -1, 818, 1642, 817, -1, 1642, 1641, 817, -1,
819, 1643, 818, -1, 1643, 1642, 818, -1, 820, 1644, 819, -1, 1644, 1643, 819, -1,
821, 1645, 820, -1, 1645, 1644, 820, -1, 822, 1646, 821, -1, 1646, 1645, 821, -1,
823, 1647, 822, -1, 1647, 1646, 822, -1, 808, 1632, 823, -1, 1632, 1647, 823, -1
            ]
          }
        }
      ]
    }
  ]
}
Transform {
  children [
    Group {
      children [
        Shape {
          appearance Appearance {
            material Material {
              diffuseColor 0.961 0.961 0.961
              specularColor 0.965 0.965 0.965
              emissiveColor 0 0 0
              ambientIntensity 0.7
              transparency 0
              shininess 0.02
            }
          }
          geometry IndexedFaceSet {
            solid TRUE
            coord Coordinate {
              point [
4.635069 -8.191137 0.344488, 4.629191 -8.176945 0.344488,
4.618328 -8.166083 0.344488, 4.604136 -8.160204 0.344488,
4.596456 -8.159448 0.344488, -0.127954 -8.159447 0.344488,
-0.135634 -8.160203 0.344488, -0.149826 -8.166082 0.344488,
-0.160689 -8.176944 0.344488, -0.166567 -8.191136 0.344488,
-0.166567 -8.206498 0.344488, -0.161594 -8.218504 0.344488,
4.630096 -8.218504 0.344488, 4.635069 -8.206498 0.344488,
2.922472 4.461421 0.344488, 2.916593 4.475613 0.344488,
2.905731 4.486475 0.344488, 2.891539 4.492354 0.344488,
2.883858 4.49311 0.344488, 1.899606 4.49311 0.344488,
1.891926 4.492354 0.344488, 1.877733 4.486475 0.344488,
1.866871 4.475613 0.344488, 1.860993 4.461421 0.344488,
1.860993 4.446059 0.344488, 1.866871 4.431867 0.344488,
1.877733 4.421005 0.344488, 1.891926 4.415126 0.344488,
1.899606 4.41437 0.344488, 2.883858 4.41437 0.344488,
2.891539 4.415126 0.344488, 2.905731 4.421005 0.344488,
2.916593 4.431867 0.344488, 2.922472 4.446059 0.344488,
2.1171 -7.898424 0.344488, 2.117586 -7.893487 0.344488,
2.117586 -7.536344 0.344488, 2.116625 -7.52659 0.344488,
2.109159 -7.508566 0.344488, 2.095364 -7.49477 0.344488,
2.07734 -7.487305 0.344488, 2.057831 -7.487305 0.344488,
2.039807 -7.49477 0.344488, 2.026012 -7.508566 0.344488,
2.018546 -7.52659 0.344488, 2.017586 -7.536344 0.344488,
2.017586 -7.885372 0.344488, 2.000074 -7.937906 0.344488,
1.969148 -7.968833 0.344488, 1.916614 -7.986344 0.344488,
1.877109 -7.986344 0.344488, 1.867355 -7.987305 0.344488,
1.849331 -7.99477 0.344488, 1.835536 -8.008566 0.344488,
1.82807 -8.02659 0.344488, 1.82807 -8.046098 0.344488,
1.835536 -8.064122 0.344488, 1.849331 -8.077918 0.344488,
1.867355 -8.085383 0.344488, 1.877109 -8.086344 0.344488,
1.924728 -8.086344 0.344488, 1.929665 -8.085858 0.344488,
1.930982 -8.085952 0.344488, 1.932715 -8.085557 0.344488,
1.934483 -8.085383 0.344488, 1.935702 -8.084878 0.344488,
1.94054 -8.083778 0.344488, 2.011969 -8.059969 0.344488,
2.020919 -8.055973 0.344488, 2.022276 -8.054795 0.344488,
2.023936 -8.054108 0.344488, 2.031513 -8.04789 0.344488,
2.079131 -8.00027 0.344488, 2.08535 -7.992694 0.344488,
2.086037 -7.991034 0.344488, 2.087214 -7.989677 0.344488,
2.09121 -7.980727 0.344488, 2.11502 -7.909299 0.344488,
2.11612 -7.90446 0.344488, 2.116625 -7.903241 0.344488,
2.116799 -7.901474 0.344488, 2.117193 -7.899741 0.344488,
-3.629083 -7.455716 0.344488, -3.605758 -7.368665 0.344488,
-3.593995 -7.279313 0.344488, -3.593995 -7.189191 0.344488,
-3.605758 -7.099839 0.344488, -3.629083 -7.012788 0.344488,
-3.663572 -6.929526 0.344488, -3.708633 -6.851477 0.344488,
-3.763496 -6.779978 0.344488, -3.827222 -6.716252 0.344488,
-3.898721 -6.661389 0.344488, -3.97677 -6.616328 0.344488,
-4.060032 -6.581839 0.344488, -4.147083 -6.558514 0.344488,
-4.236435 -6.546751 0.344488, -4.326557 -6.546751 0.344488,
-4.415909 -6.558514 0.344488, -4.50296 -6.581839 0.344488,
-4.586222 -6.616328 0.344488, -4.664271 -6.661389 0.344488,
-4.73577 -6.716252 0.344488, -4.799496 -6.779978 0.344488,
-4.854359 -6.851477 0.344488, -4.89942 -6.929526 0.344488,
-4.933909 -7.012788 0.344488, -4.957234 -7.099839 0.344488,
-4.968199 -7.183127 0.344488, -4.968997 -7.189191 0.344488,
-4.968997 -7.279313 0.344488, -4.957234 -7.368665 0.344488,
-4.933909 -7.455716 0.344488, -4.89942 -7.538978 0.344488,
-4.854359 -7.617027 0.344488, -4.799496 -7.688526 0.344488,
-4.73577 -7.752252 0.344488, -4.664271 -7.807115 0.344488,
-4.586222 -7.852176 0.344488, -4.50296 -7.886665 0.344488,
-4.415909 -7.90999 0.344488, -4.326557 -7.921753 0.344488,
-4.236435 -7.921753 0.344488, -4.147083 -7.90999 0.344488,
-4.060032 -7.886665 0.344488, -3.97677 -7.852176 0.344488,
-3.898721 -7.807115 0.344488, -3.827222 -7.752252 0.344488,
-3.763496 -7.688526 0.344488, -3.708633 -7.617027 0.344488,
-3.663572 -7.538978 0.344488, -3.63189 -7.183127 0.344488,
-3.63189 -7.285377 0.344488, -3.647885 -7.386369 0.344488,
-3.679482 -7.483614 0.344488, -3.725903 -7.57472 0.344488,
-3.786004 -7.657442 0.344488, -3.858306 -7.729744 0.344488,
-3.941028 -7.789845 0.344488, -4.032134 -7.836266 0.344488,
-4.12938 -7.867863 0.344488, -4.230371 -7.883858 0.344488,
-4.332621 -7.883858 0.344488, -4.433613 -7.867863 0.344488,
-4.530858 -7.836266 0.344488, -4.621964 -7.789845 0.344488,
-4.704686 -7.729744 0.344488, -4.776988 -7.657442 0.344488,
-4.837089 -7.57472 0.344488, -4.88351 -7.483614 0.344488,
-4.915107 -7.386369 0.344488, -4.931102 -7.285377 0.344488,
-4.931102 -7.183127 0.344488, -4.915107 -7.082135 0.344488,
-4.88351 -6.98489 0.344488, -4.837089 -6.893784 0.344488,
-4.776988 -6.811062 0.344488, -4.704686 -6.73876 0.344488,
-4.621964 -6.678659 0.344488, -4.530858 -6.632238 0.344488,
-4.433613 -6.600641 0.344488, -4.332621 -6.584646 0.344488,
-4.230371 -6.584646 0.344488, -4.12938 -6.600641 0.344488,
-4.032134 -6.632238 0.344488, -3.941028 -6.678659 0.344488,
-3.858306 -6.73876 0.344488, -3.786004 -6.811062 0.344488,
-3.725903 -6.893784 0.344488, -3.679482 -6.98489 0.344488,
-3.647885 -7.082135 0.344488, 0.915354 4.21752 0.344488,
0.91008 4.237205 0.344488, 0.895669 4.251615 0.344488,
0.884228 4.254681 0.344488, 0.883517 4.255391 0.344488,
0.875984 4.25689 0.344488, 0.868451 4.255391 0.344488,
0.867741 4.254681 0.344488, 0.856299 4.251615 0.344488,
0.841889 4.237205 0.344488, 0.836614 4.21752 0.344488,
0.841889 4.197835 0.344488, 0.856299 4.183424 0.344488,
0.867741 4.180359 0.344488, 0.868451 4.179648 0.344488,
0.875984 4.17815 0.344488, 0.883517 4.179648 0.344488,
0.884228 4.180359 0.344488, 0.895669 4.183424 0.344488,
0.91008 4.197835 0.344488, -0.77756 -5.816928 0.344488,
-0.718504 -5.816928 0.344488, -0.712658 -5.816352 0.344488,
-0.711919 -5.816373 0.344488, -0.711587 -5.816246 0.344488,
-0.710823 -5.816171 0.344488, -0.704228 -5.813439 0.344488,
-0.697566 -5.810898 0.344488, -0.697154 -5.810509 0.344488,
-0.696631 -5.810293 0.344488, -0.69159 -5.805251 0.344488,
-0.6864 -5.800348 0.344488, -0.68602 -5.799681 0.344488,
-0.685769 -5.79943 0.344488, -0.685486 -5.798747 0.344488,
-0.682572 -5.793646 0.344488, -0.092022 -4.474748 0.344488,
-0.089573 -4.467429 0.344488, -0.089139 -4.452074 0.344488,
-0.094613 -4.437721 0.344488, -0.105164 -4.426556 0.344488,
-0.119184 -4.420278 0.344488, -0.134539 -4.419844 0.344488,
-0.148892 -4.425319 0.344488, -0.160057 -4.435869 0.344488,
-0.163887 -4.44257 0.344488, -0.744012 -5.738187 0.344488,
-0.81693 -5.738188 0.344488, -0.824611 -5.738944 0.344488,
-0.838803 -5.744823 0.344488, -0.849665 -5.755685 0.344488,
-0.855544 -5.769877 0.344488, -0.8563 -5.777558 0.344488,
-0.8563 -6.761809 0.344488, -0.855544 -6.76949 0.344488,
-0.849665 -6.783682 0.344488, -0.838803 -6.794544 0.344488,
-0.824611 -6.800423 0.344488, -0.809249 -6.800423 0.344488,
-0.795057 -6.794544 0.344488, -0.784195 -6.783682 0.344488,
-0.778316 -6.76949 0.344488, -0.77756 -6.761809 0.344488,
-5.534729 -6.411717 0.344488, -5.526084 -6.403072 0.344488,
-5.524226 -6.400809 0.344488, -5.523636 -6.400297 0.344488,
-5.523077 -6.399407 0.344488, -5.522412 -6.398598 0.344488,
-5.522114 -6.397878 0.344488, -5.520553 -6.395398 0.344488,
-5.501805 -6.357903 0.344488, -5.499736 -6.352497 0.344488,
-5.499661 -6.351438 0.344488, -5.499255 -6.350459 0.344488,
-5.498688 -6.344698 0.344488, -5.498688 -6.307203 0.344488,
-5.499255 -6.301442 0.344488, -5.499661 -6.300462 0.344488,
-5.499736 -6.299404 0.344488, -5.501805 -6.293998 0.344488,
-5.520553 -6.256502 0.344488, -5.522114 -6.254022 0.344488,
-5.522412 -6.253303 0.344488, -5.523077 -6.252493 0.344488,
-5.523636 -6.251604 0.344488, -5.524226 -6.251092 0.344488,
-5.526084 -6.248828 0.344488, -5.544831 -6.230081 0.344488,
-5.547095 -6.228223 0.344488, -5.547607 -6.227633 0.344488,
-5.548496 -6.227073 0.344488, -5.549306 -6.226409 0.344488,
-5.550026 -6.22611 0.344488, -5.552506 -6.22455 0.344488,
-5.590001 -6.205802 0.344488, -5.595407 -6.203733 0.344488,
-5.596465 -6.203658 0.344488, -5.597445 -6.203252 0.344488,
-5.603206 -6.202685 0.344488, -5.734439 -6.202685 0.344488,
-5.7402 -6.203252 0.344488, -5.750844 -6.207661 0.344488,
-5.758991 -6.215807 0.344488, -5.7634 -6.226452 0.344488,
-5.763967 -6.232212 0.344488, -5.763967 -6.390161 0.344488,
-5.763967 -6.596385 0.344488, -5.763967 -6.625913 0.344488,
-5.7634 -6.631674 0.344488, -5.758991 -6.642318 0.344488,
-5.750844 -6.650464 0.344488, -5.7402 -6.654873 0.344488,
-5.734439 -6.655441 0.344488, -5.584458 -6.655441 0.344488,
-5.578698 -6.654873 0.344488, -5.577718 -6.654467 0.344488,
-5.576659 -6.654392 0.344488, -5.571253 -6.652323 0.344488,
-5.533758 -6.633576 0.344488, -5.531278 -6.632015 0.344488,
-5.530558 -6.631717 0.344488, -5.529749 -6.631052 0.344488,
-5.528859 -6.630492 0.344488, -5.528347 -6.629902 0.344488,
-5.526083 -6.628044 0.344488, -5.507336 -6.609296 0.344488,
-5.505479 -6.607033 0.344488, -5.504889 -6.606521 0.344488,
-5.504329 -6.605632 0.344488, -5.503664 -6.604822 0.344488,
-5.503366 -6.604101 0.344488, -5.501805 -6.601622 0.344488,
-5.483057 -6.564127 0.344488, -5.480989 -6.558721 0.344488,
-5.480913 -6.557662 0.344488, -5.480507 -6.556683 0.344488,
-5.47994 -6.550922 0.344488, -5.47994 -6.494679 0.344488,
-5.480507 -6.488919 0.344488, -5.480913 -6.487939 0.344488,
-5.480989 -6.48688 0.344488, -5.483057 -6.481474 0.344488,
-5.501805 -6.443979 0.344488, -5.503366 -6.441498 0.344488,
-5.503664 -6.440779 0.344488, -5.504329 -6.439969 0.344488,
-5.504889 -6.43908 0.344488, -5.505479 -6.438568 0.344488,
-5.507336 -6.436305 0.344488, -5.526084 -6.417557 0.344488,
-5.530558 -6.413885 0.344488, -5.531539 -6.413479 0.344488,
-5.53234 -6.412784 0.344488, -5.704912 -6.390161 0.344488,
-5.704912 -6.26174 0.344488, -5.610176 -6.26174 0.344488,
-5.583202 -6.275227 0.344488, -5.57123 -6.287198 0.344488,
-5.557743 -6.314173 0.344488, -5.557743 -6.337728 0.344488,
-5.57123 -6.364702 0.344488, -5.583202 -6.376674 0.344488,
-5.610176 -6.390161 0.344488, -5.704912 -6.449216 0.344488,
-5.607997 -6.449216 0.344488, -5.562913 -6.464244 0.344488,
-5.552483 -6.474675 0.344488, -5.538995 -6.50165 0.344488,
-5.538995 -6.543952 0.344488, -5.552483 -6.570926 0.344488,
-5.564454 -6.582898 0.344488, -5.591429 -6.596385 0.344488,
-5.704912 -6.596385 0.344488, -5.193292 -6.542954 0.344488,
-5.162527 -6.63525 0.344488, -5.160167 -6.640536 0.344488,
-5.152618 -6.649239 0.344488, -5.142314 -6.654392 0.344488,
-5.130822 -6.655209 0.344488, -5.119892 -6.651565 0.344488,
-5.111188 -6.644017 0.344488, -5.106036 -6.633712 0.344488,
-5.105219 -6.62222 0.344488, -5.106502 -6.616576 0.344488,
-5.237736 -6.222875 0.344488, -5.240096 -6.217589 0.344488,
-5.241478 -6.215995 0.344488, -5.242421 -6.214109 0.344488,
-5.245218 -6.211683 0.344488, -5.247644 -6.208885 0.344488,
-5.249532 -6.207942 0.344488, -5.251125 -6.20656 0.344488,
-5.254638 -6.205389 0.344488, -5.257949 -6.203733 0.344488,
-5.260053 -6.203584 0.344488, -5.262055 -6.202917 0.344488,
-5.265748 -6.203179 0.344488, -5.269441 -6.202917 0.344488,
-5.271443 -6.203584 0.344488, -5.273547 -6.203733 0.344488,
-5.276857 -6.205389 0.344488, -5.280371 -6.20656 0.344488,
-5.281966 -6.207943 0.344488, -5.283852 -6.208886 0.344488,
-5.286276 -6.211681 0.344488, -5.289075 -6.214109 0.344488,
-5.290019 -6.215996 0.344488, -5.2914 -6.217589 0.344488,
-5.29376 -6.222875 0.344488, -5.380768 -6.483899 0.344488,
-5.424994 -6.616576 0.344488, -5.426277 -6.62222 0.344488,
-5.42546 -6.633712 0.344488, -5.420308 -6.644017 0.344488,
-5.411605 -6.651565 0.344488, -5.400674 -6.655209 0.344488,
-5.389182 -6.654392 0.344488, -5.378878 -6.64924 0.344488,
-5.371329 -6.640536 0.344488, -5.368969 -6.63525 0.344488,
-5.338204 -6.542954 0.344488, -5.212977 -6.483899 0.344488,
-5.318519 -6.483899 0.344488, -5.265748 -6.325586 0.344488,
-4.975998 -6.631674 0.344488, -4.971589 -6.642318 0.344488,
-4.963443 -6.650464 0.344488, -4.952798 -6.654873 0.344488,
-4.941277 -6.654873 0.344488, -4.930633 -6.650464 0.344488,
-4.922487 -6.642318 0.344488, -4.918078 -6.631674 0.344488,
-4.91751 -6.625913 0.344488, -4.91751 -6.26174 0.344488,
-4.834552 -6.26174 0.344488, -4.828791 -6.261172 0.344488,
-4.818147 -6.256763 0.344488, -4.810001 -6.248617 0.344488,
-4.805592 -6.237973 0.344488, -4.805592 -6.226452 0.344488,
-4.810001 -6.215807 0.344488, -4.818147 -6.207661 0.344488,
-4.828791 -6.203252 0.344488, -4.834552 -6.202685 0.344488,
-5.059524 -6.202685 0.344488, -5.065284 -6.203252 0.344488,
-5.075928 -6.207661 0.344488, -5.084075 -6.215807 0.344488,
-5.088484 -6.226452 0.344488, -5.088484 -6.237973 0.344488,
-5.084075 -6.248617 0.344488, -5.075928 -6.256763 0.344488,
-5.065284 -6.261172 0.344488, -5.059524 -6.26174 0.344488,
-4.976565 -6.26174 0.344488, -4.976565 -6.625913 0.344488,
-3.66465 -6.332977 0.344488, -3.656005 -6.324332 0.344488,
-3.654148 -6.322069 0.344488, -3.653557 -6.321557 0.344488,
-3.652998 -6.320667 0.344488, -3.652333 -6.319858 0.344488,
-3.652035 -6.319138 0.344488, -3.650474 -6.316658 0.344488,
-3.631726 -6.279163 0.344488, -3.629657 -6.273757 0.344488,
-3.629582 -6.272698 0.344488, -3.629176 -6.271719 0.344488,
-3.628609 -6.265958 0.344488, -3.628609 -6.228463 0.344488,
-3.629176 -6.222702 0.344488, -3.629582 -6.221722 0.344488,
-3.629657 -6.220663 0.344488, -3.631726 -6.215257 0.344488,
-3.650474 -6.177762 0.344488, -3.652035 -6.175282 0.344488,
-3.652333 -6.174563 0.344488, -3.652998 -6.173753 0.344488,
-3.653557 -6.172863 0.344488, -3.654148 -6.172352 0.344488,
-3.656005 -6.170088 0.344488, -3.674753 -6.151341 0.344488,
-3.677017 -6.149483 0.344488, -3.677528 -6.148893 0.344488,
-3.678418 -6.148333 0.344488, -3.679227 -6.147669 0.344488,
-3.679947 -6.14737 0.344488, -3.682427 -6.145809 0.344488,
-3.719922 -6.127062 0.344488, -3.725328 -6.124993 0.344488,
-3.726387 -6.124918 0.344488, -3.727367 -6.124512 0.344488,
-3.733127 -6.123944 0.344488, -3.864361 -6.123944 0.344488,
-3.870121 -6.124512 0.344488, -3.880765 -6.128921 0.344488,
-3.888912 -6.137067 0.344488, -3.893321 -6.147711 0.344488,
-3.893888 -6.153472 0.344488, -3.893888 -6.311421 0.344488,
-3.893888 -6.517645 0.344488, -3.893888 -6.547173 0.344488,
-3.893321 -6.552933 0.344488, -3.888912 -6.563578 0.344488,
-3.880765 -6.571724 0.344488, -3.870121 -6.576133 0.344488,
-3.864361 -6.5767 0.344488, -3.71438 -6.5767 0.344488,
-3.708619 -6.576133 0.344488, -3.707639 -6.575727 0.344488,
-3.706581 -6.575652 0.344488, -3.701174 -6.573583 0.344488,
-3.663679 -6.554835 0.344488, -3.661199 -6.553274 0.344488,
-3.66048 -6.552976 0.344488, -3.65967 -6.552312 0.344488,
-3.65878 -6.551752 0.344488, -3.658269 -6.551161 0.344488,
-3.656005 -6.549304 0.344488, -3.637257 -6.530556 0.344488,
-3.6354 -6.528293 0.344488, -3.63481 -6.527781 0.344488,
-3.63425 -6.526892 0.344488, -3.633585 -6.526081 0.344488,
-3.633287 -6.525361 0.344488, -3.631726 -6.522882 0.344488,
-3.612979 -6.485387 0.344488, -3.61091 -6.479981 0.344488,
-3.610835 -6.478922 0.344488, -3.610429 -6.477943 0.344488,
-3.609861 -6.472182 0.344488, -3.609861 -6.415939 0.344488,
-3.610429 -6.410178 0.344488, -3.610835 -6.409198 0.344488,
-3.61091 -6.40814 0.344488, -3.612979 -6.402734 0.344488,
-3.631726 -6.365239 0.344488, -3.633287 -6.362758 0.344488,
-3.633585 -6.362039 0.344488, -3.63425 -6.361229 0.344488,
-3.63481 -6.36034 0.344488, -3.6354 -6.359828 0.344488,
-3.637257 -6.357565 0.344488, -3.656005 -6.338817 0.344488,
-3.66048 -6.335145 0.344488, -3.66146 -6.334739 0.344488,
-3.662261 -6.334044 0.344488, -3.834833 -6.311421 0.344488,
-3.834833 -6.183 0.344488, -3.740098 -6.183 0.344488,
-3.713123 -6.196487 0.344488, -3.701152 -6.208458 0.344488,
-3.687664 -6.235433 0.344488, -3.687664 -6.258987 0.344488,
-3.701152 -6.285962 0.344488, -3.713123 -6.297933 0.344488,
-3.740098 -6.311421 0.344488, -3.834833 -6.370476 0.344488,
-3.737919 -6.370476 0.344488, -3.692835 -6.385504 0.344488,
-3.682404 -6.395935 0.344488, -3.668917 -6.422909 0.344488,
-3.668917 -6.465211 0.344488, -3.682404 -6.492186 0.344488,
-3.694376 -6.504158 0.344488, -3.72135 -6.517645 0.344488,
-3.834833 -6.517645 0.344488, -3.323213 -6.464214 0.344488,
-3.292448 -6.55651 0.344488, -3.290088 -6.561796 0.344488,
-3.282539 -6.570499 0.344488, -3.272235 -6.575652 0.344488,
-3.260743 -6.576469 0.344488, -3.249813 -6.572825 0.344488,
-3.241109 -6.565276 0.344488, -3.235957 -6.554972 0.344488,
-3.23514 -6.54348 0.344488, -3.236424 -6.537835 0.344488,
-3.367657 -6.144135 0.344488, -3.370017 -6.138849 0.344488,
-3.3714 -6.137255 0.344488, -3.372343 -6.135369 0.344488,
-3.375139 -6.132943 0.344488, -3.377566 -6.130145 0.344488,
-3.379453 -6.129202 0.344488, -3.381046 -6.12782 0.344488,
-3.384559 -6.126649 0.344488, -3.38787 -6.124993 0.344488,
-3.389974 -6.124844 0.344488, -3.391976 -6.124176 0.344488,
-3.395669 -6.124439 0.344488, -3.399362 -6.124176 0.344488,
-3.401365 -6.124844 0.344488, -3.403469 -6.124993 0.344488,
-3.406779 -6.126648 0.344488, -3.410293 -6.12782 0.344488,
-3.411887 -6.129203 0.344488, -3.413773 -6.130146 0.344488,
-3.416198 -6.132941 0.344488, -3.418996 -6.135369 0.344488,
-3.41994 -6.137256 0.344488, -3.421322 -6.138849 0.344488,
-3.423681 -6.144135 0.344488, -3.510689 -6.405159 0.344488,
-3.554915 -6.537835 0.344488, -3.556198 -6.54348 0.344488,
-3.555381 -6.554972 0.344488, -3.55023 -6.565276 0.344488,
-3.541526 -6.572825 0.344488, -3.530596 -6.576469 0.344488,
-3.519104 -6.575652 0.344488, -3.508799 -6.5705 0.344488,
-3.50125 -6.561796 0.344488, -3.498891 -6.55651 0.344488,
-3.468125 -6.464214 0.344488, -3.342898 -6.405159 0.344488,
-3.44844 -6.405159 0.344488, -3.395669 -6.246846 0.344488,
-3.105919 -6.552933 0.344488, -3.10151 -6.563578 0.344488,
-3.093364 -6.571724 0.344488, -3.08272 -6.576133 0.344488,
-3.071198 -6.576133 0.344488, -3.060554 -6.571724 0.344488,
-3.052408 -6.563578 0.344488, -3.047999 -6.552933 0.344488,
-3.047431 -6.547173 0.344488, -3.047431 -6.183 0.344488,
-2.964473 -6.183 0.344488, -2.958713 -6.182432 0.344488,
-2.948069 -6.178023 0.344488, -2.939922 -6.169877 0.344488,
-2.935513 -6.159233 0.344488, -2.935513 -6.147711 0.344488,
-2.939922 -6.137067 0.344488, -2.948069 -6.128921 0.344488,
-2.958713 -6.124512 0.344488, -2.964473 -6.123944 0.344488,
-3.189445 -6.123944 0.344488, -3.195206 -6.124512 0.344488,
-3.20585 -6.128921 0.344488, -3.213996 -6.137067 0.344488,
-3.218405 -6.147711 0.344488, -3.218405 -6.159233 0.344488,
-3.213996 -6.169877 0.344488, -3.20585 -6.178023 0.344488,
-3.195206 -6.182432 0.344488, -3.189445 -6.183 0.344488,
-3.106487 -6.183 0.344488, -3.106487 -6.547173 0.344488,
-4.374395 -6.470171 0.344488, -4.378804 -6.459527 0.344488,
-4.386951 -6.45138 0.344488, -4.397595 -6.446971 0.344488,
-4.403356 -6.446404 0.344488, -4.703318 -6.446404 0.344488,
-4.709079 -6.446971 0.344488, -4.719723 -6.45138 0.344488,
-4.727869 -6.459527 0.344488, -4.732278 -6.470171 0.344488,
-4.732278 -6.481692 0.344488, -4.727869 -6.492336 0.344488,
-4.719723 -6.500483 0.344488, -4.709079 -6.504892 0.344488,
-4.703318 -6.505459 0.344488, -4.403356 -6.505459 0.344488,
-4.397595 -6.504892 0.344488, -4.386951 -6.500483 0.344488,
-4.378804 -6.492336 0.344488, -4.374395 -6.481692 0.344488,
-4.393045 -5.85922 0.344488, -4.394543 -5.851687 0.344488,
-4.405197 -5.841033 0.344488, -4.420263 -5.841033 0.344488,
-4.430917 -5.851687 0.344488, -4.432415 -5.85922 0.344488,
-4.432415 -6.137241 0.344488, -4.448683 -6.186044 0.344488,
-4.479607 -6.216968 0.344488, -4.52841 -6.233236 0.344488,
-4.562711 -6.233236 0.344488, -4.570244 -6.234734 0.344488,
-4.580898 -6.245388 0.344488, -4.580898 -6.260454 0.344488,
-4.570244 -6.271107 0.344488, -4.562711 -6.272606 0.344488,
-4.525216 -6.272606 0.344488, -4.52212 -6.27199 0.344488,
-4.518991 -6.271596 0.344488, -4.462748 -6.252848 0.344488,
-4.461892 -6.25236 0.344488, -4.461439 -6.25236 0.344488,
-4.458813 -6.250605 0.344488, -4.456076 -6.249044 0.344488,
-4.455874 -6.248641 0.344488, -4.455053 -6.248093 0.344488,
-4.417558 -6.210597 0.344488, -4.41701 -6.209777 0.344488,
-4.416606 -6.209575 0.344488, -4.415044 -6.206835 0.344488,
-4.413291 -6.204211 0.344488, -4.413291 -6.203759 0.344488,
-4.412803 -6.202902 0.344488, -4.394055 -6.14666 0.344488,
-4.393661 -6.14353 0.344488, -4.393045 -6.140435 0.344488,
-1.955855 -7.455716 0.344488, -1.93253 -7.368665 0.344488,
-1.920767 -7.279313 0.344488, -1.920767 -7.189191 0.344488,
-1.93253 -7.099839 0.344488, -1.955855 -7.012788 0.344488,
-1.990344 -6.929526 0.344488, -2.035405 -6.851477 0.344488,
-2.090268 -6.779978 0.344488, -2.153994 -6.716252 0.344488,
-2.225493 -6.661389 0.344488, -2.303541 -6.616328 0.344488,
-2.386804 -6.581839 0.344488, -2.473855 -6.558514 0.344488,
-2.563207 -6.546751 0.344488, -2.653329 -6.546751 0.344488,
-2.653731 -6.546804 0.344488, -2.653731 -6.426719 0.344488,
-2.533277 -6.426719 0.344488, -2.527516 -6.426152 0.344488,
-2.516872 -6.421743 0.344488, -2.508726 -6.413596 0.344488,
-2.504317 -6.402952 0.344488, -2.504317 -6.391431 0.344488,
-2.508726 -6.380787 0.344488, -2.516872 -6.37264 0.344488,
-2.527516 -6.368231 0.344488, -2.533277 -6.367664 0.344488,
-2.653731 -6.367664 0.344488, -2.653731 -6.24721 0.344488,
-2.654298 -6.24145 0.344488, -2.658707 -6.230806 0.344488,
-2.666854 -6.222659 0.344488, -2.677498 -6.21825 0.344488,
-2.689019 -6.21825 0.344488, -2.699663 -6.222659 0.344488,
-2.707809 -6.230806 0.344488, -2.712219 -6.24145 0.344488,
-2.712786 -6.24721 0.344488, -2.712786 -6.367664 0.344488,
-2.833239 -6.367664 0.344488, -2.839 -6.368231 0.344488,
-2.849644 -6.37264 0.344488, -2.857791 -6.380787 0.344488,
-2.8622 -6.391431 0.344488, -2.8622 -6.402952 0.344488,
-2.857791 -6.413596 0.344488, -2.849644 -6.421743 0.344488,
-2.839 -6.426152 0.344488, -2.833239 -6.426719 0.344488,
-2.712786 -6.426719 0.344488, -2.712786 -6.547173 0.344488,
-2.712219 -6.552933 0.344488, -2.711602 -6.554422 0.344488,
-2.74268 -6.558514 0.344488, -2.829732 -6.581839 0.344488,
-2.912994 -6.616328 0.344488, -2.991043 -6.661389 0.344488,
-3.062541 -6.716252 0.344488, -3.126268 -6.779978 0.344488,
-3.181131 -6.851477 0.344488, -3.226192 -6.929526 0.344488,
-3.26068 -7.012788 0.344488, -3.284006 -7.099839 0.344488,
-3.29497 -7.183127 0.344488, -3.295769 -7.189191 0.344488,
-3.295769 -7.279313 0.344488, -3.284006 -7.368665 0.344488,
-3.26068 -7.455716 0.344488, -3.226192 -7.538978 0.344488,
-3.181131 -7.617027 0.344488, -3.126268 -7.688526 0.344488,
-3.062541 -7.752252 0.344488, -2.991043 -7.807115 0.344488,
-2.912994 -7.852176 0.344488, -2.829732 -7.886665 0.344488,
-2.74268 -7.90999 0.344488, -2.653329 -7.921753 0.344488,
-2.563207 -7.921753 0.344488, -2.473855 -7.90999 0.344488,
-2.386804 -7.886665 0.344488, -2.303541 -7.852176 0.344488,
-2.225493 -7.807115 0.344488, -2.153994 -7.752252 0.344488,
-2.090268 -7.688526 0.344488, -2.035405 -7.617027 0.344488,
-1.990344 -7.538978 0.344488, -1.958661 -7.183127 0.344488,
-1.958661 -7.285377 0.344488, -1.974657 -7.386369 0.344488,
-2.006254 -7.483614 0.344488, -2.052675 -7.57472 0.344488,
-2.112776 -7.657442 0.344488, -2.185078 -7.729744 0.344488,
-2.2678 -7.789845 0.344488, -2.358906 -7.836266 0.344488,
-2.456151 -7.867863 0.344488, -2.557143 -7.883858 0.344488,
-2.659393 -7.883858 0.344488, -2.760384 -7.867863 0.344488,
-2.85763 -7.836266 0.344488, -2.948735 -7.789845 0.344488,
-3.031458 -7.729744 0.344488, -3.103759 -7.657442 0.344488,
-3.163861 -7.57472 0.344488, -3.210281 -7.483614 0.344488,
-3.241878 -7.386369 0.344488, -3.257874 -7.285377 0.344488,
-3.257874 -7.183127 0.344488, -3.241878 -7.082135 0.344488,
-3.210281 -6.98489 0.344488, -3.163861 -6.893784 0.344488,
-3.103759 -6.811062 0.344488, -3.031458 -6.73876 0.344488,
-2.948735 -6.678659 0.344488, -2.85763 -6.632238 0.344488,
-2.760384 -6.600641 0.344488, -2.659393 -6.584646 0.344488,
-2.557143 -6.584646 0.344488, -2.456151 -6.600641 0.344488,
-2.358906 -6.632238 0.344488, -2.2678 -6.678659 0.344488,
-2.185078 -6.73876 0.344488, -2.112776 -6.811062 0.344488,
-2.052675 -6.893784 0.344488, -2.006254 -6.98489 0.344488,
-1.974657 -7.082135 0.344488, -2.719817 -5.85922 0.344488,
-2.721315 -5.851687 0.344488, -2.731969 -5.841033 0.344488,
-2.747035 -5.841033 0.344488, -2.757688 -5.851687 0.344488,
-2.759187 -5.85922 0.344488, -2.759187 -6.137241 0.344488,
-2.775455 -6.186044 0.344488, -2.806378 -6.216968 0.344488,
-2.855181 -6.233236 0.344488, -2.889483 -6.233236 0.344488,
-2.897016 -6.234734 0.344488, -2.907669 -6.245388 0.344488,
-2.907669 -6.260454 0.344488, -2.897016 -6.271107 0.344488,
-2.889483 -6.272606 0.344488, -2.851987 -6.272606 0.344488,
-2.848892 -6.27199 0.344488, -2.845763 -6.271596 0.344488,
-2.78952 -6.252848 0.344488, -2.788663 -6.25236 0.344488,
-2.788211 -6.25236 0.344488, -2.785585 -6.250605 0.344488,
-2.782847 -6.249044 0.344488, -2.782646 -6.248641 0.344488,
-2.781825 -6.248093 0.344488, -2.74433 -6.210597 0.344488,
-2.743782 -6.209777 0.344488, -2.743378 -6.209575 0.344488,
-2.741816 -6.206835 0.344488, -2.740063 -6.204211 0.344488,
-2.740063 -6.203759 0.344488, -2.739574 -6.202902 0.344488,
-2.720827 -6.14666 0.344488, -2.720432 -6.14353 0.344488,
-2.719817 -6.140435 0.344488, -2.345801 -5.839535 0.344488,
-2.58952 -5.839535 0.344488, -2.597053 -5.841033 0.344488,
-2.607707 -5.851687 0.344488, -2.607707 -5.866753 0.344488,
-2.597053 -5.877407 0.344488, -2.58952 -5.878905 0.344488,
-2.389182 -5.878905 0.344488, -2.491849 -5.996239 0.344488,
-2.494642 -6.001089 0.344488, -2.495221 -6.001668 0.344488,
-2.495221 -6.002094 0.344488, -2.495681 -6.002894 0.344488,
-2.495221 -6.009806 0.344488, -2.495221 -6.016734 0.344488,
-2.494726 -6.017229 0.344488, -2.49468 -6.017928 0.344488,
-2.489465 -6.02249 0.344488, -2.484567 -6.027388 0.344488,
-2.483662 -6.027568 0.344488, -2.483341 -6.027848 0.344488,
-2.482525 -6.027794 0.344488, -2.477034 -6.028886 0.344488,
-2.425438 -6.028886 0.344488, -2.394957 -6.044127 0.344488,
-2.380727 -6.058357 0.344488, -2.365486 -6.088839 0.344488,
-2.365486 -6.173283 0.344488, -2.380727 -6.203764 0.344488,
-2.394957 -6.217995 0.344488, -2.425438 -6.233236 0.344488,
-2.52863 -6.233236 0.344488, -2.559111 -6.217995 0.344488,
-2.5756 -6.201506 0.344488, -2.581987 -6.197239 0.344488,
-2.597053 -6.197239 0.344488, -2.607707 -6.207892 0.344488,
-2.607707 -6.222958 0.344488, -2.60344 -6.229344 0.344488,
-2.584692 -6.248093 0.344488, -2.582068 -6.249846 0.344488,
-2.579576 -6.25178 0.344488, -2.542081 -6.270528 0.344488,
-2.54113 -6.270788 0.344488, -2.54081 -6.271107 0.344488,
-2.537715 -6.271723 0.344488, -2.534673 -6.272556 0.344488,
-2.534244 -6.272413 0.344488, -2.533277 -6.272606 0.344488,
-2.420791 -6.272606 0.344488, -2.419824 -6.272413 0.344488,
-2.419396 -6.272556 0.344488, -2.416354 -6.271723 0.344488,
-2.413258 -6.271107 0.344488, -2.412939 -6.270788 0.344488,
-2.411988 -6.270528 0.344488, -2.374493 -6.25178 0.344488,
-2.372002 -6.249847 0.344488, -2.369376 -6.248093 0.344488,
-2.350629 -6.229344 0.344488, -2.348876 -6.22672 0.344488,
-2.346942 -6.224229 0.344488, -2.328194 -6.186733 0.344488,
-2.327934 -6.185782 0.344488, -2.327614 -6.185463 0.344488,
-2.326999 -6.182368 0.344488, -2.326165 -6.179326 0.344488,
-2.326308 -6.178897 0.344488, -2.326116 -6.17793 0.344488,
-2.326116 -6.084192 0.344488, -2.326308 -6.083224 0.344488,
-2.326165 -6.082796 0.344488, -2.326999 -6.079754 0.344488,
-2.327614 -6.076659 0.344488, -2.327934 -6.076339 0.344488,
-2.328194 -6.075388 0.344488, -2.346942 -6.037893 0.344488,
-2.348876 -6.035401 0.344488, -2.350629 -6.032777 0.344488,
-2.369377 -6.01403 0.344488, -2.372 -6.012277 0.344488,
-2.374493 -6.010342 0.344488, -2.411988 -5.991594 0.344488,
-2.412939 -5.991334 0.344488, -2.413258 -5.991015 0.344488,
-2.416354 -5.990399 0.344488, -2.419396 -5.989566 0.344488,
-2.419824 -5.989708 0.344488, -2.420791 -5.989516 0.344488,
-2.433653 -5.989516 0.344488, -2.330986 -5.872183 0.344488,
-2.328193 -5.867332 0.344488, -2.327614 -5.866753 0.344488,
-2.327614 -5.866326 0.344488, -2.327154 -5.865527 0.344488,
-2.327614 -5.858615 0.344488, -2.327614 -5.851687 0.344488,
-2.328109 -5.851192 0.344488, -2.328156 -5.850494 0.344488,
-2.33337 -5.845931 0.344488, -2.338268 -5.841033 0.344488,
-2.339174 -5.840853 0.344488, -2.339494 -5.840573 0.344488,
-2.34031 -5.840627 0.344488, -4.000281 -5.839535 0.344488,
-4.262748 -5.839535 0.344488, -4.270281 -5.841033 0.344488,
-4.280935 -5.851687 0.344488, -4.280935 -5.866753 0.344488,
-4.270281 -5.877407 0.344488, -4.262748 -5.878905 0.344488,
-4.030135 -5.878905 0.344488, -4.187104 -6.245167 0.344488,
-4.188694 -6.252681 0.344488, -4.183098 -6.26667 0.344488,
-4.16925 -6.272604 0.344488, -4.155261 -6.267009 0.344488,
-4.150917 -6.260675 0.344488, -3.982188 -5.866974 0.344488,
-3.982154 -5.866812 0.344488, -3.982095 -5.866753 0.344488,
-3.982095 -5.866533 0.344488, -3.980598 -5.85946 0.344488,
-3.982095 -5.855718 0.344488, -3.982095 -5.851687 0.344488,
-3.984783 -5.848999 0.344488, -3.986194 -5.845472 0.344488,
-3.989898 -5.843884 0.344488, -3.992748 -5.841033 0.344488,
-3.999841 -5.839622 0.344488, -4.000041 -5.839537 0.344488,
-4.000119 -5.839567 0.344488, -3.629083 -5.290362 0.344488,
-3.605758 -5.20331 0.344488, -3.593995 -5.113959 0.344488,
-3.593995 -5.023837 0.344488, -3.605758 -4.934485 0.344488,
-3.629083 -4.847433 0.344488, -3.663572 -4.764171 0.344488,
-3.708633 -4.686123 0.344488, -3.763496 -4.614624 0.344488,
-3.827222 -4.550898 0.344488, -3.898721 -4.496035 0.344488,
-3.97677 -4.450974 0.344488, -4.060032 -4.416485 0.344488,
-4.147083 -4.39316 0.344488, -4.236435 -4.381396 0.344488,
-4.326557 -4.381396 0.344488, -4.415909 -4.39316 0.344488,
-4.50296 -4.416485 0.344488, -4.586222 -4.450974 0.344488,
-4.664271 -4.496035 0.344488, -4.73577 -4.550898 0.344488,
-4.799496 -4.614624 0.344488, -4.854359 -4.686123 0.344488,
-4.89942 -4.764171 0.344488, -4.933909 -4.847433 0.344488,
-4.957234 -4.934485 0.344488, -4.968199 -5.017772 0.344488,
-4.968997 -5.023837 0.344488, -4.968997 -5.113959 0.344488,
-4.957234 -5.20331 0.344488, -4.933909 -5.290362 0.344488,
-4.89942 -5.373624 0.344488, -4.854359 -5.451672 0.344488,
-4.799496 -5.523171 0.344488, -4.73577 -5.586898 0.344488,
-4.664271 -5.641761 0.344488, -4.586222 -5.686822 0.344488,
-4.50296 -5.72131 0.344488, -4.415909 -5.744635 0.344488,
-4.326557 -5.756399 0.344488, -4.236435 -5.756399 0.344488,
-4.147083 -5.744635 0.344488, -4.060032 -5.72131 0.344488,
-3.97677 -5.686822 0.344488, -3.898721 -5.641761 0.344488,
-3.827222 -5.586898 0.344488, -3.763496 -5.523171 0.344488,
-3.708633 -5.451672 0.344488, -3.663572 -5.373624 0.344488,
-3.63189 -5.017772 0.344488, -3.63189 -5.120023 0.344488,
-3.647885 -5.221014 0.344488, -3.679482 -5.31826 0.344488,
-3.725903 -5.409365 0.344488, -3.786004 -5.492088 0.344488,
-3.858306 -5.564389 0.344488, -3.941028 -5.624491 0.344488,
-4.032134 -5.670911 0.344488, -4.12938 -5.702508 0.344488,
-4.230371 -5.718504 0.344488, -4.332621 -5.718504 0.344488,
-4.433613 -5.702508 0.344488, -4.530858 -5.670911 0.344488,
-4.621964 -5.624491 0.344488, -4.704686 -5.564389 0.344488,
-4.776988 -5.492088 0.344488, -4.837089 -5.409365 0.344488,
-4.88351 -5.31826 0.344488, -4.915107 -5.221014 0.344488,
-4.931102 -5.120023 0.344488, -4.931102 -5.017772 0.344488,
-4.915107 -4.916781 0.344488, -4.88351 -4.819535 0.344488,
-4.837089 -4.72843 0.344488, -4.776988 -4.645707 0.344488,
-4.704686 -4.573406 0.344488, -4.621964 -4.513305 0.344488,
-4.530858 -4.466884 0.344488, -4.433613 -4.435287 0.344488,
-4.332621 -4.419291 0.344488, -4.230371 -4.419291 0.344488,
-4.12938 -4.435287 0.344488, -4.032134 -4.466884 0.344488,
-3.941028 -4.513305 0.344488, -3.858306 -4.573406 0.344488,
-3.786004 -4.645707 0.344488, -3.725903 -4.72843 0.344488,
-3.679482 -4.819535 0.344488, -3.647885 -4.916781 0.344488,
-1.955855 -5.290362 0.344488, -1.93253 -5.20331 0.344488,
-1.920767 -5.113959 0.344488, -1.920767 -5.023837 0.344488,
-1.93253 -4.934485 0.344488, -1.955855 -4.847433 0.344488,
-1.990344 -4.764171 0.344488, -2.035405 -4.686123 0.344488,
-2.090268 -4.614624 0.344488, -2.153994 -4.550898 0.344488,
-2.225493 -4.496035 0.344488, -2.303541 -4.450974 0.344488,
-2.386804 -4.416485 0.344488, -2.473855 -4.39316 0.344488,
-2.563207 -4.381396 0.344488, -2.653329 -4.381396 0.344488,
-2.74268 -4.39316 0.344488, -2.829732 -4.416485 0.344488,
-2.912994 -4.450974 0.344488, -2.991043 -4.496035 0.344488,
-3.062541 -4.550898 0.344488, -3.126268 -4.614624 0.344488,
-3.181131 -4.686123 0.344488, -3.226192 -4.764171 0.344488,
-3.26068 -4.847433 0.344488, -3.284006 -4.934485 0.344488,
-3.29497 -5.017772 0.344488, -3.295769 -5.023837 0.344488,
-3.295769 -5.113959 0.344488, -3.284006 -5.20331 0.344488,
-3.26068 -5.290362 0.344488, -3.226192 -5.373624 0.344488,
-3.181131 -5.451672 0.344488, -3.126268 -5.523171 0.344488,
-3.062541 -5.586898 0.344488, -2.991043 -5.641761 0.344488,
-2.912994 -5.686822 0.344488, -2.829732 -5.72131 0.344488,
-2.74268 -5.744635 0.344488, -2.653329 -5.756399 0.344488,
-2.563207 -5.756399 0.344488, -2.473855 -5.744635 0.344488,
-2.386804 -5.72131 0.344488, -2.303541 -5.686822 0.344488,
-2.225493 -5.641761 0.344488, -2.153994 -5.586898 0.344488,
-2.090268 -5.523171 0.344488, -2.035405 -5.451672 0.344488,
-1.990344 -5.373624 0.344488, -1.958661 -5.017772 0.344488,
-1.958661 -5.120023 0.344488, -1.974657 -5.221014 0.344488,
-2.006254 -5.31826 0.344488, -2.052675 -5.409365 0.344488,
-2.112776 -5.492088 0.344488, -2.185078 -5.564389 0.344488,
-2.2678 -5.624491 0.344488, -2.358906 -5.670911 0.344488,
-2.456151 -5.702508 0.344488, -2.557143 -5.718504 0.344488,
-2.659393 -5.718504 0.344488, -2.760384 -5.702508 0.344488,
-2.85763 -5.670911 0.344488, -2.948735 -5.624491 0.344488,
-3.031458 -5.564389 0.344488, -3.103759 -5.492088 0.344488,
-3.163861 -5.409365 0.344488, -3.210281 -5.31826 0.344488,
-3.241878 -5.221014 0.344488, -3.257874 -5.120023 0.344488,
-3.257874 -5.017772 0.344488, -3.241878 -4.916781 0.344488,
-3.210281 -4.819535 0.344488, -3.163861 -4.72843 0.344488,
-3.103759 -4.645707 0.344488, -3.031458 -4.573406 0.344488,
-2.948735 -4.513305 0.344488, -2.85763 -4.466884 0.344488,
-2.760384 -4.435287 0.344488, -2.659393 -4.419291 0.344488,
-2.557143 -4.419291 0.344488, -2.456151 -4.435287 0.344488,
-2.358906 -4.466884 0.344488, -2.2678 -4.513305 0.344488,
-2.185078 -4.573406 0.344488, -2.112776 -4.645707 0.344488,
-2.052675 -4.72843 0.344488, -2.006254 -4.819535 0.344488,
-1.974657 -4.916781 0.344488, -5.300688 -4.003796 0.344488,
-5.302546 -4.00606 0.344488, -5.303135 -4.006572 0.344488,
-5.303695 -4.007461 0.344488, -5.30436 -4.008271 0.344488,
-5.304658 -4.00899 0.344488, -5.306219 -4.01147 0.344488,
-5.324967 -4.048966 0.344488, -5.325128 -4.049387 0.344488,
-5.325255 -4.049558 0.344488, -5.326119 -4.051978 0.344488,
-5.327035 -4.054372 0.344488, -5.327051 -4.054584 0.344488,
-5.327202 -4.055009 0.344488, -5.34595 -4.13 0.344488,
-5.346098 -4.130998 0.344488, -5.346264 -4.131401 0.344488,
-5.346478 -4.133571 0.344488, -5.346796 -4.135726 0.344488,
-5.346733 -4.136156 0.344488, -5.346831 -4.137161 0.344488,
-5.346831 -4.193404 0.344488, -5.346733 -4.194409 0.344488,
-5.346796 -4.19484 0.344488, -5.346478 -4.196994 0.344488,
-5.346264 -4.199165 0.344488, -5.346098 -4.199567 0.344488,
-5.34595 -4.200566 0.344488, -5.327202 -4.275556 0.344488,
-5.327051 -4.275981 0.344488, -5.327035 -4.276194 0.344488,
-5.326119 -4.278588 0.344488, -5.325255 -4.281007 0.344488,
-5.325128 -4.281179 0.344488, -5.324967 -4.2816 0.344488,
-5.306219 -4.319095 0.344488, -5.304659 -4.321574 0.344488,
-5.30436 -4.322294 0.344488, -5.303695 -4.323105 0.344488,
-5.303135 -4.323994 0.344488, -5.302546 -4.324506 0.344488,
-5.300688 -4.326769 0.344488, -5.263193 -4.364265 0.344488,
-5.258718 -4.367937 0.344488, -5.257738 -4.368343 0.344488,
-5.256937 -4.369038 0.344488, -5.251651 -4.371398 0.344488,
-5.195408 -4.390146 0.344488, -5.192552 -4.390795 0.344488,
-5.191831 -4.391094 0.344488, -5.190787 -4.391196 0.344488,
-5.189764 -4.391429 0.344488, -5.188987 -4.391374 0.344488,
-5.18607 -4.391661 0.344488, -5.148575 -4.391661 0.344488,
-5.14566 -4.391374 0.344488, -5.144882 -4.391429 0.344488,
-5.14386 -4.391196 0.344488, -5.142815 -4.391094 0.344488,
-5.142094 -4.390795 0.344488, -5.139238 -4.390146 0.344488,
-5.082995 -4.371398 0.344488, -5.077709 -4.369038 0.344488,
-5.076908 -4.368343 0.344488, -5.075928 -4.367937 0.344488,
-5.071453 -4.364265 0.344488, -5.052706 -4.345517 0.344488,
-5.049033 -4.341042 0.344488, -5.044624 -4.330398 0.344488,
-5.044624 -4.318877 0.344488, -5.049033 -4.308233 0.344488,
-5.05718 -4.300086 0.344488, -5.067824 -4.295678 0.344488,
-5.079345 -4.295678 0.344488, -5.089989 -4.300087 0.344488,
-5.094464 -4.303759 0.344488, -5.108283 -4.317578 0.344488,
-5.153367 -4.332606 0.344488, -5.181279 -4.332606 0.344488,
-5.226363 -4.317578 0.344488, -5.255541 -4.288399 0.344488,
-5.270696 -4.258089 0.344488, -5.287776 -4.189769 0.344488,
-5.287776 -4.140797 0.344488, -5.270696 -4.072476 0.344488,
-5.255541 -4.042167 0.344488, -5.226363 -4.012988 0.344488,
-5.181279 -3.99796 0.344488, -5.153367 -3.99796 0.344488,
-5.108283 -4.012988 0.344488, -5.094464 -4.026807 0.344488,
-5.089989 -4.030479 0.344488, -5.079345 -4.034888 0.344488,
-5.067824 -4.034888 0.344488, -5.05718 -4.030479 0.344488,
-5.049033 -4.022332 0.344488, -5.044624 -4.011688 0.344488,
-5.044624 -4.000167 0.344488, -5.049033 -3.989523 0.344488,
-5.052706 -3.985049 0.344488, -5.071453 -3.966301 0.344488,
-5.075928 -3.962629 0.344488, -5.076908 -3.962223 0.344488,
-5.077709 -3.961528 0.344488, -5.082995 -3.959168 0.344488,
-5.139238 -3.94042 0.344488, -5.142094 -3.939771 0.344488,
-5.142815 -3.939472 0.344488, -5.14386 -3.939369 0.344488,
-5.144882 -3.939137 0.344488, -5.14566 -3.939192 0.344488,
-5.148575 -3.938905 0.344488, -5.18607 -3.938905 0.344488,
-5.188987 -3.939192 0.344488, -5.189764 -3.939137 0.344488,
-5.190787 -3.939369 0.344488, -5.191831 -3.939472 0.344488,
-5.192552 -3.939771 0.344488, -5.195408 -3.94042 0.344488,
-5.251651 -3.959168 0.344488, -5.256937 -3.961528 0.344488,
-5.257738 -3.962222 0.344488, -5.258718 -3.962629 0.344488,
-5.263193 -3.966301 0.344488, -4.906987 -4.003796 0.344488,
-4.908845 -4.00606 0.344488, -4.909435 -4.006572 0.344488,
-4.909994 -4.007461 0.344488, -4.910659 -4.008271 0.344488,
-4.910957 -4.00899 0.344488, -4.912518 -4.01147 0.344488,
-4.931266 -4.048966 0.344488, -4.931427 -4.049387 0.344488,
-4.931554 -4.049558 0.344488, -4.932419 -4.051978 0.344488,
-4.933335 -4.054372 0.344488, -4.93335 -4.054584 0.344488,
-4.933502 -4.055009 0.344488, -4.952249 -4.13 0.344488,
-4.952397 -4.130998 0.344488, -4.952563 -4.131401 0.344488,
-4.952777 -4.133571 0.344488, -4.953096 -4.135726 0.344488,
-4.953032 -4.136156 0.344488, -4.953131 -4.137161 0.344488,
-4.953131 -4.193404 0.344488, -4.953032 -4.194409 0.344488,
-4.953096 -4.19484 0.344488, -4.952777 -4.196994 0.344488,
-4.952563 -4.199165 0.344488, -4.952397 -4.199567 0.344488,
-4.952249 -4.200566 0.344488, -4.933502 -4.275556 0.344488,
-4.93335 -4.275981 0.344488, -4.933335 -4.276194 0.344488,
-4.932419 -4.278588 0.344488, -4.931554 -4.281007 0.344488,
-4.931427 -4.281179 0.344488, -4.931266 -4.2816 0.344488,
-4.912518 -4.319095 0.344488, -4.910958 -4.321574 0.344488,
-4.910659 -4.322294 0.344488, -4.909994 -4.323105 0.344488,
-4.909435 -4.323994 0.344488, -4.908845 -4.324506 0.344488,
-4.906987 -4.326769 0.344488, -4.869492 -4.364265 0.344488,
-4.865017 -4.367937 0.344488, -4.864037 -4.368343 0.344488,
-4.863236 -4.369038 0.344488, -4.85795 -4.371398 0.344488,
-4.801707 -4.390146 0.344488, -4.798851 -4.390795 0.344488,
-4.79813 -4.391094 0.344488, -4.797086 -4.391196 0.344488,
-4.796063 -4.391429 0.344488, -4.795286 -4.391374 0.344488,
-4.79237 -4.391661 0.344488, -4.754874 -4.391661 0.344488,
-4.751959 -4.391374 0.344488, -4.751181 -4.391429 0.344488,
-4.750159 -4.391196 0.344488, -4.749114 -4.391094 0.344488,
-4.748393 -4.390795 0.344488, -4.745537 -4.390146 0.344488,
-4.689294 -4.371398 0.344488, -4.684009 -4.369038 0.344488,
-4.683207 -4.368343 0.344488, -4.682227 -4.367937 0.344488,
-4.677752 -4.364265 0.344488, -4.659005 -4.345517 0.344488,
-4.655332 -4.341042 0.344488, -4.650924 -4.330398 0.344488,
-4.650924 -4.318877 0.344488, -4.655333 -4.308233 0.344488,
-4.66348 -4.300086 0.344488, -4.674124 -4.295678 0.344488,
-4.685644 -4.295678 0.344488, -4.696289 -4.300087 0.344488,
-4.700763 -4.303759 0.344488, -4.714582 -4.317578 0.344488,
-4.759666 -4.332606 0.344488, -4.787578 -4.332606 0.344488,
-4.832662 -4.317578 0.344488, -4.861841 -4.288399 0.344488,
-4.876996 -4.258089 0.344488, -4.894076 -4.189769 0.344488,
-4.894076 -4.140797 0.344488, -4.876996 -4.072476 0.344488,
-4.861841 -4.042167 0.344488, -4.832662 -4.012988 0.344488,
-4.787578 -3.99796 0.344488, -4.759666 -3.99796 0.344488,
-4.714582 -4.012988 0.344488, -4.700763 -4.026807 0.344488,
-4.696289 -4.030479 0.344488, -4.685644 -4.034888 0.344488,
-4.674124 -4.034888 0.344488, -4.66348 -4.030479 0.344488,
-4.655333 -4.022332 0.344488, -4.650924 -4.011688 0.344488,
-4.650924 -4.000167 0.344488, -4.655333 -3.989523 0.344488,
-4.659005 -3.985049 0.344488, -4.677752 -3.966301 0.344488,
-4.682227 -3.962629 0.344488, -4.683207 -3.962223 0.344488,
-4.684009 -3.961528 0.344488, -4.689294 -3.959168 0.344488,
-4.745537 -3.94042 0.344488, -4.748393 -3.939771 0.344488,
-4.749114 -3.939472 0.344488, -4.750159 -3.939369 0.344488,
-4.751181 -3.939137 0.344488, -4.751959 -3.939192 0.344488,
-4.754874 -3.938905 0.344488, -4.79237 -3.938905 0.344488,
-4.795286 -3.939192 0.344488, -4.796063 -3.939137 0.344488,
-4.797086 -3.939369 0.344488, -4.79813 -3.939472 0.344488,
-4.798851 -3.939771 0.344488, -4.801707 -3.94042 0.344488,
-4.85795 -3.959168 0.344488, -4.863236 -3.961528 0.344488,
-4.864037 -3.962222 0.344488, -4.865017 -3.962629 0.344488,
-4.869492 -3.966301 0.344488, -3.61851 -4.003796 0.344488,
-3.656005 -3.966301 0.344488, -3.658269 -3.964443 0.344488,
-3.65878 -3.963854 0.344488, -3.65967 -3.963294 0.344488,
-3.66048 -3.962629 0.344488, -3.661199 -3.962331 0.344488,
-3.663679 -3.96077 0.344488, -3.701174 -3.942022 0.344488,
-3.706581 -3.939954 0.344488, -3.707639 -3.939878 0.344488,
-3.708619 -3.939472 0.344488, -3.71438 -3.938905 0.344488,
-3.78937 -3.938905 0.344488, -3.795131 -3.939472 0.344488,
-3.796111 -3.939878 0.344488, -3.797169 -3.939954 0.344488,
-3.802575 -3.942022 0.344488, -3.84007 -3.96077 0.344488,
-3.842549 -3.96233 0.344488, -3.84327 -3.962629 0.344488,
-3.844082 -3.963294 0.344488, -3.844969 -3.963854 0.344488,
-3.845481 -3.964443 0.344488, -3.847744 -3.966301 0.344488,
-3.88524 -4.003796 0.344488, -3.888912 -4.008271 0.344488,
-3.889752 -4.010298 0.344488, -3.891059 -4.012063 0.344488,
-3.893007 -4.017514 0.344488, -3.911754 -4.092505 0.344488,
-3.911902 -4.093503 0.344488, -3.912069 -4.093906 0.344488,
-3.912282 -4.096076 0.344488, -3.912601 -4.098231 0.344488,
-3.912537 -4.098661 0.344488, -3.912636 -4.099666 0.344488,
-3.912636 -4.103302 0.344488, -3.912636 -4.2309 0.344488,
-3.912537 -4.231905 0.344488, -3.912601 -4.232335 0.344488,
-3.912282 -4.23449 0.344488, -3.912069 -4.23666 0.344488,
-3.911902 -4.237062 0.344488, -3.911754 -4.238061 0.344488,
-3.893007 -4.313052 0.344488, -3.891059 -4.318503 0.344488,
-3.889752 -4.320266 0.344488, -3.888912 -4.322294 0.344488,
-3.88524 -4.326769 0.344488, -3.847744 -4.364265 0.344488,
-3.845481 -4.366123 0.344488, -3.844969 -4.366713 0.344488,
-3.844082 -4.367271 0.344488, -3.84327 -4.367937 0.344488,
-3.842549 -4.368236 0.344488, -3.84007 -4.369796 0.344488,
-3.802575 -4.388544 0.344488, -3.797169 -4.390613 0.344488,
-3.796111 -4.390688 0.344488, -3.795131 -4.391094 0.344488,
-3.78937 -4.391661 0.344488, -3.71438 -4.391661 0.344488,
-3.708619 -4.391094 0.344488, -3.707639 -4.390687 0.344488,
-3.706581 -4.390613 0.344488, -3.701174 -4.388544 0.344488,
-3.663679 -4.369796 0.344488, -3.661199 -4.368235 0.344488,
-3.66048 -4.367937 0.344488, -3.65967 -4.367272 0.344488,
-3.65878 -4.366713 0.344488, -3.658269 -4.366122 0.344488,
-3.656005 -4.364265 0.344488, -3.618509 -4.326769 0.344488,
-3.614837 -4.322294 0.344488, -3.613998 -4.320266 0.344488,
-3.612691 -4.318503 0.344488, -3.610743 -4.313052 0.344488,
-3.591995 -4.238061 0.344488, -3.591848 -4.237062 0.344488,
-3.591681 -4.23666 0.344488, -3.591468 -4.23449 0.344488,
-3.591149 -4.232335 0.344488, -3.591213 -4.231905 0.344488,
-3.591114 -4.2309 0.344488, -3.591114 -4.099666 0.344488,
-3.591213 -4.098661 0.344488, -3.591149 -4.098231 0.344488,
-3.591468 -4.096076 0.344488, -3.591681 -4.093906 0.344488,
-3.591848 -4.093503 0.344488, -3.591995 -4.092505 0.344488,
-3.610743 -4.017514 0.344488, -3.612691 -4.012063 0.344488,
-3.613997 -4.0103 0.344488, -3.614837 -4.008271 0.344488,
-3.650169 -4.103302 0.344488, -3.650169 -4.227264 0.344488,
-3.666052 -4.290794 0.344488, -3.694376 -4.319119 0.344488,
-3.72135 -4.332606 0.344488, -3.7824 -4.332606 0.344488,
-3.809374 -4.319119 0.344488, -3.837698 -4.290794 0.344488,
-3.853581 -4.227264 0.344488, -3.853581 -4.103302 0.344488,
-3.837698 -4.039771 0.344488, -3.809374 -4.011448 0.344488,
-3.7824 -3.99796 0.344488, -3.72135 -3.99796 0.344488,
-3.694375 -4.011448 0.344488, -3.666052 -4.039771 0.344488,
-3.422952 -3.962672 0.344488, -3.427361 -3.952028 0.344488,
-3.435507 -3.943881 0.344488, -3.446152 -3.939472 0.344488,
-3.457673 -3.939472 0.344488, -3.468317 -3.943881 0.344488,
-3.476463 -3.952028 0.344488, -3.480872 -3.962672 0.344488,
-3.48144 -3.968433 0.344488, -3.48144 -4.287143 0.344488,
-3.480872 -4.292903 0.344488, -3.480467 -4.293883 0.344488,
-3.480391 -4.294941 0.344488, -3.478322 -4.300348 0.344488,
-3.459575 -4.337843 0.344488, -3.458015 -4.340322 0.344488,
-3.457716 -4.341042 0.344488, -3.457051 -4.341852 0.344488,
-3.456491 -4.342742 0.344488, -3.455902 -4.343253 0.344488,
-3.454044 -4.345517 0.344488, -3.435296 -4.364265 0.344488,
-3.433033 -4.366122 0.344488, -3.432521 -4.366713 0.344488,
-3.431631 -4.367272 0.344488, -3.430822 -4.367937 0.344488,
-3.430102 -4.368235 0.344488, -3.427622 -4.369796 0.344488,
-3.390127 -4.388544 0.344488, -3.384721 -4.390613 0.344488,
-3.383662 -4.390688 0.344488, -3.382682 -4.391094 0.344488,
-3.376922 -4.391661 0.344488, -3.301931 -4.391661 0.344488,
-3.29617 -4.391094 0.344488, -3.295191 -4.390687 0.344488,
-3.294132 -4.390613 0.344488, -3.288726 -4.388544 0.344488,
-3.251231 -4.369796 0.344488, -3.248751 -4.368235 0.344488,
-3.248031 -4.367937 0.344488, -3.247222 -4.367272 0.344488,
-3.246332 -4.366713 0.344488, -3.24582 -4.366122 0.344488,
-3.243556 -4.364265 0.344488, -3.224809 -4.345517 0.344488,
-3.222952 -4.343253 0.344488, -3.222361 -4.342742 0.344488,
-3.221802 -4.341852 0.344488, -3.221137 -4.341042 0.344488,
-3.220839 -4.340322 0.344488, -3.219278 -4.337843 0.344488,
-3.20053 -4.300348 0.344488, -3.198461 -4.294942 0.344488,
-3.198386 -4.293883 0.344488, -3.19798 -4.292903 0.344488,
-3.197413 -4.287143 0.344488, -3.197413 -3.968433 0.344488,
-3.19798 -3.962672 0.344488, -3.202389 -3.952028 0.344488,
-3.210536 -3.943881 0.344488, -3.22118 -3.939472 0.344488,
-3.232701 -3.939472 0.344488, -3.243345 -3.943881 0.344488,
-3.251492 -3.952028 0.344488, -3.255901 -3.962672 0.344488,
-3.256468 -3.968433 0.344488, -3.256468 -4.280172 0.344488,
-3.269956 -4.307147 0.344488, -3.281927 -4.319119 0.344488,
-3.308902 -4.332606 0.344488, -3.369951 -4.332606 0.344488,
-3.396926 -4.319119 0.344488, -3.408897 -4.307147 0.344488,
-3.422385 -4.280172 0.344488, -3.422385 -3.968433 0.344488,
-5.400494 -3.972126 0.344488, -5.401311 -3.960634 0.344488,
-5.406463 -3.950329 0.344488, -5.415167 -3.94278 0.344488,
-5.426097 -3.939137 0.344488, -5.437589 -3.939954 0.344488,
-5.447894 -3.945106 0.344488, -5.455443 -3.95381 0.344488,
-5.457802 -3.959095 0.344488, -5.561024 -4.268759 0.344488,
-5.664245 -3.959095 0.344488, -5.666605 -3.953809 0.344488,
-5.674154 -3.945106 0.344488, -5.684458 -3.939954 0.344488,
-5.69595 -3.939137 0.344488, -5.70688 -3.94278 0.344488,
-5.715584 -3.950329 0.344488, -5.720736 -3.960633 0.344488,
-5.721553 -3.972126 0.344488, -5.720269 -3.97777 0.344488,
-5.589036 -4.371471 0.344488, -5.586676 -4.376756 0.344488,
-5.585294 -4.37835 0.344488, -5.58435 -4.380237 0.344488,
-5.581552 -4.382664 0.344488, -5.579127 -4.38546 0.344488,
-5.577242 -4.386402 0.344488, -5.575647 -4.387786 0.344488,
-5.572133 -4.388957 0.344488, -5.568823 -4.390612 0.344488,
-5.566719 -4.390761 0.344488, -5.564717 -4.391429 0.344488,
-5.561024 -4.391167 0.344488, -5.557331 -4.391429 0.344488,
-5.555329 -4.390761 0.344488, -5.553224 -4.390612 0.344488,
-5.549913 -4.388956 0.344488, -5.546401 -4.387786 0.344488,
-5.544807 -4.386404 0.344488, -5.54292 -4.38546 0.344488,
-5.540494 -4.382663 0.344488, -5.537697 -4.380237 0.344488,
-5.536754 -4.37835 0.344488, -5.535371 -4.376757 0.344488,
-5.533011 -4.371471 0.344488, -5.401778 -3.97777 0.344488,
-2.351607 4.051488 0.344488, -2.358057 4.065104 0.344488,
-2.372245 4.070171 0.344488, -2.385861 4.063721 0.344488,
-2.389806 4.057131 0.344488, -2.558745 3.584104 0.344488,
-2.727683 4.057131 0.344488, -2.731628 4.063721 0.344488,
-2.745243 4.070171 0.344488, -2.759432 4.065104 0.344488,
-2.765881 4.051488 0.344488, -2.764759 4.043889 0.344488,
-2.577283 3.518955 0.344488, -2.573338 3.512365 0.344488,
-2.5724 3.51192 0.344488, -2.571956 3.510982 0.344488,
-2.565715 3.508754 0.344488, -2.559722 3.505915 0.344488,
-2.558744 3.506264 0.344488, -2.557767 3.505915 0.344488,
-2.55178 3.508751 0.344488, -2.545533 3.510982 0.344488,
-2.545089 3.51192 0.344488, -2.544151 3.512365 0.344488,
-2.540206 3.518955 0.344488, -2.35273 4.043889 0.344488,
-3.012181 -4.367894 0.344488, -3.007772 -4.378538 0.344488,
-2.999626 -4.386685 0.344488, -2.988981 -4.391094 0.344488,
-2.97746 -4.391094 0.344488, -2.966816 -4.386685 0.344488,
-2.95867 -4.378538 0.344488, -2.954261 -4.367894 0.344488,
-2.953693 -4.362133 0.344488, -2.953693 -3.99796 0.344488,
-2.870735 -3.99796 0.344488, -2.864974 -3.997393 0.344488,
-2.85433 -3.992984 0.344488, -2.846184 -3.984837 0.344488,
-2.841775 -3.974193 0.344488, -2.841775 -3.962672 0.344488,
-2.846184 -3.952028 0.344488, -2.85433 -3.943881 0.344488,
-2.864974 -3.939472 0.344488, -2.870735 -3.938905 0.344488,
-3.095707 -3.938905 0.344488, -3.101467 -3.939472 0.344488,
-3.112111 -3.943881 0.344488, -3.120258 -3.952028 0.344488,
-3.124667 -3.962672 0.344488, -3.124667 -3.974193 0.344488,
-3.120258 -3.984837 0.344488, -3.112111 -3.992984 0.344488,
-3.101467 -3.997393 0.344488, -3.095707 -3.99796 0.344488,
-3.012748 -3.99796 0.344488, -3.012748 -4.362133 0.344488,
5.383858 6.95374 0.344488, 5.383102 6.961421 0.344488,
5.377223 6.975613 0.344488, 5.366361 6.986475 0.344488,
5.352169 6.992354 0.344488, 5.336807 6.992354 0.344488,
5.322615 6.986475 0.344488, 5.311753 6.975613 0.344488,
5.305874 6.961421 0.344488, 5.305118 6.95374 0.344488,
5.305118 4.49311 0.344488, 4.458661 4.49311 0.344488,
4.450981 4.492354 0.344488, 4.436789 4.486475 0.344488,
4.425926 4.475613 0.344488, 4.420048 4.461421 0.344488,
4.420048 4.446059 0.344488, 4.425926 4.431867 0.344488,
4.436789 4.421005 0.344488, 4.450981 4.415126 0.344488,
4.458661 4.41437 0.344488, 5.344488 4.41437 0.344488,
5.352169 4.415126 0.344488, 5.366361 4.421005 0.344488,
5.377223 4.431867 0.344488, 5.383102 4.446059 0.344488,
5.383858 4.45374 0.344488, 3.651603 -4.202749 0.344488,
3.659108 -4.201257 0.344488, 3.659815 -4.200549 0.344488,
3.671261 -4.197482 0.344488, 3.685672 -4.183071 0.344488,
3.690946 -4.163385 0.344488, 3.68567 -4.143699 0.344488,
3.671259 -4.129288 0.344488, 3.659817 -4.126223 0.344488,
3.659107 -4.125513 0.344488, 3.651574 -4.124015 0.344488,
3.651573 -4.124015 0.344488, 3.651572 -4.124015 0.344488,
3.65157 -4.124015 0.344488, 3.644041 -4.125513 0.344488,
3.643327 -4.126226 0.344488, 3.631889 -4.129292 0.344488,
3.617479 -4.143702 0.344488, 3.612206 -4.163385 0.344488,
3.612206 -4.163387 0.344488, 3.61748 -4.183071 0.344488,
3.631891 -4.197481 0.344488, 3.643331 -4.200546 0.344488,
3.644042 -4.201257 0.344488, 3.651575 -4.202755 0.344488,
3.651575 -4.202757 0.344488, 3.651576 -4.163385 0.344488,
3.651576 -4.163385 0.344488, 3.651575 -4.163385 0.344488,
3.651575 -4.163385 0.344488, -3.727509 -3.321858 0.344488,
-3.704183 -3.234806 0.344488, -3.69242 -3.145455 0.344488,
-3.69242 -3.055333 0.344488, -3.704183 -2.965981 0.344488,
-3.727509 -2.87893 0.344488, -3.761997 -2.795667 0.344488,
-3.807058 -2.717619 0.344488, -3.861921 -2.64612 0.344488,
-3.925648 -2.582394 0.344488, -3.997146 -2.527531 0.344488,
-4.075195 -2.48247 0.344488, -4.158457 -2.447981 0.344488,
-4.245509 -2.424656 0.344488, -4.33486 -2.412893 0.344488,
-4.424982 -2.412893 0.344488, -4.514334 -2.424656 0.344488,
-4.601385 -2.447981 0.344488, -4.684648 -2.48247 0.344488,
-4.762696 -2.527531 0.344488, -4.834195 -2.582394 0.344488,
-4.897921 -2.64612 0.344488, -4.952784 -2.717619 0.344488,
-4.997845 -2.795667 0.344488, -5.032334 -2.87893 0.344488,
-5.055659 -2.965981 0.344488, -5.066624 -3.049269 0.344488,
-5.067422 -3.055333 0.344488, -5.067422 -3.145455 0.344488,
-5.055659 -3.234806 0.344488, -5.032334 -3.321858 0.344488,
-4.997845 -3.40512 0.344488, -4.952784 -3.483169 0.344488,
-4.897921 -3.554667 0.344488, -4.834195 -3.618394 0.344488,
-4.762696 -3.673257 0.344488, -4.684648 -3.718318 0.344488,
-4.601385 -3.752806 0.344488, -4.514334 -3.776131 0.344488,
-4.432415 -3.786916 0.344488, -4.432415 -4.050626 0.344488,
-4.448683 -4.09943 0.344488, -4.479607 -4.130354 0.344488,
-4.52841 -4.146622 0.344488, -4.562711 -4.146622 0.344488,
-4.570244 -4.14812 0.344488, -4.580898 -4.158774 0.344488,
-4.580898 -4.17384 0.344488, -4.570244 -4.184493 0.344488,
-4.562711 -4.185992 0.344488, -4.525216 -4.185992 0.344488,
-4.52212 -4.185376 0.344488, -4.518991 -4.184981 0.344488,
-4.462748 -4.166234 0.344488, -4.461892 -4.165746 0.344488,
-4.461439 -4.165746 0.344488, -4.458813 -4.163991 0.344488,
-4.456076 -4.16243 0.344488, -4.455874 -4.162026 0.344488,
-4.455053 -4.161478 0.344488, -4.417558 -4.123983 0.344488,
-4.41701 -4.123163 0.344488, -4.416606 -4.122961 0.344488,
-4.415044 -4.12022 0.344488, -4.413291 -4.117596 0.344488,
-4.413291 -4.117144 0.344488, -4.412803 -4.116288 0.344488,
-4.394055 -4.060046 0.344488, -4.393661 -4.056915 0.344488,
-4.393045 -4.05382 0.344488, -4.393045 -3.787895 0.344488,
-4.33486 -3.787895 0.344488, -4.245509 -3.776131 0.344488,
-4.171859 -3.756397 0.344488, -4.262676 -4.028848 0.344488,
-4.263636 -4.036468 0.344488, -4.262187 -4.039366 0.344488,
-4.262187 -4.042606 0.344488, -4.258948 -4.045846 0.344488,
-4.256898 -4.049944 0.344488, -4.253825 -4.050969 0.344488,
-4.251534 -4.053259 0.344488, -4.244001 -4.054758 0.344488,
-4.076209 -4.054758 0.344488, -4.076209 -4.166307 0.344488,
-4.074711 -4.17384 0.344488, -4.064057 -4.184493 0.344488,
-4.048991 -4.184493 0.344488, -4.038338 -4.17384 0.344488,
-4.036839 -4.166307 0.344488, -4.036839 -4.054758 0.344488,
-4.000281 -4.054758 0.344488, -3.992748 -4.053259 0.344488,
-3.982095 -4.042606 0.344488, -3.982095 -4.02754 0.344488,
-3.992748 -4.016886 0.344488, -4.000281 -4.015388 0.344488,
-4.036839 -4.015388 0.344488, -4.036839 -3.903839 0.344488,
-4.038338 -3.896306 0.344488, -4.048991 -3.885653 0.344488,
-4.064057 -3.885653 0.344488, -4.074711 -3.896306 0.344488,
-4.076209 -3.903839 0.344488, -4.076209 -4.015388 0.344488,
-4.216689 -4.015388 0.344488, -4.131588 -3.760083 0.344488,
-4.130627 -3.752463 0.344488, -4.13526 -3.743197 0.344488,
-4.075195 -3.718318 0.344488, -3.997146 -3.673257 0.344488,
-3.925648 -3.618394 0.344488, -3.861921 -3.554667 0.344488,
-3.807058 -3.483169 0.344488, -3.761997 -3.40512 0.344488,
-3.730315 -3.049269 0.344488, -3.730315 -3.151519 0.344488,
-3.746311 -3.25251 0.344488, -3.777907 -3.349756 0.344488,
-3.824328 -3.440861 0.344488, -3.88443 -3.523584 0.344488,
-3.956731 -3.595885 0.344488, -4.039454 -3.655987 0.344488,
-4.130559 -3.702407 0.344488, -4.227805 -3.734004 0.344488,
-4.328796 -3.75 0.344488, -4.431046 -3.75 0.344488,
-4.532038 -3.734004 0.344488, -4.629283 -3.702407 0.344488,
-4.720389 -3.655987 0.344488, -4.803111 -3.595885 0.344488,
-4.875413 -3.523584 0.344488, -4.935514 -3.440861 0.344488,
-4.981935 -3.349756 0.344488, -5.013532 -3.25251 0.344488,
-5.029528 -3.151519 0.344488, -5.029528 -3.049269 0.344488,
-5.013532 -2.948277 0.344488, -4.981935 -2.851031 0.344488,
-4.935514 -2.759926 0.344488, -4.875413 -2.677204 0.344488,
-4.803111 -2.604902 0.344488, -4.720389 -2.544801 0.344488,
-4.629283 -2.49838 0.344488, -4.532038 -2.466783 0.344488,
-4.431046 -2.450787 0.344488, -4.328796 -2.450787 0.344488,
-4.227805 -2.466783 0.344488, -4.130559 -2.49838 0.344488,
-4.039454 -2.544801 0.344488, -3.956731 -2.604902 0.344488,
-3.88443 -2.677204 0.344488, -3.824328 -2.759926 0.344488,
-3.777907 -2.851031 0.344488, -3.746311 -2.948277 0.344488,
-2.909637 -2.270718 0.344488, -2.909637 -2.31969 0.344488,
-2.926717 -2.388011 0.344488, -2.941872 -2.41832 0.344488,
-2.97105 -2.447499 0.344488, -3.016134 -2.462527 0.344488,
-3.075553 -2.462527 0.344488, -3.075553 -2.127881 0.344488,
-3.016134 -2.127881 0.344488, -2.97105 -2.142909 0.344488,
-2.941872 -2.172088 0.344488, -2.926717 -2.202398 0.344488,
-2.601139 -3.75 0.344488, -2.659393 -3.75 0.344488,
-2.757218 -3.734506 0.344488, -2.757218 -3.674181 0.344488,
-2.758717 -3.666648 0.344488, -2.76937 -3.655994 0.344488,
-2.784436 -3.655994 0.344488, -2.79509 -3.666648 0.344488,
-2.796588 -3.674181 0.344488, -2.796588 -3.722241 0.344488,
-2.85763 -3.702407 0.344488, -2.948735 -3.655987 0.344488,
-3.031458 -3.595885 0.344488, -3.103759 -3.523584 0.344488,
-3.163861 -3.440861 0.344488, -3.210281 -3.349756 0.344488,
-3.241878 -3.25251 0.344488, -3.257874 -3.151519 0.344488,
-3.257874 -3.049269 0.344488, -3.241878 -2.948277 0.344488,
-3.210281 -2.851031 0.344488, -3.163861 -2.759926 0.344488,
-3.103759 -2.677204 0.344488, -3.031458 -2.604902 0.344488,
-2.948735 -2.544801 0.344488, -2.85763 -2.49838 0.344488,
-2.760384 -2.466783 0.344488, -2.659393 -2.450787 0.344488,
-2.557143 -2.450787 0.344488, -2.456151 -2.466783 0.344488,
-2.358906 -2.49838 0.344488, -2.2678 -2.544801 0.344488,
-2.185078 -2.604902 0.344488, -2.112776 -2.677204 0.344488,
-2.052675 -2.759926 0.344488, -2.006254 -2.851031 0.344488,
-1.974657 -2.948277 0.344488, -1.958661 -3.049269 0.344488,
-1.958661 -3.151519 0.344488, -1.974657 -3.25251 0.344488,
-2.006254 -3.349756 0.344488, -2.052675 -3.440861 0.344488,
-2.112776 -3.523584 0.344488, -2.185078 -3.595885 0.344488,
-2.2678 -3.655987 0.344488, -2.358906 -3.702407 0.344488,
-2.456151 -3.734004 0.344488, -2.55343 -3.749412 0.344488,
-2.536633 -3.724216 0.344488, -2.521523 -3.709106 0.344488,
-2.491041 -3.693866 0.344488, -2.420698 -3.693866 0.344488,
-2.413165 -3.692367 0.344488, -2.402511 -3.681714 0.344488,
-2.402511 -3.666648 0.344488, -2.413165 -3.655994 0.344488,
-2.420698 -3.654496 0.344488, -2.495688 -3.654496 0.344488,
-2.496656 -3.654688 0.344488, -2.497084 -3.654545 0.344488,
-2.500126 -3.655378 0.344488, -2.503221 -3.655994 0.344488,
-2.503541 -3.656313 0.344488, -2.504492 -3.656574 0.344488,
-2.541987 -3.675322 0.344488, -2.544479 -3.677255 0.344488,
-2.547103 -3.679009 0.344488, -2.56585 -3.697757 0.344488,
-2.566933 -3.699377 0.344488, -2.56831 -3.700757 0.344488,
-2.388031 -3.847737 0.344488, -2.406778 -3.82899 0.344488,
-2.409401 -3.827237 0.344488, -2.411894 -3.825302 0.344488,
-2.449389 -3.806555 0.344488, -2.450341 -3.806294 0.344488,
-2.45066 -3.805975 0.344488, -2.453755 -3.805359 0.344488,
-2.456797 -3.804526 0.344488, -2.457226 -3.804669 0.344488,
-2.458193 -3.804477 0.344488, -2.533183 -3.804477 0.344488,
-2.534151 -3.804669 0.344488, -2.534579 -3.804526 0.344488,
-2.537622 -3.805359 0.344488, -2.540717 -3.805975 0.344488,
-2.541036 -3.806294 0.344488, -2.541987 -3.806555 0.344488,
-2.579482 -3.825303 0.344488, -2.581974 -3.827236 0.344488,
-2.584365 -3.828833 0.344488, -2.57413 -3.787895 0.344488,
-2.563207 -3.787895 0.344488, -2.473855 -3.776131 0.344488,
-2.386804 -3.752806 0.344488, -2.303541 -3.718318 0.344488,
-2.225493 -3.673257 0.344488, -2.153994 -3.618394 0.344488,
-2.090268 -3.554667 0.344488, -2.035405 -3.483169 0.344488,
-1.990344 -3.40512 0.344488, -1.955855 -3.321858 0.344488,
-1.93253 -3.234806 0.344488, -1.920767 -3.145455 0.344488,
-1.920767 -3.055333 0.344488, -1.93253 -2.965981 0.344488,
-1.955855 -2.87893 0.344488, -1.990344 -2.795667 0.344488,
-2.035405 -2.717619 0.344488, -2.090268 -2.64612 0.344488,
-2.153994 -2.582394 0.344488, -2.225493 -2.527531 0.344488,
-2.303541 -2.48247 0.344488, -2.386804 -2.447981 0.344488,
-2.473855 -2.424656 0.344488, -2.563207 -2.412893 0.344488,
-2.653329 -2.412893 0.344488, -2.74268 -2.424656 0.344488,
-2.829732 -2.447981 0.344488, -2.912994 -2.48247 0.344488,
-2.936433 -2.496002 0.344488, -2.93422 -2.494186 0.344488,
-2.896725 -2.45669 0.344488, -2.894868 -2.454427 0.344488,
-2.894278 -2.453915 0.344488, -2.893718 -2.453026 0.344488,
-2.893053 -2.452216 0.344488, -2.892755 -2.451495 0.344488,
-2.891194 -2.449017 0.344488, -2.872446 -2.411521 0.344488,
-2.872285 -2.4111 0.344488, -2.872158 -2.410929 0.344488,
-2.871295 -2.408513 0.344488, -2.870378 -2.406115 0.344488,
-2.870363 -2.405902 0.344488, -2.870211 -2.405478 0.344488,
-2.851463 -2.330487 0.344488, -2.851315 -2.329488 0.344488,
-2.851149 -2.329086 0.344488, -2.850935 -2.326916 0.344488,
-2.850617 -2.324761 0.344488, -2.850681 -2.324331 0.344488,
-2.850581 -2.323326 0.344488, -2.850581 -2.267083 0.344488,
-2.850681 -2.266077 0.344488, -2.850617 -2.265647 0.344488,
-2.850935 -2.263492 0.344488, -2.851149 -2.261322 0.344488,
-2.851315 -2.26092 0.344488, -2.851463 -2.259921 0.344488,
-2.862071 -2.217488 0.344488, -2.851987 -2.217488 0.344488,
-2.848892 -2.216872 0.344488, -2.845763 -2.216478 0.344488,
-2.78952 -2.19773 0.344488, -2.788663 -2.197242 0.344488,
-2.788211 -2.197242 0.344488, -2.785585 -2.195487 0.344488,
-2.782847 -2.193926 0.344488, -2.782646 -2.193522 0.344488,
-2.781825 -2.192974 0.344488, -2.74433 -2.155479 0.344488,
-2.743782 -2.154659 0.344488, -2.743378 -2.154457 0.344488,
-2.741816 -2.151717 0.344488, -2.740063 -2.149093 0.344488,
-2.740063 -2.148641 0.344488, -2.739574 -2.147784 0.344488,
-2.720827 -2.091542 0.344488, -2.720432 -2.088411 0.344488,
-2.719817 -2.085317 0.344488, -2.719817 -1.804102 0.344488,
-2.721315 -1.796569 0.344488, -2.731969 -1.785915 0.344488,
-2.747035 -1.785915 0.344488, -2.757688 -1.796569 0.344488,
-2.759187 -1.804102 0.344488, -2.759187 -2.082122 0.344488,
-2.775455 -2.130926 0.344488, -2.806378 -2.16185 0.344488,
-2.855181 -2.178118 0.344488, -2.872831 -2.178118 0.344488,
-2.891194 -2.141392 0.344488, -2.892754 -2.138913 0.344488,
-2.893053 -2.138192 0.344488, -2.893719 -2.13738 0.344488,
-2.894278 -2.136493 0.344488, -2.894867 -2.135981 0.344488,
-2.896725 -2.133718 0.344488, -2.93422 -2.096222 0.344488,
-2.938695 -2.09255 0.344488, -2.939676 -2.092144 0.344488,
-2.940477 -2.091449 0.344488, -2.945762 -2.089089 0.344488,
-3.002005 -2.070342 0.344488, -3.004861 -2.069692 0.344488,
-3.005582 -2.069394 0.344488, -3.006627 -2.069291 0.344488,
-3.00765 -2.069058 0.344488, -3.008427 -2.069113 0.344488,
-3.011343 -2.068826 0.344488, -3.105081 -2.068826 0.344488,
-3.110841 -2.069394 0.344488, -3.121485 -2.073803 0.344488,
-3.129632 -2.081949 0.344488, -3.134041 -2.092593 0.344488,
-3.134608 -2.098354 0.344488, -3.134608 -2.462527 0.344488,
-3.134608 -2.492055 0.344488, -3.134041 -2.497815 0.344488,
-3.129632 -2.508459 0.344488, -3.121485 -2.516606 0.344488,
-3.110841 -2.521015 0.344488, -3.105081 -2.521582 0.344488,
-3.011343 -2.521582 0.344488, -3.008427 -2.521295 0.344488,
-3.00765 -2.52135 0.344488, -3.006627 -2.521118 0.344488,
-3.005582 -2.521015 0.344488, -3.004861 -2.520716 0.344488,
-3.002005 -2.520067 0.344488, -2.945762 -2.501319 0.344488,
-2.945235 -2.501084 0.344488, -2.991043 -2.527531 0.344488,
-3.062541 -2.582394 0.344488, -3.126268 -2.64612 0.344488,
-3.181131 -2.717619 0.344488, -3.226192 -2.795667 0.344488,
-3.26068 -2.87893 0.344488, -3.284006 -2.965981 0.344488,
-3.29497 -3.049269 0.344488, -3.295769 -3.055333 0.344488,
-3.295769 -3.145455 0.344488, -3.284006 -3.234806 0.344488,
-3.26068 -3.321858 0.344488, -3.226192 -3.40512 0.344488,
-3.181131 -3.483169 0.344488, -3.126268 -3.554667 0.344488,
-3.062541 -3.618394 0.344488, -2.991043 -3.673257 0.344488,
-2.912994 -3.718318 0.344488, -2.829732 -3.752806 0.344488,
-2.796588 -3.761687 0.344488, -2.796588 -3.952201 0.344488,
-2.812856 -4.001005 0.344488, -2.84378 -4.031928 0.344488,
-2.892583 -4.048196 0.344488, -2.926884 -4.048196 0.344488,
-2.934417 -4.049695 0.344488, -2.945071 -4.060348 0.344488,
-2.945071 -4.075415 0.344488, -2.934417 -4.086068 0.344488,
-2.926884 -4.087567 0.344488, -2.889389 -4.087567 0.344488,
-2.886294 -4.086951 0.344488, -2.883164 -4.086556 0.344488,
-2.826921 -4.067809 0.344488, -2.826065 -4.06732 0.344488,
-2.825613 -4.06732 0.344488, -2.822987 -4.065565 0.344488,
-2.820249 -4.064005 0.344488, -2.820047 -4.063601 0.344488,
-2.819226 -4.063053 0.344488, -2.781731 -4.025557 0.344488,
-2.781183 -4.024737 0.344488, -2.78078 -4.024536 0.344488,
-2.779218 -4.021795 0.344488, -2.777464 -4.019171 0.344488,
-2.777464 -4.018719 0.344488, -2.776976 -4.017863 0.344488,
-2.758228 -3.96162 0.344488, -2.757834 -3.95849 0.344488,
-2.757218 -3.955395 0.344488, -2.757218 -3.772236 0.344488,
-2.74268 -3.776131 0.344488, -2.653329 -3.787895 0.344488,
-2.614711 -3.787895 0.344488, -2.627271 -3.838135 0.344488,
-2.627389 -3.840543 0.344488, -2.627859 -3.842909 0.344488,
-2.627859 -3.903799 0.344488, -2.627859 -3.992891 0.344488,
-2.627667 -3.993857 0.344488, -2.627809 -3.994286 0.344488,
-2.626976 -3.997328 0.344488, -2.626361 -4.000424 0.344488,
-2.626041 -4.000743 0.344488, -2.625781 -4.001694 0.344488,
-2.607033 -4.039189 0.344488, -2.6051 -4.04168 0.344488,
-2.603346 -4.044305 0.344488, -2.584598 -4.063053 0.344488,
-2.581974 -4.064807 0.344488, -2.579482 -4.066741 0.344488,
-2.541987 -4.085488 0.344488, -2.541036 -4.085748 0.344488,
-2.540717 -4.086068 0.344488, -2.537622 -4.086683 0.344488,
-2.534579 -4.087517 0.344488, -2.534151 -4.087374 0.344488,
-2.533183 -4.087567 0.344488, -2.458193 -4.087567 0.344488,
-2.457226 -4.087374 0.344488, -2.456797 -4.087517 0.344488,
-2.453755 -4.086683 0.344488, -2.45066 -4.086068 0.344488,
-2.450341 -4.085748 0.344488, -2.449389 -4.085488 0.344488,
-2.411894 -4.066741 0.344488, -2.409404 -4.064807 0.344488,
-2.406778 -4.063053 0.344488, -2.38803 -4.044305 0.344488,
-2.386277 -4.041681 0.344488, -2.384343 -4.039189 0.344488,
-2.365596 -4.001694 0.344488, -2.365335 -4.000743 0.344488,
-2.365016 -4.000424 0.344488, -2.3644 -3.997328 0.344488,
-2.363567 -3.994286 0.344488, -2.36371 -3.993857 0.344488,
-2.363517 -3.992891 0.344488, -2.363517 -3.899152 0.344488,
-2.36371 -3.898185 0.344488, -2.363567 -3.897757 0.344488,
-2.3644 -3.894714 0.344488, -2.365016 -3.891619 0.344488,
-2.365335 -3.8913 0.344488, -2.365596 -3.890349 0.344488,
-2.384343 -3.852854 0.344488, -2.386277 -3.850362 0.344488,
-2.402887 -3.903799 0.344488, -2.402887 -3.988243 0.344488,
-2.418128 -4.018725 0.344488, -2.432359 -4.032956 0.344488,
-2.46284 -4.048196 0.344488, -2.528536 -4.048196 0.344488,
-2.559018 -4.032956 0.344488, -2.573248 -4.018725 0.344488,
-2.588489 -3.988244 0.344488, -2.588489 -3.903799 0.344488,
-2.573248 -3.873317 0.344488, -2.559018 -3.859087 0.344488,
-2.528536 -3.843847 0.344488, -2.46284 -3.843847 0.344488,
-2.432358 -3.859087 0.344488, -2.418128 -3.873318 0.344488,
-5.753224 -2.599744 0.344488, -5.747938 -2.597385 0.344488,
-5.747137 -2.596689 0.344488, -5.746156 -2.596283 0.344488,
-5.741681 -2.592611 0.344488, -5.722934 -2.573863 0.344488,
-5.719262 -2.569389 0.344488, -5.716395 -2.562468 0.344488,
-5.714853 -2.558745 0.344488, -5.714286 -2.552984 0.344488,
-5.714286 -2.421751 0.344488, -5.714853 -2.41599 0.344488,
-5.719262 -2.405346 0.344488, -5.727409 -2.3972 0.344488,
-5.738053 -2.392791 0.344488, -5.743813 -2.392223 0.344488,
-5.818804 -2.392223 0.344488, -5.824565 -2.392791 0.344488,
-5.835209 -2.3972 0.344488, -5.843355 -2.405346 0.344488,
-5.847764 -2.41599 0.344488, -5.847764 -2.427511 0.344488,
-5.843355 -2.438156 0.344488, -5.835209 -2.446302 0.344488,
-5.824565 -2.450711 0.344488, -5.818804 -2.451278 0.344488,
-5.773341 -2.451278 0.344488, -5.773341 -2.540754 0.344488,
-5.778511 -2.545924 0.344488, -5.823595 -2.560952 0.344488,
-5.851508 -2.560952 0.344488, -5.896592 -2.545924 0.344488,
-5.92577 -2.516746 0.344488, -5.940925 -2.486436 0.344488,
-5.958005 -2.418115 0.344488, -5.958005 -2.369143 0.344488,
-5.940925 -2.300823 0.344488, -5.92577 -2.270513 0.344488,
-5.896592 -2.241335 0.344488, -5.851508 -2.226307 0.344488,
-5.807027 -2.226307 0.344488, -5.775766 -2.241937 0.344488,
-5.77036 -2.244006 0.344488, -5.758868 -2.244822 0.344488,
-5.747938 -2.241179 0.344488, -5.739235 -2.233631 0.344488,
-5.734082 -2.223326 0.344488, -5.733265 -2.211833 0.344488,
-5.736909 -2.200904 0.344488, -5.744457 -2.1922 0.344488,
-5.749356 -2.189117 0.344488, -5.786851 -2.170369 0.344488,
-5.792257 -2.1683 0.344488, -5.793316 -2.168225 0.344488,
-5.794296 -2.167819 0.344488, -5.800056 -2.167252 0.344488,
-5.856299 -2.167252 0.344488, -5.859215 -2.167539 0.344488,
-5.859993 -2.167483 0.344488, -5.861015 -2.167716 0.344488,
-5.86206 -2.167819 0.344488, -5.862781 -2.168117 0.344488,
-5.865637 -2.168767 0.344488, -5.92188 -2.187515 0.344488,
-5.927165 -2.189874 0.344488, -5.927967 -2.190569 0.344488,
-5.928947 -2.190975 0.344488, -5.933421 -2.194648 0.344488,
-5.970917 -2.232143 0.344488, -5.972774 -2.234406 0.344488,
-5.973364 -2.234918 0.344488, -5.973924 -2.235807 0.344488,
-5.974589 -2.236617 0.344488, -5.974887 -2.237337 0.344488,
-5.976448 -2.239817 0.344488, -5.995195 -2.277312 0.344488,
-5.995357 -2.277733 0.344488, -5.995483 -2.277905 0.344488,
-5.996348 -2.280324 0.344488, -5.997264 -2.282719 0.344488,
-5.99728 -2.282931 0.344488, -5.997431 -2.283356 0.344488,
-6.016179 -2.358346 0.344488, -6.016327 -2.359345 0.344488,
-6.016493 -2.359747 0.344488, -6.016707 -2.361917 0.344488,
-6.017025 -2.364072 0.344488, -6.016961 -2.364502 0.344488,
-6.01706 -2.365508 0.344488, -6.01706 -2.421751 0.344488,
-6.016961 -2.422756 0.344488, -6.017025 -2.423186 0.344488,
-6.016707 -2.425341 0.344488, -6.016493 -2.427511 0.344488,
-6.016327 -2.427913 0.344488, -6.016179 -2.428912 0.344488,
-5.997431 -2.503903 0.344488, -5.99728 -2.504328 0.344488,
-5.997264 -2.50454 0.344488, -5.996348 -2.506934 0.344488,
-5.995483 -2.509354 0.344488, -5.995357 -2.509525 0.344488,
-5.995195 -2.509946 0.344488, -5.976448 -2.547442 0.344488,
-5.974887 -2.54992 0.344488, -5.974589 -2.550641 0.344488,
-5.973924 -2.551451 0.344488, -5.973364 -2.552341 0.344488,
-5.972774 -2.552852 0.344488, -5.970917 -2.555116 0.344488,
-5.933421 -2.592611 0.344488, -5.928947 -2.596284 0.344488,
-5.927967 -2.59669 0.344488, -5.927165 -2.597385 0.344488,
-5.92188 -2.599744 0.344488, -5.865637 -2.618492 0.344488,
-5.862781 -2.619141 0.344488, -5.86206 -2.61944 0.344488,
-5.861015 -2.619543 0.344488, -5.859993 -2.619776 0.344488,
-5.859215 -2.61972 0.344488, -5.856299 -2.620007 0.344488,
-5.818804 -2.620007 0.344488, -5.815889 -2.61972 0.344488,
-5.815111 -2.619776 0.344488, -5.814089 -2.619543 0.344488,
-5.813043 -2.61944 0.344488, -5.812322 -2.619141 0.344488,
-5.809467 -2.618492 0.344488, -4.95428 -2.232143 0.344488,
-4.991776 -2.194648 0.344488, -4.99625 -2.190976 0.344488,
-4.997231 -2.190569 0.344488, -4.998032 -2.189874 0.344488,
-5.003317 -2.187515 0.344488, -5.05956 -2.168767 0.344488,
-5.062416 -2.168117 0.344488, -5.063137 -2.167819 0.344488,
-5.064182 -2.167716 0.344488, -5.065205 -2.167483 0.344488,
-5.065982 -2.167539 0.344488, -5.068898 -2.167252 0.344488,
-5.162636 -2.167252 0.344488, -5.168396 -2.167819 0.344488,
-5.179041 -2.172228 0.344488, -5.187187 -2.180374 0.344488,
-5.191596 -2.191019 0.344488, -5.192163 -2.196779 0.344488,
-5.192163 -2.560952 0.344488, -5.192163 -2.59048 0.344488,
-5.191596 -2.596241 0.344488, -5.187187 -2.606885 0.344488,
-5.179041 -2.615031 0.344488, -5.168396 -2.61944 0.344488,
-5.162636 -2.620007 0.344488, -5.068898 -2.620007 0.344488,
-5.065982 -2.61972 0.344488, -5.065205 -2.619776 0.344488,
-5.064182 -2.619543 0.344488, -5.063137 -2.61944 0.344488,
-5.062416 -2.619141 0.344488, -5.05956 -2.618492 0.344488,
-5.003317 -2.599744 0.344488, -4.998032 -2.597385 0.344488,
-4.997231 -2.596689 0.344488, -4.99625 -2.596283 0.344488,
-4.991776 -2.592611 0.344488, -4.95428 -2.555115 0.344488,
-4.952423 -2.552852 0.344488, -4.951833 -2.552341 0.344488,
-4.951273 -2.551451 0.344488, -4.950608 -2.550641 0.344488,
-4.95031 -2.54992 0.344488, -4.948749 -2.547442 0.344488,
-4.930002 -2.509946 0.344488, -4.929841 -2.509525 0.344488,
-4.929713 -2.509354 0.344488, -4.92885 -2.506938 0.344488,
-4.927933 -2.504541 0.344488, -4.927918 -2.504328 0.344488,
-4.927766 -2.503903 0.344488, -4.909018 -2.428912 0.344488,
-4.90887 -2.427913 0.344488, -4.908704 -2.427511 0.344488,
-4.908491 -2.425341 0.344488, -4.908172 -2.423186 0.344488,
-4.908236 -2.422756 0.344488, -4.908137 -2.421751 0.344488,
-4.908137 -2.365508 0.344488, -4.908236 -2.364502 0.344488,
-4.908172 -2.364072 0.344488, -4.908491 -2.361917 0.344488,
-4.908704 -2.359747 0.344488, -4.90887 -2.359345 0.344488,
-4.909018 -2.358346 0.344488, -4.927766 -2.283356 0.344488,
-4.927918 -2.282931 0.344488, -4.927933 -2.282718 0.344488,
-4.92885 -2.28032 0.344488, -4.929713 -2.277905 0.344488,
-4.929841 -2.277733 0.344488, -4.930002 -2.277312 0.344488,
-4.948749 -2.239817 0.344488, -4.950309 -2.237339 0.344488,
-4.950608 -2.236617 0.344488, -4.951274 -2.235806 0.344488,
-4.951833 -2.234918 0.344488, -4.952422 -2.234407 0.344488,
-4.967192 -2.369143 0.344488, -4.967192 -2.418115 0.344488,
-4.984272 -2.486436 0.344488, -4.999427 -2.516746 0.344488,
-5.028605 -2.545924 0.344488, -5.073689 -2.560952 0.344488,
-5.133108 -2.560952 0.344488, -5.133108 -2.226307 0.344488,
-5.073689 -2.226307 0.344488, -5.028605 -2.241335 0.344488,
-4.999427 -2.270513 0.344488, -4.984272 -2.300823 0.344488,
-5.604335 -2.193964 0.344488, -5.60454 -2.194717 0.344488,
-5.604466 -2.195297 0.344488, -5.604612 -2.196779 0.344488,
-5.604612 -2.59048 0.344488, -5.604044 -2.596241 0.344488,
-5.599635 -2.606885 0.344488, -5.591489 -2.615031 0.344488,
-5.580845 -2.61944 0.344488, -5.569324 -2.61944 0.344488,
-5.55868 -2.615031 0.344488, -5.550533 -2.606885 0.344488,
-5.546124 -2.596241 0.344488, -5.545557 -2.59048 0.344488,
-5.545557 -2.307967 0.344488, -5.37575 -2.60513 0.344488,
-5.374888 -2.606344 0.344488, -5.374664 -2.606885 0.344488,
-5.374114 -2.607435 0.344488, -5.372399 -2.60985 0.344488,
-5.369294 -2.612255 0.344488, -5.366517 -2.615031 0.344488,
-5.364778 -2.615752 0.344488, -5.36329 -2.616904 0.344488,
-5.359502 -2.617937 0.344488, -5.355873 -2.61944 0.344488,
-5.353991 -2.61944 0.344488, -5.352175 -2.619935 0.344488,
-5.348279 -2.61944 0.344488, -5.344352 -2.61944 0.344488,
-5.342614 -2.61872 0.344488, -5.340746 -2.618483 0.344488,
-5.337335 -2.616533 0.344488, -5.333708 -2.615031 0.344488,
-5.332378 -2.613701 0.344488, -5.330743 -2.612767 0.344488,
-5.328337 -2.60966 0.344488, -5.325561 -2.606885 0.344488,
-5.324841 -2.605146 0.344488, -5.323689 -2.603657 0.344488,
-5.322656 -2.599869 0.344488, -5.321152 -2.596241 0.344488,
-5.320863 -2.593294 0.344488, -5.320657 -2.592543 0.344488,
-5.320731 -2.591961 0.344488, -5.320585 -2.59048 0.344488,
-5.320585 -2.196779 0.344488, -5.321152 -2.191019 0.344488,
-5.325561 -2.180374 0.344488, -5.333708 -2.172228 0.344488,
-5.344352 -2.167819 0.344488, -5.355873 -2.167819 0.344488,
-5.366517 -2.172228 0.344488, -5.374664 -2.180374 0.344488,
-5.379073 -2.191019 0.344488, -5.37964 -2.196779 0.344488,
-5.37964 -2.479292 0.344488, -5.549447 -2.18213 0.344488,
-5.550309 -2.180915 0.344488, -5.550533 -2.180374 0.344488,
-5.551084 -2.179823 0.344488, -5.552798 -2.177409 0.344488,
-5.555904 -2.175004 0.344488, -5.55868 -2.172228 0.344488,
-5.560419 -2.171507 0.344488, -5.561907 -2.170355 0.344488,
-5.565696 -2.169322 0.344488, -5.569324 -2.167819 0.344488,
-5.571206 -2.167819 0.344488, -5.573022 -2.167324 0.344488,
-5.576918 -2.167819 0.344488, -5.580845 -2.167819 0.344488,
-5.582583 -2.168539 0.344488, -5.584451 -2.168776 0.344488,
-5.587862 -2.170725 0.344488, -5.591489 -2.172228 0.344488,
-5.592819 -2.173558 0.344488, -5.594454 -2.174493 0.344488,
-5.59686 -2.177598 0.344488, -5.599635 -2.180374 0.344488,
-5.600356 -2.182113 0.344488, -5.601508 -2.183602 0.344488,
-5.602542 -2.18739 0.344488, -5.604044 -2.191019 0.344488,
-3.88694 -2.090691 0.344488, -3.88942 -2.092252 0.344488,
-3.890139 -2.09255 0.344488, -3.890949 -2.093215 0.344488,
-3.891839 -2.093775 0.344488, -3.89235 -2.094365 0.344488,
-3.894614 -2.096222 0.344488, -3.913361 -2.11497 0.344488,
-3.915219 -2.117233 0.344488, -3.915809 -2.117745 0.344488,
-3.916369 -2.118635 0.344488, -3.917033 -2.119444 0.344488,
-3.917332 -2.120164 0.344488, -3.918893 -2.122644 0.344488,
-3.93764 -2.160139 0.344488, -3.939709 -2.165546 0.344488,
-3.939784 -2.166604 0.344488, -3.94019 -2.167584 0.344488,
-3.940757 -2.173344 0.344488, -3.940757 -2.21084 0.344488,
-3.94019 -2.2166 0.344488, -3.939784 -2.21758 0.344488,
-3.939709 -2.218639 0.344488, -3.93764 -2.224045 0.344488,
-3.918893 -2.26154 0.344488, -3.917332 -2.26402 0.344488,
-3.917033 -2.26474 0.344488, -3.916369 -2.265549 0.344488,
-3.915809 -2.266439 0.344488, -3.915219 -2.26695 0.344488,
-3.913361 -2.269214 0.344488, -3.894614 -2.287962 0.344488,
-3.89235 -2.289819 0.344488, -3.891839 -2.290409 0.344488,
-3.890949 -2.290969 0.344488, -3.890139 -2.291634 0.344488,
-3.88942 -2.291932 0.344488, -3.88694 -2.293493 0.344488,
-3.849444 -2.312241 0.344488, -3.849024 -2.312402 0.344488,
-3.848852 -2.312529 0.344488, -3.846436 -2.313392 0.344488,
-3.844039 -2.314309 0.344488, -3.843826 -2.314324 0.344488,
-3.843401 -2.314476 0.344488, -3.771554 -2.332438 0.344488,
-3.741244 -2.347593 0.344488, -3.729273 -2.359564 0.344488,
-3.715786 -2.386539 0.344488, -3.715786 -2.410093 0.344488,
-3.729274 -2.437068 0.344488, -3.741245 -2.44904 0.344488,
-3.768219 -2.462527 0.344488, -3.850196 -2.462527 0.344488,
-3.901893 -2.445295 0.344488, -3.907537 -2.444011 0.344488,
-3.919029 -2.444828 0.344488, -3.929333 -2.44998 0.344488,
-3.936882 -2.458684 0.344488, -3.940526 -2.469614 0.344488,
-3.939709 -2.481106 0.344488, -3.934557 -2.491411 0.344488,
-3.925853 -2.498959 0.344488, -3.920567 -2.501319 0.344488,
-3.864325 -2.520067 0.344488, -3.861469 -2.520716 0.344488,
-3.860748 -2.521015 0.344488, -3.859703 -2.521118 0.344488,
-3.85868 -2.52135 0.344488, -3.857903 -2.521295 0.344488,
-3.854987 -2.521582 0.344488, -3.761249 -2.521582 0.344488,
-3.755488 -2.521015 0.344488, -3.754508 -2.520609 0.344488,
-3.75345 -2.520534 0.344488, -3.748044 -2.518465 0.344488,
-3.710548 -2.499717 0.344488, -3.708069 -2.498156 0.344488,
-3.707349 -2.497858 0.344488, -3.706539 -2.497194 0.344488,
-3.70565 -2.496634 0.344488, -3.705138 -2.496043 0.344488,
-3.702874 -2.494186 0.344488, -3.684127 -2.475438 0.344488,
-3.682269 -2.473174 0.344488, -3.681679 -2.472663 0.344488,
-3.68112 -2.471774 0.344488, -3.680454 -2.470963 0.344488,
-3.680156 -2.470243 0.344488, -3.678596 -2.467764 0.344488,
-3.659848 -2.430269 0.344488, -3.657779 -2.424863 0.344488,
-3.657704 -2.423804 0.344488, -3.657298 -2.422824 0.344488,
-3.656731 -2.417064 0.344488, -3.656731 -2.379569 0.344488,
-3.657298 -2.373808 0.344488, -3.657704 -2.372828 0.344488,
-3.657779 -2.371769 0.344488, -3.659848 -2.366363 0.344488,
-3.678596 -2.328868 0.344488, -3.680157 -2.326388 0.344488,
-3.680455 -2.325669 0.344488, -3.68112 -2.324859 0.344488,
-3.681679 -2.323969 0.344488, -3.682269 -2.323457 0.344488,
-3.684127 -2.321194 0.344488, -3.702874 -2.302446 0.344488,
-3.705138 -2.300589 0.344488, -3.70565 -2.299999 0.344488,
-3.706539 -2.299439 0.344488, -3.707349 -2.298774 0.344488,
-3.708069 -2.298476 0.344488, -3.710548 -2.296915 0.344488,
-3.748044 -2.278168 0.344488, -3.748465 -2.278006 0.344488,
-3.748636 -2.27788 0.344488, -3.751056 -2.277015 0.344488,
-3.75345 -2.276099 0.344488, -3.753663 -2.276083 0.344488,
-3.754087 -2.275932 0.344488, -3.825934 -2.25797 0.344488,
-3.856244 -2.242815 0.344488, -3.868215 -2.230844 0.344488,
-3.881702 -2.203869 0.344488, -3.881702 -2.180315 0.344488,
-3.868215 -2.15334 0.344488, -3.856244 -2.141369 0.344488,
-3.829269 -2.127881 0.344488, -3.747293 -2.127881 0.344488,
-3.695596 -2.145114 0.344488, -3.689952 -2.146397 0.344488,
-3.678459 -2.14558 0.344488, -3.668155 -2.140428 0.344488,
-3.660606 -2.131724 0.344488, -3.656963 -2.120794 0.344488,
-3.65778 -2.109302 0.344488, -3.662932 -2.098998 0.344488,
-3.671635 -2.091449 0.344488, -3.676921 -2.089089 0.344488,
-3.733164 -2.070342 0.344488, -3.73602 -2.069692 0.344488,
-3.736741 -2.069394 0.344488, -3.737786 -2.069291 0.344488,
-3.738808 -2.069058 0.344488, -3.739586 -2.069113 0.344488,
-3.742501 -2.068826 0.344488, -3.836239 -2.068826 0.344488,
-3.842 -2.069394 0.344488, -3.84298 -2.069799 0.344488,
-3.844039 -2.069875 0.344488, -3.849444 -2.071944 0.344488,
-2.649606 1.314961 0.344488, -3.366141 1.314963 0.344488,
-3.375181 1.313165 0.344488, -3.387965 1.30038 0.344488,
-3.387965 1.282301 0.344488, -3.375181 1.269517 0.344488,
-3.366141 1.267719 0.344488, -2.649606 1.267717 0.344488,
-2.649606 1.114173 0.344488, -3.366143 1.114175 0.344488,
-3.375182 1.112377 0.344488, -3.387967 1.099593 0.344488,
-3.387967 1.081513 0.344488, -3.375182 1.068729 0.344488,
-3.366143 1.066931 0.344488, -2.649606 1.066929 0.344488,
-2.649606 0.562993 0.344488, -3.366143 0.562992 0.344488,
-3.375182 0.561194 0.344488, -3.387967 0.548409 0.344488,
-3.387967 0.53033 0.344488, -3.375182 0.517546 0.344488,
-3.366143 0.515748 0.344488, -2.649606 0.515749 0.344488,
-2.649606 0.362205 0.344488, -3.366142 0.362205 0.344488,
-3.375181 0.360407 0.344488, -3.387966 0.347623 0.344488,
-3.387966 0.329543 0.344488, -3.375181 0.316759 0.344488,
-3.366142 0.314961 0.344488, -2.649606 0.314961 0.344488,
-2.649606 -0.188976 0.344488, -3.366142 -0.188977 0.344488,
-3.375181 -0.190775 0.344488, -3.387966 -0.203559 0.344488,
-3.387966 -0.221639 0.344488, -3.375181 -0.234423 0.344488,
-3.366142 -0.236221 0.344488, -2.649606 -0.23622 0.344488,
-2.649606 -0.389764 0.344488, -3.366142 -0.389762 0.344488,
-3.375181 -0.39156 0.344488, -3.387966 -0.404344 0.344488,
-3.387966 -0.422424 0.344488, -3.375181 -0.435208 0.344488,
-3.366142 -0.437006 0.344488, -2.649606 -0.437008 0.344488,
-2.649606 -1.576772 0.344488, -2.647808 -1.585812 0.344488,
-2.635024 -1.598596 0.344488, -2.625984 -1.600394 0.344488,
-0.917323 -1.600394 0.344488, -0.917321 -2.364173 0.344488,
-0.915523 -2.373212 0.344488, -0.915523 -2.373213 0.344488,
-0.902739 -2.385997 0.344488, -0.893699 -2.387795 0.344488,
3.405513 -2.387794 0.344488, 3.414552 -2.385996 0.344488,
3.427337 -2.373212 0.344488, 3.427337 -2.355133 0.344488,
3.414552 -2.342348 0.344488, 3.405513 -2.34055 0.344488,
-0.870078 -2.34055 0.344488, -0.870079 -1.576772 0.344488,
-0.871877 -1.567733 0.344488, -0.884661 -1.554948 0.344488,
-0.893701 -1.55315 0.344488, -2.602362 -1.55315 0.344488,
-2.602362 2.431104 0.344488, -0.893702 2.431104 0.344488,
-0.884662 2.432902 0.344488, -0.871878 2.445686 0.344488,
-0.87008 2.454726 0.344488, -0.870079 3.218503 0.344488,
3.405512 3.218504 0.344488, 3.414552 3.220302 0.344488,
3.427336 3.233086 0.344488, 3.427336 3.251166 0.344488,
3.414552 3.26395 0.344488, 3.405512 3.265748 0.344488,
-0.893701 3.265747 0.344488, -0.902741 3.263949 0.344488,
-0.915525 3.251165 0.344488, -0.917323 3.242125 0.344488,
-0.917324 2.478348 0.344488, -2.625984 2.478348 0.344488,
-2.635024 2.47655 0.344488, -2.647808 2.463765 0.344488,
-2.649606 2.454726 0.344488, -2.919827 -1.858332 0.344488,
-2.91993 -1.857287 0.344488, -2.920229 -1.856567 0.344488,
-2.920878 -1.85371 0.344488, -2.939626 -1.797468 0.344488,
-2.941985 -1.792182 0.344488, -2.942681 -1.79138 0.344488,
-2.943087 -1.7904 0.344488, -2.946759 -1.785926 0.344488,
-2.965507 -1.767178 0.344488, -2.969981 -1.763506 0.344488,
-2.980626 -1.759097 0.344488, -2.992146 -1.759097 0.344488,
-3.002791 -1.763506 0.344488, -3.010937 -1.771653 0.344488,
-3.015346 -1.782297 0.344488, -3.015346 -1.793818 0.344488,
-3.010937 -1.804462 0.344488, -3.007265 -1.808937 0.344488,
-2.993446 -1.822756 0.344488, -2.978418 -1.867839 0.344488,
-2.978418 -1.895752 0.344488, -2.993446 -1.940835 0.344488,
-3.022624 -1.970014 0.344488, -3.052934 -1.985169 0.344488,
-3.121255 -2.002249 0.344488, -3.170227 -2.002249 0.344488,
-3.238547 -1.985169 0.344488, -3.268857 -1.970014 0.344488,
-3.298035 -1.940836 0.344488, -3.313063 -1.895752 0.344488,
-3.313063 -1.867839 0.344488, -3.298035 -1.822755 0.344488,
-3.284217 -1.808937 0.344488, -3.280544 -1.804462 0.344488,
-3.276135 -1.793818 0.344488, -3.276135 -1.782297 0.344488,
-3.280544 -1.771653 0.344488, -3.288691 -1.763506 0.344488,
-3.299335 -1.759097 0.344488, -3.310856 -1.759097 0.344488,
-3.3215 -1.763506 0.344488, -3.325975 -1.767178 0.344488,
-3.344722 -1.785926 0.344488, -3.348394 -1.7904 0.344488,
-3.348801 -1.791381 0.344488, -3.349496 -1.792182 0.344488,
-3.351856 -1.797468 0.344488, -3.370603 -1.853711 0.344488,
-3.371253 -1.856566 0.344488, -3.371551 -1.857287 0.344488,
-3.371654 -1.858332 0.344488, -3.371887 -1.859355 0.344488,
-3.371831 -1.860132 0.344488, -3.372119 -1.863048 0.344488,
-3.372119 -1.900543 0.344488, -3.371831 -1.903459 0.344488,
-3.371887 -1.904236 0.344488, -3.371654 -1.905259 0.344488,
-3.371551 -1.906304 0.344488, -3.371253 -1.907025 0.344488,
-3.370603 -1.909881 0.344488, -3.351856 -1.966124 0.344488,
-3.349496 -1.971409 0.344488, -3.348801 -1.97221 0.344488,
-3.348394 -1.973191 0.344488, -3.344722 -1.977665 0.344488,
-3.307227 -2.015161 0.344488, -3.304963 -2.017019 0.344488,
-3.304452 -2.017608 0.344488, -3.303565 -2.018167 0.344488,
-3.302753 -2.018833 0.344488, -3.302031 -2.019131 0.344488,
-3.299553 -2.020692 0.344488, -3.262058 -2.039439 0.344488,
-3.261637 -2.0396 0.344488, -3.261465 -2.039728 0.344488,
-3.25905 -2.040591 0.344488, -3.256652 -2.041508 0.344488,
-3.256439 -2.041523 0.344488, -3.256014 -2.041675 0.344488,
-3.181024 -2.060423 0.344488, -3.180025 -2.06057 0.344488,
-3.179623 -2.060737 0.344488, -3.177453 -2.06095 0.344488,
-3.175298 -2.061269 0.344488, -3.174868 -2.061205 0.344488,
-3.173862 -2.061304 0.344488, -3.117619 -2.061304 0.344488,
-3.116614 -2.061205 0.344488, -3.116184 -2.061269 0.344488,
-3.114029 -2.06095 0.344488, -3.111859 -2.060737 0.344488,
-3.111457 -2.06057 0.344488, -3.110458 -2.060423 0.344488,
-3.035467 -2.041675 0.344488, -3.035043 -2.041523 0.344488,
-3.03483 -2.041508 0.344488, -3.032436 -2.040592 0.344488,
-3.030016 -2.039728 0.344488, -3.029845 -2.0396 0.344488,
-3.029424 -2.039439 0.344488, -2.991928 -2.020692 0.344488,
-2.98945 -2.019131 0.344488, -2.988729 -2.018833 0.344488,
-2.987919 -2.018168 0.344488, -2.98703 -2.017608 0.344488,
-2.986518 -2.017018 0.344488, -2.984254 -2.015161 0.344488,
-2.946759 -1.977665 0.344488, -2.943086 -1.973191 0.344488,
-2.94268 -1.97221 0.344488, -2.941985 -1.971409 0.344488,
-2.939626 -1.966124 0.344488, -2.920878 -1.909881 0.344488,
-2.920229 -1.907024 0.344488, -2.91993 -1.906304 0.344488,
-2.919827 -1.905259 0.344488, -2.919594 -1.904237 0.344488,
-2.91965 -1.903459 0.344488, -2.919363 -1.900543 0.344488,
-2.919363 -1.863048 0.344488, -2.91965 -1.860132 0.344488,
-2.919594 -1.859355 0.344488, -3.488002 -2.256303 0.344488,
-3.488002 -2.098354 0.344488, -3.488569 -2.092593 0.344488,
-3.492978 -2.081949 0.344488, -3.501124 -2.073803 0.344488,
-3.511769 -2.069394 0.344488, -3.52329 -2.069394 0.344488,
-3.533934 -2.073803 0.344488, -3.54208 -2.081949 0.344488,
-3.546489 -2.092593 0.344488, -3.547057 -2.098354 0.344488,
-3.547057 -2.492055 0.344488, -3.546489 -2.497815 0.344488,
-3.54208 -2.508459 0.344488, -3.533934 -2.516606 0.344488,
-3.52329 -2.521015 0.344488, -3.511769 -2.521015 0.344488,
-3.501124 -2.516606 0.344488, -3.492978 -2.508459 0.344488,
-3.488569 -2.497815 0.344488, -3.488002 -2.492055 0.344488,
-3.488002 -2.315358 0.344488, -3.322085 -2.315358 0.344488,
-3.322085 -2.492055 0.344488, -3.321518 -2.497815 0.344488,
-3.317109 -2.508459 0.344488, -3.308962 -2.516606 0.344488,
-3.298318 -2.521015 0.344488, -3.286797 -2.521015 0.344488,
-3.276153 -2.516606 0.344488, -3.268006 -2.508459 0.344488,
-3.263597 -2.497815 0.344488, -3.26303 -2.492055 0.344488,
-3.26303 -2.098354 0.344488, -3.263597 -2.092593 0.344488,
-3.268006 -2.081949 0.344488, -3.276153 -2.073803 0.344488,
-3.286797 -2.069394 0.344488, -3.298318 -2.069394 0.344488,
-3.308962 -2.073803 0.344488, -3.317109 -2.081949 0.344488,
-3.321518 -2.092593 0.344488, -3.322085 -2.098354 0.344488,
-3.322085 -2.256303 0.344488, -4.53084 -1.851871 0.344488,
-4.720236 -2.041267 0.344488, -4.728884 -2.049916 0.344488,
-4.732556 -2.05439 0.344488, -4.736965 -2.065034 0.344488,
-4.736965 -2.076556 0.344488, -4.732556 -2.0872 0.344488,
-4.72441 -2.095346 0.344488, -4.713766 -2.099755 0.344488,
-4.708005 -2.100322 0.344488, -4.536907 -2.100322 0.344488,
-4.547108 -2.130926 0.344488, -4.578032 -2.16185 0.344488,
-4.626835 -2.178118 0.344488, -4.661136 -2.178118 0.344488,
-4.668669 -2.179616 0.344488, -4.679323 -2.19027 0.344488,
-4.679323 -2.205336 0.344488, -4.668669 -2.215989 0.344488,
-4.661136 -2.217488 0.344488, -4.623641 -2.217488 0.344488,
-4.620546 -2.216872 0.344488, -4.617416 -2.216478 0.344488,
-4.561173 -2.19773 0.344488, -4.560317 -2.197242 0.344488,
-4.559865 -2.197242 0.344488, -4.557239 -2.195487 0.344488,
-4.554501 -2.193926 0.344488, -4.554299 -2.193522 0.344488,
-4.553478 -2.192974 0.344488, -4.515983 -2.155479 0.344488,
-4.515435 -2.154659 0.344488, -4.515031 -2.154457 0.344488,
-4.51347 -2.151717 0.344488, -4.511716 -2.149093 0.344488,
-4.511716 -2.148641 0.344488, -4.511228 -2.147784 0.344488,
-4.495407 -2.100322 0.344488, -4.464286 -2.100322 0.344488,
-4.458525 -2.099755 0.344488, -4.447881 -2.095346 0.344488,
-4.439735 -2.0872 0.344488, -4.435326 -2.076556 0.344488,
-4.435326 -2.065034 0.344488, -4.439735 -2.05439 0.344488,
-4.447881 -2.046244 0.344488, -4.458525 -2.041835 0.344488,
-4.464286 -2.041267 0.344488, -4.49147 -2.041267 0.344488,
-4.49147 -1.896018 0.344488, -4.462154 -1.866702 0.344488,
-4.458482 -1.862228 0.344488, -4.458076 -1.861247 0.344488,
-4.457381 -1.860446 0.344488, -4.455021 -1.85516 0.344488,
-4.436274 -1.798918 0.344488, -4.435624 -1.796061 0.344488,
-4.435326 -1.795341 0.344488, -4.435223 -1.794296 0.344488,
-4.43499 -1.793273 0.344488, -4.435046 -1.792496 0.344488,
-4.434758 -1.78958 0.344488, -4.434758 -1.752085 0.344488,
-4.435326 -1.746324 0.344488, -4.435731 -1.745344 0.344488,
-4.435807 -1.744285 0.344488, -4.437876 -1.73888 0.344488,
-4.456623 -1.701384 0.344488, -4.458184 -1.698904 0.344488,
-4.458482 -1.698185 0.344488, -4.459147 -1.697375 0.344488,
-4.459707 -1.696485 0.344488, -4.460297 -1.695974 0.344488,
-4.462154 -1.69371 0.344488, -4.480902 -1.674963 0.344488,
-4.483166 -1.673105 0.344488, -4.483677 -1.672515 0.344488,
-4.484567 -1.671955 0.344488, -4.485376 -1.671291 0.344488,
-4.486096 -1.670992 0.344488, -4.488576 -1.669431 0.344488,
-4.526071 -1.650684 0.344488, -4.531478 -1.648615 0.344488,
-4.532536 -1.64854 0.344488, -4.533516 -1.648134 0.344488,
-4.539276 -1.647567 0.344488, -4.633015 -1.647567 0.344488,
-4.638775 -1.648134 0.344488, -4.639755 -1.648539 0.344488,
-4.640814 -1.648615 0.344488, -4.64622 -1.650684 0.344488,
-4.683715 -1.669431 0.344488, -4.686195 -1.670992 0.344488,
-4.686915 -1.671291 0.344488, -4.687724 -1.671955 0.344488,
-4.688614 -1.672515 0.344488, -4.689126 -1.673105 0.344488,
-4.691389 -1.674963 0.344488, -4.710137 -1.69371 0.344488,
-4.713809 -1.698185 0.344488, -4.718218 -1.708829 0.344488,
-4.718218 -1.72035 0.344488, -4.713809 -1.730994 0.344488,
-4.705662 -1.739141 0.344488, -4.695018 -1.74355 0.344488,
-4.683497 -1.74355 0.344488, -4.672853 -1.739141 0.344488,
-4.668378 -1.735469 0.344488, -4.653019 -1.720109 0.344488,
-4.626044 -1.706622 0.344488, -4.546247 -1.706622 0.344488,
-4.519272 -1.720109 0.344488, -4.507301 -1.73208 0.344488,
-4.493813 -1.759055 0.344488, -4.493813 -1.784789 0.344488,
-4.496548 -1.79299 0.344488, -4.503622 -1.785915 0.344488,
-4.518688 -1.785915 0.344488, -4.529342 -1.796569 0.344488,
-4.53084 -1.804102 0.344488, -4.53084 -1.935388 0.344488,
-4.53084 -2.041267 0.344488, -4.636719 -2.041267 0.344488,
-3.74478 3.941671 0.344488, -3.712296 3.957913 0.344488,
-3.709802 3.959848 0.344488, -3.70718 3.9616 0.344488,
-3.669685 3.999096 0.344488, -3.667933 4.001718 0.344488,
-3.665997 4.004211 0.344488, -3.628502 4.079202 0.344488,
-3.628241 4.080154 0.344488, -3.627922 4.080472 0.344488,
-3.627307 4.083567 0.344488, -3.626473 4.08661 0.344488,
-3.626616 4.087039 0.344488, -3.626424 4.088006 0.344488,
-3.626424 4.162996 0.344488, -3.626616 4.163963 0.344488,
-3.626473 4.164391 0.344488, -3.627307 4.167435 0.344488,
-3.627922 4.170529 0.344488, -3.628241 4.170848 0.344488,
-3.628502 4.171799 0.344488, -3.665997 4.24679 0.344488,
-3.667933 4.249284 0.344488, -3.669685 4.251906 0.344488,
-3.70718 4.289401 0.344488, -3.709802 4.291154 0.344488,
-3.712296 4.293089 0.344488, -3.787286 4.330584 0.344488,
-3.788237 4.330844 0.344488, -3.788557 4.331164 0.344488,
-3.791652 4.33178 0.344488, -3.794694 4.332613 0.344488,
-3.795123 4.33247 0.344488, -3.79609 4.332662 0.344488,
-4.058557 4.332662 0.344488, -4.06609 4.331164 0.344488,
-4.076744 4.32051 0.344488, -4.078242 4.312977 0.344488,
-4.078242 3.957709 0.344488, -4.078242 3.545261 0.344488,
-4.078242 3.525576 0.344488, -4.076744 3.518043 0.344488,
-4.06609 3.507389 0.344488, -4.058557 3.505891 0.344488,
-3.758594 3.505891 0.344488, -3.757628 3.506083 0.344488,
-3.757199 3.50594 0.344488, -3.754157 3.506774 0.344488,
-3.751061 3.507389 0.344488, -3.750742 3.507709 0.344488,
-3.749791 3.507969 0.344488, -3.6748 3.545464 0.344488,
-3.672309 3.547398 0.344488, -3.669684 3.549152 0.344488,
-3.632189 3.586647 0.344488, -3.630436 3.589272 0.344488,
-3.628502 3.591763 0.344488, -3.591006 3.666754 0.344488,
-3.590746 3.667705 0.344488, -3.590427 3.668024 0.344488,
-3.589811 3.671119 0.344488, -3.588978 3.674162 0.344488,
-3.589121 3.67459 0.344488, -3.588928 3.675557 0.344488,
-3.588928 3.788043 0.344488, -3.589121 3.78901 0.344488,
-3.588978 3.789438 0.344488, -3.589811 3.792481 0.344488,
-3.590427 3.795576 0.344488, -3.590746 3.795895 0.344488,
-3.591006 3.796846 0.344488, -3.628502 3.871837 0.344488,
-3.630437 3.874331 0.344488, -3.632189 3.876953 0.344488,
-3.669685 3.914448 0.344488, -3.670504 3.914996 0.344488,
-3.670706 3.9154 0.344488, -3.673449 3.916963 0.344488,
-3.676071 3.918715 0.344488, -3.676523 3.918715 0.344488,
-3.677379 3.919204 0.344488, -4.038872 3.957709 0.344488,
-4.038872 4.293292 0.344488, -3.800737 4.293292 0.344488,
-3.732759 4.259304 0.344488, -3.699782 4.226326 0.344488,
-3.665794 4.158349 0.344488, -3.665794 4.092652 0.344488,
-3.699782 4.024675 0.344488, -3.73276 3.991698 0.344488,
-3.800737 3.957709 0.344488, -4.038872 3.918339 0.344488,
-3.799284 3.918339 0.344488, -3.694237 3.883324 0.344488,
-3.662287 3.851373 0.344488, -3.628298 3.783396 0.344488,
-3.628298 3.680204 0.344488, -3.662287 3.612227 0.344488,
-3.695265 3.579249 0.344488, -3.763241 3.545261 0.344488,
-4.038872 3.545261 0.344488, -4.122283 -1.977659 0.344488,
-4.14103 -1.958911 0.344488, -4.143653 -1.957159 0.344488,
-4.146146 -1.955224 0.344488, -4.183641 -1.936476 0.344488,
-4.184593 -1.936216 0.344488, -4.184912 -1.935896 0.344488,
-4.188007 -1.935281 0.344488, -4.191049 -1.934448 0.344488,
-4.191478 -1.93459 0.344488, -4.192445 -1.934398 0.344488,
-4.286183 -1.934398 0.344488, -4.28715 -1.93459 0.344488,
-4.287579 -1.934448 0.344488, -4.290621 -1.935281 0.344488,
-4.293716 -1.935896 0.344488, -4.294036 -1.936216 0.344488,
-4.294987 -1.936476 0.344488, -4.318298 -1.948132 0.344488,
-4.305864 -1.823787 0.344488, -4.136202 -1.823787 0.344488,
-4.128669 -1.822289 0.344488, -4.118015 -1.811635 0.344488,
-4.118015 -1.796569 0.344488, -4.128669 -1.785915 0.344488,
-4.136202 -1.784417 0.344488, -4.323678 -1.784417 0.344488,
-4.328388 -1.785354 0.344488, -4.329365 -1.785256 0.344488,
-4.329836 -1.785642 0.344488, -4.331211 -1.785915 0.344488,
-4.335897 -1.7906 0.344488, -4.341025 -1.794797 0.344488,
-4.341435 -1.796138 0.344488, -4.341865 -1.796569 0.344488,
-4.341865 -1.79755 0.344488, -4.343266 -1.802143 0.344488,
-4.362013 -1.98962 0.344488, -4.361272 -1.997265 0.344488,
-4.360613 -1.99807 0.344488, -4.360613 -1.999111 0.344488,
-4.355929 -2.003795 0.344488, -4.351731 -2.008925 0.344488,
-4.350695 -2.009029 0.344488, -4.349959 -2.009765 0.344488,
-4.343334 -2.009765 0.344488, -4.33674 -2.010424 0.344488,
-4.335934 -2.009765 0.344488, -4.334893 -2.009765 0.344488,
-4.328507 -2.005498 0.344488, -4.312018 -1.989009 0.344488,
-4.281536 -1.973768 0.344488, -4.197092 -1.973768 0.344488,
-4.16661 -1.989009 0.344488, -4.15238 -2.003239 0.344488,
-4.137139 -2.03372 0.344488, -4.137139 -2.118165 0.344488,
-4.15238 -2.148646 0.344488, -4.166611 -2.162877 0.344488,
-4.197092 -2.178118 0.344488, -4.281536 -2.178118 0.344488,
-4.312017 -2.162877 0.344488, -4.328506 -2.146388 0.344488,
-4.334893 -2.14212 0.344488, -4.349959 -2.14212 0.344488,
-4.360613 -2.152774 0.344488, -4.360613 -2.16784 0.344488,
-4.356346 -2.174226 0.344488, -4.337598 -2.192974 0.344488,
-4.334974 -2.194728 0.344488, -4.332482 -2.196662 0.344488,
-4.294987 -2.215409 0.344488, -4.294036 -2.21567 0.344488,
-4.293716 -2.215989 0.344488, -4.290621 -2.216605 0.344488,
-4.287579 -2.217438 0.344488, -4.28715 -2.217295 0.344488,
-4.286183 -2.217488 0.344488, -4.192445 -2.217488 0.344488,
-4.191478 -2.217295 0.344488, -4.191049 -2.217438 0.344488,
-4.188007 -2.216605 0.344488, -4.184912 -2.215989 0.344488,
-4.184593 -2.21567 0.344488, -4.183641 -2.215409 0.344488,
-4.146146 -2.196662 0.344488, -4.143656 -2.194729 0.344488,
-4.14103 -2.192974 0.344488, -4.122282 -2.174226 0.344488,
-4.120529 -2.171602 0.344488, -4.118595 -2.169111 0.344488,
-4.099848 -2.131615 0.344488, -4.099587 -2.130664 0.344488,
-4.099268 -2.130345 0.344488, -4.098652 -2.12725 0.344488,
-4.097819 -2.124207 0.344488, -4.097962 -2.123779 0.344488,
-4.097769 -2.122812 0.344488, -4.097769 -2.029074 0.344488,
-4.097962 -2.028106 0.344488, -4.097819 -2.027678 0.344488,
-4.098652 -2.024635 0.344488, -4.099268 -2.021541 0.344488,
-4.099587 -2.021221 0.344488, -4.099848 -2.02027 0.344488,
-4.118595 -1.982775 0.344488, -4.120529 -1.980283 0.344488,
-2.350629 -1.949255 0.344488, -2.348876 -1.94663 0.344488,
-2.346942 -1.944139 0.344488, -2.328194 -1.906644 0.344488,
-2.327934 -1.905693 0.344488, -2.327614 -1.905373 0.344488,
-2.326999 -1.902278 0.344488, -2.326165 -1.899236 0.344488,
-2.326308 -1.898807 0.344488, -2.326116 -1.89784 0.344488,
-2.326116 -1.879093 0.344488, -2.326308 -1.878125 0.344488,
-2.326165 -1.877697 0.344488, -2.326999 -1.874654 0.344488,
-2.327614 -1.871559 0.344488, -2.327934 -1.87124 0.344488,
-2.328194 -1.870289 0.344488, -2.346942 -1.832794 0.344488,
-2.348876 -1.830302 0.344488, -2.350629 -1.827678 0.344488,
-2.369377 -1.80893 0.344488, -2.372 -1.807178 0.344488,
-2.374493 -1.805243 0.344488, -2.411988 -1.786495 0.344488,
-2.412939 -1.786235 0.344488, -2.413258 -1.785915 0.344488,
-2.416354 -1.7853 0.344488, -2.419396 -1.784467 0.344488,
-2.419824 -1.784609 0.344488, -2.420791 -1.784417 0.344488,
-2.495782 -1.784417 0.344488, -2.496749 -1.784609 0.344488,
-2.497178 -1.784467 0.344488, -2.50022 -1.7853 0.344488,
-2.503315 -1.785915 0.344488, -2.503635 -1.786235 0.344488,
-2.504585 -1.786495 0.344488, -2.542081 -1.805243 0.344488,
-2.544572 -1.807176 0.344488, -2.547197 -1.80893 0.344488,
-2.565944 -1.827678 0.344488, -2.567697 -1.8303 0.344488,
-2.569632 -1.832794 0.344488, -2.588379 -1.870289 0.344488,
-2.58864 -1.87124 0.344488, -2.588959 -1.871559 0.344488,
-2.589575 -1.874654 0.344488, -2.590408 -1.877697 0.344488,
-2.590265 -1.878125 0.344488, -2.590457 -1.879093 0.344488,
-2.590457 -1.883739 0.344488, -2.590457 -1.89784 0.344488,
-2.590265 -1.898807 0.344488, -2.590408 -1.899236 0.344488,
-2.589575 -1.902278 0.344488, -2.588959 -1.905373 0.344488,
-2.58864 -1.905693 0.344488, -2.588379 -1.906644 0.344488,
-2.569632 -1.944139 0.344488, -2.567697 -1.946632 0.344488,
-2.565944 -1.949255 0.344488, -2.547197 -1.968002 0.344488,
-2.544572 -1.969756 0.344488, -2.542081 -1.97169 0.344488,
-2.539799 -1.972831 0.344488, -2.542081 -1.973972 0.344488,
-2.544572 -1.975905 0.344488, -2.547197 -1.977659 0.344488,
-2.565944 -1.996407 0.344488, -2.567697 -1.999029 0.344488,
-2.569632 -2.001523 0.344488, -2.588379 -2.039018 0.344488,
-2.58864 -2.039969 0.344488, -2.588959 -2.040288 0.344488,
-2.589575 -2.043383 0.344488, -2.590408 -2.046426 0.344488,
-2.590265 -2.046854 0.344488, -2.590457 -2.047821 0.344488,
-2.590457 -2.052468 0.344488, -2.590457 -2.122812 0.344488,
-2.590265 -2.123779 0.344488, -2.590408 -2.124207 0.344488,
-2.589575 -2.12725 0.344488, -2.588959 -2.130345 0.344488,
-2.58864 -2.130664 0.344488, -2.588379 -2.131615 0.344488,
-2.569632 -2.16911 0.344488, -2.567698 -2.171602 0.344488,
-2.565944 -2.174226 0.344488, -2.547197 -2.192974 0.344488,
-2.544572 -2.194728 0.344488, -2.542081 -2.196662 0.344488,
-2.504585 -2.215409 0.344488, -2.503635 -2.21567 0.344488,
-2.503315 -2.215989 0.344488, -2.50022 -2.216605 0.344488,
-2.497178 -2.217438 0.344488, -2.496749 -2.217295 0.344488,
-2.495782 -2.217488 0.344488, -2.420791 -2.217488 0.344488,
-2.419824 -2.217295 0.344488, -2.419396 -2.217438 0.344488,
-2.416354 -2.216605 0.344488, -2.413258 -2.215989 0.344488,
-2.412939 -2.21567 0.344488, -2.411988 -2.215409 0.344488,
-2.374493 -2.196662 0.344488, -2.372002 -2.194729 0.344488,
-2.369376 -2.192974 0.344488, -2.350629 -2.174226 0.344488,
-2.348876 -2.171602 0.344488, -2.346942 -2.169111 0.344488,
-2.328194 -2.131615 0.344488, -2.327934 -2.130664 0.344488,
-2.327614 -2.130345 0.344488, -2.326999 -2.12725 0.344488,
-2.326165 -2.124207 0.344488, -2.326308 -2.123779 0.344488,
-2.326116 -2.122812 0.344488, -2.326116 -2.047821 0.344488,
-2.326308 -2.046854 0.344488, -2.326165 -2.046426 0.344488,
-2.326999 -2.043383 0.344488, -2.327614 -2.040288 0.344488,
-2.327934 -2.039969 0.344488, -2.328194 -2.039018 0.344488,
-2.346942 -2.001522 0.344488, -2.348876 -1.999031 0.344488,
-2.350629 -1.996406 0.344488, -2.369377 -1.977659 0.344488,
-2.372 -1.975906 0.344488, -2.374493 -1.973971 0.344488,
-2.376774 -1.972831 0.344488, -2.374493 -1.97169 0.344488,
-2.372 -1.969755 0.344488, -2.369377 -1.968002 0.344488,
-2.365486 -1.883739 0.344488, -2.365486 -1.893193 0.344488,
-2.380727 -1.923674 0.344488, -2.394957 -1.937905 0.344488,
-2.425438 -1.953146 0.344488, -2.491135 -1.953146 0.344488,
-2.521617 -1.937905 0.344488, -2.535847 -1.923675 0.344488,
-2.551087 -1.893193 0.344488, -2.551087 -1.883739 0.344488,
-2.535847 -1.853257 0.344488, -2.521617 -1.839028 0.344488,
-2.491135 -1.823787 0.344488, -2.425438 -1.823787 0.344488,
-2.394957 -1.839028 0.344488, -2.380727 -1.853258 0.344488,
-1.900208 4.323896 0.344488, -1.974118 4.213032 0.344488,
-2.04547 4.14168 0.344488, -2.117604 4.105612 0.344488,
-2.123672 4.100903 0.344488, -2.128436 4.08661 0.344488,
-2.121698 4.073134 0.344488, -2.107405 4.06837 0.344488,
-2.099997 4.070399 0.344488, -2.025006 4.107894 0.344488,
-2.022513 4.10983 0.344488, -2.019891 4.111581 0.344488,
-1.9449 4.186572 0.344488, -1.943817 4.188193 0.344488,
-1.94244 4.189572 0.344488, -1.903514 4.247962 0.344488,
-1.903514 3.545261 0.344488, -2.1088 3.545261 0.344488,
-2.116333 3.543762 0.344488, -2.126987 3.533109 0.344488,
-2.126987 3.518043 0.344488, -2.116333 3.507389 0.344488,
-2.1088 3.505891 0.344488, -1.658857 3.505891 0.344488,
-1.651324 3.507389 0.344488, -1.64067 3.518043 0.344488,
-1.64067 3.533109 0.344488, -1.651324 3.543762 0.344488,
-1.658857 3.545261 0.344488, -1.864144 3.545261 0.344488,
-1.864144 4.312977 0.344488, -1.865642 4.32051 0.344488,
-1.867076 4.321944 0.344488, -1.867473 4.323931 0.344488,
-1.872242 4.32711 0.344488, -1.876296 4.331164 0.344488,
-1.878322 4.331164 0.344488, -1.880009 4.332288 0.344488,
-1.885629 4.331164 0.344488, -1.891362 4.331164 0.344488,
-1.892795 4.329731 0.344488, -1.894782 4.329333 0.344488,
-1.265717 3.570604 0.344488, -1.269984 3.57699 0.344488,
-1.307479 3.614486 0.344488, -1.313865 3.618753 0.344488,
-1.313866 3.618753 0.344488, -1.328932 3.618753 0.344488,
-1.335318 3.614486 0.344488, -1.372814 3.57699 0.344488,
-1.377081 3.570604 0.344488, -1.377081 3.555537 0.344488,
-1.37708 3.555537 0.344488, -1.372813 3.549152 0.344488,
-1.335318 3.511656 0.344488, -1.328932 3.507389 0.344488,
-1.313866 3.507389 0.344488, -1.30748 3.511656 0.344488,
-1.269984 3.549152 0.344488, -1.265718 3.555537 0.344488,
-1.265717 3.555537 0.344488, -2.535847 -2.021986 0.344488,
-2.521617 -2.007756 0.344488, -2.491135 -1.992516 0.344488,
-2.425438 -1.992516 0.344488, -2.394957 -2.007756 0.344488,
-2.380727 -2.021987 0.344488, -2.365486 -2.052468 0.344488,
-2.365486 -2.118165 0.344488, -2.380727 -2.148646 0.344488,
-2.394957 -2.162877 0.344488, -2.425438 -2.178118 0.344488,
-2.491135 -2.178118 0.344488, -2.521616 -2.162877 0.344488,
-2.535847 -2.148646 0.344488, -2.551087 -2.118165 0.344488,
-2.551087 -2.052468 0.344488, -0.553316 3.668834 0.344488,
-0.552395 3.670783 0.344488, -0.5149 3.820764 0.344488,
-0.514783 3.823172 0.344488, -0.514312 3.825538 0.344488,
-0.514312 4.013015 0.344488, -0.514783 4.015381 0.344488,
-0.5149 4.017789 0.344488, -0.552395 4.16777 0.344488,
-0.553316 4.169719 0.344488, -0.553885 4.171799 0.344488,
-0.591381 4.24679 0.344488, -0.593317 4.249284 0.344488,
-0.595069 4.251906 0.344488, -0.632564 4.289401 0.344488,
-0.635186 4.291154 0.344488, -0.63768 4.293089 0.344488,
-0.71267 4.330584 0.344488, -0.713621 4.330844 0.344488,
-0.713941 4.331164 0.344488, -0.717036 4.33178 0.344488,
-0.720078 4.332613 0.344488, -0.720507 4.33247 0.344488,
-0.721474 4.332662 0.344488, -0.796465 4.332662 0.344488,
-0.797432 4.33247 0.344488, -0.79786 4.332613 0.344488,
-0.800903 4.33178 0.344488, -0.803998 4.331164 0.344488,
-0.804317 4.330845 0.344488, -0.805268 4.330584 0.344488,
-0.880259 4.293089 0.344488, -0.882753 4.291154 0.344488,
-0.885374 4.289401 0.344488, -0.92287 4.251906 0.344488,
-0.924622 4.249284 0.344488, -0.926557 4.24679 0.344488,
-0.964052 4.1718 0.344488, -0.964622 4.16972 0.344488,
-0.965543 4.16777 0.344488, -1.003038 4.017789 0.344488,
-1.003156 4.015381 0.344488, -1.003626 4.013015 0.344488,
-1.003626 4.010592 0.344488, -1.003626 3.825538 0.344488,
-1.003156 3.823172 0.344488, -1.003038 3.820764 0.344488,
-0.965543 3.670783 0.344488, -0.964622 3.668834 0.344488,
-0.964052 3.666754 0.344488, -0.926557 3.591763 0.344488,
-0.924624 3.589272 0.344488, -0.92287 3.586647 0.344488,
-0.885374 3.549152 0.344488, -0.882753 3.5474 0.344488,
-0.880259 3.545464 0.344488, -0.805268 3.507969 0.344488,
-0.804317 3.507708 0.344488, -0.803998 3.507389 0.344488,
-0.800903 3.506774 0.344488, -0.79786 3.50594 0.344488,
-0.797432 3.506083 0.344488, -0.796465 3.505891 0.344488,
-0.721474 3.505891 0.344488, -0.720507 3.506083 0.344488,
-0.720078 3.50594 0.344488, -0.717036 3.506774 0.344488,
-0.713941 3.507389 0.344488, -0.713621 3.507709 0.344488,
-0.71267 3.507969 0.344488, -0.63768 3.545464 0.344488,
-0.635188 3.547398 0.344488, -0.632563 3.549152 0.344488,
-0.595068 3.586647 0.344488, -0.593315 3.589272 0.344488,
-0.591381 3.591763 0.344488, -0.553885 3.666754 0.344488,
-0.553682 4.010592 0.344488, -0.553682 3.827961 0.344488,
-0.590066 3.682428 0.344488, -0.625166 3.612227 0.344488,
-0.658144 3.579249 0.344488, -0.72612 3.545261 0.344488,
-0.791818 3.545261 0.344488, -0.859794 3.579249 0.344488,
-0.892772 3.612227 0.344488, -0.927873 3.682428 0.344488,
-0.964256 3.827961 0.344488, -0.964256 4.010592 0.344488,
-0.927873 4.156126 0.344488, -0.892772 4.226327 0.344488,
-0.859795 4.259304 0.344488, -0.791818 4.293292 0.344488,
-0.72612 4.293292 0.344488, -0.658143 4.259304 0.344488,
-0.625166 4.226326 0.344488, -0.590066 4.156126 0.344488,
-4.863529 -1.890981 0.344488, -4.861049 -1.88942 0.344488,
-4.86033 -1.889122 0.344488, -4.85952 -1.888457 0.344488,
-4.85863 -1.887897 0.344488, -4.858119 -1.887307 0.344488,
-4.855855 -1.88545 0.344488, -4.837107 -1.866702 0.344488,
-4.83525 -1.864438 0.344488, -4.83466 -1.863927 0.344488,
-4.8341 -1.863037 0.344488, -4.833435 -1.862228 0.344488,
-4.833137 -1.861508 0.344488, -4.831576 -1.859028 0.344488,
-4.812829 -1.821533 0.344488, -4.81076 -1.816127 0.344488,
-4.810685 -1.815068 0.344488, -4.810279 -1.814088 0.344488,
-4.809711 -1.808328 0.344488, -4.809711 -1.752085 0.344488,
-4.810279 -1.746324 0.344488, -4.810685 -1.745344 0.344488,
-4.81076 -1.744285 0.344488, -4.812829 -1.73888 0.344488,
-4.831576 -1.701384 0.344488, -4.833137 -1.698904 0.344488,
-4.833435 -1.698185 0.344488, -4.8341 -1.697375 0.344488,
-4.83466 -1.696485 0.344488, -4.83525 -1.695974 0.344488,
-4.837107 -1.69371 0.344488, -4.855855 -1.674963 0.344488,
-4.858119 -1.673105 0.344488, -4.85863 -1.672515 0.344488,
-4.85952 -1.671955 0.344488, -4.86033 -1.671291 0.344488,
-4.861049 -1.670992 0.344488, -4.863529 -1.669431 0.344488,
-4.901024 -1.650684 0.344488, -4.906431 -1.648615 0.344488,
-4.907489 -1.64854 0.344488, -4.908469 -1.648134 0.344488,
-4.91423 -1.647567 0.344488, -5.064211 -1.647567 0.344488,
-5.069971 -1.648134 0.344488, -5.080615 -1.652543 0.344488,
-5.088762 -1.660689 0.344488, -5.093171 -1.671333 0.344488,
-5.093738 -1.677094 0.344488, -5.093738 -1.853791 0.344488,
-5.093738 -2.070795 0.344488, -5.093171 -2.076556 0.344488,
-5.088762 -2.0872 0.344488, -5.080615 -2.095346 0.344488,
-5.069971 -2.099755 0.344488, -5.05845 -2.099755 0.344488,
-5.047806 -2.095346 0.344488, -5.039659 -2.0872 0.344488,
-5.03525 -2.076556 0.344488, -5.034683 -2.070795 0.344488,
-5.034683 -1.912846 0.344488, -4.985846 -1.912846 0.344488,
-4.863429 -2.087728 0.344488, -4.859661 -2.092122 0.344488,
-4.849944 -2.098313 0.344488, -4.838599 -2.100316 0.344488,
-4.827351 -2.097824 0.344488, -4.817912 -2.091217 0.344488,
-4.81172 -2.081501 0.344488, -4.809719 -2.070155 0.344488,
-4.81221 -2.058907 0.344488, -4.815049 -2.053862 0.344488,
-4.913791 -1.912802 0.344488, -4.908469 -1.912278 0.344488,
-4.907489 -1.911872 0.344488, -4.906431 -1.911797 0.344488,
-4.901024 -1.909728 0.344488, -4.868767 -1.759055 0.344488,
-4.868767 -1.801357 0.344488, -4.882254 -1.828332 0.344488,
-4.894225 -1.840303 0.344488, -4.9212 -1.853791 0.344488,
-5.034683 -1.853791 0.344488, -5.034683 -1.706622 0.344488,
-4.9212 -1.706622 0.344488, -4.894225 -1.720109 0.344488,
-4.882254 -1.73208 0.344488, -3.86811 -1.664857 0.344488,
-3.869908 -1.655817 0.344488, -3.882692 -1.643033 0.344488,
-3.900771 -1.643033 0.344488, -3.913556 -1.655817 0.344488,
-3.915354 -1.664856 0.344488, -3.915356 -1.780027 0.344488,
-3.913557 -1.789067 0.344488, -3.900774 -1.801851 0.344488,
-3.882694 -1.801851 0.344488, -3.869909 -1.789067 0.344488,
-3.868111 -1.780028 0.344488, -3.466534 -1.664855 0.344488,
-3.468332 -1.655815 0.344488, -3.481116 -1.643031 0.344488,
-3.499196 -1.643031 0.344488, -3.51198 -1.655815 0.344488,
-3.513778 -1.664854 0.344488, -3.51378 -1.780025 0.344488,
-3.511982 -1.789065 0.344488, -3.499198 -1.801849 0.344488,
-3.481119 -1.801849 0.344488, -3.468334 -1.789065 0.344488,
-3.466536 -1.780026 0.344488, -3.318301 -1.405442 0.344488,
-3.320781 -1.407002 0.344488, -3.3215 -1.407301 0.344488,
-3.32231 -1.407965 0.344488, -3.3232 -1.408525 0.344488,
-3.323711 -1.409115 0.344488, -3.325975 -1.410973 0.344488,
-3.344722 -1.42972 0.344488, -3.34658 -1.431984 0.344488,
-3.34717 -1.432496 0.344488, -3.34773 -1.433385 0.344488,
-3.348394 -1.434195 0.344488, -3.348693 -1.434914 0.344488,
-3.350254 -1.437394 0.344488, -3.369001 -1.47489 0.344488,
-3.37107 -1.480296 0.344488, -3.371145 -1.481354 0.344488,
-3.371551 -1.482334 0.344488, -3.372119 -1.488095 0.344488,
-3.372119 -1.581833 0.344488, -3.371551 -1.587594 0.344488,
-3.371145 -1.588574 0.344488, -3.37107 -1.589632 0.344488,
-3.369001 -1.595038 0.344488, -3.350254 -1.632533 0.344488,
-3.348693 -1.635013 0.344488, -3.348394 -1.635733 0.344488,
-3.34773 -1.636543 0.344488, -3.34717 -1.637432 0.344488,
-3.34658 -1.637944 0.344488, -3.344722 -1.640207 0.344488,
-3.325975 -1.658955 0.344488, -3.3215 -1.662627 0.344488,
-3.310856 -1.667036 0.344488, -3.299335 -1.667036 0.344488,
-3.288691 -1.662627 0.344488, -3.280544 -1.65448 0.344488,
-3.276135 -1.643836 0.344488, -3.276135 -1.632315 0.344488,
-3.280544 -1.621671 0.344488, -3.284217 -1.617197 0.344488,
-3.299576 -1.601837 0.344488, -3.313063 -1.574863 0.344488,
-3.313063 -1.495065 0.344488, -3.299576 -1.468091 0.344488,
-3.287605 -1.456119 0.344488, -3.26063 -1.442632 0.344488,
-3.234896 -1.442632 0.344488, -3.189813 -1.45766 0.344488,
-2.969769 -1.677703 0.344488, -2.965295 -1.681375 0.344488,
-2.957769 -1.684493 0.344488, -2.954651 -1.685784 0.344488,
-2.95465 -1.685784 0.344488, -2.94313 -1.685784 0.344488,
-2.932485 -1.681375 0.344488, -2.924339 -1.673228 0.344488,
-2.921221 -1.665702 0.344488, -2.91993 -1.662584 0.344488,
-2.919363 -1.656824 0.344488, -2.919363 -1.413104 0.344488,
-2.91993 -1.407344 0.344488, -2.924339 -1.3967 0.344488,
-2.932485 -1.388553 0.344488, -2.94313 -1.384144 0.344488,
-2.954651 -1.384144 0.344488, -2.965295 -1.388553 0.344488,
-2.973441 -1.3967 0.344488, -2.97785 -1.407344 0.344488,
-2.978418 -1.413104 0.344488, -2.978418 -1.585538 0.344488,
-3.152983 -1.410973 0.344488, -3.157457 -1.407301 0.344488,
-3.158438 -1.406894 0.344488, -3.159239 -1.4062 0.344488,
-3.164525 -1.40384 0.344488, -3.220768 -1.385092 0.344488,
-3.223624 -1.384443 0.344488, -3.224344 -1.384144 0.344488,
-3.22539 -1.384041 0.344488, -3.226412 -1.383809 0.344488,
-3.22719 -1.383864 0.344488, -3.230105 -1.383577 0.344488,
-3.2676 -1.383577 0.344488, -3.273361 -1.384144 0.344488,
-3.274341 -1.38455 0.344488, -3.2754 -1.384625 0.344488,
-3.280806 -1.386694 0.344488, -4.651515 -1.525411 0.344488,
-4.664299 -1.512626 0.344488, -4.673339 -1.510828 0.344488,
-4.873909 -1.510826 0.344488, -4.882948 -1.512624 0.344488,
-4.895733 -1.525408 0.344488, -4.895733 -1.543487 0.344488,
-4.882949 -1.556272 0.344488, -4.873909 -1.55807 0.344488,
-4.67334 -1.558072 0.344488, -4.6643 -1.556274 0.344488,
-4.651515 -1.54349 0.344488, -4.651511 -1.113993 0.344488,
-4.664295 -1.101208 0.344488, -4.673335 -1.09941 0.344488,
-4.873904 -1.099408 0.344488, -4.882944 -1.101206 0.344488,
-4.895729 -1.11399 0.344488, -4.895729 -1.13207 0.344488,
-4.882945 -1.144854 0.344488, -4.873905 -1.146652 0.344488,
-4.673335 -1.146654 0.344488, -4.664296 -1.144856 0.344488,
-4.651511 -1.132072 0.344488, 2.577574 1.594658 0.344488,
2.564789 1.581874 0.344488, 2.562991 1.572834 0.344488,
2.562993 -0.694883 0.344488, 2.564791 -0.703922 0.344488,
2.564791 -0.703922 0.344488, 2.577575 -0.716707 0.344488,
2.586615 -0.718505 0.344488, 3.405512 -0.718504 0.344488,
3.414552 -0.716706 0.344488, 3.427336 -0.703922 0.344488,
3.427336 -0.685843 0.344488, 3.414552 -0.673058 0.344488,
3.405512 -0.67126 0.344488, 2.610236 -0.67126 0.344488,
2.610236 0.644819 0.344488, 2.610733 0.642335 0.344488,
2.610733 0.639442 0.344488, 2.611851 0.636741 0.344488,
2.612425 0.633874 0.344488, 2.614034 0.631471 0.344488,
2.615142 0.628798 0.344488, 2.617209 0.626731 0.344488,
2.618835 0.624302 0.344488, 2.623268 0.620672 0.344488,
2.623288 0.620651 0.344488, 2.623297 0.620648 0.344488,
2.623314 0.620634 0.344488, 2.677124 0.584761 0.344488,
2.709164 0.552721 0.344488, 2.725769 0.519511 0.344488,
2.728852 0.514613 0.344488, 2.737556 0.507064 0.344488,
2.748485 0.503421 0.344488, 2.759978 0.504237 0.344488,
2.770283 0.50939 0.344488, 2.777831 0.518094 0.344488,
2.781474 0.529024 0.344488, 2.780658 0.540516 0.344488,
2.778589 0.545922 0.344488, 2.759841 0.583417 0.344488,
2.758281 0.585895 0.344488, 2.757983 0.586617 0.344488,
2.757317 0.587428 0.344488, 2.756758 0.588316 0.344488,
2.756169 0.588827 0.344488, 2.75431 0.591091 0.344488,
2.729726 0.615675 0.344488, 3.003866 0.615675 0.344488,
3.003866 0.532717 0.344488, 3.004433 0.526956 0.344488,
3.008843 0.516312 0.344488, 3.016989 0.508165 0.344488,
3.027633 0.503756 0.344488, 3.039154 0.503756 0.344488,
3.049798 0.508165 0.344488, 3.057945 0.516312 0.344488,
3.062354 0.526956 0.344488, 3.062921 0.532717 0.344488,
3.062921 0.757688 0.344488, 3.062354 0.763449 0.344488,
3.057945 0.774093 0.344488, 3.049798 0.782239 0.344488,
3.039154 0.786648 0.344488, 3.027633 0.786648 0.344488,
3.016989 0.782239 0.344488, 3.008843 0.774093 0.344488,
3.004433 0.763449 0.344488, 3.003866 0.757688 0.344488,
3.003866 0.67473 0.344488, 2.639693 0.67473 0.344488,
2.639672 0.674728 0.344488, 2.639662 0.67473 0.344488,
2.639631 0.674724 0.344488, 2.633932 0.674163 0.344488,
2.631231 0.673044 0.344488, 2.628365 0.67247 0.344488,
2.625961 0.670861 0.344488, 2.623288 0.669754 0.344488,
2.621221 0.667687 0.344488, 2.618792 0.66606 0.344488,
2.617187 0.663653 0.344488, 2.615142 0.661607 0.344488,
2.614023 0.658906 0.344488, 2.612401 0.656474 0.344488,
2.61184 0.653636 0.344488, 2.610733 0.650963 0.344488,
2.610733 0.648039 0.344488, 2.610236 0.645528 0.344488,
2.610235 1.549212 0.344488, 3.405511 1.549212 0.344488,
3.414551 1.55101 0.344488, 3.427335 1.563794 0.344488,
3.427335 1.581874 0.344488, 3.414551 1.594658 0.344488,
3.405511 1.596456 0.344488, 2.586613 1.596456 0.344488,
3.009103 0.131353 0.344488, 3.011582 0.132914 0.344488,
3.012302 0.133212 0.344488, 3.013113 0.133877 0.344488,
3.014002 0.134437 0.344488, 3.014513 0.135027 0.344488,
3.016777 0.136884 0.344488, 3.035525 0.155631 0.344488,
3.037382 0.157895 0.344488, 3.037973 0.158407 0.344488,
3.038533 0.159297 0.344488, 3.039197 0.160106 0.344488,
3.039495 0.160826 0.344488, 3.041056 0.163306 0.344488,
3.059804 0.200801 0.344488, 3.061873 0.206207 0.344488,
3.061948 0.207266 0.344488, 3.062354 0.208246 0.344488,
3.062921 0.214006 0.344488, 3.062921 0.288997 0.344488,
3.062354 0.294757 0.344488, 3.061948 0.295737 0.344488,
3.061873 0.296796 0.344488, 3.059804 0.302202 0.344488,
3.041056 0.339697 0.344488, 3.039495 0.342178 0.344488,
3.039197 0.342897 0.344488, 3.038533 0.343707 0.344488,
3.037973 0.344596 0.344488, 3.037382 0.345108 0.344488,
3.035525 0.347372 0.344488, 3.016777 0.366119 0.344488,
3.014513 0.367977 0.344488, 3.014002 0.368567 0.344488,
3.013113 0.369126 0.344488, 3.012302 0.369791 0.344488,
3.011582 0.37009 0.344488, 3.009103 0.37165 0.344488,
2.971608 0.390398 0.344488, 2.966202 0.392467 0.344488,
2.965143 0.392542 0.344488, 2.964163 0.392948 0.344488,
2.958403 0.393515 0.344488, 2.639693 0.393515 0.344488,
2.633932 0.392948 0.344488, 2.623288 0.388539 0.344488,
2.615142 0.380392 0.344488, 2.610733 0.369748 0.344488,
2.610733 0.358227 0.344488, 2.615142 0.347583 0.344488,
2.623288 0.339436 0.344488, 2.633932 0.335027 0.344488,
2.639693 0.33446 0.344488, 2.951432 0.33446 0.344488,
2.978407 0.320972 0.344488, 2.990379 0.309001 0.344488,
3.003866 0.282026 0.344488, 3.003866 0.220977 0.344488,
2.990379 0.194002 0.344488, 2.978407 0.182031 0.344488,
2.951432 0.168543 0.344488, 2.639693 0.168543 0.344488,
2.633932 0.167976 0.344488, 2.623288 0.163567 0.344488,
2.615142 0.15542 0.344488, 2.610733 0.144776 0.344488,
2.610733 0.133255 0.344488, 2.615142 0.122611 0.344488,
2.623288 0.114465 0.344488, 2.633932 0.110056 0.344488,
2.639693 0.109488 0.344488, 2.958403 0.109488 0.344488,
2.964163 0.110056 0.344488, 2.965143 0.110462 0.344488,
2.966202 0.110537 0.344488, 2.971608 0.112606 0.344488,
-5.836614 0.795773 0.344488, -5.838412 0.804813 0.344488,
-5.851196 0.817597 0.344488, -5.869275 0.817597 0.344488,
-5.88206 0.804813 0.344488, -5.883858 0.795774 0.344488,
-5.883859 0.680603 0.344488, -5.882061 0.671563 0.344488,
-5.869278 0.658779 0.344488, -5.851198 0.658779 0.344488,
-5.838413 0.671563 0.344488, -5.836615 0.680602 0.344488,
-4.888331 0.602298 0.344488, -4.888434 0.603343 0.344488,
-4.888733 0.604063 0.344488, -4.889382 0.60692 0.344488,
-4.90813 0.663162 0.344488, -4.910489 0.668448 0.344488,
-4.911185 0.66925 0.344488, -4.911591 0.67023 0.344488,
-4.915263 0.674704 0.344488, -4.934011 0.693452 0.344488,
-4.938485 0.697124 0.344488, -4.94913 0.701533 0.344488,
-4.96065 0.701533 0.344488, -4.971294 0.697124 0.344488,
-4.979441 0.688977 0.344488, -4.98385 0.678333 0.344488,
-4.98385 0.666812 0.344488, -4.979441 0.656168 0.344488,
-4.975769 0.651693 0.344488, -4.96195 0.637874 0.344488,
-4.946922 0.592791 0.344488, -4.946922 0.564878 0.344488,
-4.96195 0.519794 0.344488, -4.991128 0.490616 0.344488,
-5.021438 0.475461 0.344488, -5.089759 0.458381 0.344488,
-5.138731 0.458381 0.344488, -5.207051 0.475461 0.344488,
-5.237361 0.490616 0.344488, -5.266539 0.519794 0.344488,
-5.281567 0.564878 0.344488, -5.281567 0.592791 0.344488,
-5.266539 0.637875 0.344488, -5.25272 0.651693 0.344488,
-5.249048 0.656168 0.344488, -5.244639 0.666812 0.344488,
-5.244639 0.678333 0.344488, -5.249048 0.688977 0.344488,
-5.257195 0.697124 0.344488, -5.267839 0.701533 0.344488,
-5.27936 0.701533 0.344488, -5.290004 0.697124 0.344488,
-5.294479 0.693452 0.344488, -5.313226 0.674704 0.344488,
-5.316898 0.67023 0.344488, -5.317305 0.669249 0.344488,
-5.318 0.668448 0.344488, -5.320359 0.663162 0.344488,
-5.339107 0.606919 0.344488, -5.339757 0.604064 0.344488,
-5.340055 0.603343 0.344488, -5.340158 0.602298 0.344488,
-5.340391 0.601275 0.344488, -5.340335 0.600498 0.344488,
-5.340622 0.597582 0.344488, -5.340622 0.560087 0.344488,
-5.340335 0.557171 0.344488, -5.340391 0.556394 0.344488,
-5.340158 0.555371 0.344488, -5.340055 0.554326 0.344488,
-5.339757 0.553605 0.344488, -5.339107 0.550749 0.344488,
-5.320359 0.494506 0.344488, -5.318 0.489221 0.344488,
-5.317305 0.48842 0.344488, -5.316898 0.487439 0.344488,
-5.313226 0.482965 0.344488, -5.275731 0.445469 0.344488,
-5.273467 0.443611 0.344488, -5.272956 0.443022 0.344488,
-5.272069 0.442463 0.344488, -5.271257 0.441797 0.344488,
-5.270535 0.441498 0.344488, -5.268057 0.439938 0.344488,
-5.230562 0.421191 0.344488, -5.230141 0.42103 0.344488,
-5.229969 0.420902 0.344488, -5.227554 0.420039 0.344488,
-5.225156 0.419122 0.344488, -5.224943 0.419107 0.344488,
-5.224518 0.418955 0.344488, -5.149528 0.400207 0.344488,
-5.148529 0.400059 0.344488, -5.148127 0.399893 0.344488,
-5.145957 0.39968 0.344488, -5.143802 0.399361 0.344488,
-5.143372 0.399425 0.344488, -5.142366 0.399326 0.344488,
-5.086123 0.399326 0.344488, -5.085118 0.399425 0.344488,
-5.084688 0.399361 0.344488, -5.082533 0.39968 0.344488,
-5.080363 0.399893 0.344488, -5.079961 0.400059 0.344488,
-5.078962 0.400207 0.344488, -5.003971 0.418955 0.344488,
-5.003546 0.419107 0.344488, -5.003334 0.419122 0.344488,
-5.00094 0.420038 0.344488, -4.99852 0.420902 0.344488,
-4.998349 0.42103 0.344488, -4.997928 0.421191 0.344488,
-4.960432 0.439938 0.344488, -4.957954 0.441499 0.344488,
-4.957233 0.441797 0.344488, -4.956423 0.442462 0.344488,
-4.955533 0.443022 0.344488, -4.955022 0.443612 0.344488,
-4.952758 0.445469 0.344488, -4.915263 0.482965 0.344488,
-4.91159 0.487439 0.344488, -4.911184 0.48842 0.344488,
-4.910489 0.48922 0.344488, -4.90813 0.494506 0.344488,
-4.889382 0.550749 0.344488, -4.888733 0.553606 0.344488,
-4.888434 0.554326 0.344488, -4.888331 0.555371 0.344488,
-4.888098 0.556393 0.344488, -4.888154 0.557171 0.344488,
-4.887867 0.560087 0.344488, -4.887867 0.597582 0.344488,
-4.888154 0.600498 0.344488, -4.888098 0.601275 0.344488,
-5.435038 0.795775 0.344488, -5.436836 0.804815 0.344488,
-5.44962 0.817599 0.344488, -5.4677 0.817599 0.344488,
-5.480484 0.804815 0.344488, -5.482282 0.795776 0.344488,
-5.482284 0.680605 0.344488, -5.480486 0.671565 0.344488,
-5.467702 0.658781 0.344488, -5.449622 0.658781 0.344488,
-5.436838 0.671565 0.344488, -5.43504 0.680604 0.344488,
-5.340055 0.937877 0.344488, -5.340622 0.935009 0.344488,
-5.340055 0.932172 0.344488, -5.340055 0.929279 0.344488,
-5.338937 0.926578 0.344488, -5.338363 0.923712 0.344488,
-5.336754 0.921308 0.344488, -5.335646 0.918635 0.344488,
-5.333579 0.916568 0.344488, -5.331952 0.914139 0.344488,
-5.32752 0.910509 0.344488, -5.3275 0.910489 0.344488,
-5.327491 0.910485 0.344488, -5.327474 0.910471 0.344488,
-5.273664 0.874598 0.344488, -5.241624 0.842558 0.344488,
-5.225019 0.809349 0.344488, -5.221936 0.80445 0.344488,
-5.213232 0.796902 0.344488, -5.202302 0.793258 0.344488,
-5.19081 0.794075 0.344488, -5.180505 0.799228 0.344488,
-5.172957 0.807931 0.344488, -5.169313 0.818861 0.344488,
-5.17013 0.830353 0.344488, -5.172199 0.835759 0.344488,
-5.190946 0.873254 0.344488, -5.192507 0.875733 0.344488,
-5.192805 0.876454 0.344488, -5.193471 0.877266 0.344488,
-5.19403 0.878153 0.344488, -5.194619 0.878665 0.344488,
-5.196478 0.880928 0.344488, -5.221061 0.905512 0.344488,
-4.946922 0.905512 0.344488, -4.946922 0.822554 0.344488,
-4.946354 0.816793 0.344488, -4.941945 0.806149 0.344488,
-4.933799 0.798003 0.344488, -4.923155 0.793594 0.344488,
-4.911633 0.793594 0.344488, -4.900989 0.798003 0.344488,
-4.892843 0.806149 0.344488, -4.888434 0.816793 0.344488,
-4.887867 0.822554 0.344488, -4.887867 1.047526 0.344488,
-4.888434 1.053286 0.344488, -4.892843 1.06393 0.344488,
-4.900989 1.072077 0.344488, -4.911633 1.076486 0.344488,
-4.923155 1.076486 0.344488, -4.933799 1.072077 0.344488,
-4.941945 1.06393 0.344488, -4.946354 1.053286 0.344488,
-4.946922 1.047526 0.344488, -4.946922 0.964567 0.344488,
-5.311095 0.964567 0.344488, -5.311116 0.964565 0.344488,
-5.311126 0.964567 0.344488, -5.311156 0.964561 0.344488,
-5.316856 0.964 0.344488, -5.319557 0.962881 0.344488,
-5.322423 0.962308 0.344488, -5.324827 0.960698 0.344488,
-5.3275 0.959591 0.344488, -5.329567 0.957524 0.344488,
-5.331996 0.955897 0.344488, -5.333601 0.95349 0.344488,
-5.335646 0.951444 0.344488, -5.336765 0.948744 0.344488,
-5.338387 0.946311 0.344488, -5.338948 0.943473 0.344488,
-5.340055 0.9408 0.344488, -5.539051 4.132224 0.344488,
-5.539972 4.130275 0.344488, -5.577467 3.980294 0.344488,
-5.577584 3.977886 0.344488, -5.578055 3.97552 0.344488,
-5.578055 3.863033 0.344488, -5.577584 3.860668 0.344488,
-5.577467 3.858259 0.344488, -5.539972 3.708278 0.344488,
-5.539051 3.706329 0.344488, -5.538481 3.704249 0.344488,
-5.500986 3.629258 0.344488, -5.499051 3.626765 0.344488,
-5.497298 3.624143 0.344488, -5.422308 3.549152 0.344488,
-5.421489 3.548604 0.344488, -5.421286 3.5482 0.344488,
-5.418547 3.546638 0.344488, -5.415922 3.544884 0.344488,
-5.41547 3.544884 0.344488, -5.414613 3.544396 0.344488,
-5.302127 3.506901 0.344488, -5.298998 3.506506 0.344488,
-5.295902 3.505891 0.344488, -5.220912 3.505891 0.344488,
-5.217817 3.506506 0.344488, -5.214687 3.506901 0.344488,
-5.102201 3.544396 0.344488, -5.101345 3.544884 0.344488,
-5.100893 3.544884 0.344488, -5.098268 3.546638 0.344488,
-5.095528 3.5482 0.344488, -5.095326 3.548604 0.344488,
-5.094506 3.549152 0.344488, -5.057011 3.586647 0.344488,
-5.052744 3.593033 0.344488, -5.052744 3.6081 0.344488,
-5.063398 3.618753 0.344488, -5.078464 3.618753 0.344488,
-5.08485 3.614486 0.344488, -5.11906 3.580276 0.344488,
-5.224106 3.545261 0.344488, -5.292708 3.545261 0.344488,
-5.397755 3.580276 0.344488, -5.467201 3.649722 0.344488,
-5.502302 3.719923 0.344488, -5.538685 3.865457 0.344488,
-5.538685 3.973096 0.344488, -5.502302 4.11863 0.344488,
-5.467201 4.188831 0.344488, -5.397755 4.258277 0.344488,
-5.292708 4.293292 0.344488, -5.224106 4.293292 0.344488,
-5.119059 4.258277 0.344488, -5.08485 4.224067 0.344488,
-5.078464 4.2198 0.344488, -5.063398 4.2198 0.344488,
-5.052744 4.230454 0.344488, -5.052744 4.24552 0.344488,
-5.057011 4.251906 0.344488, -5.094507 4.289401 0.344488,
-5.095326 4.289949 0.344488, -5.095528 4.290353 0.344488,
-5.098271 4.291917 0.344488, -5.100893 4.293669 0.344488,
-5.101345 4.293669 0.344488, -5.102201 4.294157 0.344488,
-5.214687 4.331652 0.344488, -5.217817 4.332047 0.344488,
-5.220912 4.332662 0.344488, -5.295902 4.332662 0.344488,
-5.298998 4.332047 0.344488, -5.302127 4.331652 0.344488,
-5.414613 4.294157 0.344488, -5.41547 4.293669 0.344488,
-5.415922 4.293669 0.344488, -5.418546 4.291915 0.344488,
-5.421286 4.290353 0.344488, -5.421488 4.28995 0.344488,
-5.422308 4.289402 0.344488, -5.497298 4.214411 0.344488,
-5.499051 4.211789 0.344488, -5.500986 4.209295 0.344488,
-5.538481 4.134304 0.344488, -4.392154 3.843731 0.344488,
-4.389468 3.844847 0.344488, -4.388482 3.844847 0.344488,
-4.387781 3.845548 0.344488, -4.385061 3.846678 0.344488,
-4.381882 3.851447 0.344488, -4.377828 3.8555 0.344488,
-4.377254 3.858389 0.344488, -4.376704 3.859213 0.344488,
-4.376898 3.860181 0.344488, -4.37633 3.863033 0.344488,
-4.37633 3.938024 0.344488, -4.376522 3.938991 0.344488,
-4.37638 3.939419 0.344488, -4.377213 3.942463 0.344488,
-4.377828 3.945557 0.344488, -4.378148 3.945876 0.344488,
-4.378408 3.946827 0.344488, -4.415904 4.021819 0.344488,
-4.418306 4.024914 0.344488, -4.418639 4.025913 0.344488,
-4.419751 4.026776 0.344488, -4.420613 4.027886 0.344488,
-4.42161 4.028219 0.344488, -4.424707 4.030622 0.344488,
-4.499697 4.068117 0.344488, -4.500648 4.068378 0.344488,
-4.500968 4.068697 0.344488, -4.504063 4.069313 0.344488,
-4.507105 4.070146 0.344488, -4.507534 4.070003 0.344488,
-4.508501 4.070195 0.344488, -4.658482 4.070195 0.344488,
-4.65945 4.070003 0.344488, -4.659878 4.070146 0.344488,
-4.662921 4.069313 0.344488, -4.666015 4.068697 0.344488,
-4.666335 4.068378 0.344488, -4.667285 4.068117 0.344488,
-4.742276 4.030622 0.344488, -4.745372 4.028219 0.344488,
-4.74637 4.027886 0.344488, -4.747233 4.026775 0.344488,
-4.748344 4.025913 0.344488, -4.748677 4.024915 0.344488,
-4.75108 4.021819 0.344488, -4.788575 3.946828 0.344488,
-4.788835 3.945877 0.344488, -4.789155 3.945557 0.344488,
-4.78977 3.942462 0.344488, -4.790604 3.93942 0.344488,
-4.790461 3.938991 0.344488, -4.790653 3.938024 0.344488,
-4.790653 3.933377 0.344488, -4.790653 3.638062 0.344488,
-4.790461 3.637095 0.344488, -4.790604 3.636666 0.344488,
-4.78977 3.633624 0.344488, -4.789155 3.630529 0.344488,
-4.788835 3.630209 0.344488, -4.788575 3.629258 0.344488,
-4.75108 3.554267 0.344488, -4.748677 3.551172 0.344488,
-4.748344 3.550173 0.344488, -4.747233 3.549311 0.344488,
-4.74637 3.5482 0.344488, -4.745372 3.547867 0.344488,
-4.742276 3.545464 0.344488, -4.667285 3.507969 0.344488,
-4.666335 3.507708 0.344488, -4.666015 3.507389 0.344488,
-4.662921 3.506774 0.344488, -4.659878 3.50594 0.344488,
-4.65945 3.506083 0.344488, -4.658482 3.505891 0.344488,
-4.508501 3.505891 0.344488, -4.507534 3.506083 0.344488,
-4.507105 3.50594 0.344488, -4.504063 3.506774 0.344488,
-4.500968 3.507389 0.344488, -4.500648 3.507709 0.344488,
-4.499697 3.507969 0.344488, -4.424707 3.545464 0.344488,
-4.418639 3.550173 0.344488, -4.413875 3.564467 0.344488,
-4.420612 3.577942 0.344488, -4.434906 3.582706 0.344488,
-4.442313 3.580678 0.344488, -4.513148 3.545261 0.344488,
-4.653835 3.545261 0.344488, -4.7188 3.577743 0.344488,
-4.751283 3.642709 0.344488, -4.751283 3.771905 0.344488,
-4.4157 3.933378 0.344488, -4.4157 3.879172 0.344488,
-4.751283 3.812055 0.344488, -4.751283 3.933377 0.344488,
-4.7188 3.998343 0.344488, -4.653835 4.030825 0.344488,
-4.513148 4.030825 0.344488, -4.448183 3.998343 0.344488,
-0.71926 6.961421 0.344488, -0.725139 6.975613 0.344488,
-0.736001 6.986475 0.344488, -0.750193 6.992354 0.344488,
-0.765555 6.992354 0.344488, -0.779747 6.986475 0.344488,
-0.790609 6.975613 0.344488, -0.796488 6.961421 0.344488,
-0.797244 6.95374 0.344488, -0.797244 4.45374 0.344488,
-0.796488 4.446059 0.344488, -0.790609 4.431867 0.344488,
-0.779747 4.421005 0.344488, -0.765555 4.415126 0.344488,
-0.757874 4.41437 0.344488, -0.265748 4.41437 0.344488,
-0.258067 4.415126 0.344488, -0.243875 4.421005 0.344488,
-0.233013 4.431867 0.344488, -0.227134 4.446059 0.344488,
-0.227134 4.461421 0.344488, -0.233013 4.475613 0.344488,
-0.243875 4.486475 0.344488, -0.258067 4.492354 0.344488,
-0.265748 4.49311 0.344488, -0.718504 4.49311 0.344488,
-0.718504 6.95374 0.344488, 2.676154 8.127869 0.344488,
2.676641 8.132805 0.344488, 2.676641 8.180424 0.344488,
2.67568 8.190179 0.344488, 2.674992 8.191839 0.344488,
2.674865 8.193631 0.344488, 2.671362 8.202785 0.344488,
2.663502 8.218504 0.344488, 2.533916 8.218504 0.344488,
2.549402 8.210761 0.344488, 2.561738 8.198425 0.344488,
2.576641 8.168621 0.344488, 2.576641 8.14092 0.344488,
2.559129 8.088386 0.344488, 2.281761 7.811017 0.344488,
2.275543 7.803441 0.344488, 2.268077 7.785417 0.344488,
2.268077 7.765907 0.344488, 2.27117 7.758442 0.344488,
2.275543 7.747884 0.344488, 2.275543 7.747883 0.344488,
2.289338 7.734089 0.344488, 2.307362 7.726623 0.344488,
2.307362 7.726623 0.344488, 2.317117 7.725662 0.344488,
2.626641 7.725662 0.344488, 2.636395 7.726623 0.344488,
2.654419 7.734089 0.344488, 2.668214 7.747884 0.344488,
2.67568 7.765908 0.344488, 2.67568 7.785417 0.344488,
2.668214 7.803441 0.344488, 2.654419 7.817236 0.344488,
2.636395 7.824702 0.344488, 2.626641 7.825662 0.344488,
2.437827 7.825662 0.344488, 2.638186 8.026021 0.344488,
2.644404 8.033598 0.344488, 2.645091 8.035258 0.344488,
2.646269 8.036615 0.344488, 2.650265 8.045565 0.344488,
2.674075 8.116993 0.344488, 2.675175 8.121832 0.344488,
2.67568 8.123051 0.344488, 2.675854 8.124818 0.344488,
2.676248 8.126551 0.344488, 2.480061 6.587971 0.344488,
2.490715 6.577318 0.344488, 2.505781 6.577318 0.344488,
2.516435 6.587971 0.344488, 2.517933 6.595504 0.344488,
2.517933 6.989205 0.344488, 2.516435 6.996738 0.344488,
2.513961 6.999212 0.344488, 2.512765 7.0025 0.344488,
2.508842 7.004331 0.344488, 2.505781 7.007392 0.344488,
2.502283 7.007392 0.344488, 2.499113 7.008871 0.344488,
2.495044 7.007392 0.344488, 2.490715 7.007392 0.344488,
2.488241 7.004919 0.344488, 2.484953 7.003722 0.344488,
2.48041 6.99753 0.344488, 2.367014 6.75454 0.344488,
2.253619 6.99753 0.344488, 2.249076 7.003722 0.344488,
2.245787 7.004919 0.344488, 2.243314 7.007392 0.344488,
2.238985 7.007392 0.344488, 2.234917 7.008871 0.344488,
2.231746 7.007392 0.344488, 2.228248 7.007392 0.344488,
2.225187 7.004331 0.344488, 2.221264 7.0025 0.344488,
2.220068 6.999212 0.344488, 2.217594 6.996738 0.344488,
2.216096 6.989205 0.344488, 2.216096 6.595504 0.344488,
2.217594 6.587971 0.344488, 2.228248 6.577318 0.344488,
2.243314 6.577318 0.344488, 2.253968 6.587971 0.344488,
2.255466 6.595504 0.344488, 2.255466 6.900474 0.344488,
2.349176 6.699666 0.344488, 2.352177 6.695576 0.344488,
2.352497 6.694696 0.344488, 2.352992 6.694465 0.344488,
2.35372 6.693473 0.344488, 2.360047 6.691172 0.344488,
2.36615 6.688324 0.344488, 2.367015 6.688639 0.344488,
2.367879 6.688324 0.344488, 2.373981 6.691172 0.344488,
2.380309 6.693473 0.344488, 2.381037 6.694465 0.344488,
2.381532 6.694696 0.344488, 2.381852 6.695576 0.344488,
2.384853 6.699666 0.344488, 2.478563 6.900474 0.344488,
2.478563 6.595504 0.344488, 2.383126 -7.508609 0.344488,
2.338253 -7.575918 0.344488, 2.299872 -7.614299 0.344488,
2.259511 -7.63448 0.344488, 2.251216 -7.639701 0.344488,
2.238433 -7.654439 0.344488, 2.232264 -7.672948 0.344488,
2.233647 -7.692407 0.344488, 2.242371 -7.709857 0.344488,
2.257109 -7.722639 0.344488, 2.275618 -7.728809 0.344488,
2.295078 -7.727426 0.344488, 2.304232 -7.723922 0.344488,
2.351851 -7.700113 0.344488, 2.35605 -7.69747 0.344488,
2.357269 -7.696965 0.344488, 2.358641 -7.695839 0.344488,
2.360146 -7.694892 0.344488, 2.361011 -7.693893 0.344488,
2.364846 -7.690747 0.344488, 2.374728 -7.680864 0.344488,
2.374728 -7.986344 0.344488, 2.281871 -7.986344 0.344488,
2.272117 -7.987305 0.344488, 2.254093 -7.99477 0.344488,
2.240298 -8.008566 0.344488, 2.232832 -8.02659 0.344488,
2.232832 -8.046098 0.344488, 2.240298 -8.064122 0.344488,
2.254093 -8.077918 0.344488, 2.272117 -8.085383 0.344488,
2.281871 -8.086344 0.344488, 2.567586 -8.086344 0.344488,
2.57734 -8.085383 0.344488, 2.595364 -8.077918 0.344488,
2.609159 -8.064122 0.344488, 2.616625 -8.046098 0.344488,
2.616625 -8.02659 0.344488, 2.609159 -8.008566 0.344488,
2.595364 -7.99477 0.344488, 2.57734 -7.987305 0.344488,
2.567586 -7.986344 0.344488, 2.474728 -7.986344 0.344488,
2.474728 -7.536344 0.344488, 2.474725 -7.536309 0.344488,
2.474728 -7.536292 0.344488, 2.474718 -7.536241 0.344488,
2.473768 -7.52659 0.344488, 2.471872 -7.522015 0.344488,
2.470902 -7.517161 0.344488, 2.468177 -7.513092 0.344488,
2.466302 -7.508566 0.344488, 2.462801 -7.505065 0.344488,
2.460046 -7.500952 0.344488, 2.45597 -7.498234 0.344488,
2.452507 -7.49477 0.344488, 2.447932 -7.492876 0.344488,
2.443814 -7.49013 0.344488, 2.439009 -7.48918 0.344488,
2.434483 -7.487305 0.344488, 2.429532 -7.487305 0.344488,
2.424676 -7.486344 0.344488, 2.419874 -7.487305 0.344488,
2.414974 -7.487305 0.344488, 2.410399 -7.4892 0.344488,
2.405546 -7.49017 0.344488, 2.401476 -7.492895 0.344488,
2.39695 -7.49477 0.344488, 2.393449 -7.498271 0.344488,
2.389336 -7.501026 0.344488, 2.383189 -7.508531 0.344488,
2.383155 -7.508566 0.344488, 2.383148 -7.508581 0.344488,
2.255466 -6.269137 0.344488, 2.255466 -6.121031 0.344488,
2.423257 -6.121031 0.344488, 2.430791 -6.119533 0.344488,
2.441444 -6.108879 0.344488, 2.441444 -6.093813 0.344488,
2.430791 -6.083159 0.344488, 2.423257 -6.081661 0.344488,
2.235781 -6.081661 0.344488, 2.228248 -6.083159 0.344488,
2.217594 -6.093813 0.344488, 2.216096 -6.101346 0.344488,
2.216096 -6.495047 0.344488, 2.217594 -6.50258 0.344488,
2.228248 -6.513233 0.344488, 2.243314 -6.513233 0.344488,
2.253968 -6.50258 0.344488, 2.255466 -6.495047 0.344488,
2.255466 -6.308507 0.344488, 2.367015 -6.308507 0.344488,
2.374548 -6.307009 0.344488, 2.385201 -6.296356 0.344488,
2.385201 -6.281289 0.344488, 2.374548 -6.270636 0.344488,
2.367015 -6.269137 0.344488, 2.176154 7.913583 0.344488,
2.176641 7.918519 0.344488, 2.176641 8.218504 0.344488,
2.076641 8.218504 0.344488, 2.076641 7.926634 0.344488,
2.059129 7.8741 0.344488, 2.028203 7.843174 0.344488,
1.975669 7.825662 0.344488, 1.936164 7.825662 0.344488,
1.92641 7.824702 0.344488, 1.908386 7.817236 0.344488,
1.894591 7.803441 0.344488, 1.887125 7.785417 0.344488,
1.887125 7.765908 0.344488, 1.894591 7.747884 0.344488,
1.908386 7.734089 0.344488, 1.92641 7.726623 0.344488,
1.936164 7.725662 0.344488, 1.983783 7.725662 0.344488,
1.988719 7.726148 0.344488, 1.990037 7.726055 0.344488,
1.99177 7.726449 0.344488, 1.993537 7.726623 0.344488,
1.994757 7.727128 0.344488, 1.999594 7.728228 0.344488,
2.071023 7.752037 0.344488, 2.079973 7.756033 0.344488,
2.081331 7.757211 0.344488, 2.082991 7.757898 0.344488,
2.090567 7.764117 0.344488, 2.138186 7.811736 0.344488,
2.144404 7.819313 0.344488, 2.145092 7.820972 0.344488,
2.146269 7.82233 0.344488, 2.150265 7.831279 0.344488,
2.174075 7.902707 0.344488, 2.175175 7.907546 0.344488,
2.17568 7.908765 0.344488, 2.175854 7.910532 0.344488,
2.176248 7.912265 0.344488, -0.718504 8.218504 0.344488,
-0.797244 8.218504 0.344488, -0.797244 8.134843 0.344488,
-0.796488 8.127162 0.344488, -0.790609 8.11297 0.344488,
-0.779747 8.102107 0.344488, -0.765555 8.096229 0.344488,
-0.750193 8.096229 0.344488, -0.736001 8.102107 0.344488,
-0.725139 8.11297 0.344488, -0.71926 8.127162 0.344488,
-0.718504 8.134843 0.344488, 5.383858 8.218504 0.344488,
5.305118 8.218504 0.344488, 5.305118 8.134843 0.344488,
5.305874 8.127162 0.344488, 5.311753 8.11297 0.344488,
5.322615 8.102107 0.344488, 5.336807 8.096229 0.344488,
5.352169 8.096229 0.344488, 5.366361 8.102107 0.344488,
5.377223 8.11297 0.344488, 5.383102 8.127162 0.344488,
5.383858 8.134843 0.344488, 2.409841 8.218504 0.344488,
2.291887 8.218504 0.344488, 2.291887 8.218289 0.344488,
2.299353 8.200265 0.344488, 2.313147 8.18647 0.344488,
2.331171 8.179004 0.344488, 2.350681 8.179004 0.344488,
2.368705 8.18647 0.344488, 2.376281 8.192688 0.344488,
2.394354 8.210761 0.344488, 5.320563 -5.761469 0.344488,
5.318168 -5.755685 0.344488, 5.307306 -5.744823 0.344488,
5.307305 -5.744822 0.344488, 5.301426 -5.742387 0.344488,
5.293113 -5.738944 0.344488, 5.293113 -5.738944 0.344488,
5.285432 -5.738188 0.344488, 5.212696 -5.738189 0.344488,
4.789974 -4.77745 0.344488, 4.786188 -4.770724 0.344488,
4.775092 -4.760102 0.344488, 4.760775 -4.754534 0.344488,
4.745417 -4.754869 0.344488, 4.731356 -4.761056 0.344488,
4.720733 -4.772152 0.344488, 4.715166 -4.786469 0.344488,
4.715501 -4.801827 0.344488, 4.717902 -4.809162 0.344488,
5.150971 -5.793415 0.344488, 5.154033 -5.798856 0.344488,
5.154272 -5.799433 0.344488, 5.154468 -5.799628 0.344488,
5.154756 -5.800141 0.344488, 5.160005 -5.805165 0.344488,
5.165134 -5.810295 0.344488, 5.165537 -5.810462 0.344488,
5.165853 -5.810764 0.344488, 5.172624 -5.813397 0.344488,
5.179327 -5.816173 0.344488, 5.17991 -5.81623 0.344488,
5.18017 -5.816331 0.344488, 5.180795 -5.816318 0.344488,
5.187007 -5.81693 0.344488, 5.246063 -5.816928 0.344488,
5.246063 -6.761811 0.344488, 5.246819 -6.769491 0.344488,
5.252698 -6.783683 0.344488, 5.26356 -6.794546 0.344488,
5.277752 -6.800424 0.344488, 5.293114 -6.800424 0.344488,
5.307306 -6.794546 0.344488, 5.318168 -6.783683 0.344488,
5.324047 -6.769491 0.344488, 5.324803 -6.761811 0.344488,
5.324803 -5.777558 0.344488, 5.324046 -5.769877 0.344488,
5.324046 -5.769877 0.344488, 5.324046 -5.769876 0.344488
              ]
            }
            coordIndex [
12, 13, 0, -1, 12, 0, 1, -1, 12, 1, 2, -1, 12, 2, 3, -1,
12, 3, 4, -1, 12, 4, 5, -1, 12, 5, 6, -1, 12, 6, 7, -1,
12, 7, 8, -1, 12, 8, 11, -1, 9, 10, 11, -1, 9, 11, 8, -1,
23, 25, 22, -1, 22, 25, 26, -1, 22, 26, 21, -1, 21, 26, 27, -1,
21, 27, 20, -1, 20, 27, 28, -1, 20, 28, 19, -1, 19, 28, 29, -1,
19, 29, 18, -1, 18, 29, 30, -1, 18, 30, 17, -1, 17, 30, 31, -1,
17, 31, 16, -1, 16, 31, 32, -1, 16, 32, 15, -1, 15, 32, 33, -1,
15, 33, 14, -1, 78, 79, 37, -1, 37, 79, 80, -1, 37, 80, 36, -1,
36, 80, 34, -1, 36, 34, 35, -1, 77, 78, 37, -1, 77, 37, 38, -1,
77, 38, 39, -1, 77, 39, 76, -1, 39, 40, 72, -1, 39, 72, 73, -1,
39, 73, 74, -1, 39, 74, 75, -1, 39, 75, 76, -1, 69, 70, 43, -1,
43, 70, 71, -1, 43, 71, 42, -1, 42, 71, 72, -1, 42, 72, 41, -1,
41, 72, 40, -1, 68, 69, 43, -1, 68, 43, 44, -1, 68, 44, 45, -1,
68, 45, 46, -1, 68, 46, 67, -1, 65, 66, 48, -1, 48, 66, 67, -1,
48, 67, 47, -1, 47, 67, 46, -1, 48, 49, 60, -1, 48, 60, 61, -1,
48, 61, 62, -1, 48, 62, 63, -1, 48, 63, 64, -1, 48, 64, 65, -1,
54, 56, 53, -1, 53, 56, 57, -1, 53, 57, 52, -1, 52, 57, 58, -1,
52, 58, 51, -1, 51, 58, 59, -1, 51, 59, 50, -1, 50, 59, 60, -1,
50, 60, 49, -1, 4639, 4640, 4645, -1, 4645, 4640, 4641, -1, 4645, 4641, 4644, -1,
4644, 4641, 4642, -1, 4644, 4642, 4643, -1, 4654, 4655, 4639, -1, 4639, 4655, 4656, -1,
4639, 4656, 4638, -1, 4638, 4656, 4657, -1, 4638, 4657, 4662, -1, 4662, 4657, 4658, -1,
4662, 4658, 4661, -1, 4661, 4658, 4659, -1, 4661, 4659, 4660, -1, 4653, 4654, 4639, -1,
4653, 4639, 4646, -1, 4653, 4646, 4647, -1, 4653, 4647, 4652, -1, 4648, 4649, 4651, -1,
4648, 4651, 4652, -1, 4648, 4652, 4647, -1, 4611, 4612, 4607, -1, 4611, 4607, 4609, -1,
4585, 4586, 4607, -1, 4607, 4586, 4597, -1, 4607, 4597, 4606, -1, 4606, 4597, 4598, -1,
4606, 4598, 4605, -1, 4605, 4598, 4599, -1, 4605, 4599, 4604, -1, 4604, 4599, 4600, -1,
4604, 4600, 4603, -1, 4603, 4600, 4601, -1, 4603, 4601, 4602, -1, 4607, 4612, 4613, -1,
4607, 4613, 4614, -1, 4607, 4614, 4615, -1, 4607, 4615, 4616, -1, 4607, 4616, 4617, -1,
4607, 4617, 4618, -1, 4607, 4618, 4619, -1, 4607, 4619, 4620, -1, 4607, 4620, 4621, -1,
4607, 4621, 4622, -1, 4607, 4622, 4623, -1, 4607, 4623, 4624, -1, 4607, 4624, 4625, -1,
4607, 4625, 4626, -1, 4607, 4626, 4627, -1, 4607, 4627, 4628, -1, 4607, 4628, 4629, -1,
4607, 4629, 4630, -1, 4607, 4630, 4631, -1, 4607, 4631, 4632, -1, 4607, 4632, 4633, -1,
4607, 4633, 4634, -1, 4607, 4634, 4635, -1, 4607, 4635, 4636, -1, 4607, 4637, 4565, -1,
4607, 4565, 4585, -1, 4591, 4593, 4590, -1, 4590, 4593, 4594, -1, 4590, 4594, 4589, -1,
4589, 4594, 4595, -1, 4589, 4595, 4588, -1, 4588, 4595, 4596, -1, 4588, 4596, 4587, -1,
4587, 4596, 4597, -1, 4587, 4597, 4586, -1, 131, 82, 87, -1, 87, 82, 83, -1,
87, 83, 86, -1, 86, 83, 84, -1, 86, 84, 85, -1, 131, 87, 170, -1,
170, 87, 88, -1, 170, 88, 169, -1, 169, 88, 89, -1, 169, 89, 168, -1,
168, 89, 90, -1, 168, 90, 167, -1, 167, 90, 91, -1, 167, 91, 166, -1,
166, 91, 92, -1, 166, 92, 165, -1, 165, 92, 93, -1, 165, 93, 164, -1,
164, 93, 94, -1, 164, 94, 163, -1, 163, 94, 95, -1, 163, 95, 162, -1,
162, 95, 96, -1, 162, 96, 97, -1, 152, 153, 105, -1, 105, 153, 154, -1,
105, 154, 104, -1, 104, 154, 155, -1, 104, 155, 103, -1, 103, 155, 156, -1,
103, 156, 102, -1, 102, 156, 157, -1, 102, 157, 101, -1, 101, 157, 158, -1,
101, 158, 100, -1, 100, 158, 159, -1, 100, 159, 99, -1, 99, 159, 160, -1,
99, 160, 98, -1, 98, 160, 161, -1, 98, 161, 97, -1, 97, 161, 162, -1,
108, 111, 107, -1, 107, 111, 112, -1, 107, 112, 106, -1, 106, 112, 151, -1,
106, 151, 152, -1, 121, 122, 141, -1, 141, 122, 123, -1, 141, 123, 140, -1,
140, 123, 124, -1, 140, 124, 139, -1, 139, 124, 125, -1, 139, 125, 138, -1,
138, 125, 126, -1, 138, 126, 137, -1, 137, 126, 127, -1, 137, 127, 136, -1,
136, 127, 128, -1, 136, 128, 135, -1, 135, 128, 129, -1, 135, 129, 134, -1,
134, 129, 130, -1, 134, 130, 133, -1, 133, 130, 82, -1, 133, 82, 132, -1,
132, 82, 131, -1, 150, 113, 149, -1, 149, 113, 114, -1, 149, 114, 148, -1,
148, 114, 115, -1, 148, 115, 147, -1, 147, 115, 116, -1, 147, 116, 146, -1,
146, 116, 117, -1, 146, 117, 145, -1, 145, 117, 118, -1, 145, 118, 144, -1,
144, 118, 119, -1, 144, 119, 143, -1, 143, 119, 120, -1, 143, 120, 142, -1,
142, 120, 121, -1, 142, 121, 141, -1, 151, 112, 113, -1, 151, 113, 150, -1,
109, 110, 111, -1, 109, 111, 108, -1, 207, 208, 209, -1, 207, 209, 210, -1,
207, 210, 211, -1, 207, 211, 212, -1, 207, 212, 213, -1, 207, 213, 214, -1,
207, 214, 215, -1, 207, 215, 216, -1, 207, 216, 206, -1, 216, 217, 192, -1,
216, 192, 193, -1, 216, 193, 194, -1, 216, 194, 195, -1, 216, 195, 196, -1,
216, 196, 197, -1, 216, 197, 198, -1, 216, 198, 199, -1, 216, 199, 200, -1,
216, 200, 201, -1, 216, 201, 202, -1, 216, 202, 203, -1, 216, 203, 204, -1,
216, 204, 205, -1, 216, 205, 206, -1, 191, 192, 217, -1, 191, 217, 218, -1,
191, 218, 229, -1, 191, 229, 230, -1, 191, 230, 231, -1, 191, 231, 232, -1,
191, 232, 233, -1, 223, 224, 222, -1, 222, 224, 225, -1, 222, 225, 221, -1,
221, 225, 226, -1, 221, 226, 220, -1, 220, 226, 227, -1, 220, 227, 219, -1,
219, 227, 228, -1, 219, 228, 218, -1, 218, 228, 229, -1, 181, 182, 180, -1,
180, 182, 183, -1, 180, 183, 179, -1, 179, 183, 184, -1, 179, 184, 178, -1,
178, 184, 185, -1, 178, 185, 177, -1, 177, 185, 186, -1, 177, 186, 176, -1,
176, 186, 187, -1, 176, 187, 175, -1, 175, 187, 188, -1, 175, 188, 174, -1,
174, 188, 189, -1, 174, 189, 173, -1, 173, 189, 190, -1, 173, 190, 172, -1,
172, 190, 171, -1, 328, 329, 265, -1, 265, 329, 330, -1, 265, 330, 338, -1,
338, 330, 331, -1, 338, 331, 337, -1, 337, 331, 332, -1, 337, 332, 333, -1,
328, 265, 266, -1, 328, 266, 267, -1, 328, 267, 268, -1, 328, 268, 269, -1,
328, 269, 270, -1, 328, 270, 327, -1, 326, 327, 270, -1, 326, 270, 271, -1,
326, 271, 344, -1, 326, 344, 335, -1, 326, 335, 325, -1, 234, 235, 258, -1,
258, 235, 236, -1, 258, 236, 257, -1, 257, 236, 237, -1, 257, 237, 256, -1,
256, 237, 238, -1, 256, 238, 255, -1, 255, 238, 239, -1, 255, 239, 254, -1,
254, 239, 240, -1, 254, 240, 253, -1, 253, 240, 241, -1, 253, 241, 252, -1,
252, 241, 242, -1, 252, 242, 251, -1, 251, 242, 243, -1, 251, 243, 250, -1,
250, 243, 244, -1, 250, 244, 249, -1, 249, 244, 245, -1, 249, 245, 248, -1,
248, 245, 246, -1, 248, 246, 247, -1, 258, 259, 234, -1, 234, 259, 339, -1,
234, 339, 290, -1, 290, 339, 340, -1, 290, 340, 341, -1, 339, 259, 260, -1,
339, 260, 261, -1, 339, 261, 262, -1, 339, 262, 263, -1, 339, 263, 264, -1,
339, 264, 338, -1, 336, 337, 333, -1, 336, 333, 334, -1, 336, 334, 325, -1,
336, 325, 335, -1, 302, 303, 314, -1, 314, 303, 304, -1, 314, 304, 313, -1,
313, 304, 305, -1, 313, 305, 312, -1, 312, 305, 306, -1, 312, 306, 311, -1,
311, 306, 307, -1, 311, 307, 310, -1, 310, 307, 308, -1, 310, 308, 309, -1,
315, 316, 301, -1, 315, 301, 302, -1, 315, 302, 314, -1, 296, 297, 320, -1,
320, 297, 298, -1, 320, 298, 319, -1, 319, 298, 299, -1, 319, 299, 318, -1,
318, 299, 300, -1, 318, 300, 317, -1, 317, 300, 301, -1, 317, 301, 316, -1,
321, 322, 293, -1, 321, 293, 294, -1, 321, 294, 295, -1, 321, 295, 296, -1,
321, 296, 320, -1, 322, 323, 291, -1, 322, 291, 292, -1, 322, 292, 293, -1,
324, 234, 290, -1, 324, 290, 291, -1, 324, 291, 323, -1, 342, 343, 285, -1,
342, 285, 286, -1, 342, 286, 287, -1, 342, 287, 288, -1, 342, 288, 289, -1,
342, 289, 290, -1, 342, 290, 341, -1, 344, 271, 284, -1, 344, 284, 285, -1,
344, 285, 343, -1, 276, 280, 275, -1, 275, 280, 281, -1, 275, 281, 274, -1,
274, 281, 282, -1, 274, 282, 273, -1, 273, 282, 283, -1, 273, 283, 272, -1,
272, 283, 284, -1, 272, 284, 271, -1, 280, 276, 277, -1, 280, 277, 278, -1,
280, 278, 279, -1, 355, 356, 393, -1, 355, 393, 345, -1, 355, 345, 346, -1,
355, 346, 347, -1, 355, 347, 348, -1, 355, 348, 349, -1, 355, 349, 350, -1,
355, 350, 351, -1, 355, 351, 352, -1, 355, 352, 353, -1, 355, 353, 354, -1,
393, 356, 357, -1, 393, 357, 358, -1, 393, 358, 359, -1, 393, 359, 360, -1,
393, 360, 361, -1, 393, 361, 362, -1, 393, 362, 363, -1, 393, 363, 364, -1,
393, 364, 365, -1, 393, 365, 366, -1, 393, 366, 367, -1, 393, 367, 368, -1,
393, 368, 395, -1, 395, 368, 369, -1, 395, 369, 370, -1, 395, 370, 371, -1,
395, 371, 372, -1, 395, 372, 373, -1, 395, 373, 374, -1, 395, 374, 375, -1,
395, 375, 376, -1, 395, 376, 377, -1, 395, 377, 378, -1, 395, 378, 379, -1,
395, 379, 380, -1, 395, 380, 394, -1, 380, 381, 389, -1, 380, 389, 390, -1,
380, 390, 391, -1, 380, 391, 392, -1, 380, 392, 394, -1, 381, 382, 385, -1,
381, 385, 386, -1, 381, 386, 387, -1, 381, 387, 388, -1, 381, 388, 389, -1,
382, 383, 384, -1, 382, 384, 385, -1, 394, 392, 345, -1, 394, 345, 393, -1,
405, 406, 415, -1, 415, 406, 407, -1, 415, 407, 414, -1, 414, 407, 408, -1,
414, 408, 413, -1, 413, 408, 409, -1, 413, 409, 412, -1, 412, 409, 410, -1,
412, 410, 411, -1, 405, 415, 426, -1, 405, 426, 396, -1, 405, 396, 397, -1,
405, 397, 398, -1, 405, 398, 399, -1, 405, 399, 400, -1, 405, 400, 401, -1,
405, 401, 402, -1, 405, 402, 403, -1, 405, 403, 404, -1, 420, 422, 419, -1,
419, 422, 423, -1, 419, 423, 418, -1, 418, 423, 424, -1, 418, 424, 417, -1,
417, 424, 425, -1, 417, 425, 416, -1, 416, 425, 426, -1, 416, 426, 415, -1,
522, 523, 459, -1, 459, 523, 524, -1, 459, 524, 532, -1, 532, 524, 525, -1,
532, 525, 531, -1, 531, 525, 526, -1, 531, 526, 527, -1, 522, 459, 460, -1,
522, 460, 461, -1, 522, 461, 462, -1, 522, 462, 463, -1, 522, 463, 464, -1,
522, 464, 521, -1, 520, 521, 464, -1, 520, 464, 465, -1, 520, 465, 538, -1,
520, 538, 529, -1, 520, 529, 519, -1, 428, 429, 452, -1, 452, 429, 430, -1,
452, 430, 451, -1, 451, 430, 431, -1, 451, 431, 450, -1, 450, 431, 432, -1,
450, 432, 449, -1, 449, 432, 433, -1, 449, 433, 448, -1, 448, 433, 434, -1,
448, 434, 447, -1, 447, 434, 435, -1, 447, 435, 446, -1, 446, 435, 436, -1,
446, 436, 445, -1, 445, 436, 437, -1, 445, 437, 444, -1, 444, 437, 438, -1,
444, 438, 443, -1, 443, 438, 439, -1, 443, 439, 442, -1, 442, 439, 440, -1,
442, 440, 441, -1, 452, 453, 428, -1, 428, 453, 533, -1, 428, 533, 484, -1,
484, 533, 534, -1, 484, 534, 535, -1, 533, 453, 454, -1, 533, 454, 455, -1,
533, 455, 456, -1, 533, 456, 457, -1, 533, 457, 458, -1, 533, 458, 532, -1,
530, 531, 527, -1, 530, 527, 528, -1, 530, 528, 519, -1, 530, 519, 529, -1,
1473, 1474, 1495, -1, 1495, 1474, 1475, -1, 1495, 1475, 1494, -1, 1494, 1475, 1476, -1,
1494, 1476, 1493, -1, 1493, 1476, 1477, -1, 1493, 1477, 1492, -1, 1492, 1477, 1478, -1,
1492, 1478, 1491, -1, 1491, 1478, 1479, -1, 1491, 1479, 1490, -1, 1490, 1479, 1480, -1,
1490, 1480, 1489, -1, 1489, 1480, 1481, -1, 1489, 1481, 1488, -1, 1488, 1481, 1483, -1,
1488, 1483, 1486, -1, 1486, 1483, 1484, -1, 1486, 1484, 1485, -1, 3195, 3157, 3170, -1,
3170, 3157, 3158, -1, 3170, 3158, 3169, -1, 3169, 3158, 3159, -1, 3169, 3159, 3168, -1,
3168, 3159, 3160, -1, 3168, 3160, 3167, -1, 3167, 3160, 3162, -1, 3167, 3162, 3165, -1,
3165, 3162, 3163, -1, 3165, 3163, 3164, -1, 3195, 3170, 3171, -1, 3195, 3171, 3172, -1,
3195, 3172, 3173, -1, 3195, 3173, 3194, -1, 3194, 3173, 3174, -1, 3194, 3174, 3175, -1,
3194, 3175, 3176, -1, 3194, 3176, 3177, -1, 3194, 3177, 3178, -1, 3194, 3178, 3179, -1,
3194, 3179, 3180, -1, 3194, 3180, 3193, -1, 3100, 3101, 3189, -1, 3100, 3189, 3192, -1,
3100, 3192, 3193, -1, 3100, 3193, 3180, -1, 1473, 1495, 1399, -1, 1473, 1399, 1496, -1,
1473, 1496, 1497, -1, 1473, 1497, 1472, -1, 1497, 1498, 1466, -1, 1497, 1466, 1467, -1,
1497, 1467, 1468, -1, 1497, 1468, 1469, -1, 1497, 1469, 1470, -1, 1497, 1470, 1471, -1,
1497, 1471, 1472, -1, 1499, 1500, 1461, -1, 1499, 1461, 1462, -1, 1499, 1462, 1463, -1,
1499, 1463, 1464, -1, 1499, 1464, 1465, -1, 1499, 1465, 1466, -1, 1499, 1466, 1498, -1,
1501, 1502, 1456, -1, 1501, 1456, 1457, -1, 1501, 1457, 1458, -1, 1501, 1458, 1459, -1,
1501, 1459, 1460, -1, 1501, 1460, 1461, -1, 1501, 1461, 1500, -1, 1503, 1504, 1449, -1,
1503, 1449, 1450, -1, 1503, 1450, 1451, -1, 1503, 1451, 1452, -1, 1503, 1452, 1453, -1,
1503, 1453, 1454, -1, 1503, 1454, 1455, -1, 1503, 1455, 1456, -1, 1503, 1456, 1502, -1,
1435, 1438, 1434, -1, 1434, 1438, 1440, -1, 1434, 1440, 1432, -1, 1432, 1440, 1441, -1,
1432, 1441, 1431, -1, 1431, 1441, 1442, -1, 1431, 1442, 1430, -1, 1430, 1442, 1443, -1,
1430, 1443, 1429, -1, 1429, 1443, 1444, -1, 1429, 1444, 1428, -1, 1428, 1444, 1445, -1,
1428, 1445, 1427, -1, 1427, 1445, 1446, -1, 1427, 1446, 1426, -1, 1426, 1446, 1447, -1,
1426, 1447, 1425, -1, 1425, 1447, 1448, -1, 1425, 1448, 1424, -1, 1424, 1448, 1449, -1,
1424, 1449, 1504, -1, 496, 497, 508, -1, 508, 497, 498, -1, 508, 498, 507, -1,
507, 498, 499, -1, 507, 499, 506, -1, 506, 499, 500, -1, 506, 500, 505, -1,
505, 500, 501, -1, 505, 501, 504, -1, 504, 501, 502, -1, 504, 502, 503, -1,
509, 510, 495, -1, 509, 495, 496, -1, 509, 496, 508, -1, 490, 491, 514, -1,
514, 491, 492, -1, 514, 492, 513, -1, 513, 492, 493, -1, 513, 493, 512, -1,
512, 493, 494, -1, 512, 494, 511, -1, 511, 494, 495, -1, 511, 495, 510, -1,
515, 516, 487, -1, 515, 487, 488, -1, 515, 488, 489, -1, 515, 489, 490, -1,
515, 490, 514, -1, 516, 517, 485, -1, 516, 485, 486, -1, 516, 486, 487, -1,
518, 428, 484, -1, 518, 484, 485, -1, 518, 485, 517, -1, 536, 537, 479, -1,
536, 479, 480, -1, 536, 480, 481, -1, 536, 481, 482, -1, 536, 482, 483, -1,
536, 483, 484, -1, 536, 484, 535, -1, 538, 465, 478, -1, 538, 478, 479, -1,
538, 479, 537, -1, 470, 474, 469, -1, 469, 474, 475, -1, 469, 475, 468, -1,
468, 475, 476, -1, 468, 476, 467, -1, 467, 476, 477, -1, 467, 477, 466, -1,
466, 477, 478, -1, 466, 478, 465, -1, 474, 470, 471, -1, 474, 471, 472, -1,
474, 472, 473, -1, 549, 550, 587, -1, 549, 587, 539, -1, 549, 539, 540, -1,
549, 540, 541, -1, 549, 541, 542, -1, 549, 542, 543, -1, 549, 543, 544, -1,
549, 544, 545, -1, 549, 545, 546, -1, 549, 546, 547, -1, 549, 547, 548, -1,
587, 550, 551, -1, 587, 551, 552, -1, 587, 552, 553, -1, 587, 553, 554, -1,
587, 554, 555, -1, 587, 555, 556, -1, 587, 556, 557, -1, 587, 557, 558, -1,
587, 558, 559, -1, 587, 559, 560, -1, 587, 560, 561, -1, 587, 561, 562, -1,
587, 562, 589, -1, 589, 562, 563, -1, 589, 563, 564, -1, 589, 564, 565, -1,
589, 565, 566, -1, 589, 566, 567, -1, 589, 567, 568, -1, 589, 568, 569, -1,
589, 569, 570, -1, 589, 570, 571, -1, 589, 571, 572, -1, 589, 572, 573, -1,
589, 573, 574, -1, 589, 574, 588, -1, 574, 575, 583, -1, 574, 583, 584, -1,
574, 584, 585, -1, 574, 585, 586, -1, 574, 586, 588, -1, 575, 576, 579, -1,
575, 579, 580, -1, 575, 580, 581, -1, 575, 581, 582, -1, 575, 582, 583, -1,
576, 577, 578, -1, 576, 578, 579, -1, 588, 586, 539, -1, 588, 539, 587, -1,
599, 600, 609, -1, 609, 600, 601, -1, 609, 601, 608, -1, 608, 601, 602, -1,
608, 602, 607, -1, 607, 602, 603, -1, 607, 603, 606, -1, 606, 603, 604, -1,
606, 604, 605, -1, 599, 609, 620, -1, 599, 620, 590, -1, 599, 590, 591, -1,
599, 591, 592, -1, 599, 592, 593, -1, 599, 593, 594, -1, 599, 594, 595, -1,
599, 595, 596, -1, 599, 596, 597, -1, 599, 597, 598, -1, 614, 616, 613, -1,
613, 616, 617, -1, 613, 617, 612, -1, 612, 617, 618, -1, 612, 618, 611, -1,
611, 618, 619, -1, 611, 619, 610, -1, 610, 619, 620, -1, 610, 620, 609, -1,
631, 633, 630, -1, 630, 633, 634, -1, 630, 634, 629, -1, 629, 634, 635, -1,
629, 635, 628, -1, 628, 635, 636, -1, 628, 636, 627, -1, 627, 636, 637, -1,
627, 637, 626, -1, 626, 637, 638, -1, 626, 638, 625, -1, 625, 638, 639, -1,
625, 639, 624, -1, 624, 639, 640, -1, 624, 640, 623, -1, 623, 640, 641, -1,
623, 641, 622, -1, 642, 643, 675, -1, 642, 675, 676, -1, 642, 676, 677, -1,
644, 645, 668, -1, 644, 668, 669, -1, 644, 669, 670, -1, 644, 670, 671, -1,
644, 671, 673, -1, 644, 673, 674, -1, 644, 674, 675, -1, 644, 675, 643, -1,
668, 645, 646, -1, 668, 646, 647, -1, 668, 647, 648, -1, 668, 648, 649, -1,
668, 649, 667, -1, 649, 650, 661, -1, 649, 661, 662, -1, 649, 662, 663, -1,
649, 663, 664, -1, 649, 664, 665, -1, 649, 665, 666, -1, 649, 666, 667, -1,
650, 651, 658, -1, 650, 658, 659, -1, 650, 659, 660, -1, 650, 660, 661, -1,
654, 656, 653, -1, 653, 656, 657, -1, 653, 657, 652, -1, 652, 657, 658, -1,
652, 658, 651, -1, 715, 716, 730, -1, 730, 716, 717, -1, 730, 717, 728, -1,
728, 717, 718, -1, 728, 718, 727, -1, 727, 718, 719, -1, 727, 719, 726, -1,
726, 719, 720, -1, 726, 720, 725, -1, 725, 720, 721, -1, 725, 721, 724, -1,
724, 721, 722, -1, 724, 722, 723, -1, 786, 787, 739, -1, 739, 787, 788, -1,
739, 788, 738, -1, 738, 788, 789, -1, 738, 789, 737, -1, 737, 789, 790, -1,
737, 790, 736, -1, 736, 790, 791, -1, 736, 791, 735, -1, 735, 791, 792, -1,
735, 792, 734, -1, 734, 792, 793, -1, 734, 793, 733, -1, 733, 793, 794, -1,
733, 794, 732, -1, 732, 794, 795, -1, 732, 795, 731, -1, 731, 795, 714, -1,
731, 714, 715, -1, 708, 694, 707, -1, 707, 694, 695, -1, 707, 695, 706, -1,
706, 695, 696, -1, 706, 696, 705, -1, 705, 696, 697, -1, 705, 697, 704, -1,
704, 697, 698, -1, 704, 698, 703, -1, 703, 698, 699, -1, 703, 699, 702, -1,
702, 699, 700, -1, 702, 700, 701, -1, 765, 678, 683, -1, 683, 678, 679, -1,
683, 679, 682, -1, 682, 679, 680, -1, 682, 680, 681, -1, 765, 683, 804, -1,
804, 683, 684, -1, 804, 684, 803, -1, 803, 684, 685, -1, 803, 685, 802, -1,
802, 685, 686, -1, 802, 686, 801, -1, 801, 686, 687, -1, 801, 687, 800, -1,
800, 687, 688, -1, 800, 688, 799, -1, 799, 688, 689, -1, 799, 689, 798, -1,
798, 689, 690, -1, 798, 690, 797, -1, 797, 690, 691, -1, 797, 691, 796, -1,
796, 691, 692, -1, 796, 692, 693, -1, 694, 708, 709, -1, 694, 709, 795, -1,
694, 795, 796, -1, 694, 796, 693, -1, 795, 709, 710, -1, 795, 710, 711, -1,
795, 711, 712, -1, 795, 712, 713, -1, 795, 713, 714, -1, 742, 745, 741, -1,
741, 745, 746, -1, 741, 746, 740, -1, 740, 746, 785, -1, 740, 785, 786, -1,
755, 756, 775, -1, 775, 756, 757, -1, 775, 757, 774, -1, 774, 757, 758, -1,
774, 758, 773, -1, 773, 758, 759, -1, 773, 759, 772, -1, 772, 759, 760, -1,
772, 760, 771, -1, 771, 760, 761, -1, 771, 761, 770, -1, 770, 761, 762, -1,
770, 762, 769, -1, 769, 762, 763, -1, 769, 763, 768, -1, 768, 763, 764, -1,
768, 764, 767, -1, 767, 764, 678, -1, 767, 678, 766, -1, 766, 678, 765, -1,
784, 747, 783, -1, 783, 747, 748, -1, 783, 748, 782, -1, 782, 748, 749, -1,
782, 749, 781, -1, 781, 749, 750, -1, 781, 750, 780, -1, 780, 750, 751, -1,
780, 751, 779, -1, 779, 751, 752, -1, 779, 752, 778, -1, 778, 752, 753, -1,
778, 753, 777, -1, 777, 753, 754, -1, 777, 754, 776, -1, 776, 754, 755, -1,
776, 755, 775, -1, 785, 746, 747, -1, 785, 747, 784, -1, 743, 744, 745, -1,
743, 745, 742, -1, 805, 806, 838, -1, 805, 838, 839, -1, 805, 839, 840, -1,
807, 808, 831, -1, 807, 831, 832, -1, 807, 832, 833, -1, 807, 833, 834, -1,
807, 834, 836, -1, 807, 836, 837, -1, 807, 837, 838, -1, 807, 838, 806, -1,
831, 808, 809, -1, 831, 809, 810, -1, 831, 810, 811, -1, 831, 811, 812, -1,
831, 812, 830, -1, 812, 813, 824, -1, 812, 824, 825, -1, 812, 825, 826, -1,
812, 826, 827, -1, 812, 827, 828, -1, 812, 828, 829, -1, 812, 829, 830, -1,
813, 814, 821, -1, 813, 821, 822, -1, 813, 822, 823, -1, 813, 823, 824, -1,
817, 819, 816, -1, 816, 819, 820, -1, 816, 820, 815, -1, 815, 820, 821, -1,
815, 821, 814, -1, 900, 901, 918, -1, 918, 901, 902, -1, 918, 902, 917, -1,
917, 902, 903, -1, 917, 903, 916, -1, 916, 903, 904, -1, 916, 904, 915, -1,
915, 904, 905, -1, 915, 905, 914, -1, 914, 905, 906, -1, 914, 906, 913, -1,
913, 906, 908, -1, 913, 908, 911, -1, 911, 908, 909, -1, 911, 909, 910, -1,
900, 918, 919, -1, 900, 919, 867, -1, 900, 867, 868, -1, 900, 868, 899, -1,
868, 869, 897, -1, 868, 897, 898, -1, 868, 898, 899, -1, 870, 871, 890, -1,
870, 890, 891, -1, 870, 891, 892, -1, 870, 892, 893, -1, 870, 893, 894, -1,
870, 894, 895, -1, 870, 895, 896, -1, 870, 896, 897, -1, 870, 897, 869, -1,
872, 873, 883, -1, 872, 883, 884, -1, 872, 884, 885, -1, 872, 885, 886, -1,
872, 886, 887, -1, 872, 887, 888, -1, 872, 888, 889, -1, 872, 889, 890, -1,
872, 890, 871, -1, 880, 881, 875, -1, 875, 881, 882, -1, 875, 882, 874, -1,
874, 882, 883, -1, 874, 883, 873, -1, 876, 877, 879, -1, 876, 879, 880, -1,
876, 880, 875, -1, 850, 851, 856, -1, 856, 851, 852, -1, 856, 852, 854, -1,
854, 852, 853, -1, 848, 849, 858, -1, 848, 858, 859, -1, 848, 859, 860, -1,
848, 860, 861, -1, 848, 861, 862, -1, 848, 862, 863, -1, 848, 863, 930, -1,
848, 930, 931, -1, 848, 931, 841, -1, 848, 841, 842, -1, 848, 842, 847, -1,
843, 844, 846, -1, 843, 846, 847, -1, 843, 847, 842, -1, 935, 936, 934, -1,
934, 936, 937, -1, 934, 937, 933, -1, 933, 937, 938, -1, 933, 938, 939, -1,
939, 940, 931, -1, 939, 931, 932, -1, 939, 932, 933, -1, 931, 940, 941, -1,
931, 941, 942, -1, 931, 942, 943, -1, 931, 943, 944, -1, 931, 944, 841, -1,
850, 856, 857, -1, 850, 857, 858, -1, 850, 858, 849, -1, 867, 919, 920, -1,
867, 920, 921, -1, 867, 921, 922, -1, 867, 922, 866, -1, 865, 866, 922, -1,
865, 922, 923, -1, 865, 923, 924, -1, 865, 924, 925, -1, 865, 925, 926, -1,
865, 926, 927, -1, 865, 927, 928, -1, 865, 928, 929, -1, 865, 929, 864, -1,
930, 863, 864, -1, 930, 864, 929, -1, 971, 972, 959, -1, 959, 972, 945, -1,
959, 945, 952, -1, 952, 945, 946, -1, 952, 946, 951, -1, 951, 946, 947, -1,
951, 947, 950, -1, 950, 947, 948, -1, 950, 948, 949, -1, 965, 966, 959, -1,
965, 959, 960, -1, 965, 960, 961, -1, 965, 961, 962, -1, 965, 962, 964, -1,
959, 966, 967, -1, 959, 967, 968, -1, 959, 968, 969, -1, 959, 969, 970, -1,
959, 970, 971, -1, 952, 953, 955, -1, 952, 955, 956, -1, 952, 956, 957, -1,
952, 957, 958, -1, 952, 958, 959, -1, 1022, 973, 978, -1, 978, 973, 974, -1,
978, 974, 977, -1, 977, 974, 975, -1, 977, 975, 976, -1, 1022, 978, 1061, -1,
1061, 978, 979, -1, 1061, 979, 1060, -1, 1060, 979, 980, -1, 1060, 980, 1059, -1,
1059, 980, 981, -1, 1059, 981, 1058, -1, 1058, 981, 982, -1, 1058, 982, 1057, -1,
1057, 982, 983, -1, 1057, 983, 1056, -1, 1056, 983, 984, -1, 1056, 984, 1055, -1,
1055, 984, 985, -1, 1055, 985, 1054, -1, 1054, 985, 986, -1, 1054, 986, 1053, -1,
1053, 986, 987, -1, 1053, 987, 988, -1, 1043, 1044, 996, -1, 996, 1044, 1045, -1,
996, 1045, 995, -1, 995, 1045, 1046, -1, 995, 1046, 994, -1, 994, 1046, 1047, -1,
994, 1047, 993, -1, 993, 1047, 1048, -1, 993, 1048, 992, -1, 992, 1048, 1049, -1,
992, 1049, 991, -1, 991, 1049, 1050, -1, 991, 1050, 990, -1, 990, 1050, 1051, -1,
990, 1051, 989, -1, 989, 1051, 1052, -1, 989, 1052, 988, -1, 988, 1052, 1053, -1,
999, 1002, 998, -1, 998, 1002, 1003, -1, 998, 1003, 997, -1, 997, 1003, 1042, -1,
997, 1042, 1043, -1, 1012, 1013, 1032, -1, 1032, 1013, 1014, -1, 1032, 1014, 1031, -1,
1031, 1014, 1015, -1, 1031, 1015, 1030, -1, 1030, 1015, 1016, -1, 1030, 1016, 1029, -1,
1029, 1016, 1017, -1, 1029, 1017, 1028, -1, 1028, 1017, 1018, -1, 1028, 1018, 1027, -1,
1027, 1018, 1019, -1, 1027, 1019, 1026, -1, 1026, 1019, 1020, -1, 1026, 1020, 1025, -1,
1025, 1020, 1021, -1, 1025, 1021, 1024, -1, 1024, 1021, 973, -1, 1024, 973, 1023, -1,
1023, 973, 1022, -1, 1041, 1004, 1040, -1, 1040, 1004, 1005, -1, 1040, 1005, 1039, -1,
1039, 1005, 1006, -1, 1039, 1006, 1038, -1, 1038, 1006, 1007, -1, 1038, 1007, 1037, -1,
1037, 1007, 1008, -1, 1037, 1008, 1036, -1, 1036, 1008, 1009, -1, 1036, 1009, 1035, -1,
1035, 1009, 1010, -1, 1035, 1010, 1034, -1, 1034, 1010, 1011, -1, 1034, 1011, 1033, -1,
1033, 1011, 1012, -1, 1033, 1012, 1032, -1, 1042, 1003, 1004, -1, 1042, 1004, 1041, -1,
1000, 1001, 1002, -1, 1000, 1002, 999, -1, 1111, 1062, 1067, -1, 1067, 1062, 1063, -1,
1067, 1063, 1066, -1, 1066, 1063, 1064, -1, 1066, 1064, 1065, -1, 1111, 1067, 1150, -1,
1150, 1067, 1068, -1, 1150, 1068, 1149, -1, 1149, 1068, 1069, -1, 1149, 1069, 1148, -1,
1148, 1069, 1070, -1, 1148, 1070, 1147, -1, 1147, 1070, 1071, -1, 1147, 1071, 1146, -1,
1146, 1071, 1072, -1, 1146, 1072, 1145, -1, 1145, 1072, 1073, -1, 1145, 1073, 1144, -1,
1144, 1073, 1074, -1, 1144, 1074, 1143, -1, 1143, 1074, 1075, -1, 1143, 1075, 1142, -1,
1142, 1075, 1076, -1, 1142, 1076, 1077, -1, 1132, 1133, 1085, -1, 1085, 1133, 1134, -1,
1085, 1134, 1084, -1, 1084, 1134, 1135, -1, 1084, 1135, 1083, -1, 1083, 1135, 1136, -1,
1083, 1136, 1082, -1, 1082, 1136, 1137, -1, 1082, 1137, 1081, -1, 1081, 1137, 1138, -1,
1081, 1138, 1080, -1, 1080, 1138, 1139, -1, 1080, 1139, 1079, -1, 1079, 1139, 1140, -1,
1079, 1140, 1078, -1, 1078, 1140, 1141, -1, 1078, 1141, 1077, -1, 1077, 1141, 1142, -1,
1088, 1091, 1087, -1, 1087, 1091, 1092, -1, 1087, 1092, 1086, -1, 1086, 1092, 1131, -1,
1086, 1131, 1132, -1, 1101, 1102, 1121, -1, 1121, 1102, 1103, -1, 1121, 1103, 1120, -1,
1120, 1103, 1104, -1, 1120, 1104, 1119, -1, 1119, 1104, 1105, -1, 1119, 1105, 1118, -1,
1118, 1105, 1106, -1, 1118, 1106, 1117, -1, 1117, 1106, 1107, -1, 1117, 1107, 1116, -1,
1116, 1107, 1108, -1, 1116, 1108, 1115, -1, 1115, 1108, 1109, -1, 1115, 1109, 1114, -1,
1114, 1109, 1110, -1, 1114, 1110, 1113, -1, 1113, 1110, 1062, -1, 1113, 1062, 1112, -1,
1112, 1062, 1111, -1, 1130, 1093, 1129, -1, 1129, 1093, 1094, -1, 1129, 1094, 1128, -1,
1128, 1094, 1095, -1, 1128, 1095, 1127, -1, 1127, 1095, 1096, -1, 1127, 1096, 1126, -1,
1126, 1096, 1097, -1, 1126, 1097, 1125, -1, 1125, 1097, 1098, -1, 1125, 1098, 1124, -1,
1124, 1098, 1099, -1, 1124, 1099, 1123, -1, 1123, 1099, 1100, -1, 1123, 1100, 1122, -1,
1122, 1100, 1101, -1, 1122, 1101, 1121, -1, 1131, 1092, 1093, -1, 1131, 1093, 1130, -1,
1089, 1090, 1091, -1, 1089, 1091, 1088, -1, 1244, 1245, 1250, -1, 1250, 1245, 1246, -1,
1250, 1246, 1249, -1, 1249, 1246, 1247, -1, 1249, 1247, 1248, -1, 1244, 1250, 1251, -1,
1244, 1251, 1252, -1, 1244, 1252, 1253, -1, 1244, 1253, 1254, -1, 1244, 1254, 1243, -1,
1255, 1256, 1240, -1, 1255, 1240, 1241, -1, 1255, 1241, 1242, -1, 1255, 1242, 1243, -1,
1255, 1243, 1254, -1, 1240, 1256, 1257, -1, 1240, 1257, 1258, -1, 1240, 1258, 1259, -1,
1240, 1259, 1260, -1, 1240, 1260, 1261, -1, 1240, 1261, 1262, -1, 1240, 1262, 1239, -1,
1238, 1239, 1262, -1, 1238, 1262, 1263, -1, 1238, 1263, 1264, -1, 1238, 1264, 1265, -1,
1238, 1265, 1266, -1, 1238, 1266, 1267, -1, 1238, 1267, 1268, -1, 1238, 1268, 1269, -1,
1238, 1269, 1237, -1, 1270, 1271, 1236, -1, 1270, 1236, 1237, -1, 1270, 1237, 1269, -1,
1236, 1271, 1272, -1, 1236, 1272, 1273, -1, 1236, 1273, 1274, -1, 1236, 1274, 1235, -1,
1235, 1274, 1234, -1, 1234, 1274, 1151, -1, 1234, 1151, 1233, -1, 1233, 1151, 1192, -1,
1233, 1192, 1193, -1, 1219, 1220, 1218, -1, 1218, 1220, 1221, -1, 1218, 1221, 1217, -1,
1217, 1221, 1222, -1, 1217, 1222, 1223, -1, 1223, 1224, 1213, -1, 1223, 1213, 1214, -1,
1223, 1214, 1215, -1, 1223, 1215, 1216, -1, 1223, 1216, 1217, -1, 1212, 1213, 1224, -1,
1212, 1224, 1225, -1, 1212, 1225, 1226, -1, 1212, 1226, 1227, -1, 1212, 1227, 1211, -1,
1227, 1228, 1205, -1, 1227, 1205, 1206, -1, 1227, 1206, 1207, -1, 1227, 1207, 1208, -1,
1227, 1208, 1209, -1, 1227, 1209, 1210, -1, 1227, 1210, 1211, -1, 1229, 1230, 1198, -1,
1229, 1198, 1199, -1, 1229, 1199, 1200, -1, 1229, 1200, 1201, -1, 1229, 1201, 1202, -1,
1229, 1202, 1203, -1, 1229, 1203, 1204, -1, 1229, 1204, 1205, -1, 1229, 1205, 1228, -1,
1195, 1196, 1231, -1, 1231, 1196, 1197, -1, 1231, 1197, 1230, -1, 1230, 1197, 1198, -1,
1231, 1232, 1193, -1, 1231, 1193, 1194, -1, 1231, 1194, 1195, -1, 1171, 1173, 1170, -1,
1170, 1173, 1175, -1, 1170, 1175, 1168, -1, 1168, 1175, 1176, -1, 1168, 1176, 1167, -1,
1167, 1176, 1177, -1, 1167, 1177, 1166, -1, 1166, 1177, 1178, -1, 1166, 1178, 1165, -1,
1165, 1178, 1179, -1, 1165, 1179, 1164, -1, 1164, 1179, 1180, -1, 1164, 1180, 1163, -1,
1163, 1180, 1181, -1, 1163, 1181, 1162, -1, 1162, 1181, 1182, -1, 1162, 1182, 1161, -1,
1161, 1182, 1183, -1, 1161, 1183, 1160, -1, 1160, 1183, 1184, -1, 1160, 1184, 1159, -1,
1159, 1184, 1185, -1, 1159, 1185, 1158, -1, 1158, 1185, 1186, -1, 1158, 1186, 1157, -1,
1157, 1186, 1187, -1, 1157, 1187, 1156, -1, 1156, 1187, 1188, -1, 1156, 1188, 1155, -1,
1155, 1188, 1189, -1, 1155, 1189, 1154, -1, 1154, 1189, 1190, -1, 1154, 1190, 1153, -1,
1153, 1190, 1191, -1, 1153, 1191, 1152, -1, 1152, 1191, 1192, -1, 1152, 1192, 1151, -1,
1368, 1369, 1374, -1, 1374, 1369, 1370, -1, 1374, 1370, 1373, -1, 1373, 1370, 1371, -1,
1373, 1371, 1372, -1, 1368, 1374, 1375, -1, 1368, 1375, 1376, -1, 1368, 1376, 1377, -1,
1368, 1377, 1378, -1, 1368, 1378, 1367, -1, 1379, 1380, 1364, -1, 1379, 1364, 1365, -1,
1379, 1365, 1366, -1, 1379, 1366, 1367, -1, 1379, 1367, 1378, -1, 1364, 1380, 1381, -1,
1364, 1381, 1382, -1, 1364, 1382, 1383, -1, 1364, 1383, 1384, -1, 1364, 1384, 1385, -1,
1364, 1385, 1386, -1, 1364, 1386, 1363, -1, 1362, 1363, 1386, -1, 1362, 1386, 1387, -1,
1362, 1387, 1388, -1, 1362, 1388, 1389, -1, 1362, 1389, 1390, -1, 1362, 1390, 1391, -1,
1362, 1391, 1392, -1, 1362, 1392, 1393, -1, 1362, 1393, 1361, -1, 1394, 1395, 1360, -1,
1394, 1360, 1361, -1, 1394, 1361, 1393, -1, 1360, 1395, 1396, -1, 1360, 1396, 1397, -1,
1360, 1397, 1398, -1, 1360, 1398, 1359, -1, 1359, 1398, 1358, -1, 1358, 1398, 1275, -1,
1358, 1275, 1357, -1, 1357, 1275, 1316, -1, 1357, 1316, 1317, -1, 1343, 1344, 1342, -1,
1342, 1344, 1345, -1, 1342, 1345, 1341, -1, 1341, 1345, 1346, -1, 1341, 1346, 1347, -1,
1347, 1348, 1337, -1, 1347, 1337, 1338, -1, 1347, 1338, 1339, -1, 1347, 1339, 1340, -1,
1347, 1340, 1341, -1, 1336, 1337, 1348, -1, 1336, 1348, 1349, -1, 1336, 1349, 1350, -1,
1336, 1350, 1351, -1, 1336, 1351, 1335, -1, 1351, 1352, 1329, -1, 1351, 1329, 1330, -1,
1351, 1330, 1331, -1, 1351, 1331, 1332, -1, 1351, 1332, 1333, -1, 1351, 1333, 1334, -1,
1351, 1334, 1335, -1, 1353, 1354, 1322, -1, 1353, 1322, 1323, -1, 1353, 1323, 1324, -1,
1353, 1324, 1325, -1, 1353, 1325, 1326, -1, 1353, 1326, 1327, -1, 1353, 1327, 1328, -1,
1353, 1328, 1329, -1, 1353, 1329, 1352, -1, 1319, 1320, 1355, -1, 1355, 1320, 1321, -1,
1355, 1321, 1354, -1, 1354, 1321, 1322, -1, 1355, 1356, 1317, -1, 1355, 1317, 1318, -1,
1355, 1318, 1319, -1, 1295, 1297, 1294, -1, 1294, 1297, 1299, -1, 1294, 1299, 1292, -1,
1292, 1299, 1300, -1, 1292, 1300, 1291, -1, 1291, 1300, 1301, -1, 1291, 1301, 1290, -1,
1290, 1301, 1302, -1, 1290, 1302, 1289, -1, 1289, 1302, 1303, -1, 1289, 1303, 1288, -1,
1288, 1303, 1304, -1, 1288, 1304, 1287, -1, 1287, 1304, 1305, -1, 1287, 1305, 1286, -1,
1286, 1305, 1306, -1, 1286, 1306, 1285, -1, 1285, 1306, 1307, -1, 1285, 1307, 1284, -1,
1284, 1307, 1308, -1, 1284, 1308, 1283, -1, 1283, 1308, 1309, -1, 1283, 1309, 1282, -1,
1282, 1309, 1310, -1, 1282, 1310, 1281, -1, 1281, 1310, 1311, -1, 1281, 1311, 1280, -1,
1280, 1311, 1312, -1, 1280, 1312, 1279, -1, 1279, 1312, 1313, -1, 1279, 1313, 1278, -1,
1278, 1313, 1314, -1, 1278, 1314, 1277, -1, 1277, 1314, 1315, -1, 1277, 1315, 1276, -1,
1276, 1315, 1316, -1, 1276, 1316, 1275, -1, 1436, 1437, 1438, -1, 1436, 1438, 1435, -1,
1496, 1399, 1400, -1, 1496, 1400, 1401, -1, 1496, 1401, 1402, -1, 1496, 1402, 1403, -1,
1496, 1403, 1404, -1, 1496, 1404, 1405, -1, 1496, 1405, 1406, -1, 1496, 1406, 1511, -1,
1510, 1511, 1406, -1, 1510, 1406, 1407, -1, 1510, 1407, 1408, -1, 1510, 1408, 1409, -1,
1510, 1409, 1410, -1, 1510, 1410, 1411, -1, 1510, 1411, 1509, -1, 1508, 1509, 1411, -1,
1508, 1411, 1412, -1, 1508, 1412, 1413, -1, 1508, 1413, 1414, -1, 1508, 1414, 1415, -1,
1508, 1415, 1416, -1, 1508, 1416, 1507, -1, 1506, 1507, 1416, -1, 1506, 1416, 1417, -1,
1506, 1417, 1418, -1, 1506, 1418, 1419, -1, 1506, 1419, 1420, -1, 1506, 1420, 1421, -1,
1506, 1421, 1422, -1, 1506, 1422, 1423, -1, 1506, 1423, 1505, -1, 1505, 1423, 1424, -1,
1505, 1424, 1504, -1, 1586, 1587, 1512, -1, 1586, 1512, 1513, -1, 1586, 1513, 1539, -1,
1586, 1539, 1540, -1, 1586, 1540, 1585, -1, 1570, 1571, 1564, -1, 1570, 1564, 1565, -1,
1570, 1565, 1566, -1, 1570, 1566, 1567, -1, 1570, 1567, 1568, -1, 1570, 1568, 1569, -1,
1572, 1573, 1561, -1, 1572, 1561, 1562, -1, 1572, 1562, 1563, -1, 1572, 1563, 1564, -1,
1572, 1564, 1571, -1, 1573, 1574, 1557, -1, 1573, 1557, 1558, -1, 1573, 1558, 1559, -1,
1573, 1559, 1560, -1, 1573, 1560, 1561, -1, 1575, 1576, 1550, -1, 1575, 1550, 1551, -1,
1575, 1551, 1552, -1, 1575, 1552, 1553, -1, 1575, 1553, 1554, -1, 1575, 1554, 1555, -1,
1575, 1555, 1556, -1, 1575, 1556, 1557, -1, 1575, 1557, 1574, -1, 1550, 1576, 1577, -1,
1550, 1577, 1578, -1, 1550, 1578, 1579, -1, 1550, 1579, 1580, -1, 1550, 1580, 1581, -1,
1550, 1581, 1549, -1, 1581, 1582, 1545, -1, 1581, 1545, 1546, -1, 1581, 1546, 1547, -1,
1581, 1547, 1548, -1, 1581, 1548, 1549, -1, 1583, 1584, 1540, -1, 1583, 1540, 1541, -1,
1583, 1541, 1542, -1, 1583, 1542, 1543, -1, 1583, 1543, 1544, -1, 1583, 1544, 1545, -1,
1583, 1545, 1582, -1, 1513, 1514, 1533, -1, 1513, 1533, 1534, -1, 1513, 1534, 1535, -1,
1513, 1535, 1536, -1, 1513, 1536, 1537, -1, 1513, 1537, 1538, -1, 1513, 1538, 1539, -1,
1515, 1516, 1529, -1, 1515, 1529, 1530, -1, 1515, 1530, 1531, -1, 1515, 1531, 1532, -1,
1515, 1532, 1533, -1, 1515, 1533, 1514, -1, 1516, 1517, 1526, -1, 1516, 1526, 1527, -1,
1516, 1527, 1528, -1, 1516, 1528, 1529, -1, 1518, 1519, 1523, -1, 1518, 1523, 1524, -1,
1518, 1524, 1525, -1, 1518, 1525, 1526, -1, 1518, 1526, 1517, -1, 1522, 1523, 1519, -1,
1522, 1519, 1520, -1, 1522, 1520, 1521, -1, 1633, 1588, 1589, -1, 1633, 1589, 1590, -1,
1633, 1590, 1591, -1, 1633, 1591, 1592, -1, 1633, 1592, 1593, -1, 1633, 1593, 1594, -1,
1633, 1594, 1595, -1, 1633, 1595, 1596, -1, 1633, 1596, 1632, -1, 1596, 1597, 1621, -1,
1596, 1621, 1622, -1, 1596, 1622, 1623, -1, 1596, 1623, 1624, -1, 1596, 1624, 1625, -1,
1596, 1625, 1626, -1, 1596, 1626, 1627, -1, 1596, 1627, 1628, -1, 1596, 1628, 1629, -1,
1596, 1629, 1630, -1, 1596, 1630, 1631, -1, 1596, 1631, 1632, -1, 1597, 1598, 1608, -1,
1597, 1608, 1609, -1, 1597, 1609, 1610, -1, 1597, 1610, 1611, -1, 1597, 1611, 1612, -1,
1597, 1612, 1613, -1, 1597, 1613, 1614, -1, 1597, 1614, 1615, -1, 1597, 1615, 1616, -1,
1597, 1616, 1617, -1, 1597, 1617, 1618, -1, 1597, 1618, 1619, -1, 1597, 1619, 1620, -1,
1597, 1620, 1621, -1, 1608, 1598, 1599, -1, 1608, 1599, 1600, -1, 1608, 1600, 1601, -1,
1608, 1601, 1602, -1, 1608, 1602, 1603, -1, 1608, 1603, 1604, -1, 1608, 1604, 1607, -1,
1605, 1606, 1607, -1, 1605, 1607, 1604, -1, 1659, 1634, 1635, -1, 1659, 1635, 1636, -1,
1659, 1636, 1637, -1, 1659, 1637, 1638, -1, 1659, 1638, 1658, -1, 1638, 1639, 1652, -1,
1638, 1652, 1653, -1, 1638, 1653, 1654, -1, 1638, 1654, 1655, -1, 1638, 1655, 1656, -1,
1638, 1656, 1657, -1, 1638, 1657, 1658, -1, 1639, 1640, 1646, -1, 1639, 1646, 1647, -1,
1639, 1647, 1648, -1, 1639, 1648, 1649, -1, 1639, 1649, 1650, -1, 1639, 1650, 1651, -1,
1639, 1651, 1652, -1, 1646, 1640, 1641, -1, 1646, 1641, 1642, -1, 1646, 1642, 1643, -1,
1646, 1643, 1645, -1, 2227, 2228, 2245, -1, 2245, 2228, 2229, -1, 2245, 2229, 2244, -1,
2244, 2229, 2230, -1, 2244, 2230, 2243, -1, 2243, 2230, 2231, -1, 2243, 2231, 2242, -1,
2242, 2231, 2232, -1, 2242, 2232, 2241, -1, 2241, 2232, 2233, -1, 2241, 2233, 2240, -1,
2240, 2233, 2235, -1, 2240, 2235, 2238, -1, 2238, 2235, 2236, -1, 2238, 2236, 2237, -1,
2227, 2245, 1986, -1, 2227, 1986, 2246, -1, 2227, 2246, 2247, -1, 2227, 2247, 2226, -1,
2247, 2248, 2224, -1, 2247, 2224, 2225, -1, 2247, 2225, 2226, -1, 2249, 2250, 2217, -1,
2249, 2217, 2218, -1, 2249, 2218, 2219, -1, 2249, 2219, 2220, -1, 2249, 2220, 2221, -1,
2249, 2221, 2222, -1, 2249, 2222, 2223, -1, 2249, 2223, 2224, -1, 2249, 2224, 2248, -1,
2251, 2252, 2210, -1, 2251, 2210, 2211, -1, 2251, 2211, 2212, -1, 2251, 2212, 2213, -1,
2251, 2213, 2214, -1, 2251, 2214, 2215, -1, 2251, 2215, 2216, -1, 2251, 2216, 2217, -1,
2251, 2217, 2250, -1, 2253, 2254, 2207, -1, 2253, 2207, 2208, -1, 2253, 2208, 2209, -1,
2253, 2209, 2210, -1, 2253, 2210, 2252, -1, 1916, 1917, 2191, -1, 1916, 2191, 2192, -1,
1916, 2192, 2204, -1, 1916, 2204, 2205, -1, 1916, 2205, 2206, -1, 1916, 2206, 2207, -1,
1916, 2207, 2254, -1, 1916, 2254, 2255, -1, 1916, 2255, 2006, -1, 1916, 2006, 1985, -1,
2187, 2188, 1919, -1, 1919, 2188, 2189, -1, 1919, 2189, 1918, -1, 1918, 2189, 2190, -1,
1918, 2190, 1917, -1, 1917, 2190, 2191, -1, 1669, 1670, 1679, -1, 1679, 1670, 1671, -1,
1679, 1671, 1678, -1, 1678, 1671, 1672, -1, 1678, 1672, 1677, -1, 1677, 1672, 1673, -1,
1677, 1673, 1676, -1, 1676, 1673, 1674, -1, 1676, 1674, 1675, -1, 1669, 1679, 1690, -1,
1669, 1690, 1660, -1, 1669, 1660, 1661, -1, 1669, 1661, 1662, -1, 1669, 1662, 1663, -1,
1669, 1663, 1664, -1, 1669, 1664, 1665, -1, 1669, 1665, 1666, -1, 1669, 1666, 1667, -1,
1669, 1667, 1668, -1, 1684, 1686, 1683, -1, 1683, 1686, 1687, -1, 1683, 1687, 1682, -1,
1682, 1687, 1688, -1, 1682, 1688, 1681, -1, 1681, 1688, 1689, -1, 1681, 1689, 1680, -1,
1680, 1689, 1690, -1, 1680, 1690, 1679, -1, 1713, 1714, 1696, -1, 1696, 1714, 1715, -1,
1696, 1715, 1695, -1, 1695, 1715, 1716, -1, 1695, 1716, 1694, -1, 1694, 1716, 1717, -1,
1694, 1717, 1693, -1, 1693, 1717, 1718, -1, 1693, 1718, 1692, -1, 1713, 1696, 1697, -1,
1713, 1697, 1698, -1, 1713, 1698, 1699, -1, 1713, 1699, 1700, -1, 1713, 1700, 1701, -1,
1713, 1701, 1702, -1, 1713, 1702, 1703, -1, 1713, 1703, 1712, -1, 1707, 1709, 1706, -1,
1706, 1709, 1710, -1, 1706, 1710, 1705, -1, 1705, 1710, 1711, -1, 1705, 1711, 1704, -1,
1704, 1711, 1712, -1, 1704, 1712, 1703, -1, 4783, 4737, 4780, -1, 4783, 4780, 4782, -1,
4780, 4737, 4779, -1, 4779, 4737, 4738, -1, 4779, 4738, 4778, -1, 4778, 4738, 4739, -1,
4741, 4742, 4777, -1, 4741, 4777, 4778, -1, 4741, 4778, 4740, -1, 4775, 4776, 4744, -1,
4744, 4776, 4777, -1, 4744, 4777, 4743, -1, 4744, 4745, 4771, -1, 4744, 4771, 4772, -1,
4744, 4772, 4773, -1, 4744, 4773, 4774, -1, 4744, 4774, 4775, -1, 4745, 4746, 4756, -1,
4745, 4756, 4757, -1, 4745, 4757, 4758, -1, 4745, 4758, 4759, -1, 4745, 4759, 4760, -1,
4745, 4760, 4761, -1, 4745, 4761, 4762, -1, 4745, 4762, 4763, -1, 4745, 4763, 4764, -1,
4745, 4764, 4765, -1, 4745, 4765, 4766, -1, 4745, 4766, 4767, -1, 4745, 4767, 4768, -1,
4745, 4768, 4769, -1, 4745, 4769, 4770, -1, 4745, 4770, 4771, -1, 4756, 4746, 4747, -1,
4756, 4747, 4748, -1, 4756, 4748, 4749, -1, 4756, 4749, 4750, -1, 4756, 4750, 4751, -1,
4756, 4751, 4752, -1, 4756, 4752, 4755, -1, 4752, 4753, 4754, -1, 4752, 4754, 4755, -1,
1725, 1726, 1722, -1, 1725, 1722, 1723, -1, 1725, 1723, 1724, -1, 1727, 1728, 1720, -1,
1727, 1720, 1721, -1, 1727, 1721, 1722, -1, 1727, 1722, 1726, -1, 1719, 1720, 1728, -1,
1719, 1728, 1745, -1, 1748, 1728, 1729, -1, 1748, 1729, 1743, -1, 1736, 1739, 1735, -1,
1735, 1739, 1740, -1, 1735, 1740, 1734, -1, 1734, 1740, 1741, -1, 1734, 1741, 1733, -1,
1733, 1741, 1742, -1, 1733, 1742, 1732, -1, 1732, 1742, 1743, -1, 1737, 1739, 1736, -1,
1789, 1809, 1788, -1, 1788, 1809, 1875, -1, 1788, 1875, 1787, -1, 1787, 1875, 1876, -1,
1787, 1876, 1786, -1, 1786, 1876, 1877, -1, 1786, 1877, 1785, -1, 1785, 1877, 1878, -1,
1785, 1878, 1784, -1, 1784, 1878, 1879, -1, 1784, 1879, 1783, -1, 1783, 1879, 1880, -1,
1783, 1880, 1782, -1, 1782, 1880, 1881, -1, 1782, 1881, 1781, -1, 1781, 1881, 1882, -1,
1781, 1882, 1780, -1, 1780, 1882, 1883, -1, 1780, 1883, 1884, -1, 1886, 1772, 1885, -1,
1885, 1772, 1773, -1, 1885, 1773, 1884, -1, 1884, 1773, 1779, -1, 1884, 1779, 1780, -1,
1774, 1775, 1778, -1, 1774, 1778, 1779, -1, 1774, 1779, 1773, -1, 1776, 1777, 1778, -1,
1776, 1778, 1775, -1, 1864, 1749, 1754, -1, 1754, 1749, 1750, -1, 1754, 1750, 1753, -1,
1753, 1750, 1751, -1, 1753, 1751, 1752, -1, 1864, 1754, 1903, -1, 1903, 1754, 1755, -1,
1903, 1755, 1902, -1, 1902, 1755, 1756, -1, 1902, 1756, 1901, -1, 1901, 1756, 1757, -1,
1901, 1757, 1900, -1, 1900, 1757, 1758, -1, 1900, 1758, 1899, -1, 1899, 1758, 1759, -1,
1899, 1759, 1898, -1, 1898, 1759, 1760, -1, 1898, 1760, 1897, -1, 1897, 1760, 1761, -1,
1897, 1761, 1896, -1, 1896, 1761, 1762, -1, 1896, 1762, 1895, -1, 1895, 1762, 1763, -1,
1895, 1763, 1764, -1, 1895, 1764, 1894, -1, 1894, 1764, 1765, -1, 1894, 1765, 1893, -1,
1893, 1765, 1766, -1, 1893, 1766, 1892, -1, 1892, 1766, 1767, -1, 1892, 1767, 1891, -1,
1891, 1767, 1768, -1, 1891, 1768, 1890, -1, 1890, 1768, 1769, -1, 1890, 1769, 1889, -1,
1889, 1769, 1770, -1, 1889, 1770, 1888, -1, 1888, 1770, 1771, -1, 1888, 1771, 1887, -1,
1887, 1771, 1772, -1, 1887, 1772, 1886, -1, 1854, 1855, 1822, -1, 1822, 1855, 1857, -1,
1822, 1857, 1872, -1, 1872, 1857, 1858, -1, 1872, 1858, 1871, -1, 1871, 1858, 1859, -1,
1871, 1859, 1870, -1, 1870, 1859, 1860, -1, 1870, 1860, 1869, -1, 1869, 1860, 1861, -1,
1869, 1861, 1868, -1, 1868, 1861, 1862, -1, 1868, 1862, 1867, -1, 1867, 1862, 1863, -1,
1867, 1863, 1866, -1, 1866, 1863, 1749, -1, 1866, 1749, 1865, -1, 1865, 1749, 1864, -1,
1819, 1820, 1874, -1, 1874, 1820, 1821, -1, 1874, 1821, 1873, -1, 1873, 1821, 1822, -1,
1873, 1822, 1872, -1, 1819, 1874, 1875, -1, 1819, 1875, 1809, -1, 1819, 1809, 1810, -1,
1819, 1810, 1811, -1, 1819, 1811, 1812, -1, 1819, 1812, 1814, -1, 1819, 1814, 1815, -1,
1819, 1815, 1816, -1, 1819, 1816, 1817, -1, 1819, 1817, 1818, -1, 1790, 1791, 1802, -1,
1790, 1802, 1803, -1, 1790, 1803, 1804, -1, 1790, 1804, 1805, -1, 1790, 1805, 1806, -1,
1790, 1806, 1807, -1, 1790, 1807, 1808, -1, 1790, 1808, 1809, -1, 1790, 1809, 1789, -1,
1791, 1792, 1799, -1, 1791, 1799, 1800, -1, 1791, 1800, 1801, -1, 1791, 1801, 1802, -1,
1795, 1797, 1794, -1, 1794, 1797, 1798, -1, 1794, 1798, 1793, -1, 1793, 1798, 1799, -1,
1793, 1799, 1792, -1, 1851, 1852, 1834, -1, 1834, 1852, 1853, -1, 1834, 1853, 1832, -1,
1832, 1853, 1854, -1, 1832, 1854, 1831, -1, 1831, 1854, 1822, -1, 1831, 1822, 1830, -1,
1830, 1822, 1829, -1, 1822, 1823, 1825, -1, 1822, 1825, 1827, -1, 1822, 1827, 1828, -1,
1822, 1828, 1829, -1, 1851, 1835, 1850, -1, 1850, 1835, 1836, -1, 1850, 1836, 1849, -1,
1849, 1836, 1837, -1, 1849, 1837, 1848, -1, 1848, 1837, 1838, -1, 1848, 1838, 1847, -1,
1847, 1838, 1839, -1, 1847, 1839, 1846, -1, 1846, 1839, 1840, -1, 1846, 1840, 1845, -1,
1845, 1840, 1841, -1, 1845, 1841, 1844, -1, 1844, 1841, 1842, -1, 1844, 1842, 1843, -1,
2135, 2136, 1908, -1, 1908, 2136, 2137, -1, 1908, 2137, 1907, -1, 1907, 2137, 2138, -1,
1907, 2138, 2036, -1, 2036, 2138, 1941, -1, 2036, 1941, 2035, -1, 2035, 1941, 2034, -1,
1908, 1909, 2130, -1, 1908, 2130, 2131, -1, 1908, 2131, 2132, -1, 1908, 2132, 2133, -1,
1908, 2133, 2134, -1, 1908, 2134, 2135, -1, 1910, 1911, 2117, -1, 1910, 2117, 2129, -1,
1910, 2129, 2130, -1, 1910, 2130, 1909, -1, 2122, 2125, 2121, -1, 2121, 2125, 2126, -1,
2121, 2126, 2120, -1, 2120, 2126, 2127, -1, 2120, 2127, 2119, -1, 2119, 2127, 2128, -1,
2119, 2128, 2118, -1, 2118, 2128, 2129, -1, 2118, 2129, 2117, -1, 2123, 2124, 2125, -1,
2123, 2125, 2122, -1, 1915, 1904, 2104, -1, 1915, 2104, 2105, -1, 1915, 2105, 2106, -1,
1915, 2106, 2107, -1, 1915, 2107, 2108, -1, 1915, 2108, 1914, -1, 2109, 2110, 1913, -1,
2109, 1913, 1914, -1, 2109, 1914, 2108, -1, 1913, 2110, 2111, -1, 1913, 2111, 2112, -1,
1913, 2112, 2113, -1, 1913, 2113, 2114, -1, 1913, 2114, 2115, -1, 1913, 2115, 2116, -1,
1913, 2116, 1912, -1, 2116, 2117, 1911, -1, 2116, 1911, 1912, -1, 2087, 2088, 2084, -1,
2087, 2084, 2085, -1, 2087, 2085, 2086, -1, 2089, 2090, 2077, -1, 2089, 2077, 2078, -1,
2089, 2078, 2079, -1, 2089, 2079, 2080, -1, 2089, 2080, 2082, -1, 2089, 2082, 2083, -1,
2089, 2083, 2084, -1, 2089, 2084, 2088, -1, 2077, 2090, 2091, -1, 2077, 2091, 2092, -1,
2077, 2092, 2093, -1, 2077, 2093, 2094, -1, 2077, 2094, 2076, -1, 2094, 2095, 2070, -1,
2094, 2070, 2071, -1, 2094, 2071, 2072, -1, 2094, 2072, 2073, -1, 2094, 2073, 2074, -1,
2094, 2074, 2075, -1, 2094, 2075, 2076, -1, 2095, 2096, 2067, -1, 2095, 2067, 2068, -1,
2095, 2068, 2069, -1, 2095, 2069, 2070, -1, 2066, 2067, 2096, -1, 2066, 2096, 2097, -1,
2066, 2097, 2045, -1, 2066, 2045, 2046, -1, 2066, 2046, 2047, -1, 2066, 2047, 2048, -1,
2066, 2048, 2049, -1, 2066, 2049, 2050, -1, 2066, 2050, 2051, -1, 2066, 2051, 2052, -1,
2066, 2052, 2065, -1, 2041, 2042, 2100, -1, 2100, 2042, 2043, -1, 2100, 2043, 2099, -1,
2099, 2043, 2044, -1, 2099, 2044, 2098, -1, 2098, 2044, 2045, -1, 2098, 2045, 2097, -1,
2038, 2039, 2103, -1, 2103, 2039, 2040, -1, 2103, 2040, 2102, -1, 2102, 2040, 2041, -1,
2102, 2041, 2101, -1, 2101, 2041, 2100, -1, 2038, 2103, 2104, -1, 2038, 2104, 1904, -1,
2038, 1904, 1905, -1, 2038, 1905, 1906, -1, 2038, 1906, 2037, -1, 1906, 1907, 2036, -1,
1906, 2036, 2037, -1, 2159, 2179, 2158, -1, 2158, 2179, 1925, -1, 2158, 1925, 2157, -1,
2157, 1925, 1926, -1, 2157, 1926, 2156, -1, 2156, 1926, 1927, -1, 2156, 1927, 2155, -1,
2155, 1927, 1928, -1, 2155, 1928, 2154, -1, 2154, 1928, 1929, -1, 2154, 1929, 2153, -1,
2153, 1929, 1930, -1, 2153, 1930, 2152, -1, 2152, 1930, 1931, -1, 2152, 1931, 2151, -1,
2151, 1931, 1932, -1, 2151, 1932, 1933, -1, 1935, 2143, 1934, -1, 1934, 2143, 2144, -1,
1934, 2144, 1933, -1, 1933, 2144, 2150, -1, 1933, 2150, 2151, -1, 2145, 2146, 2149, -1,
2145, 2149, 2150, -1, 2145, 2150, 2144, -1, 2147, 2148, 2149, -1, 2147, 2149, 2146, -1,
2186, 2187, 1919, -1, 2186, 1919, 1920, -1, 2186, 1920, 1921, -1, 2186, 1921, 2185, -1,
1921, 1922, 2179, -1, 1921, 2179, 2180, -1, 1921, 2180, 2181, -1, 1921, 2181, 2182, -1,
1921, 2182, 2184, -1, 1921, 2184, 2185, -1, 2179, 1922, 1923, -1, 2179, 1923, 1924, -1,
2179, 1924, 1925, -1, 2160, 2161, 2172, -1, 2160, 2172, 2173, -1, 2160, 2173, 2174, -1,
2160, 2174, 2175, -1, 2160, 2175, 2176, -1, 2160, 2176, 2177, -1, 2160, 2177, 2178, -1,
2160, 2178, 2179, -1, 2160, 2179, 2159, -1, 2161, 2162, 2169, -1, 2161, 2169, 2170, -1,
2161, 2170, 2171, -1, 2161, 2171, 2172, -1, 2165, 2167, 2164, -1, 2164, 2167, 2168, -1,
2164, 2168, 2163, -1, 2163, 2168, 2169, -1, 2163, 2169, 2162, -1, 2198, 2199, 2200, -1,
2198, 2200, 2194, -1, 2198, 2194, 2195, -1, 2198, 2195, 2196, -1, 2198, 2196, 2197, -1,
2192, 2193, 2200, -1, 2192, 2200, 2201, -1, 2192, 2201, 2202, -1, 2192, 2202, 2203, -1,
2192, 2203, 2204, -1, 1966, 1967, 1972, -1, 1972, 1967, 1968, -1, 1972, 1968, 1971, -1,
1971, 1968, 1969, -1, 1971, 1969, 1970, -1, 1966, 1972, 1973, -1, 1966, 1973, 1974, -1,
1966, 1974, 1975, -1, 1966, 1975, 1976, -1, 1966, 1976, 1977, -1, 1966, 1977, 1978, -1,
1966, 1978, 1979, -1, 1966, 1979, 1965, -1, 1964, 1965, 1979, -1, 1964, 1979, 1980, -1,
1964, 1980, 1981, -1, 1964, 1981, 1982, -1, 1964, 1982, 1963, -1, 1953, 1954, 2017, -1,
2017, 1954, 1955, -1, 2017, 1955, 2016, -1, 2016, 1955, 1956, -1, 2016, 1956, 2015, -1,
2015, 1956, 1957, -1, 2015, 1957, 2014, -1, 2014, 1957, 1958, -1, 2014, 1958, 2013, -1,
2013, 1958, 1959, -1, 2013, 1959, 2012, -1, 2012, 1959, 1960, -1, 2012, 1960, 2011, -1,
2011, 1960, 1961, -1, 2011, 1961, 2010, -1, 2010, 1961, 1962, -1, 2010, 1962, 2009, -1,
2009, 1962, 1963, -1, 2009, 1963, 2008, -1, 2008, 1963, 1982, -1, 2008, 1982, 1983, -1,
2006, 2007, 1985, -1, 1985, 2007, 2008, -1, 1985, 2008, 1984, -1, 1984, 2008, 1983, -1,
1953, 2017, 2022, -1, 2022, 2017, 2018, -1, 2022, 2018, 2021, -1, 2021, 2018, 2019, -1,
2021, 2019, 2020, -1, 1953, 2022, 1952, -1, 1952, 2022, 2023, -1, 1952, 2023, 1951, -1,
1951, 2023, 2024, -1, 1951, 2024, 1950, -1, 1950, 2024, 2025, -1, 1950, 2025, 1949, -1,
1949, 2025, 2026, -1, 1949, 2026, 1948, -1, 1948, 2026, 2027, -1, 1948, 2027, 1947, -1,
1947, 2027, 2028, -1, 1947, 2028, 1946, -1, 1946, 2028, 2029, -1, 1946, 2029, 1945, -1,
1945, 2029, 2030, -1, 1945, 2030, 1944, -1, 1944, 2030, 2031, -1, 1944, 2031, 2032, -1,
1944, 2032, 1943, -1, 1943, 2032, 2033, -1, 1943, 2033, 1942, -1, 1942, 2033, 2034, -1,
1942, 2034, 1941, -1, 1941, 2138, 1940, -1, 1940, 2138, 2139, -1, 1940, 2139, 1939, -1,
1939, 2139, 2140, -1, 1939, 2140, 1938, -1, 1938, 2140, 2141, -1, 1938, 2141, 1937, -1,
1937, 2141, 2142, -1, 1937, 2142, 1936, -1, 1936, 2142, 2143, -1, 1936, 2143, 1935, -1,
2246, 1986, 1987, -1, 2246, 1987, 1988, -1, 2246, 1988, 1989, -1, 2246, 1989, 2261, -1,
2260, 2261, 1989, -1, 2260, 1989, 1990, -1, 2260, 1990, 1991, -1, 2260, 1991, 1992, -1,
2260, 1992, 1993, -1, 2260, 1993, 1994, -1, 2260, 1994, 1995, -1, 2260, 1995, 1996, -1,
2260, 1996, 2259, -1, 2258, 2259, 1996, -1, 2258, 1996, 1997, -1, 2258, 1997, 1998, -1,
2258, 1998, 1999, -1, 2258, 1999, 2000, -1, 2258, 2000, 2001, -1, 2258, 2001, 2002, -1,
2258, 2002, 2003, -1, 2258, 2003, 2257, -1, 2256, 2257, 2003, -1, 2256, 2003, 2004, -1,
2256, 2004, 2005, -1, 2256, 2005, 2006, -1, 2256, 2006, 2255, -1, 2304, 2305, 2312, -1,
2312, 2305, 2306, -1, 2312, 2306, 2311, -1, 2311, 2306, 2307, -1, 2311, 2307, 2310, -1,
2310, 2307, 2308, -1, 2310, 2308, 2309, -1, 2303, 2304, 2312, -1, 2303, 2312, 2313, -1,
2303, 2313, 2314, -1, 2303, 2314, 2315, -1, 2303, 2315, 2316, -1, 2303, 2316, 2317, -1,
2303, 2317, 2302, -1, 2301, 2302, 2317, -1, 2301, 2317, 2318, -1, 2301, 2318, 2319, -1,
2301, 2319, 2320, -1, 2301, 2320, 2321, -1, 2301, 2321, 2322, -1, 2301, 2322, 2323, -1,
2301, 2323, 2324, -1, 2301, 2324, 2300, -1, 2325, 2326, 2299, -1, 2325, 2299, 2300, -1,
2325, 2300, 2324, -1, 2299, 2326, 2327, -1, 2299, 2327, 2328, -1, 2299, 2328, 2329, -1,
2299, 2329, 2298, -1, 2298, 2329, 2297, -1, 2297, 2329, 2330, -1, 2297, 2330, 2296, -1,
2296, 2330, 2371, -1, 2296, 2371, 2372, -1, 2273, 2274, 2268, -1, 2273, 2268, 2269, -1,
2273, 2269, 2270, -1, 2273, 2270, 2271, -1, 2273, 2271, 2272, -1, 2267, 2268, 2274, -1,
2267, 2274, 2275, -1, 2267, 2275, 2276, -1, 2267, 2276, 2266, -1, 2277, 2278, 2288, -1,
2277, 2288, 2262, -1, 2277, 2262, 2263, -1, 2277, 2263, 2264, -1, 2277, 2264, 2265, -1,
2277, 2265, 2266, -1, 2277, 2266, 2276, -1, 2288, 2278, 2287, -1, 2287, 2278, 2279, -1,
2287, 2279, 2286, -1, 2286, 2279, 2280, -1, 2286, 2280, 2285, -1, 2285, 2280, 2281, -1,
2285, 2281, 2284, -1, 2284, 2281, 2282, -1, 2284, 2282, 2283, -1, 2389, 2390, 2290, -1,
2290, 2390, 2262, -1, 2290, 2262, 2289, -1, 2289, 2262, 2288, -1, 2290, 2291, 2384, -1,
2290, 2384, 2385, -1, 2290, 2385, 2386, -1, 2290, 2386, 2387, -1, 2290, 2387, 2388, -1,
2290, 2388, 2389, -1, 2292, 2293, 2377, -1, 2292, 2377, 2378, -1, 2292, 2378, 2379, -1,
2292, 2379, 2380, -1, 2292, 2380, 2381, -1, 2292, 2381, 2382, -1, 2292, 2382, 2383, -1,
2292, 2383, 2384, -1, 2292, 2384, 2291, -1, 2374, 2375, 2294, -1, 2294, 2375, 2376, -1,
2294, 2376, 2293, -1, 2293, 2376, 2377, -1, 2294, 2295, 2372, -1, 2294, 2372, 2373, -1,
2294, 2373, 2374, -1, 2350, 2352, 2349, -1, 2349, 2352, 2354, -1, 2349, 2354, 2347, -1,
2347, 2354, 2355, -1, 2347, 2355, 2346, -1, 2346, 2355, 2356, -1, 2346, 2356, 2345, -1,
2345, 2356, 2357, -1, 2345, 2357, 2344, -1, 2344, 2357, 2358, -1, 2344, 2358, 2343, -1,
2343, 2358, 2359, -1, 2343, 2359, 2342, -1, 2342, 2359, 2360, -1, 2342, 2360, 2341, -1,
2341, 2360, 2361, -1, 2341, 2361, 2340, -1, 2340, 2361, 2362, -1, 2340, 2362, 2339, -1,
2339, 2362, 2363, -1, 2339, 2363, 2338, -1, 2338, 2363, 2364, -1, 2338, 2364, 2337, -1,
2337, 2364, 2365, -1, 2337, 2365, 2336, -1, 2336, 2365, 2366, -1, 2336, 2366, 2335, -1,
2335, 2366, 2367, -1, 2335, 2367, 2334, -1, 2334, 2367, 2368, -1, 2334, 2368, 2333, -1,
2333, 2368, 2369, -1, 2333, 2369, 2332, -1, 2332, 2369, 2370, -1, 2332, 2370, 2331, -1,
2331, 2370, 2371, -1, 2331, 2371, 2330, -1, 2432, 2433, 2466, -1, 2466, 2433, 2434, -1,
2466, 2434, 2465, -1, 2465, 2434, 2435, -1, 2465, 2435, 2464, -1, 2464, 2435, 2436, -1,
2464, 2436, 2463, -1, 2463, 2436, 2437, -1, 2463, 2437, 2462, -1, 2462, 2437, 2438, -1,
2462, 2438, 2461, -1, 2461, 2438, 2439, -1, 2461, 2439, 2460, -1, 2460, 2439, 2440, -1,
2460, 2440, 2459, -1, 2459, 2440, 2441, -1, 2459, 2441, 2458, -1, 2458, 2441, 2442, -1,
2458, 2442, 2457, -1, 2457, 2442, 2443, -1, 2457, 2443, 2456, -1, 2456, 2443, 2444, -1,
2456, 2444, 2455, -1, 2455, 2444, 2445, -1, 2455, 2445, 2454, -1, 2454, 2445, 2446, -1,
2454, 2446, 2453, -1, 2453, 2446, 2448, -1, 2453, 2448, 2451, -1, 2451, 2448, 2449, -1,
2451, 2449, 2450, -1, 2429, 2430, 2469, -1, 2469, 2430, 2431, -1, 2469, 2431, 2468, -1,
2468, 2431, 2432, -1, 2468, 2432, 2467, -1, 2467, 2432, 2466, -1, 2429, 2469, 2391, -1,
2429, 2391, 2470, -1, 2429, 2470, 2471, -1, 2429, 2471, 2472, -1, 2429, 2472, 2428, -1,
2472, 2473, 2425, -1, 2472, 2425, 2426, -1, 2472, 2426, 2427, -1, 2472, 2427, 2428, -1,
2422, 2423, 2474, -1, 2474, 2423, 2424, -1, 2474, 2424, 2473, -1, 2473, 2424, 2425, -1,
2474, 2475, 2417, -1, 2474, 2417, 2418, -1, 2474, 2418, 2419, -1, 2474, 2419, 2420, -1,
2474, 2420, 2421, -1, 2474, 2421, 2422, -1, 2476, 2477, 2404, -1, 2476, 2404, 2416, -1,
2476, 2416, 2417, -1, 2476, 2417, 2475, -1, 2409, 2412, 2408, -1, 2408, 2412, 2413, -1,
2408, 2413, 2407, -1, 2407, 2413, 2414, -1, 2407, 2414, 2406, -1, 2406, 2414, 2415, -1,
2406, 2415, 2405, -1, 2405, 2415, 2416, -1, 2405, 2416, 2404, -1, 2410, 2411, 2412, -1,
2410, 2412, 2409, -1, 2481, 2470, 2391, -1, 2481, 2391, 2392, -1, 2481, 2392, 2393, -1,
2481, 2393, 2394, -1, 2481, 2394, 2395, -1, 2481, 2395, 2480, -1, 2396, 2397, 2479, -1,
2396, 2479, 2480, -1, 2396, 2480, 2395, -1, 2479, 2397, 2398, -1, 2479, 2398, 2399, -1,
2479, 2399, 2400, -1, 2479, 2400, 2401, -1, 2479, 2401, 2402, -1, 2479, 2402, 2403, -1,
2479, 2403, 2478, -1, 2403, 2404, 2477, -1, 2403, 2477, 2478, -1, 4079, 4080, 4075, -1,
4079, 4075, 4076, -1, 4079, 4076, 4077, -1, 4079, 4077, 4078, -1, 4074, 4075, 4080, -1,
4074, 4080, 4081, -1, 4074, 4081, 4082, -1, 4074, 4082, 4073, -1, 4073, 4083, 4072, -1,
4072, 4083, 4109, -1, 4072, 4109, 4071, -1, 4071, 4109, 4110, -1, 4071, 4110, 4111, -1,
4059, 4060, 4055, -1, 4055, 4060, 4061, -1, 4055, 4061, 4054, -1, 4054, 4061, 4062, -1,
4054, 4062, 4053, -1, 4053, 4062, 4052, -1, 4059, 4055, 4056, -1, 4059, 4056, 4057, -1,
4059, 4057, 4058, -1, 2563, 2564, 2488, -1, 2488, 2564, 2565, -1, 2488, 2565, 2487, -1,
2487, 2565, 2482, -1, 2487, 2482, 2484, -1, 2484, 2482, 2483, -1, 2522, 2523, 2529, -1,
2529, 2523, 2524, -1, 2529, 2524, 2528, -1, 2528, 2524, 2526, -1, 2528, 2526, 2527, -1,
2518, 2519, 2530, -1, 2530, 2519, 2520, -1, 2530, 2520, 2529, -1, 2529, 2520, 2521, -1,
2529, 2521, 2522, -1, 2514, 2515, 2531, -1, 2531, 2515, 2516, -1, 2531, 2516, 2530, -1,
2530, 2516, 2517, -1, 2530, 2517, 2518, -1, 2510, 2511, 2532, -1, 2532, 2511, 2512, -1,
2532, 2512, 2531, -1, 2531, 2512, 2513, -1, 2531, 2513, 2514, -1, 2506, 2507, 2533, -1,
2533, 2507, 2508, -1, 2533, 2508, 2532, -1, 2532, 2508, 2509, -1, 2532, 2509, 2510, -1,
2502, 2503, 2534, -1, 2534, 2503, 2504, -1, 2534, 2504, 2533, -1, 2533, 2504, 2505, -1,
2533, 2505, 2506, -1, 2498, 2499, 2535, -1, 2535, 2499, 2500, -1, 2535, 2500, 2534, -1,
2534, 2500, 2501, -1, 2534, 2501, 2502, -1, 2497, 2498, 2535, -1, 2497, 2535, 2536, -1,
2497, 2536, 2537, -1, 2497, 2537, 2538, -1, 2497, 2538, 2496, -1, 2494, 2495, 2496, -1,
2494, 2496, 2539, -1, 2494, 2539, 2540, -1, 2494, 2540, 2541, -1, 2494, 2541, 2493, -1,
2493, 2541, 2542, -1, 2493, 2542, 2543, -1, 2493, 2543, 2544, -1, 2493, 2544, 2545, -1,
2493, 2545, 2492, -1, 2492, 2545, 2546, -1, 2492, 2546, 2547, -1, 2492, 2547, 2548, -1,
2492, 2548, 2549, -1, 2492, 2549, 2491, -1, 2491, 2549, 2550, -1, 2491, 2550, 2551, -1,
2491, 2551, 2552, -1, 2491, 2552, 2553, -1, 2491, 2553, 2490, -1, 2490, 2553, 2554, -1,
2490, 2554, 2555, -1, 2490, 2555, 2556, -1, 2490, 2556, 2557, -1, 2490, 2557, 2489, -1,
2489, 2557, 2558, -1, 2489, 2558, 2559, -1, 2489, 2559, 2560, -1, 2489, 2560, 2561, -1,
2489, 2561, 2488, -1, 2562, 2563, 2488, -1, 2562, 2488, 2561, -1, 2485, 2486, 2487, -1,
2485, 2487, 2484, -1, 2701, 2702, 2700, -1, 2700, 2702, 2703, -1, 2700, 2703, 2699, -1,
2699, 2703, 2704, -1, 2699, 2704, 2705, -1, 2705, 2706, 2696, -1, 2705, 2696, 2697, -1,
2705, 2697, 2698, -1, 2705, 2698, 2699, -1, 2696, 2706, 2707, -1, 2696, 2707, 2708, -1,
2696, 2708, 2709, -1, 2696, 2709, 2710, -1, 2696, 2710, 2711, -1, 2696, 2711, 2712, -1,
2696, 2712, 2695, -1, 2694, 2695, 2712, -1, 2694, 2712, 2713, -1, 2694, 2713, 2714, -1,
2694, 2714, 2715, -1, 2694, 2715, 2716, -1, 2694, 2716, 2717, -1, 2694, 2717, 2693, -1,
2603, 2690, 2566, -1, 2566, 2690, 2691, -1, 2566, 2691, 2717, -1, 2717, 2691, 2692, -1,
2717, 2692, 2693, -1, 2654, 2655, 2666, -1, 2666, 2655, 2656, -1, 2666, 2656, 2665, -1,
2665, 2656, 2657, -1, 2665, 2657, 2664, -1, 2664, 2657, 2658, -1, 2664, 2658, 2663, -1,
2663, 2658, 2659, -1, 2663, 2659, 2662, -1, 2662, 2659, 2660, -1, 2662, 2660, 2661, -1,
2667, 2668, 2653, -1, 2667, 2653, 2654, -1, 2667, 2654, 2666, -1, 2648, 2649, 2672, -1,
2672, 2649, 2650, -1, 2672, 2650, 2671, -1, 2671, 2650, 2651, -1, 2671, 2651, 2670, -1,
2670, 2651, 2652, -1, 2670, 2652, 2669, -1, 2669, 2652, 2653, -1, 2669, 2653, 2668, -1,
2673, 2674, 2647, -1, 2673, 2647, 2648, -1, 2673, 2648, 2672, -1, 2614, 2642, 2679, -1,
2679, 2642, 2643, -1, 2679, 2643, 2678, -1, 2678, 2643, 2644, -1, 2678, 2644, 2677, -1,
2677, 2644, 2645, -1, 2677, 2645, 2676, -1, 2676, 2645, 2646, -1, 2676, 2646, 2675, -1,
2675, 2646, 2647, -1, 2675, 2647, 2674, -1, 2679, 2680, 2612, -1, 2679, 2612, 2613, -1,
2679, 2613, 2614, -1, 2612, 2680, 2681, -1, 2612, 2681, 2682, -1, 2612, 2682, 2683, -1,
2612, 2683, 2684, -1, 2612, 2684, 2685, -1, 2612, 2685, 2686, -1, 2612, 2686, 2611, -1,
2687, 2688, 2604, -1, 2687, 2604, 2605, -1, 2687, 2605, 2606, -1, 2687, 2606, 2607, -1,
2687, 2607, 2608, -1, 2687, 2608, 2609, -1, 2687, 2609, 2610, -1, 2687, 2610, 2611, -1,
2687, 2611, 2686, -1, 2604, 2688, 2689, -1, 2604, 2689, 2690, -1, 2604, 2690, 2603, -1,
2584, 2586, 2583, -1, 2583, 2586, 2587, -1, 2583, 2587, 2582, -1, 2582, 2587, 2588, -1,
2582, 2588, 2581, -1, 2581, 2588, 2589, -1, 2581, 2589, 2580, -1, 2580, 2589, 2590, -1,
2580, 2590, 2579, -1, 2579, 2590, 2591, -1, 2579, 2591, 2578, -1, 2578, 2591, 2592, -1,
2578, 2592, 2577, -1, 2577, 2592, 2593, -1, 2577, 2593, 2576, -1, 2576, 2593, 2594, -1,
2576, 2594, 2575, -1, 2575, 2594, 2595, -1, 2575, 2595, 2574, -1, 2574, 2595, 2596, -1,
2574, 2596, 2573, -1, 2573, 2596, 2597, -1, 2573, 2597, 2572, -1, 2572, 2597, 2598, -1,
2572, 2598, 2571, -1, 2571, 2598, 2599, -1, 2571, 2599, 2570, -1, 2570, 2599, 2600, -1,
2570, 2600, 2569, -1, 2569, 2600, 2601, -1, 2569, 2601, 2568, -1, 2568, 2601, 2602, -1,
2568, 2602, 2567, -1, 2567, 2602, 2603, -1, 2567, 2603, 2566, -1, 2642, 2614, 2615, -1,
2642, 2615, 2616, -1, 2642, 2616, 2617, -1, 2642, 2617, 2641, -1, 2617, 2618, 2637, -1,
2617, 2637, 2638, -1, 2617, 2638, 2639, -1, 2617, 2639, 2640, -1, 2617, 2640, 2641, -1,
2619, 2620, 2630, -1, 2619, 2630, 2631, -1, 2619, 2631, 2632, -1, 2619, 2632, 2633, -1,
2619, 2633, 2634, -1, 2619, 2634, 2635, -1, 2619, 2635, 2636, -1, 2619, 2636, 2637, -1,
2619, 2637, 2618, -1, 2628, 2629, 2622, -1, 2622, 2629, 2630, -1, 2622, 2630, 2621, -1,
2621, 2630, 2620, -1, 2625, 2626, 2624, -1, 2624, 2626, 2627, -1, 2624, 2627, 2623, -1,
2623, 2627, 2628, -1, 2623, 2628, 2622, -1, 2846, 2847, 2842, -1, 2846, 2842, 2843, -1,
2846, 2843, 2844, -1, 2846, 2844, 2845, -1, 2841, 2842, 2847, -1, 2841, 2847, 2848, -1,
2841, 2848, 2849, -1, 2841, 2849, 2840, -1, 2840, 2850, 2839, -1, 2839, 2850, 2876, -1,
2839, 2876, 2838, -1, 2838, 2876, 2877, -1, 2838, 2877, 2878, -1, 2826, 2827, 2822, -1,
2822, 2827, 2828, -1, 2822, 2828, 2821, -1, 2821, 2828, 2829, -1, 2821, 2829, 2820, -1,
2820, 2829, 2819, -1, 2826, 2822, 2823, -1, 2826, 2823, 2824, -1, 2826, 2824, 2825, -1,
2850, 2851, 2876, -1, 2876, 2851, 2852, -1, 2876, 2852, 2875, -1, 2875, 2852, 2853, -1,
2875, 2853, 2874, -1, 2874, 2853, 2854, -1, 2874, 2854, 2873, -1, 2873, 2854, 2855, -1,
2873, 2855, 2872, -1, 2872, 2855, 2856, -1, 2872, 2856, 2871, -1, 2871, 2856, 2857, -1,
2871, 2857, 2870, -1, 2870, 2857, 2858, -1, 2870, 2858, 2869, -1, 2869, 2858, 2859, -1,
2869, 2859, 2868, -1, 2868, 2859, 2860, -1, 2868, 2860, 2867, -1, 2867, 2860, 2862, -1,
2867, 2862, 2865, -1, 2865, 2862, 2863, -1, 2865, 2863, 2864, -1, 2974, 2975, 2957, -1,
2957, 2975, 2976, -1, 2957, 2976, 2955, -1, 2955, 2976, 2933, -1, 2955, 2933, 2954, -1,
2954, 2933, 2934, -1, 2954, 2934, 2953, -1, 2953, 2934, 2935, -1, 2953, 2935, 2952, -1,
2952, 2935, 2936, -1, 2952, 2936, 2951, -1, 2951, 2936, 2937, -1, 2951, 2937, 2950, -1,
2950, 2937, 2938, -1, 2950, 2938, 2949, -1, 2949, 2938, 2939, -1, 2949, 2939, 2948, -1,
2948, 2939, 2940, -1, 2948, 2940, 2947, -1, 2947, 2940, 2941, -1, 2947, 2941, 2946, -1,
2946, 2941, 2942, -1, 2946, 2942, 2945, -1, 2945, 2942, 2943, -1, 2945, 2943, 2944, -1,
2920, 2921, 2814, -1, 2814, 2921, 2922, -1, 2814, 2922, 2813, -1, 2813, 2922, 2923, -1,
2813, 2923, 2812, -1, 2812, 2923, 2924, -1, 2812, 2924, 2811, -1, 2811, 2924, 2925, -1,
2811, 2925, 2810, -1, 2810, 2925, 2926, -1, 2810, 2926, 2809, -1, 2809, 2926, 2928, -1,
2809, 2928, 2931, -1, 2931, 2928, 2929, -1, 2931, 2929, 2930, -1, 2065, 2053, 2064, -1,
2064, 2053, 2054, -1, 2064, 2054, 2063, -1, 2063, 2054, 2055, -1, 2063, 2055, 2062, -1,
2062, 2055, 2057, -1, 2062, 2057, 2060, -1, 2060, 2057, 2058, -1, 2060, 2058, 2059, -1,
2817, 2918, 2816, -1, 2816, 2918, 2919, -1, 2816, 2919, 2815, -1, 2815, 2919, 2920, -1,
2815, 2920, 2814, -1, 2918, 2817, 2818, -1, 2918, 2818, 2819, -1, 2918, 2819, 2829, -1,
2918, 2829, 2830, -1, 2918, 2830, 2917, -1, 2830, 2831, 2911, -1, 2830, 2911, 2912, -1,
2830, 2912, 2913, -1, 2830, 2913, 2914, -1, 2830, 2914, 2915, -1, 2830, 2915, 2916, -1,
2830, 2916, 2917, -1, 2832, 2833, 2904, -1, 2832, 2904, 2905, -1, 2832, 2905, 2906, -1,
2832, 2906, 2907, -1, 2832, 2907, 2908, -1, 2832, 2908, 2909, -1, 2832, 2909, 2910, -1,
2832, 2910, 2911, -1, 2832, 2911, 2831, -1, 2833, 2834, 2897, -1, 2833, 2897, 2898, -1,
2833, 2898, 2899, -1, 2833, 2899, 2900, -1, 2833, 2900, 2901, -1, 2833, 2901, 2902, -1,
2833, 2902, 2903, -1, 2833, 2903, 2904, -1, 2835, 2836, 2890, -1, 2835, 2890, 2891, -1,
2835, 2891, 2892, -1, 2835, 2892, 2893, -1, 2835, 2893, 2894, -1, 2835, 2894, 2895, -1,
2835, 2895, 2896, -1, 2835, 2896, 2897, -1, 2835, 2897, 2834, -1, 2836, 2837, 2883, -1,
2836, 2883, 2884, -1, 2836, 2884, 2885, -1, 2836, 2885, 2886, -1, 2836, 2886, 2887, -1,
2836, 2887, 2888, -1, 2836, 2888, 2889, -1, 2836, 2889, 2890, -1, 2838, 2878, 2879, -1,
2838, 2879, 2880, -1, 2838, 2880, 2881, -1, 2838, 2881, 2882, -1, 2838, 2882, 2883, -1,
2838, 2883, 2837, -1, 2753, 2755, 2752, -1, 2752, 2755, 2756, -1, 2752, 2756, 2751, -1,
2751, 2756, 2757, -1, 2751, 2757, 2750, -1, 2750, 2757, 2766, -1, 2750, 2766, 2749, -1,
2749, 2766, 2742, -1, 2749, 2742, 2743, -1, 2749, 2743, 2748, -1, 2748, 2743, 2744, -1,
2748, 2744, 2747, -1, 2747, 2744, 2745, -1, 2747, 2745, 2746, -1, 2737, 2739, 2736, -1,
2736, 2739, 2740, -1, 2736, 2740, 2735, -1, 2735, 2740, 2741, -1, 2735, 2741, 2734, -1,
2734, 2741, 2766, -1, 2734, 2766, 2733, -1, 2733, 2766, 2726, -1, 2733, 2726, 2727, -1,
2733, 2727, 2732, -1, 2732, 2727, 2728, -1, 2732, 2728, 2731, -1, 2731, 2728, 2729, -1,
2731, 2729, 2730, -1, 2807, 2808, 2766, -1, 2766, 2808, 2718, -1, 2766, 2718, 2725, -1,
2725, 2718, 2719, -1, 2725, 2719, 2724, -1, 2724, 2719, 2720, -1, 2724, 2720, 2723, -1,
2723, 2720, 2721, -1, 2723, 2721, 2722, -1, 2793, 2794, 2799, -1, 2799, 2794, 2795, -1,
2799, 2795, 2798, -1, 2798, 2795, 2796, -1, 2798, 2796, 2797, -1, 2801, 2789, 2800, -1,
2800, 2789, 2790, -1, 2800, 2790, 2793, -1, 2793, 2790, 2791, -1, 2793, 2791, 2792, -1,
2789, 2801, 2802, -1, 2789, 2802, 2803, -1, 2789, 2803, 2804, -1, 2789, 2804, 2788, -1,
2804, 2805, 2788, -1, 2788, 2805, 2769, -1, 2788, 2769, 2787, -1, 2787, 2769, 2770, -1,
2787, 2770, 2786, -1, 2786, 2770, 2771, -1, 2786, 2771, 2772, -1, 2769, 2805, 2768, -1,
2768, 2805, 2806, -1, 2768, 2806, 2767, -1, 2767, 2806, 2807, -1, 2767, 2807, 2766, -1,
2761, 2763, 2760, -1, 2760, 2763, 2764, -1, 2760, 2764, 2759, -1, 2759, 2764, 2765, -1,
2759, 2765, 2758, -1, 2758, 2765, 2766, -1, 2758, 2766, 2757, -1, 2785, 2775, 2782, -1,
2782, 2775, 2776, -1, 2782, 2776, 2781, -1, 2781, 2776, 2777, -1, 2781, 2777, 2780, -1,
2780, 2777, 2778, -1, 2780, 2778, 2779, -1, 2784, 2785, 2782, -1, 2784, 2782, 2783, -1,
2786, 2772, 2774, -1, 2786, 2774, 2775, -1, 2786, 2775, 2785, -1, 2974, 2958, 2973, -1,
2973, 2958, 2959, -1, 2973, 2959, 2972, -1, 2972, 2959, 2960, -1, 2972, 2960, 2971, -1,
2971, 2960, 2961, -1, 2971, 2961, 2970, -1, 2970, 2961, 2962, -1, 2970, 2962, 2969, -1,
2969, 2962, 2963, -1, 2969, 2963, 2968, -1, 2968, 2963, 2964, -1, 2968, 2964, 2967, -1,
2967, 2964, 2965, -1, 2967, 2965, 2966, -1, 3099, 2987, 3098, -1, 3098, 2987, 3007, -1,
3098, 3007, 3097, -1, 3097, 3007, 2977, -1, 3097, 2977, 3099, -1, 3099, 2977, 2986, -1,
3099, 2986, 2987, -1, 2986, 2977, 2985, -1, 2985, 2977, 2978, -1, 2985, 2978, 2984, -1,
2984, 2978, 2979, -1, 2984, 2979, 2980, -1, 2983, 2984, 2980, -1, 2983, 2980, 2981, -1,
2983, 2981, 2982, -1, 3033, 3034, 3040, -1, 3040, 3034, 3035, -1, 3040, 3035, 3039, -1,
3039, 3035, 3037, -1, 3039, 3037, 3038, -1, 3029, 3030, 3044, -1, 3044, 3030, 3031, -1,
3044, 3031, 3043, -1, 3043, 3031, 3032, -1, 3043, 3032, 3042, -1, 3042, 3032, 3033, -1,
3042, 3033, 3041, -1, 3041, 3033, 3040, -1, 3045, 3046, 3028, -1, 3045, 3028, 3029, -1,
3045, 3029, 3044, -1, 3028, 3046, 3047, -1, 3028, 3047, 3048, -1, 3028, 3048, 3049, -1,
3028, 3049, 3050, -1, 3028, 3050, 3027, -1, 3027, 3050, 3051, -1, 3027, 3051, 3052, -1,
3027, 3052, 3053, -1, 3027, 3053, 3054, -1, 3027, 3054, 3055, -1, 3027, 3055, 3056, -1,
3027, 3056, 3057, -1, 3027, 3057, 3026, -1, 3025, 3026, 3090, -1, 3025, 3090, 3091, -1,
3025, 3091, 3014, -1, 3025, 3014, 3015, -1, 3025, 3015, 3024, -1, 3057, 3058, 3088, -1,
3057, 3088, 3089, -1, 3057, 3089, 3090, -1, 3057, 3090, 3026, -1, 3088, 3058, 3059, -1,
3088, 3059, 3060, -1, 3088, 3060, 3061, -1, 3088, 3061, 3062, -1, 3088, 3062, 3087, -1,
3086, 3087, 3062, -1, 3086, 3062, 3063, -1, 3086, 3063, 3064, -1, 3086, 3064, 3065, -1,
3086, 3065, 3066, -1, 3086, 3066, 3067, -1, 3086, 3067, 3085, -1, 3067, 3068, 3082, -1,
3067, 3082, 3083, -1, 3067, 3083, 3084, -1, 3067, 3084, 3085, -1, 3082, 3068, 3069, -1,
3082, 3069, 3070, -1, 3082, 3070, 3071, -1, 3082, 3071, 3072, -1, 3082, 3072, 3073, -1,
3082, 3073, 3074, -1, 3082, 3074, 3081, -1, 3080, 3081, 3074, -1, 3080, 3074, 3075, -1,
3080, 3075, 3076, -1, 3080, 3076, 3079, -1, 3077, 3078, 3079, -1, 3077, 3079, 3076, -1,
3024, 3016, 3023, -1, 3023, 3016, 3017, -1, 3023, 3017, 3022, -1, 3022, 3017, 3018, -1,
3022, 3018, 3021, -1, 3021, 3018, 3019, -1, 3021, 3019, 3020, -1, 3012, 3013, 3093, -1,
3093, 3013, 3014, -1, 3093, 3014, 3092, -1, 3092, 3014, 3091, -1, 3008, 3009, 3093, -1,
3093, 3009, 3010, -1, 3093, 3010, 3012, -1, 3012, 3010, 3011, -1, 3007, 3008, 3093, -1,
3007, 3093, 3094, -1, 3007, 3094, 3095, -1, 3007, 3095, 3096, -1, 3007, 3096, 2977, -1,
2988, 2989, 3000, -1, 2988, 3000, 3001, -1, 2988, 3001, 3002, -1, 2988, 3002, 3003, -1,
2988, 3003, 3004, -1, 2988, 3004, 3005, -1, 2988, 3005, 3006, -1, 2988, 3006, 3007, -1,
2988, 3007, 2987, -1, 2989, 2990, 2997, -1, 2989, 2997, 2998, -1, 2989, 2998, 2999, -1,
2989, 2999, 3000, -1, 2993, 2995, 2992, -1, 2992, 2995, 2996, -1, 2992, 2996, 2991, -1,
2991, 2996, 2997, -1, 2991, 2997, 2990, -1, 3113, 3115, 3112, -1, 3112, 3115, 3117, -1,
3112, 3117, 3110, -1, 3110, 3117, 3118, -1, 3110, 3118, 3109, -1, 3109, 3118, 3119, -1,
3109, 3119, 3108, -1, 3108, 3119, 3120, -1, 3108, 3120, 3107, -1, 3107, 3120, 3186, -1,
3107, 3186, 3187, -1, 3187, 3188, 3104, -1, 3187, 3104, 3105, -1, 3187, 3105, 3106, -1,
3187, 3106, 3107, -1, 3188, 3189, 3101, -1, 3188, 3101, 3102, -1, 3188, 3102, 3103, -1,
3188, 3103, 3104, -1, 3189, 3190, 3192, -1, 3192, 3190, 3181, -1, 3192, 3181, 3191, -1,
3191, 3181, 3182, -1, 3191, 3182, 3200, -1, 3200, 3182, 3134, -1, 3200, 3134, 3143, -1,
3143, 3134, 3135, -1, 3143, 3135, 3142, -1, 3142, 3135, 3136, -1, 3142, 3136, 3141, -1,
3141, 3136, 3137, -1, 3141, 3137, 3138, -1, 3186, 3120, 3121, -1, 3186, 3121, 3122, -1,
3186, 3122, 3123, -1, 3186, 3123, 3185, -1, 3185, 3123, 3124, -1, 3185, 3124, 3125, -1,
3185, 3125, 3126, -1, 3185, 3126, 3184, -1, 3184, 3126, 3127, -1, 3184, 3127, 3128, -1,
3184, 3128, 3129, -1, 3184, 3129, 3130, -1, 3184, 3130, 3131, -1, 3184, 3131, 3132, -1,
3184, 3132, 3133, -1, 3184, 3133, 3183, -1, 3133, 3134, 3182, -1, 3133, 3182, 3183, -1,
3196, 3197, 3154, -1, 3196, 3154, 3155, -1, 3196, 3155, 3156, -1, 3196, 3156, 3157, -1,
3196, 3157, 3195, -1, 3197, 3198, 3151, -1, 3197, 3151, 3152, -1, 3197, 3152, 3153, -1,
3197, 3153, 3154, -1, 3198, 3199, 3144, -1, 3198, 3144, 3145, -1, 3198, 3145, 3146, -1,
3198, 3146, 3147, -1, 3198, 3147, 3148, -1, 3198, 3148, 3149, -1, 3198, 3149, 3150, -1,
3198, 3150, 3151, -1, 3200, 3143, 3144, -1, 3200, 3144, 3199, -1, 3139, 3140, 3141, -1,
3139, 3141, 3138, -1, 3220, 3221, 3226, -1, 3226, 3221, 3222, -1, 3226, 3222, 3225, -1,
3225, 3222, 3223, -1, 3225, 3223, 3224, -1, 3219, 3220, 3227, -1, 3219, 3227, 3228, -1,
3219, 3228, 3250, -1, 3219, 3250, 3251, -1, 3219, 3251, 3218, -1, 3289, 3290, 3307, -1,
3307, 3290, 3291, -1, 3307, 3291, 3306, -1, 3306, 3291, 3292, -1, 3306, 3292, 3305, -1,
3305, 3292, 3293, -1, 3305, 3293, 3304, -1, 3304, 3293, 3294, -1, 3304, 3294, 3303, -1,
3303, 3294, 3295, -1, 3303, 3295, 3302, -1, 3302, 3295, 3297, -1, 3302, 3297, 3300, -1,
3300, 3297, 3298, -1, 3300, 3298, 3299, -1, 3289, 3307, 3201, -1, 3289, 3201, 3256, -1,
3289, 3256, 3257, -1, 3289, 3257, 3288, -1, 3257, 3258, 3286, -1, 3257, 3286, 3287, -1,
3257, 3287, 3288, -1, 3259, 3260, 3279, -1, 3259, 3279, 3280, -1, 3259, 3280, 3281, -1,
3259, 3281, 3282, -1, 3259, 3282, 3283, -1, 3259, 3283, 3284, -1, 3259, 3284, 3285, -1,
3259, 3285, 3286, -1, 3259, 3286, 3258, -1, 3261, 3262, 3272, -1, 3261, 3272, 3273, -1,
3261, 3273, 3274, -1, 3261, 3274, 3275, -1, 3261, 3275, 3276, -1, 3261, 3276, 3277, -1,
3261, 3277, 3278, -1, 3261, 3278, 3279, -1, 3261, 3279, 3260, -1, 3269, 3270, 3264, -1,
3264, 3270, 3271, -1, 3264, 3271, 3263, -1, 3263, 3271, 3272, -1, 3263, 3272, 3262, -1,
3265, 3266, 3268, -1, 3265, 3268, 3269, -1, 3265, 3269, 3264, -1, 3256, 3201, 3202, -1,
3256, 3202, 3203, -1, 3256, 3203, 3204, -1, 3256, 3204, 3255, -1, 3254, 3255, 3204, -1,
3254, 3204, 3205, -1, 3254, 3205, 3206, -1, 3254, 3206, 3207, -1, 3254, 3207, 3208, -1,
3254, 3208, 3209, -1, 3254, 3209, 3210, -1, 3254, 3210, 3211, -1, 3254, 3211, 3253, -1,
3252, 3253, 3211, -1, 3252, 3211, 3212, -1, 3252, 3212, 3213, -1, 3252, 3213, 3214, -1,
3252, 3214, 3215, -1, 3252, 3215, 3216, -1, 3252, 3216, 3217, -1, 3252, 3217, 3218, -1,
3252, 3218, 3251, -1, 3250, 3228, 3229, -1, 3250, 3229, 3230, -1, 3250, 3230, 3231, -1,
3250, 3231, 3249, -1, 3232, 3233, 3247, -1, 3232, 3247, 3248, -1, 3232, 3248, 3249, -1,
3232, 3249, 3231, -1, 3247, 3233, 3234, -1, 3247, 3234, 3235, -1, 3247, 3235, 3236, -1,
3247, 3236, 3237, -1, 3247, 3237, 3246, -1, 3237, 3238, 3239, -1, 3237, 3239, 3240, -1,
3237, 3240, 3242, -1, 3237, 3242, 3243, -1, 3237, 3243, 3244, -1, 3237, 3244, 3245, -1,
3237, 3245, 3246, -1, 3317, 3319, 3316, -1, 3316, 3319, 3321, -1, 3316, 3321, 3314, -1,
3314, 3321, 3322, -1, 3314, 3322, 3313, -1, 3313, 3322, 3323, -1, 3313, 3323, 3312, -1,
3312, 3323, 3324, -1, 3312, 3324, 3311, -1, 3311, 3324, 3325, -1, 3311, 3325, 3310, -1,
3310, 3325, 3326, -1, 3310, 3326, 3309, -1, 3309, 3326, 3327, -1, 3309, 3327, 3308, -1,
3308, 3327, 3444, -1, 3308, 3444, 3445, -1, 3445, 3446, 3440, -1, 3445, 3440, 3441, -1,
3445, 3441, 3442, -1, 3445, 3442, 3443, -1, 3445, 3443, 3308, -1, 3417, 3418, 3435, -1,
3435, 3418, 3419, -1, 3435, 3419, 3434, -1, 3434, 3419, 3420, -1, 3434, 3420, 3433, -1,
3433, 3420, 3421, -1, 3433, 3421, 3432, -1, 3432, 3421, 3422, -1, 3432, 3422, 3431, -1,
3431, 3422, 3423, -1, 3431, 3423, 3430, -1, 3430, 3423, 3425, -1, 3430, 3425, 3428, -1,
3428, 3425, 3426, -1, 3428, 3426, 3427, -1, 3489, 3490, 3491, -1, 3489, 3491, 3492, -1,
3489, 3492, 3493, -1, 3489, 3493, 3494, -1, 3489, 3494, 3495, -1, 3489, 3495, 3496, -1,
3489, 3496, 3497, -1, 3489, 3497, 3498, -1, 3489, 3498, 3499, -1, 3489, 3499, 3500, -1,
3489, 3500, 3501, -1, 3489, 3501, 3460, -1, 3489, 3460, 3475, -1, 3489, 3475, 3476, -1,
3489, 3476, 3483, -1, 3489, 3483, 3488, -1, 3519, 3502, 3503, -1, 3519, 3503, 3518, -1,
3518, 3503, 3504, -1, 3518, 3504, 3517, -1, 3517, 3504, 3505, -1, 3513, 3514, 3508, -1,
3508, 3514, 3515, -1, 3508, 3515, 3507, -1, 3507, 3515, 3516, -1, 3507, 3516, 3506, -1,
3506, 3516, 3517, -1, 3509, 3510, 3512, -1, 3509, 3512, 3513, -1, 3509, 3513, 3508, -1,
3487, 3488, 3484, -1, 3487, 3484, 3485, -1, 3487, 3485, 3486, -1, 3479, 3481, 3478, -1,
3478, 3481, 3482, -1, 3478, 3482, 3477, -1, 3477, 3482, 3483, -1, 3477, 3483, 3476, -1,
3460, 3461, 3472, -1, 3460, 3472, 3473, -1, 3460, 3473, 3474, -1, 3460, 3474, 3475, -1,
3461, 3462, 3469, -1, 3461, 3469, 3470, -1, 3461, 3470, 3471, -1, 3461, 3471, 3472, -1,
3464, 3466, 3463, -1, 3463, 3466, 3467, -1, 3463, 3467, 3462, -1, 3462, 3467, 3468, -1,
3462, 3468, 3469, -1, 3444, 3327, 3328, -1, 3444, 3328, 3329, -1, 3444, 3329, 3330, -1,
3444, 3330, 3459, -1, 3458, 3459, 3330, -1, 3458, 3330, 3331, -1, 3458, 3331, 3332, -1,
3458, 3332, 3333, -1, 3458, 3333, 3334, -1, 3458, 3334, 3335, -1, 3458, 3335, 3336, -1,
3458, 3336, 3337, -1, 3458, 3337, 3457, -1, 3456, 3457, 3337, -1, 3456, 3337, 3338, -1,
3456, 3338, 3339, -1, 3456, 3339, 3340, -1, 3456, 3340, 3341, -1, 3456, 3341, 3342, -1,
3456, 3342, 3343, -1, 3456, 3343, 3344, -1, 3456, 3344, 3455, -1, 3454, 3455, 3344, -1,
3454, 3344, 3345, -1, 3454, 3345, 3346, -1, 3454, 3346, 3347, -1, 3454, 3347, 3453, -1,
3348, 3349, 3368, -1, 3348, 3368, 3369, -1, 3348, 3369, 3452, -1, 3348, 3452, 3453, -1,
3348, 3453, 3347, -1, 3417, 3435, 3436, -1, 3417, 3436, 3527, -1, 3417, 3527, 3528, -1,
3417, 3528, 3416, -1, 3528, 3529, 3414, -1, 3528, 3414, 3415, -1, 3528, 3415, 3416, -1,
3530, 3531, 3407, -1, 3530, 3407, 3408, -1, 3530, 3408, 3409, -1, 3530, 3409, 3410, -1,
3530, 3410, 3411, -1, 3530, 3411, 3412, -1, 3530, 3412, 3413, -1, 3530, 3413, 3414, -1,
3530, 3414, 3529, -1, 3532, 3533, 3400, -1, 3532, 3400, 3401, -1, 3532, 3401, 3402, -1,
3532, 3402, 3403, -1, 3532, 3403, 3404, -1, 3532, 3404, 3405, -1, 3532, 3405, 3406, -1,
3532, 3406, 3407, -1, 3532, 3407, 3531, -1, 3534, 3535, 3397, -1, 3534, 3397, 3398, -1,
3534, 3398, 3399, -1, 3534, 3399, 3400, -1, 3534, 3400, 3533, -1, 3385, 3388, 3384, -1,
3384, 3388, 3390, -1, 3384, 3390, 3382, -1, 3382, 3390, 3391, -1, 3382, 3391, 3381, -1,
3381, 3391, 3392, -1, 3381, 3392, 3380, -1, 3380, 3392, 3393, -1, 3380, 3393, 3379, -1,
3379, 3393, 3394, -1, 3379, 3394, 3378, -1, 3378, 3394, 3395, -1, 3378, 3395, 3377, -1,
3377, 3395, 3396, -1, 3377, 3396, 3376, -1, 3376, 3396, 3397, -1, 3376, 3397, 3535, -1,
3527, 3436, 3437, -1, 3527, 3437, 3438, -1, 3527, 3438, 3439, -1, 3527, 3439, 3440, -1,
3527, 3440, 3526, -1, 3440, 3446, 3526, -1, 3526, 3446, 3447, -1, 3526, 3447, 3525, -1,
3525, 3447, 3448, -1, 3525, 3448, 3524, -1, 3524, 3448, 3449, -1, 3524, 3449, 3523, -1,
3523, 3449, 3450, -1, 3523, 3450, 3522, -1, 3522, 3450, 3451, -1, 3522, 3451, 3521, -1,
3521, 3451, 3372, -1, 3521, 3372, 3373, -1, 3451, 3452, 3369, -1, 3451, 3369, 3370, -1,
3451, 3370, 3371, -1, 3451, 3371, 3372, -1, 3368, 3349, 3367, -1, 3367, 3349, 3350, -1,
3367, 3350, 3366, -1, 3366, 3350, 3351, -1, 3366, 3351, 3365, -1, 3365, 3351, 3352, -1,
3365, 3352, 3364, -1, 3364, 3352, 3353, -1, 3364, 3353, 3363, -1, 3363, 3353, 3354, -1,
3363, 3354, 3362, -1, 3362, 3354, 3356, -1, 3362, 3356, 3360, -1, 3360, 3356, 3357, -1,
3360, 3357, 3358, -1, 3386, 3387, 3388, -1, 3386, 3388, 3385, -1, 3373, 3374, 3521, -1,
3521, 3374, 3375, -1, 3521, 3375, 3536, -1, 3536, 3375, 3376, -1, 3536, 3376, 3535, -1,
3614, 3537, 3546, -1, 3546, 3537, 3538, -1, 3546, 3538, 3545, -1, 3545, 3538, 3539, -1,
3545, 3539, 3544, -1, 3544, 3539, 3540, -1, 3544, 3540, 3543, -1, 3543, 3540, 3541, -1,
3543, 3541, 3542, -1, 3547, 3548, 3633, -1, 3547, 3633, 3614, -1, 3547, 3614, 3546, -1,
3548, 3549, 3633, -1, 3633, 3549, 3550, -1, 3633, 3550, 3632, -1, 3632, 3550, 3551, -1,
3632, 3551, 3552, -1, 3553, 3554, 3631, -1, 3553, 3631, 3632, -1, 3553, 3632, 3552, -1,
3631, 3554, 3555, -1, 3631, 3555, 3556, -1, 3631, 3556, 3557, -1, 3631, 3557, 3558, -1,
3631, 3558, 3559, -1, 3631, 3559, 3560, -1, 3631, 3560, 3630, -1, 3629, 3630, 3560, -1,
3629, 3560, 3561, -1, 3629, 3561, 3562, -1, 3629, 3562, 3563, -1, 3629, 3563, 3564, -1,
3629, 3564, 3565, -1, 3629, 3565, 3566, -1, 3629, 3566, 3567, -1, 3629, 3567, 3628, -1,
3628, 3567, 3568, -1, 3628, 3568, 3569, -1, 3628, 3569, 3570, -1, 3628, 3570, 3627, -1,
3627, 3570, 3571, -1, 3627, 3571, 3572, -1, 3627, 3572, 3573, -1, 3627, 3573, 3626, -1,
3585, 3624, 3575, -1, 3575, 3624, 3625, -1, 3575, 3625, 3574, -1, 3574, 3625, 3626, -1,
3574, 3626, 3573, -1, 3611, 3612, 3616, -1, 3616, 3612, 3613, -1, 3616, 3613, 3615, -1,
3615, 3613, 3537, -1, 3615, 3537, 3614, -1, 3608, 3609, 3617, -1, 3617, 3609, 3610, -1,
3617, 3610, 3616, -1, 3616, 3610, 3611, -1, 3605, 3606, 3618, -1, 3618, 3606, 3607, -1,
3618, 3607, 3617, -1, 3617, 3607, 3608, -1, 3618, 3619, 3600, -1, 3618, 3600, 3601, -1,
3618, 3601, 3602, -1, 3618, 3602, 3603, -1, 3618, 3603, 3604, -1, 3618, 3604, 3605, -1,
3620, 3621, 3593, -1, 3620, 3593, 3594, -1, 3620, 3594, 3595, -1, 3620, 3595, 3596, -1,
3620, 3596, 3597, -1, 3620, 3597, 3598, -1, 3620, 3598, 3599, -1, 3620, 3599, 3600, -1,
3620, 3600, 3619, -1, 3621, 3622, 3590, -1, 3621, 3590, 3591, -1, 3621, 3591, 3592, -1,
3621, 3592, 3593, -1, 3622, 3623, 3587, -1, 3622, 3587, 3588, -1, 3622, 3588, 3589, -1,
3622, 3589, 3590, -1, 3586, 3587, 3623, -1, 3586, 3623, 3624, -1, 3586, 3624, 3585, -1,
3579, 3582, 3578, -1, 3578, 3582, 3583, -1, 3578, 3583, 3577, -1, 3577, 3583, 3584, -1,
3577, 3584, 3576, -1, 3576, 3584, 3585, -1, 3576, 3585, 3575, -1, 3580, 3581, 3582, -1,
3580, 3582, 3579, -1, 3711, 3634, 3671, -1, 3671, 3634, 3635, -1, 3671, 3635, 3670, -1,
3670, 3635, 3636, -1, 3670, 3636, 3669, -1, 3669, 3636, 3637, -1, 3669, 3637, 3668, -1,
3668, 3637, 3638, -1, 3668, 3638, 3667, -1, 3667, 3638, 3639, -1, 3667, 3639, 3666, -1,
3666, 3639, 3640, -1, 3666, 3640, 3665, -1, 3665, 3640, 3641, -1, 3665, 3641, 3664, -1,
3664, 3641, 3642, -1, 3664, 3642, 3663, -1, 3663, 3642, 3643, -1, 3663, 3643, 3662, -1,
3662, 3643, 3644, -1, 3662, 3644, 3661, -1, 3661, 3644, 3645, -1, 3661, 3645, 3660, -1,
3660, 3645, 3646, -1, 3660, 3646, 3659, -1, 3659, 3646, 3647, -1, 3659, 3647, 3658, -1,
3658, 3647, 3648, -1, 3658, 3648, 3657, -1, 3657, 3648, 3649, -1, 3657, 3649, 3656, -1,
3656, 3649, 3650, -1, 3656, 3650, 3655, -1, 3655, 3650, 3651, -1, 3655, 3651, 3654, -1,
3654, 3651, 3652, -1, 3654, 3652, 3653, -1, 3671, 3672, 3719, -1, 3671, 3719, 3720, -1,
3671, 3720, 3711, -1, 3719, 3672, 3673, -1, 3719, 3673, 3674, -1, 3719, 3674, 3675, -1,
3719, 3675, 3676, -1, 3719, 3676, 3718, -1, 3718, 3676, 3717, -1, 3717, 3676, 3677, -1,
3717, 3677, 3689, -1, 3689, 3677, 3678, -1, 3689, 3678, 3688, -1, 3688, 3678, 3679, -1,
3688, 3679, 3687, -1, 3687, 3679, 3680, -1, 3687, 3680, 3686, -1, 3686, 3680, 3681, -1,
3686, 3681, 3685, -1, 3685, 3681, 3682, -1, 3685, 3682, 3683, -1, 3692, 3693, 3717, -1,
3717, 3693, 3694, -1, 3717, 3694, 3716, -1, 3716, 3694, 3695, -1, 3716, 3695, 3715, -1,
3715, 3695, 3706, -1, 3715, 3706, 3714, -1, 3714, 3706, 3707, -1, 3714, 3707, 3708, -1,
3717, 3689, 3690, -1, 3717, 3690, 3691, -1, 3717, 3691, 3692, -1, 3634, 3711, 3712, -1,
3634, 3712, 3713, -1, 3634, 3713, 3714, -1, 3634, 3714, 3710, -1, 3714, 3708, 3709, -1,
3714, 3709, 3710, -1, 3700, 3701, 3705, -1, 3705, 3701, 3702, -1, 3705, 3702, 3704, -1,
3704, 3702, 3703, -1, 3705, 3706, 3696, -1, 3705, 3696, 3697, -1, 3705, 3697, 3698, -1,
3705, 3698, 3699, -1, 3705, 3699, 3700, -1, 3726, 3728, 3725, -1, 3725, 3728, 3729, -1,
3725, 3729, 3724, -1, 3724, 3729, 3730, -1, 3724, 3730, 3723, -1, 3723, 3730, 3731, -1,
3723, 3731, 3722, -1, 3722, 3731, 3732, -1, 3722, 3732, 3721, -1, 3738, 3740, 3737, -1,
3737, 3740, 3741, -1, 3737, 3741, 3736, -1, 3736, 3741, 3742, -1, 3736, 3742, 3735, -1,
3735, 3742, 3743, -1, 3735, 3743, 3734, -1, 3734, 3743, 3744, -1, 3734, 3744, 3733, -1,
3806, 3807, 3801, -1, 3806, 3801, 3802, -1, 3806, 3802, 3803, -1, 3806, 3803, 3804, -1,
3806, 3804, 3805, -1, 3798, 3799, 3809, -1, 3809, 3799, 3800, -1, 3809, 3800, 3808, -1,
3808, 3800, 3801, -1, 3808, 3801, 3807, -1, 3810, 3811, 3796, -1, 3810, 3796, 3797, -1,
3810, 3798, 3809, -1, 3811, 3812, 3794, -1, 3811, 3794, 3795, -1, 3811, 3795, 3796, -1,
3794, 3812, 3813, -1, 3794, 3813, 3814, -1, 3794, 3814, 3815, -1, 3794, 3815, 3816, -1,
3794, 3816, 3817, -1, 3794, 3817, 3818, -1, 3794, 3818, 3819, -1, 3794, 3819, 3820, -1,
3794, 3820, 3793, -1, 3793, 3820, 3821, -1, 3793, 3821, 3822, -1, 3793, 3822, 3823, -1,
3793, 3823, 3824, -1, 3793, 3824, 3825, -1, 3793, 3825, 3826, -1, 3793, 3826, 3827, -1,
3793, 3827, 3792, -1, 3791, 3792, 3827, -1, 3791, 3827, 3828, -1, 3791, 3828, 3829, -1,
3791, 3829, 3830, -1, 3791, 3830, 3831, -1, 3791, 3831, 3832, -1, 3791, 3832, 3790, -1,
3780, 3785, 3779, -1, 3779, 3785, 3786, -1, 3779, 3786, 3778, -1, 3778, 3786, 3787, -1,
3778, 3787, 3745, -1, 3745, 3787, 3788, -1, 3745, 3788, 3832, -1, 3832, 3788, 3789, -1,
3832, 3789, 3790, -1, 3784, 3785, 3781, -1, 3784, 3781, 3782, -1, 3784, 3782, 3783, -1,
3745, 3746, 3778, -1, 3778, 3746, 3747, -1, 3778, 3747, 3777, -1, 3777, 3747, 3748, -1,
3777, 3748, 3749, -1, 3749, 3750, 3777, -1, 3777, 3750, 3751, -1, 3777, 3751, 3776, -1,
3776, 3751, 3752, -1, 3776, 3752, 3775, -1, 3775, 3752, 3753, -1, 3775, 3753, 3774, -1,
3774, 3753, 3754, -1, 3774, 3754, 3773, -1, 3773, 3754, 3755, -1, 3773, 3755, 3772, -1,
3772, 3755, 3756, -1, 3772, 3756, 3771, -1, 3771, 3756, 3757, -1, 3771, 3757, 3770, -1,
3770, 3757, 3758, -1, 3770, 3758, 3769, -1, 3769, 3758, 3759, -1, 3769, 3759, 3768, -1,
3768, 3759, 3760, -1, 3768, 3760, 3767, -1, 3767, 3760, 3761, -1, 3767, 3761, 3766, -1,
3766, 3761, 3762, -1, 3766, 3762, 3765, -1, 3765, 3762, 3763, -1, 3765, 3763, 3764, -1,
3838, 3840, 3837, -1, 3837, 3840, 3841, -1, 3837, 3841, 3836, -1, 3836, 3841, 3842, -1,
3836, 3842, 3835, -1, 3835, 3842, 3843, -1, 3835, 3843, 3834, -1, 3834, 3843, 3844, -1,
3834, 3844, 3833, -1, 3850, 3852, 3849, -1, 3849, 3852, 3853, -1, 3849, 3853, 3848, -1,
3848, 3853, 3854, -1, 3848, 3854, 3847, -1, 3847, 3854, 3855, -1, 3847, 3855, 3846, -1,
3846, 3855, 3856, -1, 3846, 3856, 3845, -1, 3942, 3943, 3875, -1, 3875, 3943, 3944, -1,
3875, 3944, 3873, -1, 3873, 3944, 3945, -1, 3873, 3945, 3872, -1, 3872, 3945, 3946, -1,
3872, 3946, 3871, -1, 3871, 3946, 3864, -1, 3871, 3864, 3865, -1, 3904, 3905, 3926, -1,
3904, 3926, 3927, -1, 3904, 3927, 3885, -1, 3904, 3885, 3886, -1, 3904, 3886, 3887, -1,
3904, 3887, 3888, -1, 3904, 3888, 3889, -1, 3904, 3889, 3903, -1, 3885, 3930, 3931, -1,
3885, 3931, 3932, -1, 3885, 3932, 3933, -1, 3885, 3933, 3934, -1, 3885, 3934, 3884, -1,
3935, 3883, 3934, -1, 3938, 3879, 3937, -1, 3937, 3879, 3880, -1, 3937, 3880, 3936, -1,
3936, 3880, 3881, -1, 3936, 3881, 3935, -1, 3939, 3940, 3877, -1, 3939, 3877, 3878, -1,
3939, 3878, 3879, -1, 3939, 3879, 3938, -1, 3942, 3875, 3941, -1, 3941, 3875, 3876, -1,
3941, 3876, 3940, -1, 3940, 3876, 3877, -1, 3925, 3907, 3924, -1, 3924, 3907, 3908, -1,
3924, 3908, 3923, -1, 3923, 3908, 3909, -1, 3923, 3909, 3922, -1, 3922, 3909, 3910, -1,
3922, 3910, 3921, -1, 3921, 3910, 3911, -1, 3921, 3911, 3920, -1, 3920, 3911, 3912, -1,
3920, 3912, 3919, -1, 3919, 3912, 3913, -1, 3919, 3913, 3918, -1, 3918, 3913, 3914, -1,
3918, 3914, 3917, -1, 3917, 3914, 3915, -1, 3917, 3915, 3916, -1, 3907, 3925, 3926, -1,
3907, 3926, 3905, -1, 3907, 3905, 3906, -1, 3896, 3897, 3891, -1, 3896, 3891, 3892, -1,
3896, 3892, 3893, -1, 3896, 3893, 3894, -1, 3896, 3894, 3895, -1, 3891, 3897, 3898, -1,
3891, 3898, 3899, -1, 3891, 3899, 3900, -1, 3891, 3900, 3901, -1, 3891, 3901, 3902, -1,
3891, 3902, 3903, -1, 3891, 3903, 3890, -1, 3871, 3865, 3870, -1, 3870, 3865, 3866, -1,
3870, 3866, 3869, -1, 3869, 3866, 3867, -1, 3869, 3867, 3868, -1, 3859, 3860, 3858, -1,
3858, 3860, 3861, -1, 3858, 3861, 3857, -1, 3857, 3861, 3863, -1, 3857, 3863, 3953, -1,
3953, 3863, 3864, -1, 3953, 3864, 3946, -1, 3946, 3947, 3952, -1, 3952, 3947, 3948, -1,
3952, 3948, 3951, -1, 3951, 3948, 3949, -1, 3951, 3949, 3950, -1, 4010, 3954, 3991, -1,
3991, 3954, 3955, -1, 3991, 3955, 3990, -1, 3990, 3955, 3956, -1, 3990, 3956, 3989, -1,
3989, 3956, 3957, -1, 3989, 3957, 3988, -1, 3988, 3957, 3958, -1, 3988, 3958, 3987, -1,
3987, 3958, 3959, -1, 3987, 3959, 3986, -1, 3986, 3959, 3960, -1, 3986, 3960, 3985, -1,
3985, 3960, 3961, -1, 3985, 3961, 3984, -1, 3984, 3961, 3962, -1, 3984, 3962, 3983, -1,
3983, 3962, 3963, -1, 3983, 3963, 3982, -1, 3982, 3963, 3964, -1, 3982, 3964, 3981, -1,
3981, 3964, 3965, -1, 3981, 3965, 3980, -1, 3980, 3965, 3966, -1, 3980, 3966, 3979, -1,
3979, 3966, 3967, -1, 3979, 3967, 3978, -1, 3978, 3967, 3968, -1, 3978, 3968, 3977, -1,
3977, 3968, 3969, -1, 3977, 3969, 3976, -1, 3976, 3969, 3970, -1, 3976, 3970, 3975, -1,
3975, 3970, 3971, -1, 3975, 3971, 3974, -1, 3974, 3971, 3972, -1, 3974, 3972, 3973, -1,
3991, 3992, 4008, -1, 3991, 4008, 4009, -1, 3991, 4009, 4010, -1, 4008, 3992, 3993, -1,
4008, 3993, 3994, -1, 4008, 3994, 3995, -1, 4008, 3995, 3996, -1, 4008, 3996, 4007, -1,
4001, 4003, 4000, -1, 4000, 4003, 4004, -1, 4000, 4004, 3999, -1, 3999, 4004, 4005, -1,
3999, 4005, 3998, -1, 3998, 4005, 4006, -1, 3998, 4006, 3997, -1, 3997, 4006, 4007, -1,
3997, 4007, 3996, -1, 3954, 4010, 4011, -1, 3954, 4011, 4012, -1, 3954, 4012, 4013, -1,
3954, 4013, 4029, -1, 4013, 4014, 4025, -1, 4013, 4025, 4026, -1, 4013, 4026, 4027, -1,
4013, 4027, 4028, -1, 4013, 4028, 4029, -1, 4019, 4021, 4018, -1, 4018, 4021, 4022, -1,
4018, 4022, 4017, -1, 4017, 4022, 4023, -1, 4017, 4023, 4016, -1, 4016, 4023, 4024, -1,
4016, 4024, 4015, -1, 4015, 4024, 4025, -1, 4015, 4025, 4014, -1, 4035, 4037, 4034, -1,
4034, 4037, 4038, -1, 4034, 4038, 4033, -1, 4033, 4038, 4039, -1, 4033, 4039, 4032, -1,
4032, 4039, 4040, -1, 4032, 4040, 4031, -1, 4031, 4040, 4041, -1, 4031, 4041, 4030, -1,
4083, 4084, 4109, -1, 4109, 4084, 4085, -1, 4109, 4085, 4108, -1, 4108, 4085, 4086, -1,
4108, 4086, 4107, -1, 4107, 4086, 4087, -1, 4107, 4087, 4106, -1, 4106, 4087, 4088, -1,
4106, 4088, 4105, -1, 4105, 4088, 4089, -1, 4105, 4089, 4104, -1, 4104, 4089, 4090, -1,
4104, 4090, 4103, -1, 4103, 4090, 4091, -1, 4103, 4091, 4102, -1, 4102, 4091, 4092, -1,
4102, 4092, 4101, -1, 4101, 4092, 4093, -1, 4101, 4093, 4100, -1, 4100, 4093, 4095, -1,
4100, 4095, 4098, -1, 4098, 4095, 4096, -1, 4098, 4096, 4097, -1, 4153, 4154, 4047, -1,
4047, 4154, 4155, -1, 4047, 4155, 4046, -1, 4046, 4155, 4156, -1, 4046, 4156, 4045, -1,
4045, 4156, 4157, -1, 4045, 4157, 4044, -1, 4044, 4157, 4158, -1, 4044, 4158, 4043, -1,
4043, 4158, 4159, -1, 4043, 4159, 4042, -1, 4042, 4159, 4161, -1, 4042, 4161, 4164, -1,
4164, 4161, 4162, -1, 4164, 4162, 4163, -1, 4050, 4151, 4049, -1, 4049, 4151, 4152, -1,
4049, 4152, 4048, -1, 4048, 4152, 4153, -1, 4048, 4153, 4047, -1, 4151, 4050, 4051, -1,
4151, 4051, 4052, -1, 4151, 4052, 4062, -1, 4151, 4062, 4063, -1, 4151, 4063, 4150, -1,
4063, 4064, 4144, -1, 4063, 4144, 4145, -1, 4063, 4145, 4146, -1, 4063, 4146, 4147, -1,
4063, 4147, 4148, -1, 4063, 4148, 4149, -1, 4063, 4149, 4150, -1, 4065, 4066, 4137, -1,
4065, 4137, 4138, -1, 4065, 4138, 4139, -1, 4065, 4139, 4140, -1, 4065, 4140, 4141, -1,
4065, 4141, 4142, -1, 4065, 4142, 4143, -1, 4065, 4143, 4144, -1, 4065, 4144, 4064, -1,
4066, 4067, 4130, -1, 4066, 4130, 4131, -1, 4066, 4131, 4132, -1, 4066, 4132, 4133, -1,
4066, 4133, 4134, -1, 4066, 4134, 4135, -1, 4066, 4135, 4136, -1, 4066, 4136, 4137, -1,
4068, 4069, 4123, -1, 4068, 4123, 4124, -1, 4068, 4124, 4125, -1, 4068, 4125, 4126, -1,
4068, 4126, 4127, -1, 4068, 4127, 4128, -1, 4068, 4128, 4129, -1, 4068, 4129, 4130, -1,
4068, 4130, 4067, -1, 4069, 4070, 4116, -1, 4069, 4116, 4117, -1, 4069, 4117, 4118, -1,
4069, 4118, 4119, -1, 4069, 4119, 4120, -1, 4069, 4120, 4121, -1, 4069, 4121, 4122, -1,
4069, 4122, 4123, -1, 4071, 4111, 4112, -1, 4071, 4112, 4113, -1, 4071, 4113, 4114, -1,
4071, 4114, 4115, -1, 4071, 4115, 4116, -1, 4071, 4116, 4070, -1, 4171, 4173, 4170, -1,
4170, 4173, 4174, -1, 4170, 4174, 4169, -1, 4169, 4174, 4175, -1, 4169, 4175, 4168, -1,
4168, 4175, 4176, -1, 4168, 4176, 4167, -1, 4167, 4176, 4177, -1, 4167, 4177, 4166, -1,
4249, 4250, 4182, -1, 4182, 4250, 4178, -1, 4182, 4178, 4180, -1, 4180, 4178, 4179, -1,
4211, 4212, 4233, -1, 4211, 4233, 4234, -1, 4211, 4234, 4192, -1, 4211, 4192, 4193, -1,
4211, 4193, 4194, -1, 4211, 4194, 4195, -1, 4211, 4195, 4196, -1, 4211, 4196, 4210, -1,
4192, 4237, 4238, -1, 4192, 4238, 4239, -1, 4192, 4239, 4240, -1, 4192, 4240, 4241, -1,
4192, 4241, 4191, -1, 4242, 4190, 4241, -1, 4245, 4186, 4244, -1, 4244, 4186, 4187, -1,
4244, 4187, 4243, -1, 4243, 4187, 4188, -1, 4243, 4188, 4242, -1, 4246, 4247, 4184, -1,
4246, 4184, 4185, -1, 4246, 4185, 4186, -1, 4246, 4186, 4245, -1, 4249, 4182, 4248, -1,
4248, 4182, 4183, -1, 4248, 4183, 4247, -1, 4247, 4183, 4184, -1, 4232, 4214, 4231, -1,
4231, 4214, 4215, -1, 4231, 4215, 4230, -1, 4230, 4215, 4216, -1, 4230, 4216, 4229, -1,
4229, 4216, 4217, -1, 4229, 4217, 4228, -1, 4228, 4217, 4218, -1, 4228, 4218, 4227, -1,
4227, 4218, 4219, -1, 4227, 4219, 4226, -1, 4226, 4219, 4220, -1, 4226, 4220, 4225, -1,
4225, 4220, 4221, -1, 4225, 4221, 4224, -1, 4224, 4221, 4222, -1, 4224, 4222, 4223, -1,
4214, 4232, 4233, -1, 4214, 4233, 4212, -1, 4214, 4212, 4213, -1, 4203, 4204, 4198, -1,
4203, 4198, 4199, -1, 4203, 4199, 4200, -1, 4203, 4200, 4201, -1, 4203, 4201, 4202, -1,
4198, 4204, 4205, -1, 4198, 4205, 4206, -1, 4198, 4206, 4207, -1, 4198, 4207, 4208, -1,
4198, 4208, 4209, -1, 4198, 4209, 4210, -1, 4198, 4210, 4197, -1, 4310, 4311, 4305, -1,
4310, 4305, 4306, -1, 4310, 4306, 4307, -1, 4310, 4307, 4308, -1, 4310, 4308, 4309, -1,
4305, 4311, 4312, -1, 4305, 4312, 4313, -1, 4305, 4313, 4314, -1, 4305, 4314, 4315, -1,
4305, 4315, 4316, -1, 4305, 4316, 4317, -1, 4305, 4317, 4304, -1, 4304, 4317, 4318, -1,
4304, 4318, 4319, -1, 4304, 4319, 4320, -1, 4304, 4320, 4303, -1, 4302, 4303, 4320, -1,
4302, 4320, 4321, -1, 4302, 4321, 4322, -1, 4302, 4322, 4323, -1, 4302, 4323, 4301, -1,
4301, 4323, 4324, -1, 4301, 4324, 4325, -1, 4301, 4325, 4326, -1, 4301, 4326, 4327, -1,
4301, 4327, 4328, -1, 4301, 4328, 4329, -1, 4301, 4329, 4330, -1, 4301, 4330, 4300, -1,
4300, 4330, 4331, -1, 4300, 4331, 4332, -1, 4300, 4332, 4333, -1, 4300, 4333, 4299, -1,
4263, 4295, 4262, -1, 4262, 4295, 4296, -1, 4262, 4296, 4261, -1, 4261, 4296, 4297, -1,
4261, 4297, 4251, -1, 4251, 4297, 4298, -1, 4251, 4298, 4334, -1, 4334, 4298, 4299, -1,
4334, 4299, 4333, -1, 4285, 4286, 4287, -1, 4285, 4287, 4288, -1, 4285, 4288, 4289, -1,
4285, 4289, 4290, -1, 4285, 4290, 4284, -1, 4290, 4291, 4278, -1, 4290, 4278, 4279, -1,
4290, 4279, 4280, -1, 4290, 4280, 4281, -1, 4290, 4281, 4282, -1, 4290, 4282, 4283, -1,
4290, 4283, 4284, -1, 4291, 4292, 4275, -1, 4291, 4275, 4276, -1, 4291, 4276, 4277, -1,
4291, 4277, 4278, -1, 4293, 4294, 4272, -1, 4293, 4272, 4273, -1, 4293, 4273, 4274, -1,
4293, 4274, 4275, -1, 4293, 4275, 4292, -1, 4294, 4295, 4265, -1, 4294, 4265, 4266, -1,
4294, 4266, 4267, -1, 4294, 4267, 4268, -1, 4294, 4268, 4269, -1, 4294, 4269, 4270, -1,
4294, 4270, 4271, -1, 4294, 4271, 4272, -1, 4295, 4263, 4264, -1, 4295, 4264, 4265, -1,
4261, 4251, 4260, -1, 4260, 4251, 4252, -1, 4260, 4252, 4259, -1, 4259, 4252, 4253, -1,
4259, 4253, 4258, -1, 4258, 4253, 4254, -1, 4258, 4254, 4257, -1, 4257, 4254, 4255, -1,
4257, 4255, 4256, -1, 4428, 4429, 4335, -1, 4428, 4335, 4352, -1, 4428, 4352, 4353, -1,
4428, 4353, 4354, -1, 4428, 4354, 4355, -1, 4428, 4355, 4356, -1, 4428, 4356, 4357, -1,
4428, 4357, 4358, -1, 4428, 4358, 4359, -1, 4428, 4359, 4435, -1, 4395, 4396, 4381, -1,
4381, 4396, 4426, -1, 4381, 4426, 4431, -1, 4431, 4426, 4427, -1, 4431, 4427, 4430, -1,
4430, 4427, 4335, -1, 4430, 4335, 4429, -1, 4351, 4341, 4350, -1, 4350, 4341, 4342, -1,
4350, 4342, 4349, -1, 4349, 4342, 4344, -1, 4349, 4344, 4347, -1, 4347, 4344, 4345, -1,
4347, 4345, 4346, -1, 4352, 4335, 4336, -1, 4352, 4336, 4337, -1, 4352, 4337, 4338, -1,
4352, 4338, 4339, -1, 4352, 4339, 4340, -1, 4352, 4340, 4341, -1, 4352, 4341, 4351, -1,
4435, 4359, 4360, -1, 4435, 4360, 4361, -1, 4435, 4361, 4362, -1, 4435, 4362, 4363, -1,
4435, 4363, 4364, -1, 4435, 4364, 4365, -1, 4435, 4365, 4366, -1, 4435, 4366, 4434, -1,
4433, 4434, 4366, -1, 4433, 4366, 4367, -1, 4433, 4367, 4368, -1, 4433, 4368, 4369, -1,
4433, 4369, 4370, -1, 4433, 4370, 4371, -1, 4433, 4371, 4372, -1, 4433, 4372, 4373, -1,
4433, 4373, 4432, -1, 4432, 4373, 4374, -1, 4432, 4374, 4375, -1, 4432, 4375, 4376, -1,
4432, 4376, 4377, -1, 4432, 4377, 4378, -1, 4432, 4378, 4379, -1, 4432, 4379, 4380, -1,
4432, 4380, 4431, -1, 4420, 4421, 4417, -1, 4420, 4417, 4418, -1, 4420, 4418, 4419, -1,
4422, 4423, 4410, -1, 4422, 4410, 4411, -1, 4422, 4411, 4412, -1, 4422, 4412, 4413, -1,
4422, 4413, 4414, -1, 4422, 4414, 4415, -1, 4422, 4415, 4416, -1, 4422, 4416, 4417, -1,
4422, 4417, 4421, -1, 4424, 4425, 4403, -1, 4424, 4403, 4404, -1, 4424, 4404, 4405, -1,
4424, 4405, 4406, -1, 4424, 4406, 4407, -1, 4424, 4407, 4408, -1, 4424, 4408, 4409, -1,
4424, 4409, 4410, -1, 4424, 4410, 4423, -1, 4425, 4426, 4396, -1, 4425, 4396, 4397, -1,
4425, 4397, 4398, -1, 4425, 4398, 4399, -1, 4425, 4399, 4400, -1, 4425, 4400, 4401, -1,
4425, 4401, 4402, -1, 4425, 4402, 4403, -1, 4387, 4390, 4386, -1, 4386, 4390, 4392, -1,
4386, 4392, 4384, -1, 4384, 4392, 4393, -1, 4384, 4393, 4383, -1, 4383, 4393, 4394, -1,
4383, 4394, 4382, -1, 4382, 4394, 4395, -1, 4382, 4395, 4381, -1, 4388, 4389, 4390, -1,
4388, 4390, 4387, -1, 4461, 4462, 4436, -1, 4461, 4436, 4437, -1, 4461, 4437, 4438, -1,
4461, 4438, 4439, -1, 4461, 4439, 4450, -1, 4461, 4450, 4451, -1, 4461, 4451, 4460, -1,
4460, 4452, 4459, -1, 4459, 4452, 4453, -1, 4459, 4453, 4458, -1, 4458, 4453, 4454, -1,
4458, 4454, 4457, -1, 4457, 4454, 4455, -1, 4457, 4455, 4456, -1, 4444, 4446, 4443, -1,
4443, 4446, 4447, -1, 4443, 4447, 4442, -1, 4442, 4447, 4448, -1, 4442, 4448, 4441, -1,
4441, 4448, 4449, -1, 4441, 4449, 4440, -1, 4440, 4449, 4450, -1, 4440, 4450, 4439, -1,
4476, 4486, 4487, -1, 4476, 4487, 4498, -1, 4498, 4487, 4488, -1, 4498, 4488, 4497, -1,
4497, 4488, 4489, -1, 4497, 4489, 4496, -1, 4496, 4489, 4490, -1, 4496, 4490, 4495, -1,
4495, 4490, 4491, -1, 4495, 4491, 4494, -1, 4494, 4491, 4492, -1, 4494, 4492, 4493, -1,
4505, 4506, 4466, -1, 4466, 4506, 4507, -1, 4466, 4507, 4465, -1, 4465, 4507, 4463, -1,
4465, 4463, 4464, -1, 4466, 4467, 4505, -1, 4505, 4467, 4468, -1, 4505, 4468, 4504, -1,
4504, 4468, 4469, -1, 4504, 4469, 4470, -1, 4470, 4471, 4472, -1, 4470, 4472, 4473, -1,
4470, 4473, 4474, -1, 4470, 4474, 4499, -1, 4470, 4499, 4500, -1, 4470, 4500, 4501, -1,
4470, 4501, 4502, -1, 4470, 4502, 4503, -1, 4470, 4503, 4504, -1, 4499, 4474, 4475, -1,
4499, 4475, 4476, -1, 4499, 4476, 4498, -1, 4481, 4482, 4478, -1, 4478, 4483, 4477, -1,
4477, 4483, 4484, -1, 4477, 4484, 4476, -1, 4476, 4484, 4485, -1, 4479, 4480, 4481, -1,
4479, 4481, 4478, -1, 4515, 4516, 4512, -1, 4515, 4512, 4513, -1, 4515, 4513, 4514, -1,
4512, 4516, 4517, -1, 4512, 4517, 4518, -1, 4512, 4518, 4519, -1, 4512, 4519, 4511, -1,
4511, 4519, 4520, -1, 4511, 4520, 4521, -1, 4511, 4521, 4522, -1, 4511, 4522, 4523, -1,
4511, 4523, 4510, -1, 4510, 4523, 4524, -1, 4510, 4524, 4525, -1, 4510, 4525, 4526, -1,
4510, 4526, 4509, -1, 4526, 4527, 4555, -1, 4526, 4555, 4556, -1, 4526, 4556, 4557, -1,
4526, 4557, 4558, -1, 4526, 4558, 4559, -1, 4526, 4559, 4560, -1, 4526, 4560, 4561, -1,
4526, 4561, 4562, -1, 4526, 4562, 4563, -1, 4526, 4563, 4509, -1, 4527, 4528, 4547, -1,
4527, 4547, 4548, -1, 4527, 4548, 4549, -1, 4527, 4549, 4550, -1, 4527, 4550, 4551, -1,
4527, 4551, 4552, -1, 4527, 4552, 4553, -1, 4527, 4553, 4554, -1, 4527, 4554, 4555, -1,
4545, 4546, 4547, -1, 4545, 4547, 4528, -1, 4545, 4528, 4529, -1, 4545, 4529, 4530, -1,
4545, 4530, 4531, -1, 4545, 4531, 4544, -1, 4544, 4531, 4532, -1, 4544, 4532, 4533, -1,
4544, 4533, 4534, -1, 4544, 4534, 4535, -1, 4544, 4535, 4543, -1, 4543, 4535, 4536, -1,
4543, 4536, 4537, -1, 4543, 4537, 4538, -1, 4543, 4538, 4539, -1, 4543, 4539, 4542, -1,
4540, 4541, 4542, -1, 4540, 4542, 4539, -1, 4565, 4566, 4578, -1, 4565, 4578, 4579, -1,
4565, 4579, 4580, -1, 4565, 4580, 4581, -1, 4565, 4581, 4582, -1, 4565, 4582, 4583, -1,
4565, 4583, 4584, -1, 4565, 4584, 4585, -1, 4575, 4576, 4567, -1, 4567, 4576, 4577, -1,
4567, 4577, 4566, -1, 4566, 4577, 4578, -1, 4571, 4572, 4570, -1, 4570, 4572, 4573, -1,
4570, 4573, 4569, -1, 4569, 4573, 4574, -1, 4569, 4574, 4568, -1, 4568, 4574, 4575, -1,
4568, 4575, 4567, -1, 4665, 4666, 4689, -1, 4665, 4689, 4690, -1, 4665, 4690, 4691, -1,
4665, 4691, 4692, -1, 4665, 4692, 4693, -1, 4665, 4693, 4694, -1, 4665, 4694, 4695, -1,
4665, 4695, 4696, -1, 4665, 4696, 4697, -1, 4665, 4697, 4698, -1, 4665, 4698, 4699, -1,
4665, 4699, 4700, -1, 4665, 4700, 4701, -1, 4665, 4701, 4663, -1, 4665, 4663, 4664, -1,
4667, 4668, 4688, -1, 4667, 4688, 4689, -1, 4667, 4689, 4666, -1, 4669, 4670, 4681, -1,
4669, 4681, 4682, -1, 4669, 4682, 4683, -1, 4669, 4683, 4684, -1, 4669, 4684, 4685, -1,
4669, 4685, 4686, -1, 4669, 4686, 4687, -1, 4669, 4687, 4688, -1, 4669, 4688, 4668, -1,
4675, 4677, 4674, -1, 4674, 4677, 4678, -1, 4674, 4678, 4673, -1, 4673, 4678, 4679, -1,
4673, 4679, 4672, -1, 4672, 4679, 4680, -1, 4672, 4680, 4671, -1, 4671, 4680, 4681, -1,
4671, 4681, 4670, -1, 4703, 4704, 4706, -1, 4703, 4706, 4707, -1, 4703, 4707, 4708, -1,
4703, 4708, 4709, -1, 4703, 4709, 4710, -1, 4703, 4710, 4711, -1, 4703, 4711, 4712, -1,
4703, 4712, 4713, -1, 4703, 4713, 4714, -1, 4715, 4716, 4718, -1, 4715, 4718, 4719, -1,
4715, 4719, 4720, -1, 4715, 4720, 4721, -1, 4715, 4721, 4722, -1, 4715, 4722, 4723, -1,
4715, 4723, 4724, -1, 4715, 4724, 4725, -1, 4715, 4725, 4726, -1, 4736, 4727, 4731, -1,
4736, 4731, 4732, -1, 4736, 4732, 4733, -1, 4736, 4733, 4734, -1, 4736, 4734, 4735, -1,
4730, 4731, 4727, -1, 4730, 4727, 4728, -1, 4730, 4728, 4729, -1, 4718, 4716, 4717, -1,
4706, 4704, 4705, -1, 4702, 4663, 4701, -1, 4677, 4675, 4676, -1, 4509, 4563, 4564, -1,
4508, 4463, 4507, -1, 4446, 4444, 4445, -1, 4460, 4451, 4452, -1, 4392, 4390, 4391, -1,
4386, 4384, 4385, -1, 4381, 4431, 4380, -1, 4344, 4342, 4343, -1, 4349, 4347, 4348, -1,
4210, 4196, 4197, -1, 4182, 4180, 4181, -1, 4173, 4171, 4172, -1, 4095, 4093, 4094, -1,
4161, 4159, 4160, -1, 4042, 4164, 4165, -1, 4100, 4098, 4099, -1, 4037, 4035, 4036, -1,
4021, 4019, 4020, -1, 4003, 4001, 4002, -1, 3953, 3946, 3952, -1, 3903, 3889, 3890, -1,
3875, 3873, 3874, -1, 3852, 3850, 3851, -1, 3840, 3838, 3839, -1, 3785, 3780, 3781, -1,
3740, 3738, 3739, -1, 3728, 3726, 3727, -1, 3706, 3695, 3696, -1, 3685, 3683, 3684, -1,
3390, 3388, 3389, -1, 3362, 3360, 3361, -1, 3360, 3358, 3359, -1, 3356, 3354, 3355, -1,
3384, 3382, 3383, -1, 3425, 3423, 3424, -1, 3316, 3314, 3315, -1, 3466, 3464, 3465, -1,
3481, 3479, 3480, -1, 3488, 3483, 3484, -1, 3319, 3317, 3318, -1, 3321, 3319, 3320, -1,
3430, 3428, 3429, -1, 3242, 3240, 3241, -1, 3268, 3266, 3267, -1, 3297, 3295, 3296, -1,
3302, 3300, 3301, -1, 3227, 3220, 3226, -1, 3112, 3110, 3111, -1, 3115, 3113, 3114, -1,
3117, 3115, 3116, -1, 2995, 2993, 2994, -1, 3024, 3015, 3016, -1, 3036, 3037, 3035, -1,
2957, 2955, 2956, -1, 2974, 2957, 2958, -1, 2763, 2761, 2762, -1, 2742, 2766, 2741, -1,
2726, 2766, 2725, -1, 2800, 2793, 2799, -1, 2739, 2737, 2738, -1, 2755, 2753, 2754, -1,
2862, 2860, 2861, -1, 2928, 2926, 2927, -1, 2065, 2052, 2053, -1, 2057, 2055, 2056, -1,
2062, 2060, 2061, -1, 2809, 2931, 2932, -1, 2867, 2865, 2866, -1, 2850, 2840, 2849, -1,
2586, 2584, 2585, -1, 2525, 2526, 2524, -1, 2539, 2496, 2538, -1, 4083, 4073, 4082, -1,
2448, 2446, 2447, -1, 2453, 2451, 2452, -1, 2354, 2352, 2353, -1, 2352, 2350, 2351, -1,
2349, 2347, 2348, -1, 2296, 2372, 2295, -1, 2194, 2200, 2193, -1, 2167, 2165, 2166, -1,
2184, 2182, 2183, -1, 2082, 2080, 2081, -1, 1827, 1825, 1826, -1, 1834, 1832, 1833, -1,
1851, 1834, 1835, -1, 1825, 1823, 1824, -1, 1857, 1855, 1856, -1, 1797, 1795, 1796, -1,
1814, 1812, 1813, -1, 4782, 4780, 4781, -1, 1709, 1707, 1708, -1, 1660, 1690, 1691, -1,
1686, 1684, 1685, -1, 2235, 2233, 2234, -1, 2240, 2238, 2239, -1, 1645, 1643, 1644, -1,
1585, 1540, 1584, -1, 1440, 1438, 1439, -1, 1299, 1297, 1298, -1, 1297, 1295, 1296, -1,
1294, 1292, 1293, -1, 1357, 1317, 1356, -1, 1175, 1173, 1174, -1, 1173, 1171, 1172, -1,
1170, 1168, 1169, -1, 1233, 1193, 1232, -1, 1086, 1132, 1085, -1, 997, 1043, 996, -1,
963, 964, 962, -1, 955, 953, 954, -1, 856, 854, 855, -1, 846, 844, 845, -1,
879, 877, 878, -1, 908, 906, 907, -1, 913, 911, 912, -1, 819, 817, 818, -1,
836, 834, 835, -1, 740, 786, 739, -1, 730, 728, 729, -1, 715, 730, 731, -1,
656, 654, 655, -1, 673, 671, 672, -1, 633, 631, 632, -1, 590, 620, 621, -1,
616, 614, 615, -1, 1434, 1432, 1433, -1, 1483, 1481, 1482, -1, 3162, 3160, 3161, -1,
3167, 3165, 3166, -1, 1488, 1486, 1487, -1, 459, 532, 458, -1, 396, 426, 427, -1,
422, 420, 421, -1, 265, 338, 264, -1, 106, 152, 105, -1, 81, 34, 80, -1,
4593, 4591, 4592, -1, 4608, 4609, 4607, -1, 4651, 4649, 4650, -1, 4646, 4639, 4645, -1,
56, 54, 55, -1, 25, 23, 24, -1
            ]
          }
        }
      ]
    }
  ]
}
Transform {
  children [
    Group {
      children [
        Shape {
          appearance Appearance {
            material Material {
              diffuseColor 0.961 0.961 0.961
              specularColor 0.965 0.965 0.965
              emissiveColor 0 0 0
              ambientIntensity 0.7
              transparency 0
              shininess 0.02
            }
          }
          geometry IndexedFaceSet {
            solid TRUE
            coord Coordinate {
              point [
2.238251 -6.741944 -0.344488, 2.225467 -6.72916 -0.344488,
2.216427 -6.727362 -0.344488, 2.015857 -6.727362 -0.344488,
2.006817 -6.72916 -0.344488, 1.994033 -6.741944 -0.344488,
1.994033 -6.760024 -0.344488, 2.006817 -6.772808 -0.344488,
2.015857 -6.774606 -0.344488, 2.216427 -6.774606 -0.344488,
2.225467 -6.772808 -0.344488, 2.238251 -6.760024 -0.344488,
2.238251 -6.330527 -0.344488, 2.225467 -6.317743 -0.344488,
2.216427 -6.315945 -0.344488, 2.015857 -6.315945 -0.344488,
2.006817 -6.317743 -0.344488, 1.994033 -6.330527 -0.344488,
1.994033 -6.348607 -0.344488, 2.006817 -6.361391 -0.344488,
2.015857 -6.363189 -0.344488, 2.216427 -6.363189 -0.344488,
2.225467 -6.361391 -0.344488, 2.238251 -6.348607 -0.344488,
1.889769 -5.767584 -0.344488, 1.889763 -5.767614 -0.344488,
1.889765 -5.767624 -0.344488, 1.889763 -5.767645 -0.344488,
1.889763 -6.131819 -0.344488, 1.806805 -6.131819 -0.344488,
1.801044 -6.132386 -0.344488, 1.7904 -6.136795 -0.344488,
1.782254 -6.144941 -0.344488, 1.777845 -6.155585 -0.344488,
1.777845 -6.167107 -0.344488, 1.782254 -6.177751 -0.344488,
1.7904 -6.185897 -0.344488, 1.801044 -6.190306 -0.344488,
1.806805 -6.190874 -0.344488, 2.031777 -6.190874 -0.344488,
2.037537 -6.190306 -0.344488, 2.048181 -6.185897 -0.344488,
2.056328 -6.177751 -0.344488, 2.060737 -6.167107 -0.344488,
2.060737 -6.155585 -0.344488, 2.056328 -6.144941 -0.344488,
2.048181 -6.136795 -0.344488, 2.037537 -6.132386 -0.344488,
2.031777 -6.131819 -0.344488, 1.948819 -6.131819 -0.344488,
1.948819 -5.857679 -0.344488, 1.973402 -5.882263 -0.344488,
1.975666 -5.884121 -0.344488, 1.976178 -5.88471 -0.344488,
1.977065 -5.885269 -0.344488, 1.977877 -5.885935 -0.344488,
1.978598 -5.886233 -0.344488, 1.981076 -5.887794 -0.344488,
2.018572 -5.906541 -0.344488, 2.023978 -5.90861 -0.344488,
2.03547 -5.909427 -0.344488, 2.0464 -5.905783 -0.344488,
2.055103 -5.898235 -0.344488, 2.060256 -5.88793 -0.344488,
2.061072 -5.876438 -0.344488, 2.057429 -5.865508 -0.344488,
2.049881 -5.856804 -0.344488, 2.044982 -5.853721 -0.344488,
2.011772 -5.837116 -0.344488, 1.979733 -5.805076 -0.344488,
1.943859 -5.751266 -0.344488, 1.943846 -5.751249 -0.344488,
1.943842 -5.751241 -0.344488, 1.943822 -5.75122 -0.344488,
1.940192 -5.746788 -0.344488, 1.937763 -5.745161 -0.344488,
1.935696 -5.743094 -0.344488, 1.933022 -5.741987 -0.344488,
1.930619 -5.740377 -0.344488, 1.927752 -5.739804 -0.344488,
1.925052 -5.738685 -0.344488, 1.922159 -5.738685 -0.344488,
1.919322 -5.738118 -0.344488, 1.916454 -5.738685 -0.344488,
1.91353 -5.738685 -0.344488, 1.910857 -5.739792 -0.344488,
1.90802 -5.740354 -0.344488, 1.905587 -5.741975 -0.344488,
1.902886 -5.743094 -0.344488, 1.900841 -5.745139 -0.344488,
1.898433 -5.746744 -0.344488, 1.896807 -5.749173 -0.344488,
1.89474 -5.751241 -0.344488, 1.893632 -5.753913 -0.344488,
1.892023 -5.756317 -0.344488, 1.891449 -5.759183 -0.344488,
1.890331 -5.761885 -0.344488, 2.37777 -6.167107 -0.344488,
2.382179 -6.177751 -0.344488, 2.390325 -6.185897 -0.344488,
2.400969 -6.190306 -0.344488, 2.412491 -6.190306 -0.344488,
2.423135 -6.185897 -0.344488, 2.431281 -6.177751 -0.344488,
2.43569 -6.167107 -0.344488, 2.436257 -6.161346 -0.344488,
2.436257 -5.767645 -0.344488, 2.43569 -5.761885 -0.344488,
2.431281 -5.751241 -0.344488, 2.423135 -5.743094 -0.344488,
2.412491 -5.738685 -0.344488, 2.40673 -5.738118 -0.344488,
2.256749 -5.738118 -0.344488, 2.250988 -5.738685 -0.344488,
2.250008 -5.739091 -0.344488, 2.24895 -5.739166 -0.344488,
2.243544 -5.741235 -0.344488, 2.206048 -5.759983 -0.344488,
2.203568 -5.761543 -0.344488, 2.202849 -5.761842 -0.344488,
2.202039 -5.762506 -0.344488, 2.20115 -5.763066 -0.344488,
2.200638 -5.763656 -0.344488, 2.198374 -5.765514 -0.344488,
2.179627 -5.784261 -0.344488, 2.177769 -5.786525 -0.344488,
2.177179 -5.787037 -0.344488, 2.176619 -5.787926 -0.344488,
2.175955 -5.788736 -0.344488, 2.175656 -5.789455 -0.344488,
2.174096 -5.791935 -0.344488, 2.155348 -5.829431 -0.344488,
2.153279 -5.834837 -0.344488, 2.153204 -5.835895 -0.344488,
2.152798 -5.836875 -0.344488, 2.152231 -5.842636 -0.344488,
2.152231 -5.849606 -0.344488, 2.152231 -5.898879 -0.344488,
2.152798 -5.904639 -0.344488, 2.153204 -5.905619 -0.344488,
2.153279 -5.906678 -0.344488, 2.155348 -5.912084 -0.344488,
2.174096 -5.949579 -0.344488, 2.175656 -5.952059 -0.344488,
2.175955 -5.952779 -0.344488, 2.176619 -5.953588 -0.344488,
2.177179 -5.954478 -0.344488, 2.177769 -5.954989 -0.344488,
2.179627 -5.957253 -0.344488, 2.198374 -5.976001 -0.344488,
2.200638 -5.977858 -0.344488, 2.20115 -5.978448 -0.344488,
2.202039 -5.979008 -0.344488, 2.202849 -5.979673 -0.344488,
2.203568 -5.979971 -0.344488, 2.206048 -5.981532 -0.344488,
2.243544 -6.00028 -0.344488, 2.24895 -6.002348 -0.344488,
2.250008 -6.002424 -0.344488, 2.250988 -6.00283 -0.344488,
2.25631 -6.003354 -0.344488, 2.157569 -6.144413 -0.344488,
2.15473 -6.149458 -0.344488, 2.152238 -6.160706 -0.344488,
2.15424 -6.172052 -0.344488, 2.160431 -6.181768 -0.344488,
2.16987 -6.188375 -0.344488, 2.181119 -6.190867 -0.344488,
2.192464 -6.188865 -0.344488, 2.20218 -6.182673 -0.344488,
2.205948 -6.178279 -0.344488, 2.328365 -6.003397 -0.344488,
2.377202 -6.003397 -0.344488, 2.377202 -6.161346 -0.344488,
2.377202 -5.797173 -0.344488, 2.377202 -5.944342 -0.344488,
2.263719 -5.944342 -0.344488, 2.236744 -5.930854 -0.344488,
2.224773 -5.918883 -0.344488, 2.211286 -5.891908 -0.344488,
2.211286 -5.849606 -0.344488, 2.224773 -5.822631 -0.344488,
2.236744 -5.81066 -0.344488, 2.263719 -5.797173 -0.344488
              ]
            }
            coordIndex [
7, 5, 4, -1, 7, 4, 8, -1, 8, 4, 3, -1, 8, 3, 9, -1,
9, 3, 2, -1, 9, 2, 10, -1, 10, 2, 1, -1, 10, 1, 11, -1,
11, 1, 0, -1, 19, 17, 16, -1, 19, 16, 20, -1, 20, 16, 15, -1,
20, 15, 21, -1, 21, 15, 14, -1, 21, 14, 22, -1, 22, 14, 13, -1,
22, 13, 23, -1, 23, 13, 12, -1, 60, 59, 67, -1, 60, 67, 61, -1,
61, 67, 66, -1, 61, 66, 62, -1, 62, 66, 65, -1, 62, 65, 63, -1,
63, 65, 64, -1, 56, 55, 69, -1, 56, 69, 57, -1, 57, 69, 68, -1,
57, 68, 58, -1, 58, 68, 67, -1, 58, 67, 59, -1, 70, 69, 50, -1,
50, 69, 51, -1, 51, 69, 52, -1, 52, 69, 53, -1, 53, 69, 54, -1,
54, 69, 55, -1, 50, 49, 70, -1, 73, 49, 74, -1, 74, 49, 75, -1,
75, 49, 76, -1, 76, 49, 77, -1, 77, 49, 78, -1, 78, 49, 79, -1,
79, 49, 80, -1, 80, 49, 81, -1, 81, 49, 82, -1, 82, 49, 83, -1,
83, 49, 84, -1, 84, 49, 85, -1, 85, 49, 86, -1, 86, 49, 87, -1,
87, 49, 88, -1, 88, 49, 89, -1, 89, 49, 90, -1, 90, 49, 91, -1,
91, 49, 92, -1, 92, 49, 93, -1, 93, 49, 94, -1, 94, 49, 95, -1,
95, 49, 96, -1, 96, 49, 24, -1, 24, 49, 26, -1, 27, 49, 28, -1,
28, 49, 39, -1, 39, 49, 48, -1, 40, 48, 47, -1, 40, 47, 41, -1,
41, 47, 46, -1, 41, 46, 42, -1, 42, 46, 45, -1, 42, 45, 43, -1,
43, 45, 44, -1, 35, 33, 32, -1, 35, 32, 36, -1, 36, 32, 31, -1,
36, 31, 37, -1, 37, 31, 30, -1, 37, 30, 38, -1, 38, 30, 29, -1,
38, 29, 39, -1, 39, 29, 28, -1, 161, 160, 165, -1, 165, 160, 166, -1,
166, 160, 167, -1, 167, 160, 168, -1, 168, 160, 169, -1, 169, 160, 170, -1,
170, 160, 171, -1, 171, 160, 176, -1, 176, 160, 159, -1, 177, 176, 156, -1,
156, 176, 157, -1, 157, 176, 158, -1, 158, 176, 159, -1, 178, 177, 156, -1,
178, 156, 179, -1, 179, 156, 155, -1, 179, 155, 117, -1, 117, 155, 118, -1,
118, 155, 154, -1, 118, 154, 119, -1, 119, 154, 153, -1, 119, 153, 120, -1,
120, 153, 152, -1, 120, 152, 121, -1, 121, 152, 151, -1, 121, 151, 122, -1,
122, 151, 150, -1, 122, 150, 123, -1, 123, 150, 149, -1, 123, 149, 124, -1,
124, 149, 148, -1, 124, 148, 125, -1, 125, 148, 147, -1, 125, 147, 126, -1,
126, 147, 146, -1, 126, 146, 127, -1, 127, 146, 145, -1, 127, 145, 128, -1,
128, 145, 144, -1, 128, 144, 129, -1, 129, 144, 143, -1, 129, 143, 130, -1,
130, 143, 142, -1, 130, 142, 131, -1, 131, 142, 141, -1, 131, 141, 132, -1,
132, 141, 140, -1, 132, 140, 133, -1, 133, 140, 139, -1, 133, 139, 134, -1,
134, 139, 138, -1, 134, 138, 135, -1, 135, 138, 136, -1, 172, 171, 175, -1,
172, 175, 97, -1, 97, 175, 174, -1, 97, 174, 111, -1, 111, 174, 183, -1,
111, 183, 112, -1, 112, 183, 113, -1, 163, 162, 164, -1, 164, 162, 165, -1,
165, 162, 161, -1, 100, 99, 111, -1, 100, 111, 101, -1, 101, 111, 110, -1,
101, 110, 102, -1, 102, 110, 109, -1, 102, 109, 103, -1, 103, 109, 108, -1,
103, 108, 104, -1, 104, 108, 107, -1, 104, 107, 105, -1, 105, 107, 106, -1,
97, 111, 98, -1, 98, 111, 99, -1, 113, 183, 114, -1, 114, 183, 115, -1,
115, 183, 116, -1, 116, 183, 182, -1, 117, 116, 180, -1, 180, 116, 181, -1,
181, 116, 182, -1, 172, 97, 173, -1, 117, 180, 179, -1, 171, 176, 175, -1,
136, 138, 137, -1, 33, 35, 34, -1, 39, 48, 40, -1, 17, 19, 18, -1,
5, 7, 6, -1
            ]
          }
        }
      ]
    }
  ]
}
]
}
